0.7406823635101318,0.7618097066879272,6.279001922848693e-07,0.6455751657485962,0.7281560301780701,-0.04494458809494972,0.5716860890388489,0.6457922458648682,-0.06596332788467407,0.5311617255210876,0.5589525103569031,-0.08281075954437256,0.5025278925895691,0.4795531630516052,-0.09850293397903442,0.6430448889732361,0.4629734754562378,-0.032645661383867264,0.608066201210022,0.34591490030288696,-0.06010882183909416,0.5907219648361206,0.27089112997055054,-0.08371446281671524,0.5821678042411804,0.20119765400886536,-0.1022198423743248,0.7052162885665894,0.43850767612457275,-0.03399689123034477,0.7045412659645081,0.2979857921600342,-0.0563894547522068,0.7037282586097717,0.20526772737503052,-0.07780642062425613,0.7031782269477844,0.12591931223869324,-0.09500323235988617,0.7596580982208252,0.44854098558425903,-0.04250951483845711,0.7745830416679382,0.32433992624282837,-0.07102074474096298,0.7756528854370117,0.24349790811538696,-0.09155639261007309,0.7722420692443848,0.16909259557724,-0.10634880512952805,0.809558629989624,0.4834073781967163,-0.055181052535772324,0.8403306603431702,0.39261698722839355,-0.08294308185577393,0.8557655215263367,0.33005207777023315,-0.09670927375555038,0.8643747568130493,0.26724886894226074,-0.1063552051782608,Hello
0.7437990307807922,0.7985432744026184,4.52853328170022e-07,0.668103814125061,0.7697067856788635,-0.031777702271938324,0.6137500405311584,0.7002418041229248,-0.04274517670273781,0.5863277316093445,0.6249019503593445,-0.05125347152352333,0.5648763179779053,0.5626739263534546,-0.058597590774297714,0.6582006216049194,0.5740857124328613,-0.011399996466934681,0.6334941387176514,0.48497530817985535,-0.02910306118428707,0.6211695075035095,0.4282267093658447,-0.046102505177259445,0.6139973998069763,0.3748322129249573,-0.059204526245594025,0.703951358795166,0.5525489449501038,-0.011139811016619205,0.7011768221855164,0.4468996226787567,-0.024302499368786812,0.6979550123214722,0.37835192680358887,-0.03881349042057991,0.6945796608924866,0.320934534072876,-0.05043768882751465,0.7445195317268372,0.5545578598976135,-0.016888709738850594,0.7482953667640686,0.46230727434158325,-0.03392386436462402,0.7429428100585938,0.4039914608001709,-0.0468733124434948,0.7356090545654297,0.3524307608604431,-0.05615146458148956,0.7834688425064087,0.5732002258300781,-0.02616923116147518,0.7971828579902649,0.5005725622177124,-0.0423225536942482,0.8015003204345703,0.45242151618003845,-0.05012865364551544,0.8018787503242493,0.4059891104698181,-0.05563861504197121,Hello
0.7362702488899231,0.7986809611320496,4.504200603605568e-07,0.6622011065483093,0.7695011496543884,-0.03319269046187401,0.6097179651260376,0.7012424468994141,-0.045781247317790985,0.5811277031898499,0.6285817623138428,-0.055773355066776276,0.5587461590766907,0.5658350586891174,-0.06451757997274399,0.6533246040344238,0.5747205018997192,-0.013870120979845524,0.6272904872894287,0.4868178367614746,-0.03260928764939308,0.6135162115097046,0.42998331785202026,-0.05011579021811485,0.6054075956344604,0.37656673789024353,-0.06351357698440552,0.69793701171875,0.5530540943145752,-0.01347982045263052,0.6949108839035034,0.44813066720962524,-0.027058163657784462,0.6911702752113342,0.3800448775291443,-0.041381221264600754,0.6874716877937317,0.3234955072402954,-0.05285770073533058,0.7377092838287354,0.5549479722976685,-0.019161853939294815,0.7403887510299683,0.46258002519607544,-0.03602113947272301,0.7336606979370117,0.40393874049186707,-0.048416998237371445,0.7253967523574829,0.35182225704193115,-0.05755971744656563,0.7755346894264221,0.5738852024078369,-0.02857719548046589,0.7886540293693542,0.503129780292511,-0.044597867876291275,0.7925471067428589,0.4551689028739929,-0.052166860550642014,0.7929108142852783,0.40921205282211304,-0.057573989033699036,Hello
0.7425738573074341,0.7996526956558228,4.4592491121875355e-07,0.6677862405776978,0.7679869532585144,-0.03327897563576698,0.6153337955474854,0.6977012157440186,-0.045230407267808914,0.5898508429527283,0.6222602725028992,-0.054436154663562775,0.5697953104972839,0.557883620262146,-0.06226795166730881,0.659980297088623,0.5736644864082336,-0.01252297218888998,0.636101245880127,0.4857698082923889,-0.03094547614455223,0.6239385008811951,0.4293442964553833,-0.048293404281139374,0.616742730140686,0.3763325810432434,-0.06154561787843704,0.7054508924484253,0.5532196760177612,-0.011776700615882874,0.7033631205558777,0.44971299171447754,-0.02569674514234066,0.7002554535865784,0.38242170214653015,-0.04047852009534836,0.6968880295753479,0.32628050446510315,-0.05213669687509537,0.7454888820648193,0.5562619566917419,-0.017187068238854408,0.7505502700805664,0.4663984775543213,-0.034863363951444626,0.7459657192230225,0.4092564880847931,-0.047545384615659714,0.7393160462379456,0.358576238155365,-0.056405581533908844,0.7835667133331299,0.5757063031196594,-0.026251839473843575,0.7971247434616089,0.5044020414352417,-0.042738571763038635,0.8016958236694336,0.4568747282028198,-0.05026717483997345,0.8022363185882568,0.41120678186416626,-0.05539853870868683,Hello
0.7565082907676697,0.8009510040283203,4.4673501520264836e-07,0.6855661869049072,0.767886221408844,-0.03290349617600441,0.6327320337295532,0.6918354630470276,-0.044997841119766235,0.6043387055397034,0.6159922480583191,-0.05366372689604759,0.5743978023529053,0.5621423721313477,-0.0613895021378994,0.6804512739181519,0.5703188180923462,-0.019151311367750168,0.6556945443153381,0.479423463344574,-0.03693876788020134,0.6430191993713379,0.42246413230895996,-0.052808962762355804,0.6360148787498474,0.3699157238006592,-0.06540408730506897,0.7270026206970215,0.5513161420822144,-0.018287334591150284,0.7290913462638855,0.4471166133880615,-0.03155995160341263,0.7312134504318237,0.38198918104171753,-0.04505917802453041,0.7328593730926514,0.32743901014328003,-0.05623946338891983,0.7670741677284241,0.5571771860122681,-0.022892028093338013,0.7823727130889893,0.465935081243515,-0.040480341762304306,0.7867752313613892,0.40696072578430176,-0.05320585146546364,0.7873693108558655,0.35432326793670654,-0.06275129318237305,0.802863359451294,0.5806775093078613,-0.030772246420383453,0.8247753381729126,0.5138472318649292,-0.04778321087360382,0.8352870941162109,0.46833938360214233,-0.055617112666368484,0.840904951095581,0.423801064491272,-0.0613582544028759,Hello
0.7580596208572388,0.7965481281280518,4.832429567613872e-07,0.6862295269966125,0.7648137807846069,-0.036627426743507385,0.6328706741333008,0.696347713470459,-0.05147708207368851,0.6041358113288879,0.6205559968948364,-0.062342192977666855,0.5770067572593689,0.5587820410728455,-0.07185837626457214,0.6810081005096436,0.5700029134750366,-0.02276182360947132,0.656352698802948,0.4787270426750183,-0.04292432963848114,0.6437726020812988,0.4209936857223511,-0.06045003607869148,0.637376606464386,0.3674852252006531,-0.07396453619003296,0.7278851866722107,0.5503020882606506,-0.020731518045067787,0.7290794849395752,0.44646215438842773,-0.03607064113020897,0.7308743000030518,0.3809792399406433,-0.05093581601977348,0.7325865030288696,0.32573047280311584,-0.06296832859516144,0.7682664394378662,0.5560429096221924,-0.024587539955973625,0.7839528918266296,0.46503549814224243,-0.04438989609479904,0.7880022525787354,0.40620720386505127,-0.05825869366526604,0.7883553504943848,0.35353001952171326,-0.06825714558362961,0.8049387335777283,0.5797656178474426,-0.03196415305137634,0.828548014163971,0.5126379132270813,-0.05094246566295624,0.8403339982032776,0.4678107500076294,-0.05985294654965401,0.8470014333724976,0.42406830191612244,-0.06601082533597946,Hello
0.7575719356536865,0.7967524528503418,4.994942628400167e-07,0.6855908632278442,0.7671570777893066,-0.0353153832256794,0.6316324472427368,0.7010931372642517,-0.049712058156728745,0.6008396148681641,0.6296371817588806,-0.06027248874306679,0.5733673572540283,0.5725268125534058,-0.06960447877645493,0.6823590993881226,0.5717909336090088,-0.022719135507941246,0.659183919429779,0.48076555132865906,-0.041232187300920486,0.647355854511261,0.4240263104438782,-0.05750816687941551,0.6417213678359985,0.37211745977401733,-0.07023916393518448,0.7296040654182434,0.5545079112052917,-0.020827563479542732,0.7328479290008545,0.45082592964172363,-0.03485352545976639,0.7357155680656433,0.38551968336105347,-0.048925936222076416,0.7382794618606567,0.33051812648773193,-0.06043308973312378,0.7706471085548401,0.5618705153465271,-0.02450079657137394,0.7874220609664917,0.4704238772392273,-0.04368484020233154,0.7924613952636719,0.413077175617218,-0.05781213566660881,0.7937200665473938,0.361650675535202,-0.06788020581007004,0.8080142736434937,0.5867426991462708,-0.031446609646081924,0.8354515433311462,0.5201661586761475,-0.05059347674250603,0.8500217795372009,0.4763749837875366,-0.06004641205072403,0.8597696423530579,0.4335906207561493,-0.06640813499689102,Hello
0.7607967853546143,0.8019886016845703,4.86359795104363e-07,0.689335286617279,0.7699288129806519,-0.034408312290906906,0.6353099346160889,0.7025033831596375,-0.048413489013910294,0.6048033237457275,0.630818247795105,-0.0589553602039814,0.5786570310592651,0.5718838572502136,-0.06837148219347,0.6856814622879028,0.5739703178405762,-0.02173522673547268,0.6606450080871582,0.48206496238708496,-0.041028160601854324,0.6478192806243896,0.4237655699253082,-0.05793900787830353,0.6412882208824158,0.3711434006690979,-0.07103230804204941,0.732223629951477,0.5560978055000305,-0.020508984103798866,0.7343108057975769,0.45077499747276306,-0.034779950976371765,0.7366352081298828,0.38534533977508545,-0.04862120375037193,0.738404393196106,0.33158838748931885,-0.05984722077846527,0.7732818126678467,0.5624265670776367,-0.02493627741932869,0.7867363691329956,0.46782007813453674,-0.04380975663661957,0.7901209592819214,0.40791094303131104,-0.057636458426713943,0.7903458476066589,0.3545382618904114,-0.0677710548043251,0.8109213709831238,0.587239682674408,-0.03271833434700966,0.8376407027244568,0.5213849544525146,-0.051563773304224014,0.8516196012496948,0.47677701711654663,-0.06095169857144356,0.8609035611152649,0.43387430906295776,-0.06742715835571289,Hello
0.7555958032608032,0.7938039302825928,4.7403773351106793e-07,0.685127317905426,0.7656586170196533,-0.03528932109475136,0.6314155459403992,0.6965633630752563,-0.04921187460422516,0.6022213101387024,0.6243048906326294,-0.05917210504412651,0.5756251215934753,0.5678421854972839,-0.06799401342868805,0.6814765334129333,0.570213258266449,-0.024601712822914124,0.6566081047058105,0.4794866442680359,-0.04397806152701378,0.6436662077903748,0.42179936170578003,-0.06050743907690048,0.6370394825935364,0.36970800161361694,-0.07328822463750839,0.7273561358451843,0.5527365207672119,-0.022671103477478027,0.7291984558105469,0.44946300983428955,-0.03718021139502525,0.7320466637611389,0.3852677345275879,-0.05077967792749405,0.7348548769950867,0.33157551288604736,-0.06177128106355667,0.7677686214447021,0.5594191551208496,-0.026192307472229004,0.7818738222122192,0.4675590991973877,-0.04511591047048569,0.7862445712089539,0.40970277786254883,-0.058405302464962006,0.7876887321472168,0.3575606942176819,-0.06807589530944824,0.8047299385070801,0.5840303301811218,-0.03308907151222229,0.8305095434188843,0.5194618105888367,-0.05176173895597458,0.8447172045707703,0.47674182057380676,-0.06061379611492157,0.854594349861145,0.4349432587623596,-0.06664333492517471,Hello
0.7478943467140198,0.8035262823104858,4.727654641101253e-07,0.6773974895477295,0.7731725573539734,-0.03342859447002411,0.6261364221572876,0.702487051486969,-0.045726239681243896,0.6011443734169006,0.6296116709709167,-0.05438125506043434,0.5779655575752258,0.5720089077949524,-0.06188003718852997,0.6793867945671082,0.5792236924171448,-0.022547785192728043,0.6585148572921753,0.4883708953857422,-0.04003966227173805,0.6474250555038452,0.43153461813926697,-0.055008333176374435,0.6420527696609497,0.38068515062332153,-0.06677880883216858,0.7259024977684021,0.5652580261230469,-0.020923038944602013,0.7305018901824951,0.46345317363739014,-0.03359561413526535,0.7344362139701843,0.40026208758354187,-0.04619600996375084,0.7379096150398254,0.3485439717769623,-0.05657949298620224,0.7662433385848999,0.5742586255073547,-0.0245815422385931,0.7830625176429749,0.48492956161499023,-0.0423007495701313,0.7896418571472168,0.4290706515312195,-0.05550161749124527,0.7929551005363464,0.3792647421360016,-0.06514264643192291,0.8025866746902466,0.6002973318099976,-0.03146177530288696,0.832063615322113,0.5387246012687683,-0.04979496821761131,0.8484894633293152,0.4977608323097229,-0.0591682568192482,0.8605192303657532,0.4581550359725952,-0.06551646441221237,Hello
0.7473175525665283,0.8101654052734375,4.849886181546026e-07,0.6753779649734497,0.7754076719284058,-0.03349584713578224,0.6260738968849182,0.7023496031761169,-0.04523012787103653,0.603760838508606,0.6274304986000061,-0.053576573729515076,0.5835698246955872,0.566788911819458,-0.060706622898578644,0.6837676763534546,0.5837236642837524,-0.017893895506858826,0.666841983795166,0.49220362305641174,-0.03464207798242569,0.658228874206543,0.4342797100543976,-0.04987708479166031,0.6545085310935974,0.38251829147338867,-0.0621027797460556,0.7313066720962524,0.5723556876182556,-0.016314037144184113,0.7406657338142395,0.47158461809158325,-0.02849005162715912,0.7469245791435242,0.4083660840988159,-0.042031437158584595,0.7518603801727295,0.3549671769142151,-0.053240206092596054,0.7711164951324463,0.5831124782562256,-0.02036980725824833,0.7897862195968628,0.4939892590045929,-0.038322314620018005,0.7972236275672913,0.4369349479675293,-0.052751146256923676,0.8009817600250244,0.38482868671417236,-0.06335237622261047,0.8066732287406921,0.6107733249664307,-0.027663765475153923,0.8380687832832336,0.5524824857711792,-0.046487562358379364,0.8554511070251465,0.5132702589035034,-0.05661286413669586,0.8679947257041931,0.4745512306690216,-0.06365140527486801,Hello
0.7419643998146057,0.8089101314544678,4.882096504843503e-07,0.6710585355758667,0.7720572352409363,-0.034310515969991684,0.6237983703613281,0.6977329254150391,-0.04625768959522247,0.60340416431427,0.6215717196464539,-0.054499827325344086,0.5851013660430908,0.559726893901825,-0.06148044019937515,0.6836240887641907,0.5794371962547302,-0.019015725702047348,0.6685800552368164,0.48712247610092163,-0.03550742194056511,0.660757303237915,0.42918455600738525,-0.05056478828191757,0.6578470468521118,0.37743037939071655,-0.06272934377193451,0.7314788103103638,0.5702599287033081,-0.016974765807390213,0.7421994209289551,0.4705684781074524,-0.028892846778035164,0.749710202217102,0.4076361656188965,-0.04265810549259186,0.7559734582901001,0.35334742069244385,-0.054133620113134384,0.7708898186683655,0.5830583572387695,-0.020526045933365822,0.7912461757659912,0.49421507120132446,-0.03875264525413513,0.8005974888801575,0.43690377473831177,-0.05400712415575981,0.8060382008552551,0.3838205933570862,-0.06520722061395645,0.8056033253669739,0.6125138998031616,-0.027294475585222244,0.8386518359184265,0.5556182861328125,-0.04704342037439346,0.8577206134796143,0.5177528262138367,-0.057959187775850296,0.871805727481842,0.4800736904144287,-0.06541129946708679,Hello
0.7400883436203003,0.8125163316726685,4.840151177631924e-07,0.6699823141098022,0.7732250690460205,-0.03237222507596016,0.6227124333381653,0.6988065242767334,-0.043830256909132004,0.601854145526886,0.6234710812568665,-0.052088141441345215,0.5826842784881592,0.5623401403427124,-0.059236079454422,0.6831618547439575,0.5807626843452454,-0.016681823879480362,0.668264627456665,0.4896121323108673,-0.03257826715707779,0.660720705986023,0.4322916865348816,-0.047445327043533325,0.6580204963684082,0.3809796869754791,-0.059603434056043625,0.7310374975204468,0.572200357913971,-0.01581905037164688,0.7422416806221008,0.47293299436569214,-0.027371739968657494,0.7502938508987427,0.4099149703979492,-0.04118512198328972,0.7571017742156982,0.35553789138793945,-0.052757930010557175,0.7704840898513794,0.5857772827148438,-0.02045389451086521,0.790947675704956,0.4968673288822174,-0.03826330602169037,0.7997061610221863,0.43997883796691895,-0.053385693579912186,0.8047928810119629,0.3872525691986084,-0.06459808349609375,0.8050664067268372,0.6160480380058289,-0.0281599722802639,0.837875247001648,0.5600613355636597,-0.04748210683465004,0.8570528626441956,0.5219674110412598,-0.05817593261599541,0.871749997138977,0.48399078845977783,-0.06555100530385971,Hello
0.737514317035675,0.8071073293685913,4.830210400541546e-07,0.6674341559410095,0.7681325078010559,-0.031724713742733,0.620869517326355,0.6944420337677002,-0.04253194108605385,0.6006544828414917,0.6192523241043091,-0.05035615712404251,0.5816847681999207,0.559102475643158,-0.05711686611175537,0.6819306015968323,0.5774360299110413,-0.01494519878178835,0.6673505306243896,0.485787034034729,-0.030588343739509583,0.6600822806358337,0.42824697494506836,-0.045267894864082336,0.6579034924507141,0.37700921297073364,-0.057226452976465225,0.729208767414093,0.5689316391944885,-0.014125221408903599,0.7405831217765808,0.46992939710617065,-0.025364045053720474,0.7487503886222839,0.407586932182312,-0.03883076459169388,0.7557414770126343,0.35456976294517517,-0.05008856952190399,0.7681739330291748,0.5823699235916138,-0.01888171024620533,0.789217472076416,0.49449431896209717,-0.03644457459449768,0.798305332660675,0.43787190318107605,-0.05123993381857872,0.803998589515686,0.3859674334526062,-0.06216903030872345,0.8025355935096741,0.6126863956451416,-0.02672470733523369,0.8357828855514526,0.5572797060012817,-0.04568691551685333,0.8551292419433594,0.5194761157035828,-0.05616464465856552,0.8701815605163574,0.48181408643722534,-0.06341034173965454,Hello
0.7394158840179443,0.8097079992294312,4.957813075634476e-07,0.6690758466720581,0.7714400291442871,-0.035015497356653214,0.6230076551437378,0.6968062520027161,-0.047712765634059906,0.6033356189727783,0.6205618977546692,-0.05679900571703911,0.584938645362854,0.5591301918029785,-0.06483764201402664,0.6857727766036987,0.5827049016952515,-0.021350931376218796,0.6726168990135193,0.48969918489456177,-0.039010610431432724,0.6658053994178772,0.43063315749168396,-0.054566822946071625,0.6638568639755249,0.3782517910003662,-0.06698083877563477,0.7338188886642456,0.5744962096214294,-0.019426148384809494,0.7469872236251831,0.47481754422187805,-0.03268180042505264,0.7556648850440979,0.4111657738685608,-0.04719063267111778,0.7632632255554199,0.3564285337924957,-0.05908827856183052,0.7729961276054382,0.5879043340682983,-0.023020939901471138,0.7954798936843872,0.4997834265232086,-0.04247028008103371,0.8049940466880798,0.4433633089065552,-0.058255549520254135,0.8110965490341187,0.39154770970344543,-0.06961715966463089,0.8067647814750671,0.6180325150489807,-0.02983800880610943,0.8415515422821045,0.5646815896034241,-0.05072331055998802,0.8623045682907104,0.5285002589225769,-0.06226356700062752,0.8786253929138184,0.49285659193992615,-0.06995129585266113,Hello
0.7438698410987854,0.8128228187561035,4.129805120101082e-07,0.6737319231033325,0.7810927629470825,-0.030476871877908707,0.6229633688926697,0.7096861004829407,-0.04114476963877678,0.5982112884521484,0.6379138231277466,-0.04893520101904869,0.5750992894172668,0.5811035633087158,-0.05612313002347946,0.676454484462738,0.5896010398864746,-0.01965138129889965,0.6529799699783325,0.4993276596069336,-0.0375019907951355,0.6408190727233887,0.44225114583969116,-0.05308904871344566,0.6343093514442444,0.3909306526184082,-0.06536614149808884,0.7228049635887146,0.5737733244895935,-0.02015642076730728,0.7194408178329468,0.47093427181243896,-0.03358418494462967,0.7170268297195435,0.406077116727829,-0.04805773124098778,0.714745283126831,0.3519454896450043,-0.059768322855234146,0.7637340426445007,0.5827376842498779,-0.025658613070845604,0.7780387997627258,0.49285998940467834,-0.04418574646115303,0.7831332683563232,0.43299952149391174,-0.05979152023792267,0.7845883369445801,0.3790742754936218,-0.07139527052640915,0.8003970384597778,0.6106911301612854,-0.03400740399956703,0.8302789926528931,0.5527891516685486,-0.053092021495103836,0.8474708795547485,0.5133192539215088,-0.0635078027844429,0.8602419495582581,0.47510337829589844,-0.0708540752530098,Hello
0.7415416836738586,0.8135160207748413,4.461393814381154e-07,0.671049177646637,0.7820059061050415,-0.03169827535748482,0.6198647618293762,0.7117140889167786,-0.0431605726480484,0.5950400233268738,0.6403512954711914,-0.05148763954639435,0.571342945098877,0.5842003226280212,-0.05907516926527023,0.6732953190803528,0.5922253131866455,-0.021016975864768028,0.6499960422515869,0.5030465126037598,-0.0392993688583374,0.6379895210266113,0.44494953751564026,-0.05502123013138771,0.6315669417381287,0.3931402564048767,-0.06732919812202454,0.7195390462875366,0.5769896507263184,-0.020915338769555092,0.7203828692436218,0.47452330589294434,-0.034479495137929916,0.7207334041595459,0.41009217500686646,-0.04836345836520195,0.7206230163574219,0.35697075724601746,-0.05955711379647255,0.7599416971206665,0.5859277844429016,-0.02591095305979252,0.7736382484436035,0.4964994192123413,-0.04470046982169151,0.7784458994865417,0.43780064582824707,-0.0594753697514534,0.7800292372703552,0.3854013681411743,-0.07029717415571213,0.7963092923164368,0.6136720180511475,-0.033907368779182434,0.8254011869430542,0.5557382702827454,-0.053418852388858795,0.8433244228363037,0.516995906829834,-0.06342830508947372,0.8568549156188965,0.48005855083465576,-0.07023105025291443,Hello
0.7383303642272949,0.8144031167030334,4.328999239078257e-07,0.6699113845825195,0.782473087310791,-0.030066702514886856,0.6200165748596191,0.7113125920295715,-0.04106665775179863,0.5943235158920288,0.6415035724639893,-0.049261730164289474,0.5702984929084778,0.5859974026679993,-0.056870490312576294,0.6724804043769836,0.5909222960472107,-0.019739564508199692,0.6491175889968872,0.502318799495697,-0.03741200268268585,0.6369734406471252,0.44445157051086426,-0.05269812047481537,0.6303385496139526,0.39295494556427,-0.06477879732847214,0.7189486622810364,0.5765166878700256,-0.020411137491464615,0.7198187708854675,0.47445663809776306,-0.03357476368546486,0.7202858924865723,0.4098682105541229,-0.047179270535707474,0.7196635603904724,0.35694605112075806,-0.05826617404818535,0.7595362663269043,0.5861327648162842,-0.026058383285999298,0.7731903195381165,0.49771595001220703,-0.0445244126021862,0.7775551080703735,0.4382990300655365,-0.05949040502309799,0.7782643437385559,0.3856312930583954,-0.07055863738059998,0.7954715490341187,0.6143155694007874,-0.03452415019273758,0.8246997594833374,0.5560290217399597,-0.053656093776226044,0.8426093459129333,0.5166810750961304,-0.06377465277910233,0.8558499813079834,0.47942623496055603,-0.07082910090684891,Hello
0.7391144037246704,0.8140920996665955,4.4898291662320844e-07,0.6691684126853943,0.7827202081680298,-0.031768739223480225,0.6192423701286316,0.7135764360427856,-0.04377032071352005,0.5945637226104736,0.6435512900352478,-0.05262540280818939,0.5710437297821045,0.5871728658676147,-0.06076313182711601,0.6724991202354431,0.5916622877120972,-0.02150779217481613,0.6491543054580688,0.5028036832809448,-0.03974312171339989,0.637004017829895,0.44486477971076965,-0.055522993206977844,0.6305336356163025,0.3932929039001465,-0.06786181032657623,0.7191596627235413,0.5769423842430115,-0.02136884070932865,0.7206695079803467,0.47434934973716736,-0.034673504531383514,0.7215120196342468,0.41005969047546387,-0.04845413565635681,0.7215583324432373,0.35744354128837585,-0.05966004356741905,0.7596591711044312,0.5864726901054382,-0.02630467340350151,0.7740558981895447,0.49741989374160767,-0.04473252594470978,0.7789899110794067,0.4383227825164795,-0.059696540236473083,0.7803406119346619,0.3860163688659668,-0.0707751139998436,0.7957398295402527,0.6148378849029541,-0.034217894077301025,0.8255648612976074,0.5568374395370483,-0.053327128291130066,0.8436667323112488,0.5176501274108887,-0.06341461092233658,0.8571709990501404,0.4805416464805603,-0.07039234042167664,Hello
0.7365500330924988,0.8106186985969543,4.320346533859265e-07,0.6677476763725281,0.7798460721969604,-0.030287448316812515,0.6181750893592834,0.709152340888977,-0.0414561964571476,0.593391478061676,0.6389978528022766,-0.04982299730181694,0.569068431854248,0.5837717056274414,-0.05760902911424637,0.6712449193000793,0.5878725051879883,-0.019781772047281265,0.6471542716026306,0.4996988773345947,-0.03763270005583763,0.6341888308525085,0.4420574903488159,-0.05328591912984848,0.6267298460006714,0.39052125811576843,-0.06565473973751068,0.7173636555671692,0.5730263590812683,-0.020358338952064514,0.717572033405304,0.47098594903945923,-0.03361552581191063,0.7181069254875183,0.406152606010437,-0.04742962494492531,0.717828094959259,0.3527701199054718,-0.058656010776758194,0.7577760815620422,0.5824683904647827,-0.02591574564576149,0.7711198329925537,0.49391859769821167,-0.04418317228555679,0.7755391597747803,0.43511682748794556,-0.05898432806134224,0.7763352990150452,0.3824153542518616,-0.06991714239120483,0.7938158512115479,0.610502302646637,-0.03436815366148949,0.8226514458656311,0.551611602306366,-0.05309928581118584,0.8400629758834839,0.5116758346557617,-0.06302151083946228,0.8530086278915405,0.4732699990272522,-0.0699644684791565,Hello
0.7454671859741211,0.809229850769043,4.402246247536823e-07,0.6755033135414124,0.7810786366462708,-0.030262527987360954,0.622210681438446,0.715426504611969,-0.042171694338321686,0.5937338471412659,0.6475417613983154,-0.05147824436426163,0.5679016709327698,0.5924003720283508,-0.06024603545665741,0.6701430678367615,0.591360330581665,-0.020256642252206802,0.6429832577705383,0.5037948489189148,-0.03930022940039635,0.6279194355010986,0.446729451417923,-0.055906739085912704,0.6187494993209839,0.39533519744873047,-0.06887202709913254,0.7152332663536072,0.572852611541748,-0.021227190271019936,0.7113259434700012,0.47064560651779175,-0.035718582570552826,0.7098451852798462,0.40548303723335266,-0.050359319895505905,0.7084741592407227,0.3514691889286041,-0.06215831637382507,0.7557797431945801,0.5788317322731018,-0.02723291702568531,0.7647837400436401,0.48870235681533813,-0.046023089438676834,0.7673069834709167,0.4300558567047119,-0.06112448126077652,0.7668572664260864,0.3782949447631836,-0.07239539921283722,0.7929578423500061,0.6037360429763794,-0.03619471564888954,0.8188081383705139,0.5440179705619812,-0.0551983043551445,0.8345615863800049,0.5040052533149719,-0.06534182280302048,0.8462068438529968,0.46636730432510376,-0.07249608635902405,Hello
0.7420617938041687,0.8037538528442383,4.292710968911706e-07,0.6734674572944641,0.7773399353027344,-0.03111789934337139,0.6206640601158142,0.7115364670753479,-0.042907122522592545,0.5916609764099121,0.6426865458488464,-0.051872629672288895,0.5649194717407227,0.587975263595581,-0.060220684856176376,0.6667723059654236,0.5871564149856567,-0.020254692062735558,0.6394152045249939,0.5012215971946716,-0.03898950293660164,0.624143123626709,0.4445556402206421,-0.055385854095220566,0.615111768245697,0.3934381902217865,-0.06823872774839401,0.7114593982696533,0.5676886439323425,-0.020420856773853302,0.7067545056343079,0.4669344425201416,-0.0340493768453598,0.7042365074157715,0.4027058482170105,-0.048044778406620026,0.7022121548652649,0.3496885597705841,-0.05954013019800186,0.752009391784668,0.5727254152297974,-0.02572578191757202,0.761469841003418,0.48329922556877136,-0.04369484260678291,0.7637446522712708,0.42463988065719604,-0.05818142741918564,0.763177216053009,0.3730548918247223,-0.06920449435710907,0.7889197468757629,0.5970320105552673,-0.034140340983867645,0.8150166273117065,0.5385303497314453,-0.05273861810564995,0.8306682705879211,0.498386412858963,-0.06279966980218887,0.8423723578453064,0.46084317564964294,-0.06995172798633575,Hello
0.7432476878166199,0.8043484687805176,4.2357558527328365e-07,0.673615038394928,0.7779951095581055,-0.028768431395292282,0.6205212473869324,0.7116746306419373,-0.0391436368227005,0.5928503274917603,0.6431456804275513,-0.04719783738255501,0.566287100315094,0.5903021693229675,-0.05480198562145233,0.6664429903030396,0.5875041484832764,-0.017668984830379486,0.6385011076927185,0.5018105506896973,-0.03540687635540962,0.6228331923484802,0.4450800120830536,-0.0511699840426445,0.613369345664978,0.39454391598701477,-0.06361353397369385,0.7107376456260681,0.567429780960083,-0.018809476867318153,0.7057875394821167,0.4665551781654358,-0.03172900155186653,0.7027866840362549,0.40188995003700256,-0.04549836367368698,0.7002459764480591,0.3494681715965271,-0.05682728812098503,0.7510804533958435,0.5716586709022522,-0.024928797036409378,0.7602171301841736,0.48183107376098633,-0.04205816611647606,0.7623884677886963,0.42324361205101013,-0.05644170567393303,0.761875331401825,0.37262317538261414,-0.06754369288682938,0.7878838181495667,0.5953798890113831,-0.034023117274045944,0.8140498995780945,0.5373033285140991,-0.051894575357437134,0.8293870091438293,0.4968780279159546,-0.06182357296347618,0.8410511016845703,0.4595105051994324,-0.0689939633011818,Hello
0.7470096945762634,0.8049408197402954,4.2848301973208436e-07,0.6778053045272827,0.7790651321411133,-0.030121689662337303,0.6236346364021301,0.7147494554519653,-0.041568249464035034,0.5932801961898804,0.6484053730964661,-0.0503891184926033,0.5663623809814453,0.5946643352508545,-0.058652300387620926,0.667937695980072,0.5886688828468323,-0.01938331313431263,0.6392608284950256,0.5021982192993164,-0.03763044998049736,0.6231828331947327,0.44553688168525696,-0.05367026478052139,0.613486111164093,0.3951229155063629,-0.0662011206150055,0.7123974561691284,0.5685822367668152,-0.01990753971040249,0.7056894302368164,0.4674520492553711,-0.033097680658102036,0.7017162442207336,0.4030430316925049,-0.046928610652685165,0.6984078884124756,0.35059306025505066,-0.058302152901887894,0.7531138062477112,0.5727784633636475,-0.025495538488030434,0.7606672644615173,0.48245176672935486,-0.042785000056028366,0.7617682218551636,0.4236825108528137,-0.05717950686812401,0.7603148221969604,0.3727024793624878,-0.06832988560199738,0.7904093265533447,0.595951497554779,-0.03412662073969841,0.8150728344917297,0.5378775596618652,-0.05204109102487564,0.8295798301696777,0.49809369444847107,-0.061844561249017715,0.8403928875923157,0.46107661724090576,-0.06893245130777359,Hello
0.7500631213188171,0.8048278093338013,4.382241343137139e-07,0.6808919310569763,0.7812173962593079,-0.03231065720319748,0.6268665194511414,0.7186344265937805,-0.04511045664548874,0.5964189767837524,0.6520505547523499,-0.05480708181858063,0.5691316723823547,0.5976207852363586,-0.06384540349245071,0.6703183650970459,0.5914521217346191,-0.02274375595152378,0.6413184404373169,0.5052875876426697,-0.04229917377233505,0.6246052384376526,0.4485248923301697,-0.05914508178830147,0.6141896843910217,0.3976282477378845,-0.0722159668803215,0.7143873572349548,0.5701161026954651,-0.022504543885588646,0.7076784372329712,0.46887144446372986,-0.03693247213959694,0.7033566236495972,0.40469276905059814,-0.051369160413742065,0.6994549036026001,0.35223010182380676,-0.06310412287712097,0.754616379737854,0.5734454989433289,-0.027382848784327507,0.7626974582672119,0.48279428482055664,-0.04579029604792595,0.7637060880661011,0.4237445890903473,-0.06073871999979019,0.7618657350540161,0.372258722782135,-0.07213626056909561,0.7914534211158752,0.5964075326919556,-0.03543388843536377,0.8172561526298523,0.5375460982322693,-0.05455698445439339,0.8319969773292542,0.4968550205230713,-0.06515778601169586,0.8429060578346252,0.45897364616394043,-0.07264897227287292,Hello
0.7595289945602417,0.7968419790267944,4.2967789681824797e-07,0.6898617744445801,0.7762380838394165,-0.031946469098329544,0.6343642473220825,0.7190868258476257,-0.045133959501981735,0.6019368171691895,0.6563270688056946,-0.055288705974817276,0.5734285116195679,0.6026410460472107,-0.06470851600170135,0.6732686161994934,0.5902214050292969,-0.022196415811777115,0.6422396302223206,0.5076560378074646,-0.04182858765125275,0.624396800994873,0.45349565148353577,-0.05897326394915581,0.6126246452331543,0.40384435653686523,-0.07224453240633011,0.7167971134185791,0.5661711692810059,-0.022161118686199188,0.7056010365486145,0.4666637182235718,-0.03692859783768654,0.698130190372467,0.4029846787452698,-0.051850948482751846,0.6910924911499023,0.34999287128448486,-0.06382285803556442,0.7576260566711426,0.5672006011009216,-0.027171943336725235,0.7615153193473816,0.4778030514717102,-0.04598814994096756,0.76029372215271,0.41902369260787964,-0.060975875705480576,0.7558413743972778,0.3677346706390381,-0.07213352620601654,0.7960696220397949,0.5878281593322754,-0.035269830375909805,0.8185818791389465,0.527177095413208,-0.05423581227660179,0.830817699432373,0.4865413308143616,-0.0642680749297142,0.8385326862335205,0.4491862654685974,-0.07126538455486298,Hello
0.7656068801879883,0.7986956834793091,4.076395327956561e-07,0.6961085200309753,0.7785484194755554,-0.02996552176773548,0.6398783922195435,0.7212219834327698,-0.04205004870891571,0.6062358617782593,0.6587233543395996,-0.051585838198661804,0.576853334903717,0.6058989763259888,-0.06066449359059334,0.6760280728340149,0.5927101969718933,-0.020451055839657784,0.6437991857528687,0.5095635056495667,-0.03940773755311966,0.6261242628097534,0.45613187551498413,-0.055875301361083984,0.6140868663787842,0.40687310695648193,-0.06879694014787674,0.718849778175354,0.5674585103988647,-0.021509762853384018,0.7033081650733948,0.46706801652908325,-0.03662842512130737,0.692872166633606,0.4030369818210602,-0.052073199301958084,0.6830874681472778,0.3497745096683502,-0.06435063481330872,0.7598313093185425,0.5684847831726074,-0.027366960421204567,0.7606590390205383,0.47971418499946594,-0.0467849001288414,0.7584513425827026,0.4208138883113861,-0.06265611201524734,0.7536272406578064,0.36872637271881104,-0.07436899840831757,0.7988065481185913,0.5889155864715576,-0.036018211394548416,0.8198949694633484,0.5273397564888,-0.055380623787641525,0.8319643139839172,0.4861167073249817,-0.06584286689758301,0.8399331569671631,0.44762539863586426,-0.0732618048787117,Hello
0.7602517008781433,0.8011367321014404,4.213931674712512e-07,0.6920103430747986,0.7823875546455383,-0.031434670090675354,0.6359363198280334,0.726150631904602,-0.04469076171517372,0.6022129654884338,0.6636208295822144,-0.05494435504078865,0.5727732181549072,0.6097958087921143,-0.06442266702651978,0.6716992259025574,0.5958551168441772,-0.02290414087474346,0.6390547156333923,0.5131880044937134,-0.04237017035484314,0.6207321882247925,0.459857314825058,-0.05891912430524826,0.6084951162338257,0.4109656810760498,-0.07173603773117065,0.7139226198196411,0.5710160136222839,-0.02306284010410309,0.6993729472160339,0.4716242253780365,-0.038001734763383865,0.6895219683647156,0.40834301710128784,-0.05286099389195442,0.6803110837936401,0.3560573160648346,-0.0647973045706749,0.7542006373405457,0.5711725354194641,-0.028076505288481712,0.7557017803192139,0.48323389887809753,-0.046714846044778824,0.7538721561431885,0.4243500232696533,-0.06148513779044151,0.7492687106132507,0.37303197383880615,-0.07264137268066406,0.7924310564994812,0.5903396606445312,-0.036101121455430984,0.8131020665168762,0.5291298031806946,-0.05445222184062004,0.8252171874046326,0.48862558603286743,-0.0641055554151535,0.8333585262298584,0.4517819881439209,-0.07103049755096436,Hello
0.7584046125411987,0.7977206707000732,4.2516830944805406e-07,0.690902829170227,0.7828393578529358,-0.03078843466937542,0.6340625882148743,0.7316854596138,-0.043867576867341995,0.5984673500061035,0.6728649735450745,-0.05434741824865341,0.5673936605453491,0.6224228739738464,-0.06434224545955658,0.6654561758041382,0.6020369529724121,-0.022451721131801605,0.6301976442337036,0.5230119824409485,-0.042715542018413544,0.6108686923980713,0.4710737466812134,-0.05956678092479706,0.5979633331298828,0.42287611961364746,-0.07236382365226746,0.7061977982521057,0.5746373534202576,-0.02311825379729271,0.6885793805122375,0.476173460483551,-0.03963380679488182,0.6769589781761169,0.4129445552825928,-0.05509096756577492,0.6666942238807678,0.36060217022895813,-0.0670267716050148,0.7460190653800964,0.5724380016326904,-0.02864917553961277,0.7436962723731995,0.48696208000183105,-0.049214739352464676,0.7386259436607361,0.4290969967842102,-0.06492193043231964,0.7317416071891785,0.37863072752952576,-0.07604743540287018,0.7844954133033752,0.5892808437347412,-0.037007659673690796,0.8020594120025635,0.5266886949539185,-0.05643019080162048,0.8126716017723083,0.48526445031166077,-0.06644546985626221,0.819502592086792,0.44738757610321045,-0.07339437305927277,Hello
0.7622053027153015,0.8039101362228394,4.170755687482597e-07,0.6937075257301331,0.7902525663375854,-0.030378593131899834,0.6358851790428162,0.7363318204879761,-0.042519453912973404,0.6008150577545166,0.6767852306365967,-0.05206272006034851,0.5696719288825989,0.6279650926589966,-0.061139389872550964,0.6669189929962158,0.6074382066726685,-0.020996496081352234,0.6318063139915466,0.5285350680351257,-0.04069630429148674,0.6117616891860962,0.476063072681427,-0.057377707213163376,0.5980542302131653,0.4277804493904114,-0.07023577392101288,0.708339273929596,0.5799002051353455,-0.021893847733736038,0.6921296715736389,0.4818233251571655,-0.03770475834608078,0.6809751987457275,0.418070524930954,-0.05288126319646835,0.6707690954208374,0.365426629781723,-0.06479920446872711,0.7484483122825623,0.5775726437568665,-0.02771781198680401,0.7468511462211609,0.49058419466018677,-0.04783139377832413,0.7424055337905884,0.43244314193725586,-0.06319907307624817,0.7355256676673889,0.38166993856430054,-0.07424952834844589,0.7870973944664001,0.5943460464477539,-0.03639571741223335,0.8046154975891113,0.5312554836273193,-0.055939093232154846,0.8154256939888,0.49007368087768555,-0.06591252982616425,0.822150707244873,0.4524669051170349,-0.07285558432340622,Hello
0.7587597370147705,0.80705726146698,4.509219593273883e-07,0.6906987428665161,0.7923077344894409,-0.030641401186585426,0.6335694193840027,0.7389650344848633,-0.04353439807891846,0.5979283452033997,0.679619550704956,-0.053813546895980835,0.5669070482254028,0.6297170519828796,-0.06348852068185806,0.6644144058227539,0.6079306602478027,-0.021778205409646034,0.6290434002876282,0.5278949737548828,-0.04147160053253174,0.6088212728500366,0.47507554292678833,-0.058152683079242706,0.5949799418449402,0.42648136615753174,-0.07091781497001648,0.705984354019165,0.581011176109314,-0.022431718185544014,0.6911734342575073,0.481179416179657,-0.03768029808998108,0.6808139085769653,0.41612643003463745,-0.05227817967534065,0.6713968515396118,0.3633509576320648,-0.0638512596487999,0.7463339567184448,0.5791706442832947,-0.028012767434120178,0.7449563145637512,0.4904983639717102,-0.04699121043086052,0.7402894496917725,0.43289679288864136,-0.06146134436130524,0.7335172295570374,0.3835175633430481,-0.07210054993629456,0.7849265336990356,0.5964641571044922,-0.03657402843236923,0.8032658696174622,0.5336037874221802,-0.054964158684015274,0.8142064213752747,0.4920176863670349,-0.06433387100696564,0.8215440511703491,0.45442909002304077,-0.07094305753707886,Hello
0.7565107345581055,0.8058995008468628,4.528229737843503e-07,0.6876184344291687,0.7918444871902466,-0.030722402036190033,0.6304211020469666,0.7375466823577881,-0.043628353625535965,0.5949981808662415,0.677282452583313,-0.05389998480677605,0.5635614395141602,0.6279610395431519,-0.0636710524559021,0.6640327572822571,0.607534646987915,-0.022736726328730583,0.6297818422317505,0.5269140601158142,-0.04269156977534294,0.609738826751709,0.47380363941192627,-0.05944954976439476,0.5959209203720093,0.42507386207580566,-0.07224062830209732,0.7062747478485107,0.5815485119819641,-0.023363647982478142,0.6926795244216919,0.48133498430252075,-0.03912654519081116,0.6827493906021118,0.4155884087085724,-0.054044533520936966,0.6736836433410645,0.3619067668914795,-0.06577380001544952,0.7467612028121948,0.5800803303718567,-0.028831202536821365,0.7459185719490051,0.4909931421279907,-0.04855994135141373,0.7415704131126404,0.4328933656215668,-0.06358176469802856,0.7351460456848145,0.38297247886657715,-0.0743907243013382,0.7852505445480347,0.5973973274230957,-0.03718683868646622,0.8050376772880554,0.5336232781410217,-0.056233081966638565,0.81667160987854,0.4916674494743347,-0.06606944650411606,0.8245655298233032,0.45363014936447144,-0.07288070023059845,Hello
0.7527382373809814,0.8098841309547424,4.508935091962485e-07,0.6832045316696167,0.7950846552848816,-0.03069988079369068,0.6265405416488647,0.7376384139060974,-0.04253987967967987,0.5928717255592346,0.6764860153198242,-0.05156927555799484,0.5629217624664307,0.6277795433998108,-0.0599982813000679,0.6631865501403809,0.6084180474281311,-0.021564312279224396,0.6311118006706238,0.5260781049728394,-0.04028844088315964,0.6124588251113892,0.4715989828109741,-0.05609762296080589,0.5998702645301819,0.42236238718032837,-0.06842245906591415,0.7054848670959473,0.5842071771621704,-0.02194768376648426,0.6941525936126709,0.4843827784061432,-0.036748673766851425,0.6861122250556946,0.41864272952079773,-0.05122171714901924,0.6790978908538818,0.3647167384624481,-0.06276868283748627,0.7455469369888306,0.584108293056488,-0.027248401194810867,0.747031033039093,0.49496763944625854,-0.04678122699260712,0.7437926530838013,0.43656420707702637,-0.06233283504843712,0.738416850566864,0.3855927288532257,-0.07365161925554276,0.7837095260620117,0.6026054620742798,-0.03543410822749138,0.8059694766998291,0.5403735637664795,-0.05534618720412254,0.819340705871582,0.49845820665359497,-0.06639169156551361,0.8288213610649109,0.459617555141449,-0.07405967265367508,Hello
0.7492771744728088,0.8149387836456299,4.477947470604704e-07,0.6805627346038818,0.7992606163024902,-0.03187042847275734,0.6232832670211792,0.7384689450263977,-0.04336785897612572,0.5908659100532532,0.6739556789398193,-0.051611609756946564,0.5608929395675659,0.6251072883605957,-0.05925535038113594,0.6612386107444763,0.6107176542282104,-0.022749964147806168,0.6305552124977112,0.526923418045044,-0.04113272950053215,0.6134772300720215,0.4716619849205017,-0.05648719519376755,0.6022112965583801,0.42179542779922485,-0.06853779405355453,0.7043134570121765,0.586588442325592,-0.022439684718847275,0.695443332195282,0.48532941937446594,-0.03685884550213814,0.6886760592460632,0.4196917712688446,-0.05093671381473541,0.6823760867118835,0.36618661880493164,-0.062290042638778687,0.7441949844360352,0.587169885635376,-0.027097810059785843,0.7480031251907349,0.4981008768081665,-0.04672170430421829,0.7449147701263428,0.4398387372493744,-0.06232941150665283,0.7393794655799866,0.38853928446769714,-0.07371830940246582,0.7819838523864746,0.6064507961273193,-0.03471795842051506,0.8058445453643799,0.5440616011619568,-0.055234674364328384,0.819948673248291,0.5020084977149963,-0.06665778160095215,0.8296842575073242,0.46225422620773315,-0.07456507533788681,Hello
0.7422341108322144,0.8123729228973389,4.303580851683364e-07,0.6740437746047974,0.7944959402084351,-0.028477312996983528,0.6192180514335632,0.7332212924957275,-0.039339229464530945,0.5886677503585815,0.6694427728652954,-0.047717414796352386,0.5590546131134033,0.6214159727096558,-0.05585917830467224,0.659827709197998,0.6061753034591675,-0.02125590853393078,0.6303765773773193,0.5236250162124634,-0.03908167779445648,0.6136354207992554,0.4695581793785095,-0.054114535450935364,0.6024399995803833,0.42028868198394775,-0.06614773720502853,0.7021254897117615,0.5845825672149658,-0.023004259914159775,0.6950037479400635,0.4840872585773468,-0.03754753619432449,0.6895247101783752,0.41951411962509155,-0.0518995001912117,0.6840248107910156,0.3665073812007904,-0.06351824849843979,0.7408913373947144,0.587199866771698,-0.029315218329429626,0.7461994886398315,0.4983178973197937,-0.04916437342762947,0.7440785765647888,0.439985454082489,-0.06524329632520676,0.7391893267631531,0.38825422525405884,-0.07706458866596222,0.7771026492118835,0.6083512902259827,-0.03821343928575516,0.802962601184845,0.5460104942321777,-0.05884117633104324,0.818516731262207,0.5028459429740906,-0.07058487832546234,0.8293909430503845,0.4620737135410309,-0.07885723561048508,Hello
0.7411384582519531,0.8152611255645752,4.369608461729513e-07,0.6736161708831787,0.7977396249771118,-0.02892790175974369,0.6193034648895264,0.7353846430778503,-0.039669714868068695,0.5880623459815979,0.6717196106910706,-0.04796575754880905,0.5582262277603149,0.623608410358429,-0.055940181016922,0.659959077835083,0.6090835928916931,-0.01997176557779312,0.6306958794593811,0.5276708006858826,-0.03773973509669304,0.6140720844268799,0.4732411205768585,-0.05266294255852699,0.6030648946762085,0.4239981174468994,-0.06458389014005661,0.7020657062530518,0.5875179171562195,-0.021436195820569992,0.6957971453666687,0.48750314116477966,-0.03619036823511124,0.6902011036872864,0.4222678542137146,-0.05050825700163841,0.684335470199585,0.36895817518234253,-0.06190452352166176,0.7405096888542175,0.590133786201477,-0.027670759707689285,0.7458642721176147,0.5013937950134277,-0.04814745858311653,0.7429171800613403,0.44339391589164734,-0.06422886252403259,0.7374560832977295,0.39207184314727783,-0.07565362006425858,0.7764326930046082,0.6109810471534729,-0.03653477504849434,0.8025765419006348,0.5484188199043274,-0.0575953871011734,0.8180648684501648,0.5048853158950806,-0.06955140829086304,0.8289156556129456,0.4636284112930298,-0.07778605073690414,Hello
0.7416488528251648,0.8182744979858398,4.387470937672333e-07,0.6730197668075562,0.8001203536987305,-0.028883306309580803,0.6183622479438782,0.7373396158218384,-0.03944815322756767,0.5876900553703308,0.6729493141174316,-0.047540199011564255,0.5581029653549194,0.6250702142715454,-0.055352479219436646,0.659078061580658,0.6112799048423767,-0.019895663484930992,0.6298333406448364,0.5298612713813782,-0.03779442980885506,0.6130105257034302,0.4751143753528595,-0.05302153527736664,0.6017168164253235,0.42514273524284363,-0.06520600616931915,0.7012612819671631,0.5888699293136597,-0.0213866475969553,0.6950122117996216,0.4887077808380127,-0.03602141514420509,0.6894927620887756,0.42331862449645996,-0.05045701190829277,0.6837319135665894,0.3694259226322174,-0.06200630962848663,0.7398240566253662,0.5908960700035095,-0.027636725455522537,0.745220422744751,0.502356767654419,-0.04783419147133827,0.7423484325408936,0.4441491365432739,-0.06399369239807129,0.7370398044586182,0.3924613296985626,-0.07558941841125488,0.7758399248123169,0.6115767955780029,-0.036550700664520264,0.8021568655967712,0.5491734147071838,-0.05726766586303711,0.81773442029953,0.5055795907974243,-0.06909244507551193,0.828732967376709,0.46409690380096436,-0.07731116563081741,Hello
0.7414279580116272,0.8177338242530823,4.371684099169215e-07,0.6729157567024231,0.7990381121635437,-0.028845030814409256,0.6187052130699158,0.7366284728050232,-0.039511751383543015,0.5878176093101501,0.6727597713470459,-0.047738946974277496,0.5580757856369019,0.6250566244125366,-0.05564780533313751,0.6591707468032837,0.6097986698150635,-0.019825991243124008,0.6296707391738892,0.5276415944099426,-0.037415169179439545,0.6128376722335815,0.47273093461990356,-0.05238254740834236,0.601318895816803,0.4232049584388733,-0.06435873359441757,0.701896071434021,0.5885637998580933,-0.02134745381772518,0.6953356266021729,0.4880661070346832,-0.03592435270547867,0.689473569393158,0.4226953387260437,-0.05036921054124832,0.6832544803619385,0.3690463602542877,-0.06185949593782425,0.7409180402755737,0.5915521383285522,-0.02759764902293682,0.7457202672958374,0.5021979808807373,-0.04795334115624428,0.7428805232048035,0.44388067722320557,-0.06419546902179718,0.7374920845031738,0.39209145307540894,-0.07573390752077103,0.7772191762924194,0.6128172278404236,-0.036449551582336426,0.8029472231864929,0.5494718551635742,-0.057538557797670364,0.8185117244720459,0.50592440366745,-0.06945836544036865,0.8296715021133423,0.4646897614002228,-0.07759161293506622,Hello
0.7354512810707092,0.818295955657959,4.138488520766259e-07,0.6684249043464661,0.7992554903030396,-0.02627299539744854,0.6149248480796814,0.733314037322998,-0.03525052219629288,0.5863173007965088,0.6686389446258545,-0.042187854647636414,0.5577352643013,0.6223191618919373,-0.049186043441295624,0.6567558646202087,0.6090888381004333,-0.018285762518644333,0.6283537149429321,0.5276893973350525,-0.035177867859601974,0.6118518114089966,0.4726061224937439,-0.04970433935523033,0.6006275415420532,0.4227319061756134,-0.06157855689525604,0.6986315846443176,0.5884409546852112,-0.02106734737753868,0.693998396396637,0.48817986249923706,-0.035512205213308334,0.6888448596000671,0.4220855236053467,-0.05023358017206192,0.6831620931625366,0.36711087822914124,-0.06205892562866211,0.7362619042396545,0.591989278793335,-0.028262557461857796,0.7433726787567139,0.5029333233833313,-0.0486624650657177,0.7412965297698975,0.4440724849700928,-0.06564810872077942,0.7364385724067688,0.391140341758728,-0.07793501764535904,0.7708997130393982,0.6140349507331848,-0.03779246285557747,0.7989550232887268,0.5525040626525879,-0.059098534286022186,0.8156861066818237,0.5086358785629272,-0.07164255529642105,0.8277967572212219,0.4661375880241394,-0.0804908499121666,Hello
0.7358997464179993,0.8160074353218079,4.249597793659632e-07,0.6686493158340454,0.7976633906364441,-0.027169078588485718,0.6151524782180786,0.733000636100769,-0.03657454624772072,0.5860854387283325,0.6684140563011169,-0.043866295367479324,0.5572282671928406,0.6210511922836304,-0.0510701909661293,0.6566258072853088,0.6081641912460327,-0.018085304647684097,0.6278015375137329,0.5268664360046387,-0.03478735685348511,0.6111956238746643,0.47227632999420166,-0.04920480400323868,0.5999854803085327,0.4226401448249817,-0.06099800392985344,0.6982078552246094,0.5871402025222778,-0.020427033305168152,0.6928893327713013,0.48665255308151245,-0.03458661213517189,0.687743604183197,0.4205380976200104,-0.049178287386894226,0.6822696924209595,0.3657865822315216,-0.06095447018742561,0.7357501983642578,0.5904108881950378,-0.027354657649993896,0.7419366836547852,0.5017445087432861,-0.047569580376148224,0.7395751476287842,0.4432559013366699,-0.06462908536195755,0.7346934080123901,0.3907471299171448,-0.07698360085487366,0.7706676125526428,0.6119458079338074,-0.03672481328248978,0.7983094453811646,0.5505555868148804,-0.05788351595401764,0.8150114417076111,0.5069583654403687,-0.07053827494382858,0.8271609544754028,0.46482184529304504,-0.07950515300035477,Hello
0.7354620695114136,0.8174401521682739,4.1945031625800766e-07,0.6683759093284607,0.7987771034240723,-0.027081698179244995,0.6153002977371216,0.733443021774292,-0.036510951817035675,0.5864483714103699,0.6686350107192993,-0.04378475993871689,0.5579177737236023,0.621369481086731,-0.050999585539102554,0.6570224165916443,0.6088338494300842,-0.01824989914894104,0.6289363503456116,0.5278987288475037,-0.035071928054094315,0.6127573847770691,0.47329282760620117,-0.049655016511678696,0.601704478263855,0.42389366030693054,-0.061543580144643784,0.6991895437240601,0.5883967876434326,-0.02059277333319187,0.6947710514068604,0.48895880579948425,-0.035086739808321,0.6896373629570007,0.4231860339641571,-0.0499822236597538,0.6838402152061462,0.36825475096702576,-0.06186242774128914,0.7370055913925171,0.5919980406761169,-0.027441449463367462,0.7436710596084595,0.5032311677932739,-0.048051197081804276,0.7410864233970642,0.4449951648712158,-0.06511600315570831,0.7357827425003052,0.39237284660339355,-0.07729660719633102,0.7717016935348511,0.6139072179794312,-0.03666028007864952,0.7993800044059753,0.5518664717674255,-0.05817897617816925,0.8161157369613647,0.5080438256263733,-0.07073763012886047,0.8282269239425659,0.4655647873878479,-0.07945026457309723,Hello
0.7345256209373474,0.8200563192367554,4.266456983259559e-07,0.6675319671630859,0.7990089654922485,-0.026781339198350906,0.6150897741317749,0.7338524460792542,-0.036379374563694,0.5869765281677246,0.6696447730064392,-0.043948542326688766,0.5584867596626282,0.6222622990608215,-0.0513569675385952,0.6567280292510986,0.6093825101852417,-0.01806350238621235,0.628495991230011,0.5280538201332092,-0.03499867767095566,0.6120831966400146,0.4734240770339966,-0.049533795565366745,0.6009833812713623,0.4237905740737915,-0.061365362256765366,0.6988012194633484,0.5885581374168396,-0.02072172611951828,0.6941443085670471,0.4886259436607361,-0.035248804837465286,0.6890755295753479,0.4224684238433838,-0.04997467249631882,0.6832834482192993,0.3677093982696533,-0.061738476157188416,0.7364733815193176,0.5918548107147217,-0.027913538739085197,0.7434464693069458,0.5034146308898926,-0.04814974218606949,0.7413298487663269,0.44530248641967773,-0.06491212546825409,0.7363278269767761,0.3931419551372528,-0.07697886973619461,0.7711038589477539,0.6136564612388611,-0.037534184753894806,0.7992066144943237,0.552422285079956,-0.05830033868551254,0.8154518604278564,0.5084657073020935,-0.07057858258485794,0.8270519971847534,0.4662455916404724,-0.07924725860357285,Hello
0.7342570424079895,0.8202844858169556,4.33433768876057e-07,0.667070746421814,0.8000465631484985,-0.028379254043102264,0.6136217713356018,0.7347747087478638,-0.03875661641359329,0.5844300389289856,0.6704445481300354,-0.04679477587342262,0.5555298328399658,0.6228419542312622,-0.05468607321381569,0.6545714139938354,0.6106230616569519,-0.01998857781291008,0.6257544755935669,0.5287184715270996,-0.037824295461177826,0.6091970205307007,0.47365468740463257,-0.052982065826654434,0.5981767773628235,0.423356294631958,-0.06522566825151443,0.6967250108718872,0.5892521739006042,-0.022000247612595558,0.6913599967956543,0.4888457655906677,-0.03722229227423668,0.6867588758468628,0.422550767660141,-0.052293647080659866,0.681828498840332,0.3672008514404297,-0.06433205306529999,0.7349417805671692,0.5924111008644104,-0.028655169531702995,0.7409366965293884,0.5032017827033997,-0.049549296498298645,0.7388867139816284,0.4447597861289978,-0.06649656593799591,0.7341951727867126,0.39235788583755493,-0.07868992537260056,0.7705222368240356,0.6143193244934082,-0.03784573823213577,0.7976433038711548,0.5522415637969971,-0.05927291512489319,0.8142017126083374,0.5083499550819397,-0.07172510772943497,0.8261123895645142,0.4660966992378235,-0.08049093931913376,Hello
0.7326590418815613,0.8216130137443542,4.2779760178746074e-07,0.6659032702445984,0.8021640181541443,-0.026990292593836784,0.6130222082138062,0.7349839210510254,-0.03657234087586403,0.5848947167396545,0.6691595315933228,-0.04397730901837349,0.5557985305786133,0.6224133372306824,-0.051448699086904526,0.6556384563446045,0.6108351945877075,-0.019761541858315468,0.6278104186058044,0.5287599563598633,-0.03695560246706009,0.6114915013313293,0.4740186929702759,-0.05172185227274895,0.6003196835517883,0.4242565631866455,-0.06375295668840408,0.6972472071647644,0.5910754799842834,-0.02235507033765316,0.6931939721107483,0.4897998869419098,-0.0368066281080246,0.688914954662323,0.4233464002609253,-0.051586251705884933,0.684192955493927,0.3681270480155945,-0.0635204017162323,0.7347189784049988,0.5956313610076904,-0.029315035790205002,0.7423521876335144,0.5063008666038513,-0.04921528697013855,0.7403273582458496,0.4477537274360657,-0.06586397439241409,0.7356310486793518,0.3950881361961365,-0.0781046450138092,0.7693308591842651,0.6187233924865723,-0.038710713386535645,0.7973079681396484,0.5570094585418701,-0.059532612562179565,0.814240574836731,0.5133973360061646,-0.07167453318834305,0.8266615867614746,0.4712994396686554,-0.08029961585998535,Hello
0.7302543520927429,0.8198732137680054,4.2516239773249254e-07,0.6646409034729004,0.7983735799789429,-0.027311472222208977,0.6126219034194946,0.731792688369751,-0.03742000460624695,0.5845516920089722,0.6671230792999268,-0.0453246533870697,0.5558213591575623,0.6198479533195496,-0.05317376181483269,0.6546095013618469,0.6093587279319763,-0.020256400108337402,0.626735508441925,0.52805095911026,-0.038097918033599854,0.610542893409729,0.4730159640312195,-0.05320340394973755,0.5995218753814697,0.4225357174873352,-0.06540068238973618,0.6960588097572327,0.5891233682632446,-0.022757165133953094,0.6928400993347168,0.4892485737800598,-0.03796821087598801,0.6888980865478516,0.4230600893497467,-0.05267927423119545,0.6842821836471558,0.36741647124290466,-0.06441179662942886,0.7333351969718933,0.5933107137680054,-0.029739413410425186,0.7410884499549866,0.5052006840705872,-0.050418488681316376,0.7393753528594971,0.4465421140193939,-0.06700737774372101,0.7349814176559448,0.3931230306625366,-0.07896982878446579,0.7675772905349731,0.6161033511161804,-0.03918645158410072,0.7958106994628906,0.5545507073402405,-0.06037965044379234,0.8128187656402588,0.5106333494186401,-0.07258707284927368,0.8252359628677368,0.4678551256656647,-0.08119599521160126,Hello
0.7328736782073975,0.8190938234329224,4.2761496388266096e-07,0.6658483743667603,0.7983146905899048,-0.025910042226314545,0.613100528717041,0.7312555313110352,-0.03490731492638588,0.5850764513015747,0.6659833788871765,-0.041916679590940475,0.5560200214385986,0.6197746396064758,-0.04899067059159279,0.6557008028030396,0.6088486909866333,-0.01799645647406578,0.6283844709396362,0.5268130302429199,-0.03440295159816742,0.6123636364936829,0.4719700813293457,-0.04872484132647514,0.6013591289520264,0.42221593856811523,-0.0604969784617424,0.6968865394592285,0.5889728665351868,-0.020980196073651314,0.6931105256080627,0.48781001567840576,-0.03502688184380531,0.6885823011398315,0.4212508499622345,-0.04976925626397133,0.6835711002349854,0.3660081624984741,-0.06164867430925369,0.733995258808136,0.5933294296264648,-0.02824804186820984,0.7414584159851074,0.5039756894111633,-0.04799598827958107,0.7394943237304688,0.445262610912323,-0.06495053321123123,0.7349497675895691,0.39251863956451416,-0.07737124711275101,0.7682797908782959,0.6159806847572327,-0.03782540187239647,0.7961492538452148,0.554417610168457,-0.05849875882267952,0.813406765460968,0.5109003782272339,-0.07067634910345078,0.8263290524482727,0.4690825343132019,-0.07934276014566422,Hello
0.7140023112297058,0.8201603293418884,4.0175658000407566e-07,0.6516047120094299,0.7943610548973083,-0.02326151728630066,0.6046702861785889,0.7250804901123047,-0.03206305950880051,0.5802130103111267,0.6616432666778564,-0.03960942476987839,0.5538784265518188,0.6146035194396973,-0.04757056012749672,0.6477620005607605,0.6038501858711243,-0.01647288165986538,0.6255725622177124,0.5235799551010132,-0.03345559537410736,0.6101940274238586,0.4703594148159027,-0.04856855049729347,0.5981214642524719,0.42159828543663025,-0.06100384518504143,0.6844984292984009,0.5884996056556702,-0.0213400200009346,0.6855803728103638,0.4889717698097229,-0.03717898204922676,0.6826795935630798,0.4228379726409912,-0.05330536887049675,0.6785972118377686,0.3659527003765106,-0.06611616164445877,0.7164202332496643,0.5958292484283447,-0.030264725908637047,0.7254618406295776,0.5072715878486633,-0.0520012341439724,0.7220194339752197,0.4485771059989929,-0.07061002403497696,0.716492772102356,0.3950364589691162,-0.08413621783256531,0.7445256114006042,0.6210068464279175,-0.04119815304875374,0.7721684575080872,0.5601422190666199,-0.06363527476787567,0.7898320555686951,0.5162048935890198,-0.07736079394817352,0.8040186166763306,0.472891241312027,-0.08732085675001144,Hello
0.7150302529335022,0.823816180229187,4.076569837252464e-07,0.652446448802948,0.7987911701202393,-0.02386360801756382,0.6047514081001282,0.7290000915527344,-0.03276875987648964,0.5797411203384399,0.6662819981575012,-0.04022481292486191,0.5534168481826782,0.6191861629486084,-0.047983862459659576,0.6469798684120178,0.6066177487373352,-0.01694989949464798,0.6244629621505737,0.5258650183677673,-0.03373333811759949,0.6091662049293518,0.47263211011886597,-0.04865385591983795,0.5967154502868652,0.42389607429504395,-0.060916390269994736,0.6840718388557434,0.5911208987236023,-0.021477412432432175,0.6846132874488831,0.4909815788269043,-0.03692688047885895,0.6821951270103455,0.4250773787498474,-0.05254489183425903,0.678309440612793,0.36821797490119934,-0.06489499658346176,0.7165108919143677,0.5987426042556763,-0.030121106654405594,0.7247214913368225,0.5098581910133362,-0.05166558548808098,0.7211868762969971,0.4516974985599518,-0.07003013789653778,0.7153549790382385,0.397751122713089,-0.08330844342708588,0.7452621459960938,0.6240372061729431,-0.04078950732946396,0.7724968194961548,0.5626340508460999,-0.06306025385856628,0.7906975150108337,0.5195598602294922,-0.07642636448144913,0.8052751421928406,0.4763556718826294,-0.08607519418001175,Hello
0.7171111106872559,0.8292136192321777,4.0468268025506404e-07,0.6535203456878662,0.8042827844619751,-0.02468929812312126,0.6059362888336182,0.7334051728248596,-0.033782538026571274,0.5817195177078247,0.6687368154525757,-0.041245877742767334,0.554634153842926,0.6209632158279419,-0.04897239804267883,0.6498284935951233,0.6107987761497498,-0.017509188503026962,0.6267067790031433,0.5291702747344971,-0.03435235843062401,0.6111747622489929,0.4756382405757904,-0.04925424978137016,0.5988452434539795,0.42631101608276367,-0.061584845185279846,0.6866490244865417,0.5945228338241577,-0.0216925498098135,0.6865724325180054,0.4940189719200134,-0.03715180605649948,0.6837437152862549,0.4278627634048462,-0.052885714918375015,0.6799377202987671,0.3705872893333435,-0.06545405089855194,0.7184983491897583,0.6018008589744568,-0.03007275052368641,0.7265990972518921,0.5129176378250122,-0.05151587352156639,0.7228024005889893,0.4540373682975769,-0.07011572271585464,0.7170700430870056,0.3994917571544647,-0.08380221575498581,0.7465793490409851,0.6270835995674133,-0.040609266608953476,0.7739692330360413,0.5669428706169128,-0.06307002156972885,0.7918181419372559,0.523681104183197,-0.07700789719820023,0.8062682151794434,0.4799588918685913,-0.0872003510594368,Hello
0.7136397957801819,0.8280050754547119,4.0941034740171744e-07,0.6518370509147644,0.8021271228790283,-0.024410899728536606,0.6047778725624084,0.733117401599884,-0.034103114157915115,0.5798518657684326,0.6703445315361023,-0.042316339910030365,0.5537943840026855,0.6224325299263,-0.050773900002241135,0.6478011608123779,0.6100913882255554,-0.01840144954621792,0.625236451625824,0.5289894342422485,-0.0360199399292469,0.6096810698509216,0.4755910038948059,-0.05153330788016319,0.5972955822944641,0.42681217193603516,-0.06417004764080048,0.6843201518058777,0.5938390493392944,-0.022793656215071678,0.6842808127403259,0.4932183623313904,-0.0388345904648304,0.6818163394927979,0.42658472061157227,-0.05461578443646431,0.6782389879226685,0.369428426027298,-0.06716541945934296,0.7165259122848511,0.6005542278289795,-0.03131788596510887,0.7249006032943726,0.5102556943893433,-0.05292806774377823,0.7213897705078125,0.45160382986068726,-0.07127805799245834,0.7156401872634888,0.39802923798561096,-0.08470599353313446,0.7452269792556763,0.6257493495941162,-0.04200614616274834,0.7740305066108704,0.5648830533027649,-0.06445254385471344,0.7923914194107056,0.5209821462631226,-0.07829618453979492,0.8069676756858826,0.4776354432106018,-0.08830153197050095,Hello
0.71242356300354,0.8215926289558411,4.204096626381215e-07,0.6502033472061157,0.7983907461166382,-0.025127030909061432,0.601865291595459,0.7320265769958496,-0.03523299843072891,0.5771182179450989,0.6689047813415527,-0.04371502995491028,0.550795316696167,0.6219568848609924,-0.05242765322327614,0.6446458101272583,0.6087587475776672,-0.01977367512881756,0.6208579540252686,0.5282166600227356,-0.03798965364694595,0.6050173044204712,0.4745829701423645,-0.053639788180589676,0.5925924777984619,0.4256085753440857,-0.06627929210662842,0.681871771812439,0.5919818878173828,-0.024029236286878586,0.6819426417350769,0.49113374948501587,-0.04075070098042488,0.6792113780975342,0.424825519323349,-0.05689025670289993,0.675173282623291,0.3679415285587311,-0.06949418038129807,0.7147178649902344,0.5983005166053772,-0.03239310905337334,0.7223228812217712,0.5090643167495728,-0.054946765303611755,0.7189283967018127,0.4500797688961029,-0.07336023449897766,0.7133284211158752,0.3962373733520508,-0.08646520972251892,0.744520366191864,0.6229110956192017,-0.042876310646533966,0.771891713142395,0.5609678626060486,-0.06582711637020111,0.7899213433265686,0.5168744325637817,-0.07926935702562332,0.8041231632232666,0.473793089389801,-0.08877433836460114,Hello
0.7093234062194824,0.8262554407119751,4.182463158031169e-07,0.6480087637901306,0.8001516461372375,-0.023790618404746056,0.6005846261978149,0.7307079434394836,-0.03307972848415375,0.5761001110076904,0.6683053374290466,-0.040951862931251526,0.549721896648407,0.6212899684906006,-0.04905330017209053,0.6426350474357605,0.6085553169250488,-0.018271032720804214,0.6196233034133911,0.5276554226875305,-0.035827312618494034,0.60383540391922,0.4747788906097412,-0.051042892038822174,0.5912366509437561,0.4261690676212311,-0.0633319765329361,0.6789073944091797,0.5928981900215149,-0.02288665808737278,0.6791866421699524,0.49270910024642944,-0.03901522606611252,0.6768268942832947,0.42572975158691406,-0.05489473044872284,0.6735890507698059,0.3678130507469177,-0.06737083196640015,0.7108783721923828,0.5996806621551514,-0.031523797661066055,0.7185788750648499,0.5109015703201294,-0.053134940564632416,0.7151414752006531,0.45276889204978943,-0.07136636972427368,0.7097511887550354,0.3997722566127777,-0.08449533581733704,0.7394476532936096,0.6246173977851868,-0.04224775359034538,0.7672051787376404,0.5634437203407288,-0.06414230912923813,0.7848888039588928,0.5194692611694336,-0.07748916000127792,0.7989926338195801,0.4762650728225708,-0.0871269628405571,Hello
0.7065320611000061,0.8280059695243835,4.2043706116601243e-07,0.6449211835861206,0.8024570941925049,-0.023942185565829277,0.5970801115036011,0.7328152656555176,-0.03279765322804451,0.571851372718811,0.6703401207923889,-0.04012645408511162,0.5455535650253296,0.6233375668525696,-0.04764926806092262,0.6387025713920593,0.6096627116203308,-0.017229482531547546,0.6153772473335266,0.5289852023124695,-0.03355051577091217,0.6001697182655334,0.47633230686187744,-0.04785371944308281,0.588207483291626,0.42801690101623535,-0.059537384659051895,0.6745949983596802,0.5935900211334229,-0.021391015499830246,0.6750814914703369,0.4923027753829956,-0.036011096090078354,0.6729064583778381,0.42565542459487915,-0.050579145550727844,0.6696586012840271,0.36889880895614624,-0.0621333047747612,0.7061097621917725,0.6004352569580078,-0.029695341363549232,0.7132800221443176,0.5124658346176147,-0.0500519722700119,0.7092924118041992,0.45396125316619873,-0.06797679513692856,0.7033747434616089,0.4001327455043793,-0.08109681308269501,0.7341488599777222,0.6251970529556274,-0.04017733782529831,0.7619457840919495,0.5648975968360901,-0.06145374849438667,0.7800077199935913,0.5215451717376709,-0.07479729503393173,0.7945500612258911,0.47821351885795593,-0.08455180376768112,Hello
0.705938458442688,0.8278228044509888,4.1536372918926645e-07,0.6452493071556091,0.8016256093978882,-0.023924896493554115,0.5994318127632141,0.7321157455444336,-0.03330857306718826,0.5747919082641602,0.6696203947067261,-0.04116173833608627,0.5472909808158875,0.6231763958930969,-0.04922129213809967,0.6403846144676208,0.609796404838562,-0.018108107149600983,0.6185335516929626,0.5286346077919006,-0.03482671082019806,0.6033058762550354,0.4761742949485779,-0.0493793860077858,0.5908335447311401,0.4281502366065979,-0.061127301305532455,0.6760643720626831,0.5944954752922058,-0.022274238988757133,0.6770233511924744,0.4931817650794983,-0.036927230656147,0.6751393675804138,0.4267790615558624,-0.051244691014289856,0.6720742583274841,0.3703261613845825,-0.06261461973190308,0.7072663307189941,0.6017733812332153,-0.030505629256367683,0.7150124311447144,0.5131885409355164,-0.05064649507403374,0.7115610837936401,0.45464494824409485,-0.0680251494050026,0.7061346769332886,0.40124213695526123,-0.08075343072414398,0.7349334955215454,0.6267775893211365,-0.040920477360486984,0.762975811958313,0.5656407475471497,-0.06191268190741539,0.7812237739562988,0.5223080515861511,-0.07480373978614807,0.7958881258964539,0.4798238277435303,-0.08418259024620056,Hello
0.7073840498924255,0.8273170590400696,4.272510807368235e-07,0.6464154720306396,0.7991949319839478,-0.02334064245223999,0.6021515130996704,0.7306224703788757,-0.03291825205087662,0.5773444771766663,0.6690036654472351,-0.041142627596855164,0.550347089767456,0.6201593279838562,-0.04954259842634201,0.6415790319442749,0.6093389987945557,-0.01756429299712181,0.6206696629524231,0.5270239114761353,-0.034466326236724854,0.6059942245483398,0.47401392459869385,-0.049008242785930634,0.5939393639564514,0.4253884553909302,-0.06075942516326904,0.6762971878051758,0.5949996113777161,-0.02206430770456791,0.678072452545166,0.49305373430252075,-0.03691023960709572,0.6768044829368591,0.42668968439102173,-0.05149548873305321,0.6746982932090759,0.3701842725276947,-0.063175268471241,0.7059977650642395,0.6027262806892395,-0.030613424256443977,0.7135010361671448,0.5133863687515259,-0.05085558444261551,0.7095218300819397,0.45455265045166016,-0.06853681802749634,0.7041853070259094,0.40123260021209717,-0.08166402578353882,0.7320269346237183,0.6276789307594299,-0.04131472483277321,0.759579598903656,0.5672515630722046,-0.06261301785707474,0.7768660187721252,0.5239642858505249,-0.07605350762605667,0.7909525632858276,0.48159289360046387,-0.0859534740447998,Hello
0.706863522529602,0.82793128490448,4.283167811536259e-07,0.646319568157196,0.8003873825073242,-0.02306313067674637,0.6030667424201965,0.7309598922729492,-0.032627757638692856,0.5797225832939148,0.6687005758285522,-0.04095849022269249,0.5532243251800537,0.6195116639137268,-0.049630019813776016,0.641746461391449,0.609952986240387,-0.017656950280070305,0.6206905841827393,0.5284193158149719,-0.03485916927456856,0.605286717414856,0.4758698046207428,-0.04977034404873848,0.5924503803253174,0.4271464943885803,-0.06183287873864174,0.6755732297897339,0.5961815118789673,-0.02253900282084942,0.6783393025398254,0.4932021498680115,-0.03773863613605499,0.6768401861190796,0.42645061016082764,-0.0526733361184597,0.6744977235794067,0.36888474225997925,-0.06455358117818832,0.7041252255439758,0.6044484972953796,-0.03139851614832878,0.712026834487915,0.5135326385498047,-0.05139843747019768,0.7078711986541748,0.4547770619392395,-0.06875194609165192,0.7025551199913025,0.40076661109924316,-0.08169881254434586,0.7289970517158508,0.6297647356987,-0.04245864599943161,0.7556397318840027,0.5675009489059448,-0.0632188692688942,0.7724740505218506,0.5233378410339355,-0.07614439725875854,0.7864156365394592,0.4796542823314667,-0.08574624359607697,Hello
0.7044457197189331,0.8242260217666626,4.141480758335092e-07,0.6450641751289368,0.7954659461975098,-0.019579440355300903,0.6043949723243713,0.7263826131820679,-0.02867356687784195,0.5824923515319824,0.6664586067199707,-0.03730127215385437,0.5575497150421143,0.6191663146018982,-0.046661633998155594,0.6411745548248291,0.6055464744567871,-0.01598183810710907,0.6224344372749329,0.5239520072937012,-0.033124033361673355,0.6059485077857971,0.4727514386177063,-0.04802890121936798,0.5910199880599976,0.42514774203300476,-0.060163550078868866,0.6713507175445557,0.5938752889633179,-0.022785793989896774,0.6772691011428833,0.48956629633903503,-0.03817450627684593,0.6749358177185059,0.4242076873779297,-0.05329065024852753,0.6709500551223755,0.3675737679004669,-0.06526760011911392,0.6962704062461853,0.6026913523674011,-0.033087991178035736,0.7071952223777771,0.5083858966827393,-0.05217099189758301,0.7031604051589966,0.4501454830169678,-0.06869958341121674,0.697842538356781,0.3976132869720459,-0.0812830850481987,0.7172121405601501,0.6283838152885437,-0.04540438577532768,0.7431375980377197,0.5654474496841431,-0.06515316665172577,0.7585064172744751,0.5201736688613892,-0.0772077813744545,0.7714362144470215,0.4760076403617859,-0.0862710252404213,Hello
0.7015734910964966,0.8284101486206055,3.818475704520097e-07,0.6441701650619507,0.7930902242660522,-0.013351565226912498,0.6084257364273071,0.7203748226165771,-0.019658125936985016,0.5895064473152161,0.6611665487289429,-0.027038555592298508,0.5661996603012085,0.6182796359062195,-0.035402245819568634,0.6457313299179077,0.6028344631195068,-0.007974333129823208,0.6292695999145508,0.5220509767532349,-0.022793501615524292,0.6131891012191772,0.47116535902023315,-0.03628770262002945,0.5980042219161987,0.4245647192001343,-0.047575466334819794,0.6726148128509521,0.5952774882316589,-0.01754976622760296,0.6807509660720825,0.49117112159729004,-0.03106503002345562,0.6781057715415955,0.42682725191116333,-0.04491537809371948,0.6736786365509033,0.3695943057537079,-0.055893078446388245,0.6942320466041565,0.6066742539405823,-0.030321139842271805,0.7048245668411255,0.5107987523078918,-0.047526292502880096,0.700855016708374,0.4508875608444214,-0.06291447579860687,0.6960626244544983,0.3962430953979492,-0.07491350919008255,0.71171635389328,0.6344626545906067,-0.04479321837425232,0.7369624972343445,0.5705133080482483,-0.06287498772144318,0.7534905672073364,0.5245140790939331,-0.07366535812616348,0.7681958079338074,0.4795701503753662,-0.08206553012132645,Hello
0.7023085355758667,0.8283421993255615,3.86359431558958e-07,0.6447484493255615,0.7940369248390198,-0.013633156195282936,0.6082574129104614,0.7204906940460205,-0.019553201273083687,0.5889535546302795,0.6600149869918823,-0.02633032575249672,0.5651061534881592,0.6164509654045105,-0.03403390571475029,0.644287645816803,0.6031511425971985,-0.007949703373014927,0.628958523273468,0.5222603678703308,-0.02239333465695381,0.6135315895080566,0.47165101766586304,-0.035580627620220184,0.5986431241035461,0.4252992868423462,-0.0467127226293087,0.6710764765739441,0.5959672331809998,-0.0170520581305027,0.6786959767341614,0.4931352138519287,-0.030270351096987724,0.6762199401855469,0.4292280673980713,-0.04377802088856697,0.6723403334617615,0.37284055352211,-0.0546547994017601,0.6930232048034668,0.6078529953956604,-0.029430827125906944,0.7034668922424316,0.5125072598457336,-0.046622052788734436,0.6992000937461853,0.4532715082168579,-0.06185782700777054,0.6943260431289673,0.39924293756484985,-0.07384335249662399,0.711178183555603,0.6357951760292053,-0.04350489377975464,0.7366604804992676,0.5717740058898926,-0.062135133892297745,0.7533677220344543,0.5257815718650818,-0.07338965684175491,0.7682809233665466,0.4808434844017029,-0.08212725818157196,Hello
0.6993578672409058,0.8269950747489929,3.8735774410270096e-07,0.6421805620193481,0.7923142910003662,-0.0123607711866498,0.607166051864624,0.7216265797615051,-0.018050268292427063,0.5876727104187012,0.6636220216751099,-0.02508700266480446,0.5635166764259338,0.6228635907173157,-0.033119942992925644,0.6438006162643433,0.604284942150116,-0.0057146684266626835,0.6275787949562073,0.5237172842025757,-0.019645141437649727,0.6108588576316833,0.4733058214187622,-0.032800596207380295,0.5949349403381348,0.4270145297050476,-0.04358765855431557,0.6713345050811768,0.5950093865394592,-0.015282457694411278,0.6785458922386169,0.4912235140800476,-0.027457349002361298,0.6750489473342896,0.425525426864624,-0.04105928912758827,0.6700888276100159,0.36935508251190186,-0.05192439630627632,0.6935990452766418,0.6044961214065552,-0.02798278257250786,0.7044662237167358,0.5113319158554077,-0.04375515878200531,0.699604332447052,0.45145511627197266,-0.059389643371105194,0.6942045092582703,0.3987845778465271,-0.07159782946109772,0.711805522441864,0.6300807595252991,-0.04231206327676773,0.7387756705284119,0.5672734975814819,-0.05859534069895744,0.7554505467414856,0.521913468837738,-0.06891103088855743,0.7702305316925049,0.47850501537323,-0.07704941928386688,Hello
0.6999863982200623,0.8265513181686401,3.7611150105476554e-07,0.6434758305549622,0.7959640026092529,-0.013578779995441437,0.6074862480163574,0.7242130637168884,-0.01926722750067711,0.5877861380577087,0.6648631691932678,-0.025946272537112236,0.5631928443908691,0.6231173276901245,-0.033727556467056274,0.6432066559791565,0.6057700514793396,-0.0075968410819768906,0.6260195374488831,0.5261329412460327,-0.021638251841068268,0.6094766855239868,0.47582757472991943,-0.03460274264216423,0.594352662563324,0.42914682626724243,-0.04550483822822571,0.6712309718132019,0.5950286388397217,-0.016491573303937912,0.6783130168914795,0.4924345016479492,-0.029284972697496414,0.6744504570960999,0.4276754558086395,-0.04303915053606033,0.6691019535064697,0.3709217309951782,-0.054125409573316574,0.6939855217933655,0.6034606099128723,-0.028554176911711693,0.7051864266395569,0.5108626484870911,-0.045196015387773514,0.7001675367355347,0.4518204629421234,-0.061132460832595825,0.694570004940033,0.3987266719341278,-0.07358041405677795,0.7120953798294067,0.6280025243759155,-0.042299311608076096,0.7388837933540344,0.5657445192337036,-0.0599067397415638,0.7557151317596436,0.5204545855522156,-0.07124141603708267,0.7706145644187927,0.47639405727386475,-0.08009161800146103,Hello
0.7019305229187012,0.8311907052993774,3.865728217533615e-07,0.6441786289215088,0.7971058487892151,-0.014571070671081543,0.6086598634719849,0.7261946797370911,-0.02155229263007641,0.5884304642677307,0.6674013733863831,-0.029456496238708496,0.5636535882949829,0.6242722868919373,-0.03833789750933647,0.6441668272018433,0.6093187928199768,-0.009081315249204636,0.6270774006843567,0.5284087657928467,-0.024502892047166824,0.6102529764175415,0.47767746448516846,-0.03852572292089462,0.5945593118667603,0.43084388971328735,-0.049945127218961716,0.672711968421936,0.5994981527328491,-0.018079189583659172,0.6797299981117249,0.4961693584918976,-0.032170139253139496,0.6757851839065552,0.4310927391052246,-0.04712510481476784,0.6702017784118652,0.37475863099098206,-0.058894477784633636,0.6958979368209839,0.6086115837097168,-0.030258579179644585,0.7070231437683105,0.5153734087944031,-0.04795146733522415,0.701854407787323,0.45587170124053955,-0.06459224969148636,0.6958379149436951,0.40289756655693054,-0.07726633548736572,0.7146995067596436,0.6338244080543518,-0.04410436004400253,0.741356611251831,0.5699969530105591,-0.062031202018260956,0.7578673958778381,0.5242212414741516,-0.07319838553667068,0.772298276424408,0.4801764488220215,-0.08176625519990921,Hello
0.7034763693809509,0.8322837948799133,4.0453113570038113e-07,0.6449330449104309,0.800686240196228,-0.01660175621509552,0.6080906391143799,0.7280110120773315,-0.023640697821974754,0.588731586933136,0.6666285395622253,-0.031079376116394997,0.5647991895675659,0.6224944591522217,-0.03922168165445328,0.6444204449653625,0.6101961135864258,-0.009686056524515152,0.628222644329071,0.5298094153404236,-0.02510073408484459,0.6118701696395874,0.47882282733917236,-0.03897833824157715,0.5965105891227722,0.4319877326488495,-0.05036501586437225,0.6723543405532837,0.6004471182823181,-0.017494652420282364,0.6796324849128723,0.49730318784713745,-0.03146195039153099,0.6761441826820374,0.432272732257843,-0.04561735689640045,0.6712285876274109,0.37593260407447815,-0.05679712072014809,0.6949085593223572,0.6099568009376526,-0.02886204794049263,0.7065751552581787,0.5163651704788208,-0.04675783962011337,0.7020142674446106,0.4571506083011627,-0.06276977807283401,0.6966837644577026,0.40392017364501953,-0.07499676197767258,0.7137012481689453,0.6358271837234497,-0.0421830415725708,0.7418176531791687,0.5728533267974854,-0.06072046980261803,0.7587877511978149,0.5269336700439453,-0.07227138429880142,0.773465633392334,0.4820912778377533,-0.08109910786151886,Hello
0.7002360224723816,0.8326407670974731,3.9662583617428027e-07,0.6437696814537048,0.7995806336402893,-0.01541242003440857,0.6077415347099304,0.7279127836227417,-0.02226296067237854,0.5881146192550659,0.6676027178764343,-0.02981448918581009,0.564041256904602,0.624373733997345,-0.03808273747563362,0.643618106842041,0.6107207536697388,-0.008861957117915154,0.6270054578781128,0.5295456647872925,-0.024308329448103905,0.6106377243995667,0.4790423512458801,-0.03819207847118378,0.5953108072280884,0.43284502625465393,-0.0494263730943203,0.6715916395187378,0.601010799407959,-0.017046039924025536,0.67842036485672,0.4977404773235321,-0.031078338623046875,0.6749767065048218,0.43282127380371094,-0.04534629359841347,0.669958233833313,0.3768351376056671,-0.05649951472878456,0.6944460868835449,0.6097461581230164,-0.028665762394666672,0.7050529718399048,0.5165665745735168,-0.04624243825674057,0.7001654505729675,0.45749664306640625,-0.06219188868999481,0.6944316625595093,0.40465274453163147,-0.0743132084608078,0.713294506072998,0.6348587274551392,-0.04213598743081093,0.7409912943840027,0.5722054839134216,-0.05999501049518585,0.7577503323554993,0.5264896750450134,-0.0711628645658493,0.7722376585006714,0.48221203684806824,-0.07969743758440018,Hello
0.7037764191627502,0.8328490853309631,3.899759519754298e-07,0.645178496837616,0.7994186878204346,-0.014702935703098774,0.6089797019958496,0.7286539673805237,-0.021792156621813774,0.5885776281356812,0.6687120199203491,-0.029726896435022354,0.5636874437332153,0.6248027086257935,-0.038584016263484955,0.6442120671272278,0.6108776926994324,-0.00915216002613306,0.6268512010574341,0.5303518772125244,-0.024372825399041176,0.609978199005127,0.48005643486976624,-0.038261257112026215,0.593799889087677,0.43317657709121704,-0.04969705268740654,0.6726739406585693,0.6006497144699097,-0.018162457272410393,0.6798445582389832,0.49787360429763794,-0.03206244483590126,0.6755102276802063,0.4328938126564026,-0.046858757734298706,0.6693302392959595,0.37599703669548035,-0.058624040335416794,0.6953550577163696,0.609825611114502,-0.030395066365599632,0.7067704200744629,0.5171239376068115,-0.04808839410543442,0.700830340385437,0.4575035274028778,-0.06492182612419128,0.6939369440078735,0.403661847114563,-0.07793103903532028,0.7137344479560852,0.6354683637619019,-0.044309165328741074,0.741623044013977,0.5738045573234558,-0.06254904717206955,0.7583240270614624,0.5280883312225342,-0.07423069328069687,0.7728278040885925,0.48332005739212036,-0.08328916132450104,Hello
0.7010752558708191,0.834488570690155,4.0155586589207815e-07,0.6434146761894226,0.7982555031776428,-0.014425638131797314,0.6086188554763794,0.7275764346122742,-0.02184605784714222,0.5888885855674744,0.668358325958252,-0.03032064624130726,0.5646542310714722,0.6252937316894531,-0.03963924199342728,0.6442086696624756,0.6118984222412109,-0.008776111528277397,0.627703070640564,0.5309218168258667,-0.024417031556367874,0.6107692718505859,0.48027247190475464,-0.038526762276887894,0.5948696732521057,0.43351346254348755,-0.049896616488695145,0.6725098490715027,0.6022046804428101,-0.018104232847690582,0.6797505021095276,0.49778154492378235,-0.032069478183984756,0.6752010583877563,0.43188947439193726,-0.04677073284983635,0.6690026521682739,0.375750869512558,-0.05832331255078316,0.695345938205719,0.6112527251243591,-0.03064712882041931,0.7070052623748779,0.5166541337966919,-0.04799726977944374,0.7017158269882202,0.45603910088539124,-0.06417172402143478,0.6955029368400574,0.40260040760040283,-0.07658790051937103,0.7138320207595825,0.6368030905723572,-0.04491536691784859,0.7419514656066895,0.5732473134994507,-0.06235816329717636,0.7588964700698853,0.5269326567649841,-0.07310909777879715,0.7735201120376587,0.48286736011505127,-0.08139200508594513,Hello
0.7013642191886902,0.8315768241882324,3.8422481907218753e-07,0.6434555053710938,0.7971580028533936,-0.012815531343221664,0.6084408760070801,0.7273620963096619,-0.018908362835645676,0.5882663130760193,0.6680769920349121,-0.026337921619415283,0.5636728405952454,0.6245831251144409,-0.03473547473549843,0.6444402933120728,0.6106997132301331,-0.006229107268154621,0.6272150278091431,0.5308908224105835,-0.02028624154627323,0.6105566024780273,0.48025405406951904,-0.03336765244603157,0.595128059387207,0.4335385262966156,-0.04410843551158905,0.6731095314025879,0.6002528071403503,-0.015858519822359085,0.680019736289978,0.4969373345375061,-0.028446052223443985,0.6750749349594116,0.430942177772522,-0.04245591163635254,0.6685510277748108,0.3750949501991272,-0.05360875278711319,0.6961440443992615,0.6089975237846375,-0.028612354770302773,0.707303524017334,0.5169134140014648,-0.044771499931812286,0.7006580233573914,0.4567805528640747,-0.060809340327978134,0.693308413028717,0.40390440821647644,-0.07331650704145432,0.714621365070343,0.6339327096939087,-0.042984530329704285,0.7425220012664795,0.5721206665039062,-0.05950554832816124,0.7590059041976929,0.5264655947685242,-0.07012403011322021,0.773337721824646,0.48286259174346924,-0.0784660130739212,Hello
0.7025001049041748,0.8344071507453918,3.966007966482721e-07,0.6442157626152039,0.799130916595459,-0.01447335071861744,0.6087650656700134,0.7268418669700623,-0.020688431337475777,0.5892292261123657,0.6664190292358398,-0.02792345918715,0.5650473237037659,0.623192310333252,-0.03588264435529709,0.6447733640670776,0.6108261942863464,-0.005914188921451569,0.6281293630599976,0.5305145978927612,-0.020120816305279732,0.6114224791526794,0.47976911067962646,-0.03347758203744888,0.5958054065704346,0.4328865706920624,-0.04461543634533882,0.6730518937110901,0.6011908054351807,-0.014702240005135536,0.680341899394989,0.49830812215805054,-0.027413049712777138,0.6765788793563843,0.4333779215812683,-0.04130089282989502,0.6712867021560669,0.3772265911102295,-0.05243496224284172,0.6957899928092957,0.6106040477752686,-0.02697584219276905,0.7068625688552856,0.5168843269348145,-0.04374714568257332,0.7016257047653198,0.45757871866226196,-0.05954259634017944,0.6955081224441528,0.40436863899230957,-0.07176598161458969,0.7144154906272888,0.6360495090484619,-0.04106537252664566,0.7419140934944153,0.5728768706321716,-0.05839225649833679,0.7587521076202393,0.5270262956619263,-0.06926608830690384,0.7733698487281799,0.48248401284217834,-0.07775795459747314,Hello
0.7151357531547546,0.8271023631095886,4.162875484325923e-07,0.6527287364006042,0.8027464151382446,-0.02326378971338272,0.6052813529968262,0.7350901365280151,-0.03196891024708748,0.5789754390716553,0.6734186410903931,-0.03945532441139221,0.5526131391525269,0.6270318031311035,-0.04709542915225029,0.6482289433479309,0.6136048436164856,-0.01573537476360798,0.6247773766517639,0.5336127877235413,-0.03173358738422394,0.6091035008430481,0.4806632101535797,-0.04567448049783707,0.5966712832450867,0.4329921007156372,-0.05708703771233559,0.6838706731796265,0.5960653424263,-0.020068448036909103,0.6848735213279724,0.49527812004089355,-0.03453202545642853,0.6824401617050171,0.4292026162147522,-0.04879940673708916,0.6786081194877625,0.373157262802124,-0.06006738916039467,0.7147685885429382,0.6007672548294067,-0.02854348160326481,0.7218605875968933,0.5117892622947693,-0.04903540015220642,0.7175008654594421,0.45289337635040283,-0.06668342649936676,0.7113431096076965,0.39949291944503784,-0.07949258387088776,0.7418301701545715,0.6235252022743225,-0.039144523441791534,0.7698839902877808,0.5636082887649536,-0.0605713427066803,0.7876105904579163,0.519608736038208,-0.07390425354242325,0.8019930124282837,0.47648173570632935,-0.08354789763689041,Hello
0.7148074507713318,0.8252825140953064,4.1400770101063245e-07,0.6529515385627747,0.8021371364593506,-0.02496836893260479,0.6048773527145386,0.7350448966026306,-0.034509431570768356,0.5780776143074036,0.674057126045227,-0.04236144945025444,0.55229651927948,0.6262112855911255,-0.050220027565956116,0.6478389501571655,0.613667368888855,-0.018072931095957756,0.6247124671936035,0.533856987953186,-0.03486589342355728,0.609384298324585,0.48109063506126404,-0.04933508113026619,0.5968881845474243,0.43344342708587646,-0.06111561879515648,0.6836327314376831,0.5958357453346252,-0.02165343426167965,0.6847546696662903,0.4955253601074219,-0.03692208230495453,0.6828579306602478,0.4301303029060364,-0.05146913230419159,0.6791700720787048,0.374298095703125,-0.06284169852733612,0.714628279209137,0.6008556485176086,-0.02947450801730156,0.7213425040245056,0.512175977230072,-0.05081677809357643,0.7175303101539612,0.4537869989871979,-0.06865951418876648,0.7116675972938538,0.3999212682247162,-0.08142272382974625,0.7421654462814331,0.6238086223602295,-0.03948315978050232,0.7697925567626953,0.5632696747779846,-0.06177401542663574,0.7877326011657715,0.5197182893753052,-0.07537074387073517,0.802230715751648,0.4765471816062927,-0.0850401297211647,Hello
0.7164039611816406,0.8224655389785767,4.186310889053857e-07,0.6549092531204224,0.800735354423523,-0.025460755452513695,0.6067342162132263,0.7337608337402344,-0.03520616888999939,0.5799521207809448,0.6714767217636108,-0.04325468838214874,0.5537305474281311,0.6234044432640076,-0.05132092908024788,0.6489673852920532,0.611165463924408,-0.01857287809252739,0.6254658699035645,0.5314217805862427,-0.0358223132789135,0.6097028851509094,0.4786761999130249,-0.05062666907906532,0.5970855355262756,0.43090197443962097,-0.062574602663517,0.6850764751434326,0.5932950377464294,-0.021895596757531166,0.6866577863693237,0.49285683035850525,-0.03721015900373459,0.6850820779800415,0.42726224660873413,-0.051672350615262985,0.6819865107536316,0.3717244267463684,-0.06300760060548782,0.716625452041626,0.5980536341667175,-0.029526079073548317,0.72462397813797,0.5087995529174805,-0.05067942664027214,0.7208340167999268,0.45033299922943115,-0.068024642765522,0.7150166034698486,0.3971739411354065,-0.08047839254140854,0.7449703812599182,0.6210312247276306,-0.039447616785764694,0.7731043696403503,0.5604820847511292,-0.06145238131284714,0.7911397218704224,0.5166529417037964,-0.07471933960914612,0.8056354522705078,0.4737083911895752,-0.0841369479894638,Hello
0.720154345035553,0.8164023160934448,4.1646970316833176e-07,0.6569251418113708,0.7970667481422424,-0.025016531348228455,0.607082724571228,0.734561026096344,-0.0347021259367466,0.5785624980926514,0.6740846633911133,-0.04284856095910072,0.5507194995880127,0.6310185194015503,-0.051089510321617126,0.6498215198516846,0.6097052693367004,-0.01701110415160656,0.6234032511711121,0.5310276746749878,-0.03381368890404701,0.6066076755523682,0.47756290435791016,-0.04877098277211189,0.5945146083831787,0.42902475595474243,-0.06096549332141876,0.6877579689025879,0.5894478559494019,-0.0202714242041111,0.6870846748352051,0.4902244210243225,-0.034430380910634995,0.6850331425666809,0.4258596897125244,-0.04830849543213844,0.6822198629379272,0.3727092146873474,-0.059392016381025314,0.721323549747467,0.5928580164909363,-0.027850445359945297,0.7287604808807373,0.5046030879020691,-0.04719206690788269,0.7251675724983215,0.44660887122154236,-0.0627555325627327,0.7194669842720032,0.3950740694999695,-0.0742093175649643,0.7517833113670349,0.6144877672195435,-0.03786270320415497,0.7789820432662964,0.5546376705169678,-0.057971734553575516,0.7953314781188965,0.5109504461288452,-0.06960311532020569,0.8080207109451294,0.46879875659942627,-0.07788613438606262,Hello
0.7237183451652527,0.8181491494178772,4.3369780655666545e-07,0.6575800180435181,0.8007388710975647,-0.027850817888975143,0.6059352159500122,0.7396735548973083,-0.038379643112421036,0.5752925872802734,0.6785882115364075,-0.04683002829551697,0.545942485332489,0.6346189379692078,-0.05496879667043686,0.6481815576553345,0.6117260456085205,-0.016896987333893776,0.6199432015419006,0.5335043668746948,-0.03371497243642807,0.6034162044525146,0.4804907441139221,-0.04876946285367012,0.5924117565155029,0.4312812089920044,-0.061100319027900696,0.6882666945457458,0.589320719242096,-0.018653186038136482,0.6857443451881409,0.4916302561759949,-0.03217606246471405,0.6830743551254272,0.4282582402229309,-0.04560481011867523,0.6798089742660522,0.3758631646633148,-0.05646197125315666,0.7239682078361511,0.5917444229125977,-0.02522796392440796,0.7302112579345703,0.5048993229866028,-0.04388323053717613,0.7267293334007263,0.448286771774292,-0.0583660788834095,0.7209753394126892,0.39751100540161133,-0.06906589865684509,0.7565153241157532,0.6125500798225403,-0.03463176265358925,0.7820379137992859,0.5536859631538391,-0.054315682500600815,0.7969425916671753,0.5108829736709595,-0.06543663144111633,0.8081632256507874,0.4687160849571228,-0.07324700057506561,Hello
0.7247235774993896,0.8197107911109924,4.392088044369302e-07,0.6587525606155396,0.8028608560562134,-0.02971257083117962,0.6056088209152222,0.7438642382621765,-0.04163575544953346,0.5731313228607178,0.6828396320343018,-0.05104996636509895,0.5422491431236267,0.6381120681762695,-0.060019999742507935,0.6457403898239136,0.6138991117477417,-0.019064893946051598,0.6174460649490356,0.5356138348579407,-0.03708945959806442,0.6010713577270508,0.48285382986068726,-0.053088415414094925,0.5903458595275879,0.4339819550514221,-0.06589727848768234,0.6866328120231628,0.5902887582778931,-0.019872786477208138,0.6832047700881958,0.4926435053348541,-0.03373876214027405,0.6799802780151367,0.4299057126045227,-0.04745849221944809,0.6760980486869812,0.37766027450561523,-0.05856725946068764,0.7237436175346375,0.5914449691772461,-0.02561647817492485,0.7290893793106079,0.5050105452537537,-0.04404732212424278,0.7258233428001404,0.4483779966831207,-0.058271683752536774,0.7202119827270508,0.39799803495407104,-0.06888411194086075,0.7577676773071289,0.61152583360672,-0.03437782824039459,0.7824997901916504,0.5532557368278503,-0.05347174406051636,0.7969589829444885,0.511437714099884,-0.06403732299804688,0.8076716661453247,0.4708728790283203,-0.07145246118307114,Hello
0.7269468307495117,0.8193212747573853,4.53468970817994e-07,0.6599724292755127,0.8035014867782593,-0.030475040897727013,0.6053783893585205,0.7448492050170898,-0.042355455458164215,0.571323037147522,0.6841421723365784,-0.05146278440952301,0.5404360294342041,0.6385558843612671,-0.059961624443531036,0.6447304487228394,0.6152159571647644,-0.019731750711798668,0.6144808530807495,0.5356466174125671,-0.03732093423604965,0.5976063013076782,0.4827122092247009,-0.052687838673591614,0.5869473218917847,0.43398964405059814,-0.06481409817934036,0.6859155893325806,0.5913750529289246,-0.019904490560293198,0.6816189289093018,0.49255913496017456,-0.03276807442307472,0.6784318089485168,0.4292466938495636,-0.04541730880737305,0.6750489473342896,0.37785330414772034,-0.0556635819375515,0.7235307097434998,0.5921732783317566,-0.02512253075838089,0.7286096811294556,0.5046634674072266,-0.04262814298272133,0.7256850600242615,0.4471724033355713,-0.05620741471648216,0.7205281257629395,0.3966137766838074,-0.06637945771217346,0.7581826448440552,0.6115010380744934,-0.03345019742846489,0.7824875116348267,0.5526013374328613,-0.05202018842101097,0.7970539331436157,0.5114117860794067,-0.0620780847966671,0.8080139756202698,0.4720008969306946,-0.06902442127466202,Hello
0.7307701706886292,0.8197466731071472,4.6836751721457404e-07,0.6637189388275146,0.8028312921524048,-0.03187277540564537,0.6084086894989014,0.7453272938728333,-0.044764257967472076,0.572577714920044,0.6866382956504822,-0.0546831451356411,0.5408855080604553,0.6397516131401062,-0.06372515112161636,0.6462456583976746,0.6151520013809204,-0.020493442192673683,0.6156291365623474,0.535106360912323,-0.03858919441699982,0.5988733768463135,0.4824408292770386,-0.05412843078374863,0.5885969400405884,0.4341476857662201,-0.06625586003065109,0.6881076693534851,0.5914286375045776,-0.020142333582043648,0.682830810546875,0.49287742376327515,-0.03352826088666916,0.6792842149734497,0.4293464124202728,-0.04663951322436333,0.6756092309951782,0.3780268132686615,-0.05706705152988434,0.7269107699394226,0.5924252867698669,-0.024986613541841507,0.731755256652832,0.504245936870575,-0.043205175548791885,0.7298537492752075,0.44777193665504456,-0.05701618269085884,0.7252390384674072,0.39859530329704285,-0.06701912730932236,0.763098418712616,0.6121376752853394,-0.03297460824251175,0.787148654460907,0.5526847839355469,-0.05194622278213501,0.8013132810592651,0.5130249261856079,-0.061886977404356,0.8110946416854858,0.4761022925376892,-0.06853824108839035,Hello
0.7325862646102905,0.8196938037872314,4.821309289582132e-07,0.6642138361930847,0.8018420934677124,-0.03158726170659065,0.6082770824432373,0.7452060580253601,-0.044004905968904495,0.5725424289703369,0.6871588826179504,-0.0536123551428318,0.5417630672454834,0.6393547058105469,-0.06222696229815483,0.64647376537323,0.6145910024642944,-0.0191786028444767,0.6156241297721863,0.5342949032783508,-0.037291452288627625,0.5990254878997803,0.4813655614852905,-0.05290690436959267,0.5889884233474731,0.4325607419013977,-0.06501658260822296,0.6882825493812561,0.5910238027572632,-0.01896115392446518,0.6820876002311707,0.4926608204841614,-0.03215328976511955,0.6783298254013062,0.4289594292640686,-0.045165471732616425,0.6748061180114746,0.3781241178512573,-0.055501822382211685,0.7271191477775574,0.5920541882514954,-0.02411302924156189,0.7320919632911682,0.5055874586105347,-0.042359400540590286,0.7303639650344849,0.44954439997673035,-0.056244224309921265,0.726333498954773,0.4013827443122864,-0.06618527323007584,0.7632222175598145,0.6118373274803162,-0.03244849294424057,0.7872170209884644,0.5533401370048523,-0.05154379457235336,0.801393985748291,0.5137296319007874,-0.06163942813873291,0.8114420771598816,0.4773108959197998,-0.06833282113075256,Hello
0.7365827560424805,0.8179051876068115,4.7065032049431466e-07,0.6693176627159119,0.8027507066726685,-0.03149283304810524,0.6122586727142334,0.7472620010375977,-0.04395971819758415,0.5749521255493164,0.6895740628242493,-0.053477756679058075,0.5439890623092651,0.6406804919242859,-0.06196099892258644,0.6467824578285217,0.6144144535064697,-0.019925851374864578,0.6149793863296509,0.5334343910217285,-0.038471564650535583,0.5976606607437134,0.48084351420402527,-0.054187119007110596,0.5869163274765015,0.43295812606811523,-0.06608803570270538,0.6883859038352966,0.5897089242935181,-0.019402503967285156,0.6798227429389954,0.49105507135391235,-0.03166157752275467,0.6745700836181641,0.4283149242401123,-0.042969267815351486,0.6698688268661499,0.37974217534065247,-0.051857978105545044,0.7281984686851501,0.5903022289276123,-0.024267926812171936,0.7299993634223938,0.5030245780944824,-0.040901582688093185,0.7258173227310181,0.4471403956413269,-0.052595432847738266,0.7200425267219543,0.3990197479724884,-0.061134520918130875,0.7655593752861023,0.6104081869125366,-0.03241691365838051,0.7866124510765076,0.5535062551498413,-0.05012767016887665,0.7980465888977051,0.5143306851387024,-0.05869586765766144,0.8060527443885803,0.4775869846343994,-0.06422582268714905,Hello
0.7389631271362305,0.8154891729354858,4.735019842883048e-07,0.6706955432891846,0.8012163639068604,-0.03204565495252609,0.6119152307510376,0.7463901042938232,-0.043635714799165726,0.574740469455719,0.6888572573661804,-0.052102357149124146,0.5439409613609314,0.6409320831298828,-0.059615608304739,0.6481597423553467,0.6159781217575073,-0.019641956314444542,0.6157019138336182,0.5363799929618835,-0.03763595595955849,0.5987498760223389,0.4835006594657898,-0.05313577130436897,0.5881871581077576,0.4347652196884155,-0.06507651507854462,0.6901422739028931,0.5900043845176697,-0.018484506756067276,0.6805402040481567,0.491723895072937,-0.03032613918185234,0.6751739382743835,0.4285185933113098,-0.04147409647703171,0.6703713536262512,0.3788013160228729,-0.0504511259496212,0.7299436330795288,0.5900112986564636,-0.02283545397222042,0.7307331562042236,0.5038553476333618,-0.03958366438746452,0.7259999513626099,0.44828277826309204,-0.051702771335840225,0.7196004390716553,0.4003652334213257,-0.06057371571660042,0.7675772309303284,0.6090074777603149,-0.03050885908305645,0.788123369216919,0.5521632432937622,-0.04858611151576042,0.7989457845687866,0.514168381690979,-0.05761297047138214,0.8057352900505066,0.47821226716041565,-0.06361916661262512,Hello
0.7402431964874268,0.8185603618621826,4.78465381092974e-07,0.6726889610290527,0.8034714460372925,-0.031886033713817596,0.6149250864982605,0.7469921708106995,-0.04333097115159035,0.5776711106300354,0.6884085536003113,-0.051817506551742554,0.546694278717041,0.6401377320289612,-0.05915471911430359,0.64936763048172,0.6148213744163513,-0.01800045371055603,0.6175558567047119,0.5338841676712036,-0.03554045036435127,0.6005149483680725,0.48066967725753784,-0.05060549080371857,0.5900648832321167,0.4328218698501587,-0.062038518488407135,0.6909982562065125,0.5897743105888367,-0.016802126541733742,0.6817770600318909,0.49101340770721436,-0.027884239330887794,0.6760344505310059,0.4276442527770996,-0.038313597440719604,0.6712960600852966,0.3794061243534088,-0.04651351645588875,0.7309839725494385,0.5899405479431152,-0.021235136315226555,0.7320928573608398,0.5028921365737915,-0.03698495030403137,0.7277995347976685,0.44715267419815063,-0.04832710698246956,0.7222537398338318,0.3998511731624603,-0.05662010982632637,0.7687936425209045,0.6092128753662109,-0.02910342440009117,0.7899410128593445,0.5538232922554016,-0.04643534496426582,0.8009252548217773,0.5154998898506165,-0.055080536752939224,0.8087785243988037,0.479472279548645,-0.060644689947366714,Hello
0.742817223072052,0.8178465366363525,4.828478950003046e-07,0.6751052141189575,0.803390622138977,-0.03319112956523895,0.6170647144317627,0.748781144618988,-0.04560333490371704,0.5799025297164917,0.6899107694625854,-0.054747890681028366,0.5488076210021973,0.6399990320205688,-0.06265351921319962,0.6511565446853638,0.6165869235992432,-0.02047002501785755,0.6186373233795166,0.5348300933837891,-0.038957372307777405,0.6014949679374695,0.48102909326553345,-0.05448785051703453,0.5910325646400452,0.43225523829460144,-0.06621038913726807,0.693206787109375,0.5911602973937988,-0.018802553415298462,0.6830779910087585,0.49309712648391724,-0.03071863017976284,0.6774960160255432,0.4296640157699585,-0.04154451936483383,0.6731679439544678,0.3808954954147339,-0.05011585354804993,0.7334268689155579,0.5912891030311584,-0.022791584953665733,0.7346221208572388,0.5053489208221436,-0.03916673734784126,0.7308304905891418,0.4500983953475952,-0.05046512559056282,0.7257871627807617,0.4026416540145874,-0.05870155617594719,0.7716078758239746,0.6105149984359741,-0.03028627298772335,0.7924518585205078,0.5546004772186279,-0.04791608080267906,0.8031008243560791,0.5169161558151245,-0.05646578595042229,0.8101591467857361,0.481378436088562,-0.061982620507478714,Hello
0.7485865354537964,0.8168689608573914,4.662394132992631e-07,0.6808504462242126,0.8009735345840454,-0.033733196556568146,0.62344890832901,0.7454734444618225,-0.04645364359021187,0.5873164534568787,0.6858474016189575,-0.05561275780200958,0.5565240383148193,0.6360225081443787,-0.06355942040681839,0.6576260328292847,0.614327073097229,-0.02201700210571289,0.6261203289031982,0.5320252180099487,-0.04087148606777191,0.6092880964279175,0.4782106280326843,-0.056968506425619125,0.5987563133239746,0.42952200770378113,-0.06911052763462067,0.699391782283783,0.5896793603897095,-0.019849387928843498,0.6888153553009033,0.4915962219238281,-0.03147459775209427,0.6835219860076904,0.4295465350151062,-0.04201066121459007,0.6793956160545349,0.38109320402145386,-0.0505102276802063,0.7395451664924622,0.5908095836639404,-0.023213380947709084,0.7396179437637329,0.5034577250480652,-0.03874906152486801,0.7364320755004883,0.4492309093475342,-0.04895397275686264,0.7318966388702393,0.40223151445388794,-0.056663814932107925,0.7778849601745605,0.6111331582069397,-0.030184898525476456,0.7967453002929688,0.555103063583374,-0.04691499471664429,0.8068323135375977,0.5182996988296509,-0.05428406968712807,0.8137675523757935,0.4831887185573578,-0.05903521925210953,Hello
0.7500445246696472,0.8100430965423584,4.7176365569612244e-07,0.6818750500679016,0.7945107221603394,-0.03415399044752121,0.6260373592376709,0.7402570843696594,-0.04723450168967247,0.5911315679550171,0.6813825964927673,-0.05671326071023941,0.5617066025733948,0.6307222843170166,-0.06480468809604645,0.6611928343772888,0.6092607378959656,-0.02175881341099739,0.6306188702583313,0.5261946320533752,-0.0408293642103672,0.6144411563873291,0.47171592712402344,-0.05700689181685448,0.6048585176467896,0.4227893650531769,-0.06913084536790848,0.7024087309837341,0.5850014090538025,-0.018996110185980797,0.69029700756073,0.4876287877559662,-0.030839640647172928,0.6848950386047363,0.42512601613998413,-0.04134432598948479,0.6812950968742371,0.3774632215499878,-0.04997566342353821,0.7420163750648499,0.5856462717056274,-0.021947341039776802,0.7414373755455017,0.4992465674877167,-0.03737938031554222,0.7380430102348328,0.4447193741798401,-0.04797159507870674,0.7333396077156067,0.3991357088088989,-0.056150056421756744,0.7802936434745789,0.6050308346748352,-0.028608394786715508,0.7993900775909424,0.5491479635238647,-0.04515823721885681,0.8079753518104553,0.5134874582290649,-0.05321367457509041,0.8128030300140381,0.481070876121521,-0.05872155725955963,Hello
0.7651107311248779,0.802983820438385,4.708871585989982e-07,0.6987919211387634,0.7848114371299744,-0.03568364679813385,0.6455769538879395,0.7321681976318359,-0.05065125599503517,0.6145241260528564,0.6734462976455688,-0.06156960502266884,0.5888687372207642,0.6182947754859924,-0.07044965773820877,0.6787371635437012,0.5982691645622253,-0.023379474878311157,0.6501908898353577,0.510549008846283,-0.043034814298152924,0.6355075836181641,0.45506852865219116,-0.05997622385621071,0.6272917985916138,0.40594565868377686,-0.07212554663419724,0.7191262245178223,0.5760625004768372,-0.019380319863557816,0.704893946647644,0.47984302043914795,-0.03003065474331379,0.6990047693252563,0.4186140298843384,-0.03992598503828049,0.6954262256622314,0.37123242020606995,-0.04829780384898186,0.7581241726875305,0.5776532292366028,-0.0211635772138834,0.7558679580688477,0.4914856553077698,-0.033522412180900574,0.7528248429298401,0.43807363510131836,-0.04171878844499588,0.7483595609664917,0.3944016098976135,-0.04878389462828636,0.7962646484375,0.5972815155982971,-0.02709129825234413,0.8127474188804626,0.541715681552887,-0.040436118841171265,0.8188810348510742,0.5071114897727966,-0.04611361399292946,0.821350634098053,0.4774273633956909,-0.049983929842710495,Hello
0.7671124935150146,0.8042975068092346,4.536714470759762e-07,0.7010037899017334,0.7839457988739014,-0.03560813143849373,0.647830069065094,0.7312278151512146,-0.05112513527274132,0.618527889251709,0.6728816032409668,-0.06253134459257126,0.5956467390060425,0.6155368685722351,-0.07204536348581314,0.681675374507904,0.595360279083252,-0.02471223846077919,0.6535983085632324,0.5085881352424622,-0.04511883854866028,0.6393422484397888,0.4529985189437866,-0.06261948496103287,0.6314833760261536,0.4040071964263916,-0.07514087855815887,0.722380518913269,0.5738891959190369,-0.021260028705000877,0.7089781165122986,0.47772347927093506,-0.033209364861249924,0.7031357884407043,0.41724562644958496,-0.04418177902698517,0.6995227336883545,0.370151549577713,-0.05320127308368683,0.7612801194190979,0.5765357613563538,-0.023423803970217705,0.7595535516738892,0.490388423204422,-0.037318356335163116,0.7569620609283447,0.43678149580955505,-0.04652537405490875,0.752839207649231,0.3930509090423584,-0.05410775914788246,0.7992801070213318,0.5977538824081421,-0.029538404196500778,0.8146333694458008,0.540998101234436,-0.04395117983222008,0.8208240866661072,0.5077173709869385,-0.049666039645671844,0.8229316473007202,0.4796764552593231,-0.053444754332304,Hello
0.7687379121780396,0.8040566444396973,4.647758657938539e-07,0.7025784254074097,0.7832964062690735,-0.03677281364798546,0.6499894261360168,0.7288426756858826,-0.052434392273426056,0.6210404634475708,0.6683559417724609,-0.06370754539966583,0.5993739366531372,0.6093438863754272,-0.07295476645231247,0.6842479109764099,0.5945135951042175,-0.024883799254894257,0.6567837595939636,0.5063919425010681,-0.04578963294625282,0.6425005197525024,0.4499508738517761,-0.063988097012043,0.6345266103744507,0.400101900100708,-0.07687294483184814,0.7247408628463745,0.5737583637237549,-0.020498977974057198,0.7122259140014648,0.47747597098350525,-0.03174609690904617,0.7067778706550598,0.4170238971710205,-0.04229775443673134,0.7032257914543152,0.36973097920417786,-0.05102277547121048,0.7636063098907471,0.5773256421089172,-0.021869121119379997,0.761654257774353,0.490403950214386,-0.03458414599299431,0.7593052387237549,0.43724092841148376,-0.042476456612348557,0.7555586099624634,0.3936153054237366,-0.04918917641043663,0.8014278411865234,0.5995234251022339,-0.027436984702944756,0.8156391978263855,0.5427187085151672,-0.04093506559729576,0.8214165568351746,0.5095776915550232,-0.04562725871801376,0.8238102793693542,0.4811757206916809,-0.04855433478951454,Hello
0.7737523317337036,0.8054414987564087,4.701628597558738e-07,0.7094512581825256,0.7821708917617798,-0.038390371948480606,0.658398449420929,0.7269896268844604,-0.055215779691934586,0.6301891803741455,0.665119469165802,-0.06734330952167511,0.6115578413009644,0.603014349937439,-0.07729741930961609,0.6943912506103516,0.5912725925445557,-0.026445800438523293,0.6709466576576233,0.502519428730011,-0.04848325997591019,0.6587836742401123,0.44571274518966675,-0.06787009537220001,0.6521737575531006,0.39542093873023987,-0.08149925619363785,0.7340595722198486,0.5714268088340759,-0.02119443565607071,0.7241793870925903,0.4731001853942871,-0.03290421515703201,0.7201542258262634,0.4125077724456787,-0.043506331741809845,0.7172816395759583,0.36521050333976746,-0.05221607908606529,0.7721138000488281,0.5762293338775635,-0.021899256855249405,0.7711278200149536,0.4908820390701294,-0.03444529324769974,0.7682973742485046,0.4356366693973541,-0.04241808503866196,0.7640525698661804,0.3896845281124115,-0.04924531280994415,0.8088585138320923,0.6002767086029053,-0.027002226561307907,0.823172390460968,0.5414698123931885,-0.03972887992858887,0.8299679756164551,0.5067154169082642,-0.0440148264169693,0.8338593244552612,0.47652679681777954,-0.04681608825922012,Hello
0.7736857533454895,0.8021671175956726,4.711881445018662e-07,0.7125466465950012,0.7780148983001709,-0.04173845052719116,0.6644649505615234,0.7244282364845276,-0.06116713955998421,0.640079915523529,0.6635023355484009,-0.07519856095314026,0.625863254070282,0.5998780131340027,-0.08674275875091553,0.6998705863952637,0.5894790291786194,-0.03161127492785454,0.6791381239891052,0.5011439919471741,-0.05561177805066109,0.6681270599365234,0.44411584734916687,-0.0761893168091774,0.6628143191337585,0.3937567472457886,-0.09029087424278259,0.7386164665222168,0.569852888584137,-0.02448241226375103,0.7304200530052185,0.4728575348854065,-0.036680616438388824,0.7267247438430786,0.4129820466041565,-0.046716757118701935,0.7236135005950928,0.36649245023727417,-0.054894059896469116,0.7760186791419983,0.5753149390220642,-0.02346712164580822,0.7758479714393616,0.491598904132843,-0.0354074090719223,0.7743815183639526,0.4375510811805725,-0.041622478514909744,0.7708616256713867,0.39293187856674194,-0.04710492119193077,0.8120639324188232,0.6003233194351196,-0.027266252785921097,0.825969934463501,0.5419082045555115,-0.03882947936654091,0.8318328261375427,0.5090231895446777,-0.04172878712415695,0.8345565795898438,0.48173630237579346,-0.04338527470827103,Hello
0.647336483001709,0.8109875917434692,4.718680202131509e-07,0.5827994346618652,0.787077784538269,-0.03226328268647194,0.5310457348823547,0.7326109409332275,-0.04779781028628349,0.5017025470733643,0.6774747967720032,-0.060038406401872635,0.4774348735809326,0.6267653703689575,-0.07144483178853989,0.5722470879554749,0.6003579497337341,-0.026228314265608788,0.5469662547111511,0.5142351984977722,-0.04636245220899582,0.5352081060409546,0.4587927460670471,-0.06327690184116364,0.5298337936401367,0.4097864627838135,-0.07579033076763153,0.6148918271064758,0.581791341304779,-0.025942115113139153,0.6102374792098999,0.47932881116867065,-0.04010718688368797,0.6091468334197998,0.4147128462791443,-0.053354546427726746,0.6087279915809631,0.36316192150115967,-0.0639902874827385,0.6537888050079346,0.5872449278831482,-0.030566131696105003,0.657300591468811,0.49873706698417664,-0.046722378581762314,0.6568674445152283,0.44126102328300476,-0.05922038480639458,0.6538850665092468,0.39263972640037537,-0.06907965242862701,0.6899573802947998,0.6112627387046814,-0.03846210613846779,0.7081760168075562,0.5508676171302795,-0.053440459072589874,0.7175876498222351,0.5131089687347412,-0.06033535301685333,0.7224748730659485,0.47927117347717285,-0.0656878650188446,Hello
0.6485019326210022,0.8127275705337524,4.6802088604636083e-07,0.5834426879882812,0.7894719839096069,-0.031783513724803925,0.5313433408737183,0.7351381182670593,-0.04720946028828621,0.5015522241592407,0.6803659200668335,-0.05951721966266632,0.47637373208999634,0.6307867765426636,-0.07122548669576645,0.5731844305992126,0.602689266204834,-0.026359697803854942,0.547347366809845,0.5172187685966492,-0.04705798998475075,0.5354270935058594,0.461455762386322,-0.06462187319993973,0.5299116373062134,0.41215038299560547,-0.07757298648357391,0.6158278584480286,0.5839505791664124,-0.026510410010814667,0.6108251214027405,0.48078805208206177,-0.04087192192673683,0.6093246340751648,0.415896475315094,-0.05452467501163483,0.6082335710525513,0.3638670742511749,-0.06552191078662872,0.6547014117240906,0.5895171761512756,-0.03147433325648308,0.658787727355957,0.4999079406261444,-0.04753226786851883,0.6584509015083313,0.44214117527008057,-0.05988055095076561,0.655243992805481,0.39345258474349976,-0.06970614939928055,0.6906688213348389,0.613990068435669,-0.03970107063651085,0.7083675861358643,0.5525041818618774,-0.054351333528757095,0.7174985408782959,0.5148558020591736,-0.06068543717265129,0.7219144105911255,0.4815492033958435,-0.06569961458444595,Hello
0.6527734994888306,0.8131682872772217,4.7618891585443635e-07,0.5888557434082031,0.7900248765945435,-0.03376683592796326,0.5374458432197571,0.7377878427505493,-0.050188932567834854,0.5093185901641846,0.6827348470687866,-0.06299664825201035,0.485962837934494,0.6315235495567322,-0.07494813948869705,0.578313410282135,0.6039820909500122,-0.028658101335167885,0.5521841049194336,0.517878532409668,-0.050251588225364685,0.5407711267471313,0.4620938301086426,-0.06829824298620224,0.5355924367904663,0.4125961363315582,-0.08132781088352203,0.6198940873146057,0.5856332182884216,-0.02783088944852352,0.6137785911560059,0.48329514265060425,-0.042910657823085785,0.6115182638168335,0.4183366894721985,-0.056808289140462875,0.610105037689209,0.36589914560317993,-0.06777630746364594,0.657882809638977,0.5912481546401978,-0.03195475414395332,0.6602663397789001,0.5031836628913879,-0.04818134009838104,0.6588463187217712,0.44571295380592346,-0.06028978154063225,0.6554445028305054,0.39691752195358276,-0.06977669149637222,0.6932496428489685,0.6153383255004883,-0.03957575559616089,0.7093508243560791,0.5547653436660767,-0.05410085991024971,0.717504620552063,0.51596999168396,-0.0603901743888855,0.7220650911331177,0.4806622266769409,-0.06524727493524551,Hello
0.6548945903778076,0.8143289089202881,4.6114141127873154e-07,0.5934657454490662,0.7883126735687256,-0.0338340625166893,0.5448535084724426,0.7355073690414429,-0.05136152729392052,0.5206955671310425,0.6806512475013733,-0.06529015302658081,0.5022035241127014,0.6275942921638489,-0.0781339555978775,0.5819270610809326,0.5985171794891357,-0.029098497703671455,0.559253454208374,0.512203574180603,-0.05237699672579765,0.5499612092971802,0.4557200074195862,-0.07202297449111938,0.5467988848686218,0.40548717975616455,-0.08601062744855881,0.6218926310539246,0.5803637504577637,-0.02843702770769596,0.6145481467247009,0.4791349172592163,-0.044748611748218536,0.6115222573280334,0.4144548177719116,-0.05919883772730827,0.6099429726600647,0.3619460463523865,-0.07055823504924774,0.6588743925094604,0.5861911773681641,-0.032845206558704376,0.6603289842605591,0.4977829158306122,-0.049528416246175766,0.6578835248947144,0.44098323583602905,-0.06144418194890022,0.6537888050079346,0.3928365111351013,-0.07085143774747849,0.6939623355865479,0.6111651659011841,-0.04090050235390663,0.7093691825866699,0.5490012168884277,-0.055872201919555664,0.7158069610595703,0.5089532732963562,-0.0625285878777504,0.7182682752609253,0.47256743907928467,-0.06758197396993637,Hello
0.6539679765701294,0.8093340396881104,4.5901407474957523e-07,0.5949438810348511,0.7839400768280029,-0.035563793033361435,0.5484455227851868,0.7336724996566772,-0.053671058267354965,0.5253552198410034,0.6812343597412109,-0.06790359318256378,0.5099694132804871,0.629531979560852,-0.08083716779947281,0.5850204825401306,0.595573902130127,-0.029823359102010727,0.5634211301803589,0.5097410678863525,-0.05299713835120201,0.5535154938697815,0.4534602463245392,-0.07269032299518585,0.5501967072486877,0.4038362205028534,-0.08670950680971146,0.6235679388046265,0.577883780002594,-0.0277795922011137,0.6164734363555908,0.47801780700683594,-0.04334026575088501,0.6138883829116821,0.41424888372421265,-0.057180751115083694,0.613308310508728,0.36232003569602966,-0.06814496964216232,0.6595836281776428,0.5839373469352722,-0.030984463170170784,0.6608671545982361,0.49654361605644226,-0.046518724411726,0.6592428684234619,0.440487802028656,-0.058095335960388184,0.6561214327812195,0.3927489221096039,-0.06750545650720596,0.693947434425354,0.6096169352531433,-0.038136888295412064,0.7091333270072937,0.5519574880599976,-0.0522041991353035,0.7145558595657349,0.5142768025398254,-0.05884717032313347,0.7164115309715271,0.47976362705230713,-0.06398209184408188,Hello
0.6558635830879211,0.8123500347137451,4.513081250934192e-07,0.5958531498908997,0.7847480773925781,-0.034366875886917114,0.5497761964797974,0.7332751154899597,-0.05258196219801903,0.528530478477478,0.6793653964996338,-0.06712710112333298,0.5131315588951111,0.6252307891845703,-0.0804692804813385,0.5879968404769897,0.5956326723098755,-0.029609765857458115,0.5676770210266113,0.509268045425415,-0.052856963127851486,0.5587468147277832,0.4525718092918396,-0.07271643728017807,0.5553225874900818,0.4025369882583618,-0.08695238828659058,0.6268853545188904,0.5789167881011963,-0.028780756518244743,0.6205003261566162,0.4784865975379944,-0.04523026570677757,0.6179788708686829,0.4148094654083252,-0.059948038309812546,0.6166596412658691,0.363049179315567,-0.07143362611532211,0.6627359390258789,0.5857840180397034,-0.032989513128995895,0.6642448306083679,0.4976159930229187,-0.04951145499944687,0.6626619100570679,0.4410553276538849,-0.06147186458110809,0.6593204140663147,0.3928413391113281,-0.07099886983633041,0.6966321468353271,0.6117734909057617,-0.040918756276369095,0.7115775942802429,0.5514593124389648,-0.05571318045258522,0.7175784707069397,0.5127149224281311,-0.06231451779603958,0.7198017835617065,0.47742465138435364,-0.06732011586427689,Hello
0.6572336554527283,0.8179783225059509,4.374275022200891e-07,0.5976788997650146,0.7889021635055542,-0.03350376710295677,0.5516294240951538,0.736178457736969,-0.05083397775888443,0.5292384624481201,0.6831639409065247,-0.06476417928934097,0.5147796869277954,0.6295134425163269,-0.07748342305421829,0.5892422795295715,0.5976782441139221,-0.027745986357331276,0.5688511729240417,0.5107463002204895,-0.0507664754986763,0.5596359968185425,0.45358192920684814,-0.07063965499401093,0.5565325021743774,0.4032403230667114,-0.08490019291639328,0.6278515458106995,0.5801082253456116,-0.026922428980469704,0.6215267777442932,0.47981324791908264,-0.04250403121113777,0.6192746162414551,0.41631367802619934,-0.056691739708185196,0.6183369159698486,0.3645593822002411,-0.06792247295379639,0.6636258959770203,0.5864912271499634,-0.03121490404009819,0.6656354665756226,0.4981865882873535,-0.04698486253619194,0.6643244624137878,0.442240834236145,-0.0589781254529953,0.6607568264007568,0.39478665590286255,-0.06867436319589615,0.6977071762084961,0.6131699085235596,-0.039273347705602646,0.7140021920204163,0.5545207858085632,-0.05407747998833656,0.7198318839073181,0.5167298913002014,-0.061227213591337204,0.7211865782737732,0.48270124197006226,-0.06657461076974869,Hello
0.6512380838394165,0.8130999207496643,4.609198356320121e-07,0.5912209749221802,0.7859028577804565,-0.03432108089327812,0.5445569753646851,0.7342138886451721,-0.052132975310087204,0.5212190747261047,0.6811816096305847,-0.06627100706100464,0.5052692294120789,0.6303437352180481,-0.0793466567993164,0.585739254951477,0.59693443775177,-0.02913881652057171,0.5655974745750427,0.5098688006401062,-0.05170221999287605,0.5560047030448914,0.45375895500183105,-0.07112971693277359,0.5522754192352295,0.40391993522644043,-0.08504386246204376,0.6255661249160767,0.5810391902923584,-0.02795194275677204,0.621733546257019,0.4799252450466156,-0.0428466871380806,0.6201037764549255,0.41577038168907166,-0.056650493294000626,0.619698166847229,0.3632544279098511,-0.06771466135978699,0.661851167678833,0.5884518623352051,-0.031805820763111115,0.6651886701583862,0.5011863112449646,-0.0463469997048378,0.6642369031906128,0.44453591108322144,-0.057517219334840775,0.6613566875457764,0.39588892459869385,-0.06685754656791687,0.6954020261764526,0.6149065494537354,-0.039504192769527435,0.7106860280036926,0.5570489764213562,-0.0521869882941246,0.7164368629455566,0.5189820528030396,-0.057715583592653275,0.7189599871635437,0.48371055722236633,-0.06225914508104324,Hello
0.6521496772766113,0.812652587890625,4.678835239246837e-07,0.5880690217018127,0.788337230682373,-0.032478831708431244,0.537334680557251,0.7332966327667236,-0.04784500226378441,0.5091801881790161,0.6780862212181091,-0.05980035662651062,0.4847719967365265,0.6276856660842896,-0.07088396698236465,0.5781791806221008,0.6002748608589172,-0.026013968512415886,0.5524389743804932,0.5145893692970276,-0.04645240306854248,0.540611743927002,0.4590560495853424,-0.06385042518377304,0.5350064039230347,0.409873902797699,-0.07655509561300278,0.6199034452438354,0.5822591781616211,-0.025400197133421898,0.6151290535926819,0.4808449149131775,-0.039213504642248154,0.6135186553001404,0.4167754352092743,-0.05232148990035057,0.6125800013542175,0.3656768798828125,-0.06281348317861557,0.6577868461608887,0.5884695053100586,-0.029733773320913315,0.6614847183227539,0.5013558268547058,-0.045006535947322845,0.6607142090797424,0.4450862407684326,-0.05669986829161644,0.6577842831611633,0.39752376079559326,-0.06602711230516434,0.6926711797714233,0.6134161949157715,-0.03749607503414154,0.7101872563362122,0.5544281601905823,-0.05151430889964104,0.7193598747253418,0.516425609588623,-0.05766967311501503,0.7248789072036743,0.4815583825111389,-0.062484629452228546,Hello
0.6549456119537354,0.811892569065094,4.4830863998868153e-07,0.5882798433303833,0.7894977331161499,-0.030964339151978493,0.5348393321037292,0.7305687665939331,-0.04309580475091934,0.5017496943473816,0.6715046167373657,-0.052223220467567444,0.4756034314632416,0.620936393737793,-0.06024957448244095,0.5797199606895447,0.6046667098999023,-0.018058646470308304,0.5522297620773315,0.5211477875709534,-0.03455755114555359,0.5385977625846863,0.467231810092926,-0.04924789071083069,0.5319653749465942,0.41999009251594543,-0.060374561697244644,0.6223403215408325,0.5867041945457458,-0.016611022874712944,0.6182741522789001,0.4887092411518097,-0.026312770321965218,0.6175605058670044,0.42817598581314087,-0.036662474274635315,0.6177447438240051,0.3816778063774109,-0.0451866090297699,0.6611554622650146,0.59174644947052,-0.020434025675058365,0.6645245552062988,0.5046951174736023,-0.03325327858328819,0.6645991802215576,0.4518904387950897,-0.04319579526782036,0.6629305481910706,0.40707361698150635,-0.051220640540122986,0.6967369914054871,0.614511251449585,-0.02769199199974537,0.7161064147949219,0.5611894130706787,-0.04084599390625954,0.7266486883163452,0.526954174041748,-0.04698555916547775,0.7343679070472717,0.495120644569397,-0.051517438143491745,Hello
0.6566077470779419,0.8135930299758911,4.358682872407371e-07,0.5899472832679749,0.7911601662635803,-0.0304291732609272,0.5359429121017456,0.7314704060554504,-0.0422016866505146,0.5032992959022522,0.6707828640937805,-0.05110872536897659,0.47717785835266113,0.6187494993209839,-0.05894719064235687,0.5817879438400269,0.6053835153579712,-0.018001461401581764,0.5545950531959534,0.5217956304550171,-0.03422220051288605,0.540597677230835,0.4676051139831543,-0.04872666299343109,0.5331767797470093,0.4201631546020508,-0.0599265992641449,0.6241870522499084,0.5881062746047974,-0.01691329851746559,0.6203344464302063,0.49030959606170654,-0.026643868535757065,0.6203785538673401,0.43002066016197205,-0.03697151690721512,0.6212610006332397,0.38356977701187134,-0.04559020325541496,0.6630404591560364,0.5935470461845398,-0.021004581823945045,0.6665441989898682,0.5059839487075806,-0.034204330295324326,0.6669055819511414,0.45419156551361084,-0.04425003007054329,0.6655611991882324,0.41004976630210876,-0.0523054264485836,0.6992452144622803,0.6159848570823669,-0.02843867801129818,0.7187621593475342,0.561037540435791,-0.04230741411447525,0.7301303744316101,0.5265820026397705,-0.048811785876750946,0.7387183904647827,0.49489378929138184,-0.05351095646619797,Hello
0.6546517014503479,0.8171237111091614,4.4628640694099886e-07,0.5885864496231079,0.7908768057823181,-0.029726149514317513,0.5368444323539734,0.7305386066436768,-0.041738323867321014,0.5043007135391235,0.6710875034332275,-0.0512688048183918,0.47805505990982056,0.6212913990020752,-0.05981987714767456,0.5850462317466736,0.6054505109786987,-0.016258541494607925,0.5587643384933472,0.5239013433456421,-0.03261822834610939,0.545457661151886,0.4706844687461853,-0.04752322658896446,0.5387507081031799,0.4238166809082031,-0.05897577106952667,0.6277682781219482,0.5889385342597961,-0.015961891040205956,0.6276466250419617,0.49206578731536865,-0.026203472167253494,0.6288278102874756,0.43216660618782043,-0.0368926078081131,0.629795491695404,0.3857746720314026,-0.04548933729529381,0.6662842035293579,0.5955944061279297,-0.020954936742782593,0.6720618605613708,0.5096880197525024,-0.034895941615104675,0.6731889247894287,0.4575897455215454,-0.04529176279902458,0.6719497442245483,0.4127347767353058,-0.05324124917387962,0.7012225985527039,0.6198835968971252,-0.029226824641227722,0.7233655452728271,0.5658940672874451,-0.043215978890657425,0.7361518740653992,0.531196117401123,-0.04955463483929634,0.7457765340805054,0.498832106590271,-0.05399516224861145,Hello
0.655444324016571,0.8135613203048706,4.455616249288141e-07,0.589280903339386,0.7888118028640747,-0.029889745637774467,0.5365777015686035,0.7278504371643066,-0.04155939444899559,0.5044636130332947,0.668104887008667,-0.05051831528544426,0.47823676466941833,0.6187450885772705,-0.05837839096784592,0.5846503973007202,0.6027109026908875,-0.016614427790045738,0.5591297149658203,0.5214363932609558,-0.03242561221122742,0.5463569164276123,0.46860235929489136,-0.04687138646841049,0.5398796796798706,0.42189186811447144,-0.05809926614165306,0.6275147199630737,0.5859899520874023,-0.015863755717873573,0.62824547290802,0.49055230617523193,-0.02557586506009102,0.630393385887146,0.4320130944252014,-0.035648662596940994,0.6320857405662537,0.3865470290184021,-0.043831903487443924,0.6658172011375427,0.5924883484840393,-0.020374415442347527,0.6721479296684265,0.507401704788208,-0.03419378772377968,0.673884928226471,0.4563984274864197,-0.044316016137599945,0.6730791330337524,0.4121168851852417,-0.05206521973013878,0.700581431388855,0.6166350841522217,-0.028169117867946625,0.7238474488258362,0.564077615737915,-0.04274994507431984,0.7369243502616882,0.5301210284233093,-0.04956526681780815,0.7465111017227173,0.49793902039527893,-0.05422012880444527,Hello
0.6542754173278809,0.8120355606079102,4.546060665688856e-07,0.5883541107177734,0.7874062657356262,-0.03055476024746895,0.5365459322929382,0.7280756831169128,-0.042942360043525696,0.5045371651649475,0.668662965297699,-0.052638910710811615,0.47847801446914673,0.6183657646179199,-0.06111249327659607,0.584992527961731,0.6019145846366882,-0.016865022480487823,0.5594680309295654,0.5209017395973206,-0.033025629818439484,0.5464631915092468,0.46833324432373047,-0.04771076887845993,0.5398880243301392,0.42183685302734375,-0.058986492455005646,0.6275718212127686,0.5855934023857117,-0.015885401517152786,0.628076434135437,0.4908428192138672,-0.026001665741205215,0.6302962303161621,0.4324565529823303,-0.036190349608659744,0.6325958967208862,0.3871924877166748,-0.04435259476304054,0.6657284498214722,0.5917918086051941,-0.0202634334564209,0.6720869541168213,0.506964921951294,-0.034392427653074265,0.6738927960395813,0.45733344554901123,-0.04409315809607506,0.6735804677009583,0.4145523011684418,-0.05131841450929642,0.7002318501472473,0.6154804825782776,-0.028020888566970825,0.7234669923782349,0.5626606345176697,-0.04256446287035942,0.7368720769882202,0.528896689414978,-0.04900984466075897,0.7471370697021484,0.4974290132522583,-0.053219255059957504,Hello
0.6534504294395447,0.8118048906326294,4.527379076080251e-07,0.5879493355751038,0.7872629165649414,-0.03127073496580124,0.5363057851791382,0.7287505269050598,-0.04508279263973236,0.5034580826759338,0.6710966229438782,-0.05608082935214043,0.477482408285141,0.6203882694244385,-0.06602352112531662,0.584088921546936,0.6038207411766052,-0.020876305177807808,0.5575921535491943,0.5226856470108032,-0.039155855774879456,0.5442422032356262,0.46962717175483704,-0.05499091371893883,0.5377036333084106,0.42265623807907104,-0.06698525696992874,0.6262971758842468,0.5869658589363098,-0.02035638876259327,0.6259369850158691,0.49051716923713684,-0.03269195929169655,0.6273213028907776,0.43099528551101685,-0.04438063129782677,0.6287564635276794,0.3839821219444275,-0.05359679460525513,0.6644285321235657,0.5929344892501831,-0.02500326931476593,0.6703597903251648,0.506281316280365,-0.04097065329551697,0.6716324687004089,0.45465415716171265,-0.05207622051239014,0.6706057786941528,0.40990784764289856,-0.06025790050625801,0.6989967226982117,0.6169238090515137,-0.03292659670114517,0.7218410968780518,0.5618736743927002,-0.04893536865711212,0.7355413436889648,0.5265036225318909,-0.056243184953927994,0.7455654144287109,0.4938579797744751,-0.06109311059117317,Hello
0.6550342440605164,0.809516429901123,4.5116277647139214e-07,0.5882877707481384,0.7856001853942871,-0.029808903113007545,0.5362279415130615,0.7269951105117798,-0.04217757657170296,0.5035421252250671,0.6686981320381165,-0.05202018469572067,0.4771801829338074,0.619324266910553,-0.06095656380057335,0.5839241147041321,0.6018110513687134,-0.017519637942314148,0.5582956075668335,0.5205181241035461,-0.03421876206994057,0.5453523397445679,0.46741631627082825,-0.04938117787241936,0.5389379858970642,0.4202767610549927,-0.061094652861356735,0.6265025734901428,0.5852030515670776,-0.017381291836500168,0.6263760328292847,0.48817577958106995,-0.02793925441801548,0.6281232833862305,0.4282451272010803,-0.039066482335329056,0.6302154660224915,0.3807174563407898,-0.048212893307209015,0.6647241711616516,0.591822624206543,-0.02240651845932007,0.6707953214645386,0.5060344338417053,-0.03683587163686752,0.6724764704704285,0.45483657717704773,-0.04774894565343857,0.6721711754798889,0.4100714325904846,-0.05620761215686798,0.6992887854576111,0.6164340376853943,-0.030674846842885017,0.7214280962944031,0.5629181861877441,-0.045549217611551285,0.7349283695220947,0.528394877910614,-0.052505843341350555,0.7455307841300964,0.4957329332828522,-0.05744098499417305,Hello
0.6536470055580139,0.8113303780555725,4.528523049884825e-07,0.5878346562385559,0.7863547205924988,-0.03060954064130783,0.5361217856407166,0.7273605465888977,-0.04407350346446037,0.503646731376648,0.6695221066474915,-0.05484284460544586,0.47692376375198364,0.6195284128189087,-0.06473495811223984,0.5842735767364502,0.6020622253417969,-0.020242096856236458,0.5579805970191956,0.5212131142616272,-0.03825537487864494,0.5446406006813049,0.46801918745040894,-0.05410688742995262,0.5380662679672241,0.42077040672302246,-0.06629154831171036,0.6263139247894287,0.5856214165687561,-0.02028137445449829,0.6260472536087036,0.48877134919166565,-0.032702233642339706,0.627694845199585,0.42845895886421204,-0.04482593759894371,0.6295547485351562,0.3804246783256531,-0.054488107562065125,0.664085865020752,0.592106282711029,-0.025427695363759995,0.6703429818153381,0.5054302215576172,-0.04181709140539169,0.6722558736801147,0.453349769115448,-0.05364243686199188,0.6719436645507812,0.4078720808029175,-0.06241951510310173,0.698410153388977,0.6166503429412842,-0.0337330624461174,0.7211121916770935,0.5613985657691956,-0.050266191363334656,0.7353312373161316,0.525933027267456,-0.058022718876600266,0.7459249496459961,0.49299395084381104,-0.06333275139331818,Hello
0.6553879976272583,0.8097208142280579,4.5368534529188764e-07,0.5892787575721741,0.7858363389968872,-0.030395710840821266,0.5370782017707825,0.7264581918716431,-0.04313240945339203,0.5040652751922607,0.6682092547416687,-0.053118761628866196,0.4772002100944519,0.6188161969184875,-0.062270671129226685,0.5849543809890747,0.6014073491096497,-0.01985982432961464,0.5586531758308411,0.5199416875839233,-0.036719370633363724,0.545247495174408,0.46694183349609375,-0.0517728291451931,0.5382684469223022,0.41962629556655884,-0.06350994110107422,0.6270240545272827,0.5850017070770264,-0.019463716074824333,0.6269707679748535,0.48758721351623535,-0.03044092282652855,0.6284264922142029,0.4277069568634033,-0.04160705953836441,0.6301173567771912,0.3801878094673157,-0.050758037716150284,0.6648436784744263,0.5918208360671997,-0.02408822812139988,0.6714125871658325,0.5037677884101868,-0.0390847884118557,0.6728619337081909,0.4522026777267456,-0.050167717039585114,0.6722618937492371,0.4072275161743164,-0.058667607605457306,0.6990781426429749,0.6163685321807861,-0.03188737854361534,0.7215390801429749,0.5613784790039062,-0.04765172302722931,0.7353795766830444,0.5264246463775635,-0.055051278322935104,0.7461260557174683,0.493615984916687,-0.06015915051102638,Hello
0.652694046497345,0.8095729947090149,4.936525783705292e-07,0.5878995060920715,0.7864367961883545,-0.02944568172097206,0.5345246195793152,0.7268260717391968,-0.04374624416232109,0.5031559467315674,0.6692745089530945,-0.05558236688375473,0.47548142075538635,0.6231037974357605,-0.06721926480531693,0.582364022731781,0.5976035594940186,-0.026186877861618996,0.5573096871376038,0.5138760209083557,-0.04601961374282837,0.5444476008415222,0.4593711495399475,-0.06244393065571785,0.5377151966094971,0.41028469800949097,-0.07506289333105087,0.6259909868240356,0.5806860327720642,-0.028160976245999336,0.6294621229171753,0.47666800022125244,-0.04322776198387146,0.6326230764389038,0.4103766083717346,-0.0571988970041275,0.6346860527992249,0.3565656542778015,-0.06814371794462204,0.6645572185516357,0.5886146426200867,-0.03457651287317276,0.6762791872024536,0.5001365542411804,-0.05341507866978645,0.680321455001831,0.44464465975761414,-0.06764419376850128,0.6806455850601196,0.3961321711540222,-0.07802419364452362,0.6992185711860657,0.6157175898551941,-0.043732836842536926,0.7263633608818054,0.5590057969093323,-0.0619923397898674,0.7424203753471375,0.521777868270874,-0.0709247961640358,0.7536461353302002,0.48714154958724976,-0.0771910697221756,Hello
0.652877688407898,0.8094589710235596,4.932812771585304e-07,0.5869320631027222,0.7866233587265015,-0.030174875631928444,0.5343565940856934,0.7283076047897339,-0.04511702433228493,0.5028862953186035,0.6705049276351929,-0.05750999227166176,0.47483718395233154,0.6246209144592285,-0.06979140639305115,0.5825484991073608,0.6000865697860718,-0.027480652555823326,0.5569614768028259,0.5160019993782043,-0.04812316969037056,0.5435413718223572,0.46099549531936646,-0.0652167946100235,0.5363436341285706,0.4113856256008148,-0.07834281027317047,0.6260637640953064,0.5824078321456909,-0.029176663607358932,0.6289098858833313,0.4780404269695282,-0.044767510145902634,0.6317548751831055,0.41176638007164,-0.05916161090135574,0.6338513493537903,0.35756751894950867,-0.07056545466184616,0.6645944714546204,0.5895182490348816,-0.0353115051984787,0.6763913631439209,0.499549001455307,-0.0540420301258564,0.6810845732688904,0.44377678632736206,-0.06827018409967422,0.6822906136512756,0.39523768424987793,-0.07887621223926544,0.6992738842964172,0.615934431552887,-0.044293325394392014,0.7260274291038513,0.5588032007217407,-0.06223023682832718,0.7417205572128296,0.5212845802307129,-0.07107016444206238,0.7528454065322876,0.48640137910842896,-0.07743211835622787,Hello
0.6543400883674622,0.8132690787315369,4.837153824155394e-07,0.5902838110923767,0.7877712845802307,-0.030069954693317413,0.5379948019981384,0.7288322448730469,-0.045476283878088,0.5056793689727783,0.672181248664856,-0.0583500973880291,0.4768516421318054,0.6252915859222412,-0.07114620506763458,0.5858694911003113,0.5996266603469849,-0.02807941474020481,0.559748649597168,0.5151552557945251,-0.0489824116230011,0.545913577079773,0.4608731269836426,-0.06612568348646164,0.5385880470275879,0.4112758934497833,-0.07924611866474152,0.6297632455825806,0.5817661881446838,-0.0300152525305748,0.6322267055511475,0.4778832793235779,-0.04608739912509918,0.6356561183929443,0.4118216335773468,-0.060739122331142426,0.6386252045631409,0.3572397530078888,-0.0722215473651886,0.6685135364532471,0.5896446704864502,-0.03628529980778694,0.6817297339439392,0.5016269683837891,-0.055399537086486816,0.6882972717285156,0.4459373354911804,-0.06957564502954483,0.6909642815589905,0.397161066532135,-0.08008328825235367,0.7028543949127197,0.6168029308319092,-0.04536977782845497,0.7297238111495972,0.5617192983627319,-0.06333546340465546,0.7454171776771545,0.5251666903495789,-0.07184193283319473,0.7562330365180969,0.49086761474609375,-0.0779365673661232,Hello
0.6581096649169922,0.815325140953064,4.734327205824229e-07,0.5923401713371277,0.7899736166000366,-0.029772687703371048,0.5394501090049744,0.7301270961761475,-0.04468676820397377,0.5078632831573486,0.673253059387207,-0.057113952934741974,0.4797409772872925,0.6264958381652832,-0.06943103671073914,0.5882731676101685,0.6010252237319946,-0.027654336765408516,0.5616117119789124,0.515762209892273,-0.04867656156420708,0.5476095080375671,0.46130019426345825,-0.06596728414297104,0.5402722358703613,0.4116814136505127,-0.07912170886993408,0.6325582265853882,0.5826822519302368,-0.029583903029561043,0.6354087591171265,0.4790923297405243,-0.04529690742492676,0.6390902996063232,0.41394490003585815,-0.05972490832209587,0.6424044966697693,0.35999375581741333,-0.07108623534440994,0.6715437769889832,0.5894647836685181,-0.03586850315332413,0.6846080422401428,0.5003753900527954,-0.05415390804409981,0.6912838816642761,0.44544440507888794,-0.06773108243942261,0.6942073702812195,0.3972923755645752,-0.07797597348690033,0.7062104344367981,0.6158993244171143,-0.04507671296596527,0.7331980466842651,0.5608878135681152,-0.06243354454636574,0.7479212284088135,0.5243997573852539,-0.07063983380794525,0.7576039433479309,0.4901695251464844,-0.07652904838323593,Hello
0.658951461315155,0.8150650262832642,4.7189956831061863e-07,0.5938423275947571,0.7914299964904785,-0.029756605625152588,0.5400978326797485,0.7318877577781677,-0.04416975751519203,0.5080676674842834,0.6744085550308228,-0.056000515818595886,0.4797039031982422,0.628963828086853,-0.06786995381116867,0.5887529253959656,0.603058397769928,-0.028229447081685066,0.5621229410171509,0.5177499055862427,-0.04891723766922951,0.54808509349823,0.4634770154953003,-0.06597427278757095,0.5408865809440613,0.41351693868637085,-0.07908876985311508,0.6328607201576233,0.5836061835289001,-0.029902921989560127,0.6353581547737122,0.47957152128219604,-0.04502514749765396,0.6392393708229065,0.41381368041038513,-0.059049177914857864,0.6433421969413757,0.3593650758266449,-0.07035916298627853,0.6719171404838562,0.5900124907493591,-0.0358755849301815,0.686076283454895,0.5007604956626892,-0.05388861894607544,0.694040834903717,0.4464295506477356,-0.06751925498247147,0.6984042525291443,0.39908015727996826,-0.07791081815958023,0.7064705491065979,0.6162598133087158,-0.04476053640246391,0.7337207198143005,0.56154465675354,-0.062335651367902756,0.7487993836402893,0.5256388187408447,-0.07087311148643494,0.7589663863182068,0.49196094274520874,-0.07704739272594452,Hello
0.6596230268478394,0.8168829679489136,4.77036451229651e-07,0.5942245721817017,0.7927496433258057,-0.03066614829003811,0.5407070517539978,0.7336429953575134,-0.045948829501867294,0.5080475211143494,0.6755978465080261,-0.05857158452272415,0.4788721203804016,0.6293842196464539,-0.07118301093578339,0.5891849398612976,0.604785680770874,-0.028978891670703888,0.5617623329162598,0.5199893712997437,-0.050399139523506165,0.5467259287834167,0.46577948331832886,-0.06798386573791504,0.5385088920593262,0.4155327379703522,-0.08144760131835938,0.6333047151565552,0.5849686861038208,-0.03055396117269993,0.6358223557472229,0.48080506920814514,-0.04640873894095421,0.639447033405304,0.4152233600616455,-0.060753900557756424,0.6429678201675415,0.36037275195121765,-0.07218258827924728,0.6721709370613098,0.5912511944770813,-0.03653340041637421,0.6858099102973938,0.502204954624176,-0.05526980012655258,0.6927302479743958,0.4471014738082886,-0.06916273385286331,0.6959060430526733,0.39868074655532837,-0.07964184880256653,0.7067375779151917,0.6173333525657654,-0.04547196626663208,0.7337555289268494,0.5624315738677979,-0.06334558129310608,0.7489323616027832,0.5264648795127869,-0.0717964842915535,0.7590862512588501,0.49254047870635986,-0.07788687199354172,Hello
0.6596916317939758,0.8204615712165833,4.872163685831765e-07,0.5943551659584045,0.7959024310112,-0.029824092984199524,0.540212869644165,0.7365062236785889,-0.04516893997788429,0.5071352124214172,0.6792070865631104,-0.05794563144445419,0.47733208537101746,0.6339488625526428,-0.07083026319742203,0.5883414149284363,0.6080228686332703,-0.030107585713267326,0.5613203644752502,0.5235234498977661,-0.051842980086803436,0.546253502368927,0.469294935464859,-0.06941866129636765,0.5377271771430969,0.41931647062301636,-0.08287528902292252,0.632655680179596,0.5897530913352966,-0.03241906315088272,0.6358643174171448,0.4849197268486023,-0.04895886033773422,0.6399235725402832,0.4185558557510376,-0.06363888084888458,0.643711507320404,0.3632381558418274,-0.07524899393320084,0.6719732880592346,0.5976909399032593,-0.03892296925187111,0.6861397624015808,0.5073965787887573,-0.05865544453263283,0.6935813426971436,0.45155230164527893,-0.0729065015912056,0.6973931193351746,0.4025178551673889,-0.08342588692903519,0.7069612145423889,0.6253272891044617,-0.048154983669519424,0.7344909906387329,0.567825198173523,-0.06694591790437698,0.7504446506500244,0.5298880934715271,-0.07568538188934326,0.7615190148353577,0.4942270517349243,-0.08184865862131119,Hello
0.6597490906715393,0.820942223072052,4.88741875415144e-07,0.5943032503128052,0.7963962554931641,-0.03021012246608734,0.540688157081604,0.7378197908401489,-0.04626565799117088,0.5083377957344055,0.6803089380264282,-0.05967375636100769,0.4785904288291931,0.6342219710350037,-0.0733708068728447,0.5896709561347961,0.6097965836524963,-0.032039575278759,0.5628613233566284,0.5256472229957581,-0.054085493087768555,0.5480030179023743,0.4718564748764038,-0.0718582272529602,0.5395552515983582,0.42158883810043335,-0.08549448847770691,0.6342303156852722,0.5920543074607849,-0.034510187804698944,0.638160765171051,0.48642316460609436,-0.051578354090452194,0.6417601108551025,0.4193726181983948,-0.06686006486415863,0.6447914838790894,0.36261576414108276,-0.07902270555496216,0.6733002066612244,0.6009523272514343,-0.04100005328655243,0.6888527870178223,0.5099319815635681,-0.06129797548055649,0.6963626146316528,0.4527931809425354,-0.07617748528718948,0.6999294757843018,0.40272048115730286,-0.0871872827410698,0.7077143788337708,0.6294543743133545,-0.0501386821269989,0.7356325387954712,0.5706213116645813,-0.06947174668312073,0.7518872022628784,0.531848669052124,-0.07839437574148178,0.7630054354667664,0.49558186531066895,-0.08472379297018051,Hello
0.6600750088691711,0.823034405708313,4.917126261716476e-07,0.5950259566307068,0.7974884510040283,-0.030019529163837433,0.5418741703033447,0.7381708025932312,-0.045926716178655624,0.508705198764801,0.6812803149223328,-0.05931387096643448,0.4785076975822449,0.6359680891036987,-0.07287120074033737,0.5894888043403625,0.6101492047309875,-0.030756978318095207,0.5626615881919861,0.5251872539520264,-0.05308214947581291,0.5478275418281555,0.47083038091659546,-0.07102078944444656,0.5395442843437195,0.42044588923454285,-0.08464930206537247,0.6341551542282104,0.5916033983230591,-0.033245183527469635,0.6376065611839294,0.4865635633468628,-0.05080244317650795,0.6411498785018921,0.4190537929534912,-0.06629161536693573,0.6441464424133301,0.36214372515678406,-0.07836786657571793,0.6734935641288757,0.5997783541679382,-0.03986050561070442,0.6886155605316162,0.510813295841217,-0.06046869978308678,0.6962636113166809,0.45455440878868103,-0.07532400637865067,0.6997701525688171,0.40517377853393555,-0.08608773350715637,0.7080196142196655,0.6279229521751404,-0.04914647340774536,0.7360372543334961,0.5708193182945251,-0.06828810274600983,0.7521891593933105,0.5331031680107117,-0.07708100974559784,0.7632027864456177,0.4976496994495392,-0.08322017639875412,Hello
0.6631971001625061,0.8288381099700928,4.852435608881933e-07,0.5967167019844055,0.8033647537231445,-0.028815235942602158,0.5424405336380005,0.7408387064933777,-0.043711572885513306,0.5105071663856506,0.6821663975715637,-0.056232474744319916,0.4806576669216156,0.6373417377471924,-0.06923233717679977,0.5922250747680664,0.6157750487327576,-0.030981289222836494,0.5656266808509827,0.530900776386261,-0.053017403930425644,0.5511527061462402,0.4759563207626343,-0.07051267474889755,0.5426256060600281,0.42526766657829285,-0.0840289369225502,0.6371089220046997,0.5981572866439819,-0.03434201329946518,0.6415882110595703,0.491746187210083,-0.052207253873348236,0.6452886462211609,0.42312106490135193,-0.06807025521993637,0.6476925015449524,0.36454200744628906,-0.08047608286142349,0.6761718392372131,0.6068449020385742,-0.041620247066020966,0.6905628442764282,0.5163482427597046,-0.0631478801369667,0.6972974538803101,0.4579157531261444,-0.0793861523270607,0.6998979449272156,0.4060324430465698,-0.09112627059221268,0.7108494639396667,0.6348501443862915,-0.05131228268146515,0.7387771606445312,0.5761414766311646,-0.0720328539609909,0.7556533813476562,0.5373493432998657,-0.08220513164997101,0.7672809362411499,0.50057053565979,-0.08933481574058533,Hello
0.6631647348403931,0.8278999328613281,4.989303761249175e-07,0.5971359014511108,0.8018894195556641,-0.0296444334089756,0.5435539484024048,0.7420466542243958,-0.045742593705654144,0.5107662081718445,0.6850147843360901,-0.05945783108472824,0.48110830783843994,0.6388599276542664,-0.07354127615690231,0.5928621292114258,0.6160202622413635,-0.03203001245856285,0.5658128261566162,0.5315784811973572,-0.055135756731033325,0.5509675741195679,0.47677451372146606,-0.07339145243167877,0.5421031713485718,0.42567044496536255,-0.08733014017343521,0.637443482875824,0.5984183549880981,-0.03526931628584862,0.6420329213142395,0.49271249771118164,-0.054140087217092514,0.645680844783783,0.4241909980773926,-0.07055804133415222,0.6478503346443176,0.36516138911247253,-0.08319897949695587,0.676419198513031,0.6070921421051025,-0.042514897882938385,0.6903579235076904,0.5178576111793518,-0.06468628346920013,0.6968239545822144,0.45950812101364136,-0.08083628863096237,0.699224054813385,0.4074290990829468,-0.09232378005981445,0.7110850811004639,0.6350069642066956,-0.052268728613853455,0.7392439842224121,0.5766512155532837,-0.0730535089969635,0.7562073469161987,0.5377916097640991,-0.0829312652349472,0.7677807807922363,0.5011265873908997,-0.08974985033273697,Hello
0.6658514738082886,0.8264490962028503,4.974662033419008e-07,0.5999808311462402,0.8024901151657104,-0.030794387683272362,0.5453858375549316,0.7423381209373474,-0.04673430323600769,0.51200270652771,0.6852425336837769,-0.059828631579875946,0.48263368010520935,0.6387516856193542,-0.07316138595342636,0.5935602188110352,0.6154782176017761,-0.032923679798841476,0.5665252208709717,0.5310425162315369,-0.05574450641870499,0.551967442035675,0.4765794575214386,-0.07371658086776733,0.5434418320655823,0.4257984161376953,-0.08740486949682236,0.6383386254310608,0.5974825024604797,-0.035201191902160645,0.6428035497665405,0.49225282669067383,-0.053529758006334305,0.6469699740409851,0.424718976020813,-0.06939703971147537,0.6499956250190735,0.36660850048065186,-0.0816175565123558,0.677306056022644,0.6056545376777649,-0.04156506806612015,0.6913985013961792,0.5179381370544434,-0.06346497684717178,0.6982959508895874,0.46098756790161133,-0.07937362790107727,0.7013535499572754,0.4096224904060364,-0.09064146131277084,0.7117997407913208,0.6328834295272827,-0.05052711442112923,0.7386989593505859,0.5754703283309937,-0.07146277278661728,0.755374550819397,0.538438618183136,-0.0813102126121521,0.7669939994812012,0.5029667615890503,-0.08797898888587952,Hello
0.6636164784431458,0.8295650482177734,4.934066737405374e-07,0.5981279015541077,0.8042809367179871,-0.029929563403129578,0.54438716173172,0.7428601980209351,-0.04563102498650551,0.511703372001648,0.6844807863235474,-0.05882352590560913,0.4816431403160095,0.6385952234268188,-0.07233739644289017,0.5935158133506775,0.6167274117469788,-0.03145144507288933,0.5661706328392029,0.5322396755218506,-0.05410616844892502,0.5513393878936768,0.4774545431137085,-0.07200919091701508,0.5429173707962036,0.42670369148254395,-0.08574330806732178,0.6380932331085205,0.5992322564125061,-0.0343974269926548,0.6423816084861755,0.49351054430007935,-0.05281883478164673,0.6462597250938416,0.42522457242012024,-0.06900729238986969,0.6490508317947388,0.36707013845443726,-0.08155893534421921,0.6769106984138489,0.607682466506958,-0.041442569345235825,0.6908588409423828,0.5176694393157959,-0.0634758323431015,0.6976194381713867,0.4596875011920929,-0.07981125265359879,0.7003167867660522,0.4080875515937805,-0.09150518476963043,0.7113089561462402,0.6354125142097473,-0.05101399123668671,0.7394660711288452,0.5771584510803223,-0.07206639647483826,0.7563797235488892,0.5383535027503967,-0.08247321844100952,0.7679005861282349,0.5014476180076599,-0.08972247689962387,Hello
0.6656622886657715,0.8344364166259766,5.000200076210604e-07,0.5990802645683289,0.8079718947410583,-0.030914736911654472,0.5451564192771912,0.7474290728569031,-0.04743322357535362,0.5124407410621643,0.6890741586685181,-0.06124086305499077,0.4823535680770874,0.6419791579246521,-0.07532722502946854,0.5953231453895569,0.6205708980560303,-0.03299013525247574,0.5680102109909058,0.5359823703765869,-0.056223656982183456,0.5529506206512451,0.48084062337875366,-0.0746108815073967,0.544036865234375,0.42934679985046387,-0.08872856199741364,0.6402646899223328,0.6035538911819458,-0.03571218624711037,0.6448443531990051,0.49823665618896484,-0.05468085780739784,0.6484245657920837,0.4303417205810547,-0.0712997317314148,0.6506198644638062,0.37158817052841187,-0.08422377705574036,0.6791880130767822,0.6128047704696655,-0.042510904371738434,0.6934635043144226,0.5229958295822144,-0.06501536071300507,0.6996450424194336,0.46540433168411255,-0.0811302587389946,0.7017278671264648,0.4138256311416626,-0.09265688806772232,0.7135787606239319,0.6414837837219238,-0.0518951490521431,0.7416144013404846,0.582794189453125,-0.07324597984552383,0.7584516406059265,0.5443787574768066,-0.08324520289897919,0.7698662281036377,0.50779128074646,-0.09011434763669968,Hello
0.6645239591598511,0.8373695015907288,4.925689154333668e-07,0.5986594557762146,0.8108744025230408,-0.029522599652409554,0.5434741377830505,0.7491155862808228,-0.04525318741798401,0.5107036828994751,0.6904700994491577,-0.058592360466718674,0.48002374172210693,0.644995927810669,-0.07227589935064316,0.592653214931488,0.6234334111213684,-0.03144519031047821,0.5645372867584229,0.5392944812774658,-0.054542724043130875,0.5492371320724487,0.48450857400894165,-0.07284670323133469,0.5401188135147095,0.433151513338089,-0.08686009049415588,0.6377546191215515,0.6047866344451904,-0.034858349710702896,0.641237735748291,0.499092161655426,-0.05366605147719383,0.6447675824165344,0.4300141930580139,-0.07017627358436584,0.6471196413040161,0.3699122965335846,-0.0829632356762886,0.6770323514938354,0.6130931377410889,-0.04229152202606201,0.6898956298828125,0.5238315463066101,-0.06446301937103271,0.6956731677055359,0.4653635621070862,-0.08059433847665787,0.6974170207977295,0.412791907787323,-0.09214300662279129,0.71193528175354,0.6414664387702942,-0.05225638672709465,0.7394428253173828,0.5830504894256592,-0.07313703000545502,0.7556305527687073,0.5440195798873901,-0.08299772441387177,0.7663470506668091,0.5067745447158813,-0.08983678370714188,Hello
0.6650639772415161,0.8356707096099854,5.001438125873392e-07,0.5986182689666748,0.8103699088096619,-0.030168984085321426,0.5440088510513306,0.7493876218795776,-0.04618972912430763,0.5110989809036255,0.6920779347419739,-0.05973612517118454,0.4803769290447235,0.6469545364379883,-0.0736457109451294,0.5932744145393372,0.6224856972694397,-0.03201108053326607,0.5657196044921875,0.5386583209037781,-0.05507742613554001,0.5502339005470276,0.4842015504837036,-0.07345868647098541,0.54056316614151,0.4332745671272278,-0.08765630424022675,0.6382368803024292,0.6051281690597534,-0.03524461388587952,0.6423791646957397,0.4996972978115082,-0.054512377828359604,0.6456449031829834,0.4308518171310425,-0.0716007724404335,0.6475530862808228,0.37094804644584656,-0.08479968458414078,0.6773191690444946,0.6140007376670837,-0.042527418583631516,0.6902096271514893,0.5245606303215027,-0.06547155231237411,0.6963571310043335,0.4663124680519104,-0.08229684084653854,0.698533296585083,0.4138162434101105,-0.09423839300870895,0.7122578620910645,0.6422795653343201,-0.0523177869617939,0.739978551864624,0.5836163759231567,-0.07415511459112167,0.7567349076271057,0.5446773767471313,-0.08470971137285233,0.7680553197860718,0.5073608160018921,-0.09197770059108734,Hello
0.6662522554397583,0.833301305770874,5.016260615775536e-07,0.5996203422546387,0.8098718523979187,-0.030939191579818726,0.5451080799102783,0.7511937618255615,-0.04753036051988602,0.512257993221283,0.6938632130622864,-0.06143039092421532,0.48119083046913147,0.648991584777832,-0.07576955854892731,0.5937498211860657,0.6255886554718018,-0.034070152789354324,0.5658759474754333,0.5422287583351135,-0.057446300983428955,0.5499963760375977,0.4880039691925049,-0.075831338763237,0.5398578643798828,0.4373791813850403,-0.08995051681995392,0.6386296153068542,0.6076661348342896,-0.03681940585374832,0.6416435837745667,0.5021475553512573,-0.056333523243665695,0.6444549560546875,0.4333706200122833,-0.07325539737939835,0.6462703943252563,0.3735523819923401,-0.08629583567380905,0.6780450940132141,0.6159980893135071,-0.043524932116270065,0.6899791359901428,0.5254411697387695,-0.06659003347158432,0.6953436136245728,0.4672341048717499,-0.08313657343387604,0.6970357894897461,0.41489094495773315,-0.09483044594526291,0.7137432098388672,0.643183171749115,-0.0527307353913784,0.7398942112922668,0.5837603807449341,-0.07452617585659027,0.7554905414581299,0.5450692176818848,-0.08473578095436096,0.7659292817115784,0.508101224899292,-0.09170444309711456,Hello
0.6683568954467773,0.8340867757797241,5.120460286889283e-07,0.6019766926765442,0.810960054397583,-0.031318068504333496,0.5465307235717773,0.75283282995224,-0.0478757843375206,0.5132031440734863,0.6961658596992493,-0.06158680096268654,0.48209768533706665,0.6520856022834778,-0.07559762895107269,0.593380331993103,0.6258758902549744,-0.033682335168123245,0.5659982562065125,0.5431869029998779,-0.05685483291745186,0.5507901310920715,0.4888042211532593,-0.07486459612846375,0.5412867069244385,0.43830549716949463,-0.08871002495288849,0.6383569240570068,0.6073429584503174,-0.03628729283809662,0.6415377855300903,0.5025326609611511,-0.05609789863228798,0.6442176699638367,0.43348097801208496,-0.07302864640951157,0.6457605361938477,0.3736845552921295,-0.08590960502624512,0.6777127385139465,0.6150335073471069,-0.042978689074516296,0.6896152496337891,0.526679277420044,-0.06688378006219864,0.6948148608207703,0.46897006034851074,-0.08398078382015228,0.696374773979187,0.41649532318115234,-0.09578580409288406,0.7134992480278015,0.6415693759918213,-0.052132874727249146,0.7400292754173279,0.5829703211784363,-0.0747845470905304,0.7560239434242249,0.5446975827217102,-0.08563103526830673,0.7665646076202393,0.5074374079704285,-0.09289757162332535,Hello
0.6661442518234253,0.8363900780677795,4.891423373010184e-07,0.6009359359741211,0.8129554986953735,-0.030172523111104965,0.5461175441741943,0.752733588218689,-0.046674009412527084,0.5129544734954834,0.6955448985099792,-0.06058090552687645,0.4812800884246826,0.6521426439285278,-0.07504944503307343,0.5940764546394348,0.627278208732605,-0.03424594923853874,0.5660406351089478,0.5444144606590271,-0.05778218433260918,0.5500920414924622,0.4903222918510437,-0.07619871199131012,0.5398032069206238,0.43953177332878113,-0.09043657779693604,0.6393229365348816,0.6089596748352051,-0.037602499127388,0.6426341533660889,0.5040109157562256,-0.0575747974216938,0.6452980637550354,0.4353291988372803,-0.07482568919658661,0.6465062499046326,0.3751254379749298,-0.0881449282169342,0.6787016987800598,0.6173809766769409,-0.044780708849430084,0.6917150020599365,0.5281440019607544,-0.06821630895137787,0.6972311735153198,0.46965160965919495,-0.0851098820567131,0.6984437704086304,0.4165782034397125,-0.0971086248755455,0.7138208150863647,0.6450494527816772,-0.054350920021533966,0.7406870126724243,0.5862157940864563,-0.07628870755434036,0.7561247944831848,0.5468947887420654,-0.08675678819417953,0.7658559679985046,0.5088149309158325,-0.0940600261092186,Hello
0.6699696183204651,0.8386365175247192,5.026788016948558e-07,0.6027628183364868,0.8137723207473755,-0.029167037457227707,0.5474514365196228,0.7548854351043701,-0.04481673985719681,0.5143797993659973,0.6976528763771057,-0.058109212666749954,0.48365384340286255,0.6535356044769287,-0.07186094671487808,0.5961534380912781,0.6307152509689331,-0.03188668191432953,0.5684813261032104,0.5476465225219727,-0.05494678393006325,0.5530135631561279,0.4928431808948517,-0.07315918803215027,0.5432444214820862,0.44166678190231323,-0.08716684579849243,0.6414319276809692,0.6118274927139282,-0.035374753177165985,0.644959032535553,0.5061601996421814,-0.05443185940384865,0.6475630402565002,0.4367528557777405,-0.07093127071857452,0.6490083932876587,0.3766225278377533,-0.08363461494445801,0.6811068058013916,0.6194182634353638,-0.04275180399417877,0.6936420798301697,0.5288386940956116,-0.06546211242675781,0.6987906694412231,0.47070467472076416,-0.08154525607824326,0.7004435062408447,0.41843128204345703,-0.09288229793310165,0.7165449857711792,0.6465545296669006,-0.052508123219013214,0.7431729435920715,0.587701678276062,-0.07406328618526459,0.7589942216873169,0.5487813949584961,-0.08393507450819016,0.7697387933731079,0.511547327041626,-0.09058482944965363,Hello
0.6721638441085815,0.8375884294509888,5.145364525560581e-07,0.6049531698226929,0.8142281770706177,-0.03120448626577854,0.5491099953651428,0.7556050419807434,-0.047814495861530304,0.5150855779647827,0.6984940767288208,-0.06160913035273552,0.48429974913597107,0.6536503434181213,-0.07575727999210358,0.5979609489440918,0.6298319697380066,-0.03448259085416794,0.5703388452529907,0.5465604662895203,-0.0582614466547966,0.5548621416091919,0.4916198253631592,-0.07673973590135574,0.5450255870819092,0.44041311740875244,-0.09088334441184998,0.6430439352989197,0.6116419434547424,-0.03723035752773285,0.6466081738471985,0.5063514709472656,-0.057366494089365005,0.6490834355354309,0.43675097823143005,-0.07444056123495102,0.6504207849502563,0.37637582421302795,-0.08740139752626419,0.6827195286750793,0.6201273202896118,-0.043988391757011414,0.6955626010894775,0.5300799012184143,-0.0681205615401268,0.700090229511261,0.47169461846351624,-0.08504533767700195,0.701269268989563,0.4185575246810913,-0.09663490206003189,0.7182604670524597,0.6478187441825867,-0.05316358059644699,0.7450159788131714,0.587862491607666,-0.07596705108880997,0.7610413432121277,0.5479463338851929,-0.08658020943403244,0.772101640701294,0.5093554258346558,-0.09355347603559494,Hello
0.6741681098937988,0.844538688659668,5.159623697181814e-07,0.6063963174819946,0.8206954598426819,-0.029831496998667717,0.5506332516670227,0.7616141438484192,-0.04610462114214897,0.5171515345573425,0.704643964767456,-0.059748630970716476,0.48670321702957153,0.6601929068565369,-0.0738283172249794,0.5994218587875366,0.6345627903938293,-0.033757902681827545,0.5711695551872253,0.5518710613250732,-0.0573837086558342,0.5552798509597778,0.49687138199806213,-0.07597898691892624,0.5448623895645142,0.44558829069137573,-0.09026437997817993,0.6447909474372864,0.6165476441383362,-0.03733380138874054,0.6481857895851135,0.5108855366706848,-0.05738629773259163,0.6507611274719238,0.44111597537994385,-0.07466133683919907,0.6520447731018066,0.3803086578845978,-0.08773915469646454,0.6845662593841553,0.6255260109901428,-0.04472893849015236,0.6966632604598999,0.5341635346412659,-0.06880227476358414,0.7009061574935913,0.47471678256988525,-0.08596138656139374,0.7018126249313354,0.421036958694458,-0.09773875772953033,0.7200395464897156,0.6540325880050659,-0.05437744781374931,0.7465915679931641,0.5927945375442505,-0.07749679684638977,0.7628412842750549,0.5519857406616211,-0.08826202154159546,0.77410888671875,0.5128577351570129,-0.09522894024848938,Hello
0.6743090152740479,0.8441177010536194,5.140495886735152e-07,0.6074554324150085,0.8208075761795044,-0.030159808695316315,0.5520430207252502,0.7631950378417969,-0.0466129332780838,0.518096387386322,0.7069782614707947,-0.06042863801121712,0.4870465397834778,0.6622686386108398,-0.07471723854541779,0.6007392406463623,0.6370749473571777,-0.03438112139701843,0.5732285380363464,0.5532965064048767,-0.05759790167212486,0.557710587978363,0.4979674220085144,-0.07540713995695114,0.5476805567741394,0.44663506746292114,-0.08920340240001678,0.6457184553146362,0.619481086730957,-0.038057997822761536,0.649754524230957,0.512982189655304,-0.05814138799905777,0.65240877866745,0.44290268421173096,-0.07535554468631744,0.6537296772003174,0.3819347023963928,-0.08853603899478912,0.684952437877655,0.6287425756454468,-0.045560501515865326,0.6985505223274231,0.5364569425582886,-0.07021407037973404,0.7027644515037537,0.47661733627319336,-0.08783748745918274,0.7033721208572388,0.4218629002571106,-0.10003955662250519,0.7201317548751831,0.6572405099868774,-0.055259644985198975,0.7483043670654297,0.5967714190483093,-0.0791459009051323,0.764961302280426,0.5551481246948242,-0.0906401053071022,0.7762887477874756,0.514431893825531,-0.09827543050050735,Hello
0.6743296980857849,0.8432290554046631,5.126479436512454e-07,0.6072617769241333,0.8193587064743042,-0.02900797314941883,0.5526993870735168,0.7616956830024719,-0.04530702158808708,0.5195052027702332,0.7055796384811401,-0.059240683913230896,0.48904091119766235,0.6617372632026672,-0.073764368891716,0.6010889410972595,0.6362962126731873,-0.03386985510587692,0.5735450983047485,0.5529451966285706,-0.05707170069217682,0.5578511953353882,0.4978077709674835,-0.07508739084005356,0.547533392906189,0.44641152024269104,-0.08905134350061417,0.6460994482040405,0.6192677617073059,-0.03789796307682991,0.6509588360786438,0.5133444666862488,-0.05768710747361183,0.6538498401641846,0.4440732002258301,-0.07468626648187637,0.6548202633857727,0.3837263286113739,-0.08777780830860138,0.685259222984314,0.6286686062812805,-0.04559360817074776,0.6997181177139282,0.5366218090057373,-0.06944305449724197,0.7043449282646179,0.47685790061950684,-0.08639167249202728,0.7049871683120728,0.42289257049560547,-0.09820450842380524,0.7201008796691895,0.6571493148803711,-0.055444978177547455,0.7489494681358337,0.5958816409111023,-0.07819721102714539,0.7657584547996521,0.5538504123687744,-0.08886604011058807,0.7770621180534363,0.5136960744857788,-0.09600543975830078,Hello
0.6768050789833069,0.8448524475097656,5.126289579493459e-07,0.6103025674819946,0.8230817317962646,-0.030803360044956207,0.5534026622772217,0.767631471157074,-0.04841095954179764,0.5173747539520264,0.7129231095314026,-0.06320323795080185,0.48541897535324097,0.6691503524780273,-0.07843709737062454,0.599262535572052,0.6416037082672119,-0.03725748509168625,0.5708544254302979,0.5584402680397034,-0.06155702471733093,0.5537500381469727,0.5041853785514832,-0.08010215312242508,0.5419760942459106,0.4535328149795532,-0.09429443627595901,0.644293487071991,0.6228267550468445,-0.04048110172152519,0.6473069190979004,0.5165984034538269,-0.06148017197847366,0.6494619250297546,0.44689396023750305,-0.07888118922710419,0.6503359079360962,0.38527268171310425,-0.09215469658374786,0.6841829419136047,0.6307072639465332,-0.047380123287439346,0.6959445476531982,0.537513792514801,-0.07241662591695786,0.7002738118171692,0.47850358486175537,-0.08965729176998138,0.7010906338691711,0.4243509769439697,-0.10151972621679306,0.720366358757019,0.6577296853065491,-0.05648710951209068,0.7473607659339905,0.5952335596084595,-0.0803733766078949,0.7637839913368225,0.5534723401069641,-0.0914422795176506,0.7750909924507141,0.5127706527709961,-0.09869872033596039,Hello
0.6764417290687561,0.8456326127052307,5.271140253171325e-07,0.6095800995826721,0.8236867189407349,-0.030262889340519905,0.5536195635795593,0.7698341608047485,-0.04776102304458618,0.5191159248352051,0.7163571119308472,-0.06259723752737045,0.48839324712753296,0.6728827953338623,-0.07798980176448822,0.5998666882514954,0.6431232690811157,-0.03724570944905281,0.5709992051124573,0.5601679086685181,-0.06198423355817795,0.5536895990371704,0.5055261254310608,-0.0808824747800827,0.5416359901428223,0.45430541038513184,-0.0953703448176384,0.6447861194610596,0.6247527599334717,-0.04109828174114227,0.6471665501594543,0.5181581377983093,-0.06256052106618881,0.649379312992096,0.4477306306362152,-0.08044952154159546,0.6504566669464111,0.38569366931915283,-0.0940607413649559,0.6845016479492188,0.6331542134284973,-0.04861575737595558,0.696925163269043,0.5400481820106506,-0.07430074363946915,0.7016241550445557,0.47959256172180176,-0.09232567250728607,0.7028582096099854,0.4244450330734253,-0.10466071218252182,0.7206340432167053,0.6607526540756226,-0.05825849622488022,0.7479347586631775,0.5981013774871826,-0.08291054517030716,0.7642120122909546,0.5554357171058655,-0.09461893141269684,0.7751525044441223,0.5141460299491882,-0.10228396207094193,Hello
0.6770856976509094,0.8493223190307617,5.236926767793193e-07,0.6101822853088379,0.8272913694381714,-0.03105945698916912,0.5545896291732788,0.7725167274475098,-0.04913853853940964,0.5198689103126526,0.7182360887527466,-0.0643443837761879,0.48909974098205566,0.6747958660125732,-0.08011599630117416,0.6022157669067383,0.6454221606254578,-0.03871312737464905,0.573410153388977,0.5626924633979797,-0.06378672271966934,0.5556365251541138,0.5085619688034058,-0.08301161229610443,0.5427905917167664,0.4572986364364624,-0.09783630818128586,0.6476795077323914,0.6273829936981201,-0.04236035421490669,0.6509691476821899,0.5217068791389465,-0.0643467977643013,0.6528354287147522,0.4517349600791931,-0.08287656307220459,0.6531338691711426,0.3887995183467865,-0.09710924327373505,0.6874818801879883,0.6366297602653503,-0.04961732029914856,0.7012237906455994,0.5437971353530884,-0.07578995823860168,0.70622318983078,0.4833256006240845,-0.09422650933265686,0.70732182264328,0.4275740385055542,-0.10687659680843353,0.7230563759803772,0.6656023859977722,-0.05901050195097923,0.7512034177780151,0.6025364398956299,-0.08411125838756561,0.7675430178642273,0.5594673156738281,-0.09611015021800995,0.778368353843689,0.5175620913505554,-0.10399696230888367,Hello
0.6785973906517029,0.8517528176307678,5.240391374172759e-07,0.6109375357627869,0.8300243616104126,-0.03147833049297333,0.5548707246780396,0.7753864526748657,-0.04995176941156387,0.5202441215515137,0.7214878797531128,-0.06547032296657562,0.4893508851528168,0.677411675453186,-0.0816778913140297,0.6025086641311646,0.6491034626960754,-0.040000636130571365,0.5742773413658142,0.5654829144477844,-0.06598691642284393,0.5567967295646667,0.5109652280807495,-0.08567887544631958,0.5436568856239319,0.45957890152931213,-0.10068219155073166,0.6482075452804565,0.6315795183181763,-0.043704789131879807,0.651278555393219,0.524872899055481,-0.06653834134340286,0.6533967852592468,0.4550822079181671,-0.08543724566698074,0.6537731289863586,0.3919791877269745,-0.09980961680412292,0.6881580948829651,0.6409892439842224,-0.05104744806885719,0.7013791799545288,0.5479937791824341,-0.07793015241622925,0.7062090635299683,0.48644572496414185,-0.09685995429754257,0.7072243690490723,0.42945215106010437,-0.10978752374649048,0.7240951657295227,0.6694934964179993,-0.060500841587781906,0.7514671683311462,0.605659008026123,-0.08593855798244476,0.7678484916687012,0.5626828670501709,-0.09811950474977493,0.7786980867385864,0.5207028985023499,-0.10616376996040344,Hello
0.6790921092033386,0.852014422416687,5.277004220261006e-07,0.6117962002754211,0.8301615118980408,-0.030763408169150352,0.555760383605957,0.7750293016433716,-0.048681776970624924,0.5213028788566589,0.7213714718818665,-0.06375702470541,0.4905325174331665,0.6791524887084961,-0.07952770590782166,0.6028119325637817,0.649357259273529,-0.03947481885552406,0.5741264820098877,0.5659794807434082,-0.06512951105833054,0.5567155480384827,0.5117603540420532,-0.08455363661050797,0.5439462661743164,0.4606124460697174,-0.0993671715259552,0.6485249996185303,0.6316485404968262,-0.04340139031410217,0.651195228099823,0.525006115436554,-0.06593218445777893,0.6532623767852783,0.4549597501754761,-0.08462794125080109,0.6537874937057495,0.39181795716285706,-0.09883484989404678,0.6886229515075684,0.6408881545066833,-0.0508737787604332,0.70127934217453,0.5477584600448608,-0.07752762734889984,0.7063876390457153,0.487333744764328,-0.09614618867635727,0.7077362537384033,0.4315180778503418,-0.10878205299377441,0.7246057987213135,0.6693723201751709,-0.06041425094008446,0.7514286041259766,0.6050317287445068,-0.08577892929315567,0.7677042484283447,0.5621755123138428,-0.09777563810348511,0.7785471081733704,0.5204209089279175,-0.10559255629777908,Hello
0.6890930533409119,0.5880002975463867,4.93859317884926e-07,0.6235949397087097,0.5689254403114319,-0.032369308173656464,0.5671350359916687,0.5196859240531921,-0.0486331582069397,0.5282490849494934,0.46979832649230957,-0.06180599331855774,0.4937899708747864,0.4296529293060303,-0.07469575852155685,0.6049166321754456,0.388137549161911,-0.027705444023013115,0.5725371241569519,0.30797016620635986,-0.04761708527803421,0.5543586015701294,0.25501489639282227,-0.06380198895931244,0.5429662466049194,0.20809058845043182,-0.07622089236974716,0.648184061050415,0.3646116256713867,-0.028093285858631134,0.6437643766403198,0.26131945848464966,-0.04411674290895462,0.6423729062080383,0.19563163816928864,-0.058820176869630814,0.6415908336639404,0.1417643427848816,-0.07018087804317474,0.6877508163452148,0.36674824357032776,-0.033173054456710815,0.6954108476638794,0.2750887870788574,-0.053494200110435486,0.6976492404937744,0.2153487354516983,-0.06944158673286438,0.6968915462493896,0.16331864893436432,-0.08077463507652283,0.7242761254310608,0.3871156573295593,-0.040986329317092896,0.7459014058113098,0.32624945044517517,-0.06039799004793167,0.7580133080482483,0.28679850697517395,-0.07021571695804596,0.7655448913574219,0.2501727342605591,-0.07702770084142685,Hello
0.6924557685852051,0.6008540987968445,4.984395900464733e-07,0.6270624995231628,0.5822106599807739,-0.030380526557564735,0.5707583427429199,0.53196120262146,-0.04593205079436302,0.5324676036834717,0.4828801453113556,-0.05882248654961586,0.4991312026977539,0.443147748708725,-0.07169857621192932,0.6071702837944031,0.3989872336387634,-0.02756972797214985,0.5739041566848755,0.31807219982147217,-0.04747685790061951,0.5554891228675842,0.26437485218048096,-0.06342596560716629,0.5442589521408081,0.2171737253665924,-0.07557608932256699,0.6508736610412598,0.37489867210388184,-0.02900261990725994,0.6466665267944336,0.27016007900238037,-0.04511843994259834,0.6457597017288208,0.20389266312122345,-0.05992639437317848,0.6457123756408691,0.14971572160720825,-0.07125594466924667,0.690839409828186,0.3764597773551941,-0.03480644151568413,0.6986035108566284,0.28454869985580444,-0.055051855742931366,0.7012908458709717,0.22493372857570648,-0.07137758284807205,0.7014409303665161,0.17294804751873016,-0.08303117007017136,0.7271909117698669,0.3967973291873932,-0.04314226284623146,0.7500365376472473,0.33623170852661133,-0.06279431283473969,0.7641392350196838,0.29744550585746765,-0.07287667691707611,0.774221658706665,0.2615906000137329,-0.07977685332298279,Hello
0.6890943050384521,0.6052910685539246,5.021806828153785e-07,0.624387800693512,0.5867192149162292,-0.030914653092622757,0.568621039390564,0.536103367805481,-0.04705461114645004,0.5304200649261475,0.4869250953197479,-0.06057223305106163,0.4962671995162964,0.4463123381137848,-0.07394933700561523,0.6042792201042175,0.4024350047111511,-0.027595173567533493,0.5712724924087524,0.3216232657432556,-0.04806610569357872,0.5528038144111633,0.2678607404232025,-0.06440269947052002,0.5416392087936401,0.22036710381507874,-0.076942577958107,0.6474032998085022,0.37812289595603943,-0.029277268797159195,0.6430097818374634,0.2738701105117798,-0.04601200670003891,0.6421953439712524,0.20749756693840027,-0.061007060110569,0.642418384552002,0.15392953157424927,-0.07250088453292847,0.6872624754905701,0.3797878623008728,-0.03551076725125313,0.69535231590271,0.28692591190338135,-0.05651366710662842,0.6983238458633423,0.2276057004928589,-0.07276026904582977,0.6988616585731506,0.17596952617168427,-0.0843542069196701,0.7236384153366089,0.4008083641529083,-0.044383399188518524,0.7476937174797058,0.34051313996315,-0.06500039994716644,0.7622820734977722,0.3010660409927368,-0.07561936974525452,0.7725875973701477,0.26465603709220886,-0.08288043737411499,Hello
0.6897042989730835,0.6069626808166504,4.993839297640079e-07,0.6242587566375732,0.5881938934326172,-0.031097153201699257,0.5674920678138733,0.5379399657249451,-0.04708423465490341,0.5286401510238647,0.48889240622520447,-0.060378316789865494,0.4949937164783478,0.44731399416923523,-0.07354281097650528,0.6045705080032349,0.40475574135780334,-0.02769789844751358,0.5714582204818726,0.32397955656051636,-0.04816162586212158,0.5529444813728333,0.27021968364715576,-0.06460323929786682,0.5416094064712524,0.22256813943386078,-0.07722383737564087,0.6479037404060364,0.38038310408592224,-0.029165202751755714,0.6431389451026917,0.27622735500335693,-0.04569572955369949,0.6421123147010803,0.20946867763996124,-0.06075488030910492,0.6421761512756348,0.15448665618896484,-0.07243224233388901,0.687960684299469,0.38222652673721313,-0.035198185592889786,0.6947712898254395,0.2898944914340973,-0.05599718168377876,0.6973624229431152,0.23018330335617065,-0.07236213237047195,0.6976056694984436,0.1776341050863266,-0.08412198722362518,0.7245720624923706,0.40302786231040955,-0.04387925565242767,0.7472468614578247,0.34211185574531555,-0.06435319781303406,0.761762261390686,0.3028470575809479,-0.07490677386522293,0.7722392082214355,0.26625096797943115,-0.0821690484881401,Hello
0.6925156712532043,0.6114391684532166,4.996794018552464e-07,0.6264899373054504,0.5931709408760071,-0.030545413494110107,0.5701315999031067,0.5419206023216248,-0.046118054538965225,0.5316277146339417,0.49157634377479553,-0.059160519391298294,0.49665015935897827,0.45277464389801025,-0.07230618596076965,0.6078365445137024,0.4108997881412506,-0.02731967158615589,0.5747895240783691,0.33049720525741577,-0.047520775347948074,0.555927574634552,0.2768077254295349,-0.06389909237623215,0.5440533757209778,0.22900085151195526,-0.07655756175518036,0.6507267355918884,0.3862740397453308,-0.029018953442573547,0.6463051438331604,0.28123921155929565,-0.04537765681743622,0.6450396180152893,0.21419432759284973,-0.0605168417096138,0.6447675824165344,0.15882495045661926,-0.07228086143732071,0.690504252910614,0.3876458406448364,-0.03513283282518387,0.6974774599075317,0.29413318634033203,-0.05557466670870781,0.6997575759887695,0.23392508924007416,-0.07179727405309677,0.6995634436607361,0.18129093945026398,-0.0835292860865593,0.7271872758865356,0.40792492032051086,-0.0438663549721241,0.7498065829277039,0.34671542048454285,-0.06374344974756241,0.7637953162193298,0.3074725568294525,-0.07379879057407379,0.7738384008407593,0.27137836813926697,-0.08079925179481506,Hello
0.6947635412216187,0.6134897470474243,5.143036787558231e-07,0.6290151476860046,0.5950397253036499,-0.032285504043102264,0.5721821784973145,0.5438307523727417,-0.04875459522008896,0.5331017971038818,0.4932812452316284,-0.06226035952568054,0.4982330799102783,0.4533175826072693,-0.07568934559822083,0.6086710095405579,0.4117966890335083,-0.029406994581222534,0.5755651593208313,0.33112815022468567,-0.0504065603017807,0.5568256974220276,0.2773576080799103,-0.06713501363992691,0.545157790184021,0.22925278544425964,-0.0798860639333725,0.6521010994911194,0.38708025217056274,-0.030357725918293,0.6480727791786194,0.2818002700805664,-0.04748234897851944,0.6466886401176453,0.2141612321138382,-0.0627238005399704,0.6461257934570312,0.1580902338027954,-0.0744098350405693,0.6920448541641235,0.38863861560821533,-0.035896237939596176,0.6995197534561157,0.29552116990089417,-0.05734485760331154,0.7012634873390198,0.23491767048835754,-0.07402772456407547,0.7004678845405579,0.18181602656841278,-0.08581127971410751,0.7288216352462769,0.4092053472995758,-0.044118937104940414,0.7517880201339722,0.3471440076828003,-0.06490366905927658,0.7656509280204773,0.3073955774307251,-0.07545731961727142,0.7752132415771484,0.27050161361694336,-0.08264452964067459,Hello
0.695838987827301,0.6161786317825317,5.107199854137434e-07,0.6298261880874634,0.5973359942436218,-0.03161592036485672,0.5734292268753052,0.5452722311019897,-0.04781622067093849,0.5346466898918152,0.4946528375148773,-0.06135544553399086,0.4997491240501404,0.454144686460495,-0.07487531006336212,0.6104936599731445,0.4124658405780792,-0.028004035353660583,0.5775601267814636,0.33200162649154663,-0.049133140593767166,0.558510422706604,0.27795398235321045,-0.06620857864618301,0.5465522408485413,0.22965198755264282,-0.07921631634235382,0.6536042094230652,0.38751235604286194,-0.02933749556541443,0.6497827172279358,0.2823145389556885,-0.0462772399187088,0.6487070322036743,0.21500301361083984,-0.06146963685750961,0.6484852433204651,0.1598239541053772,-0.07312127202749252,0.6934384107589722,0.3888249397277832,-0.03531130030751228,0.7005113363265991,0.29595237970352173,-0.05650317668914795,0.702556312084198,0.23616532981395721,-0.07288400828838348,0.7023797035217285,0.1841016560792923,-0.084483303129673,0.7299167513847351,0.4096877872943878,-0.04401761665940285,0.7537182569503784,0.3479714095592499,-0.0647180825471878,0.7690074443817139,0.30875489115715027,-0.07517936080694199,0.7802694439888,0.272885262966156,-0.08222746849060059,Hello
0.6959332227706909,0.6173346042633057,5.082230813968636e-07,0.6294779181480408,0.5990908145904541,-0.03072601929306984,0.5727311372756958,0.5456792116165161,-0.04619079828262329,0.5336241126060486,0.4956570267677307,-0.059137750416994095,0.49904704093933105,0.45747920870780945,-0.07223062962293625,0.6102846264839172,0.4144665002822876,-0.02779906429350376,0.5769092440605164,0.33400872349739075,-0.04841654375195503,0.5575612783432007,0.2797691524028778,-0.06506986171007156,0.5455743074417114,0.2317354828119278,-0.0778852254152298,0.6531936526298523,0.3897855579853058,-0.029490329325199127,0.6488347053527832,0.2844763994216919,-0.046267084777355194,0.6474993228912354,0.216769278049469,-0.06138838827610016,0.6472653746604919,0.16117119789123535,-0.07302990555763245,0.6931218504905701,0.39116349816322327,-0.035694532096385956,0.6993094682693481,0.2972710132598877,-0.05698265880346298,0.7013300657272339,0.2364702820777893,-0.07393588870763779,0.7012442350387573,0.18311314284801483,-0.08600448817014694,0.7300398945808411,0.41153624653816223,-0.044490426778793335,0.7540174126625061,0.3489753305912018,-0.06560547649860382,0.7698442935943604,0.30947601795196533,-0.07661721855401993,0.7816094160079956,0.27298349142074585,-0.08411909639835358,Hello
0.6967505216598511,0.7968055009841919,5.023865696784924e-07,0.6328726410865784,0.7756918668746948,-0.032924387603998184,0.5786513090133667,0.7220427393913269,-0.051107678562402725,0.5421978831291199,0.6685433387756348,-0.06595229357481003,0.5082026720046997,0.6274006962776184,-0.08098343759775162,0.6207354068756104,0.5968000292778015,-0.03765915334224701,0.5907875895500183,0.5138188600540161,-0.06190037354826927,0.5736716985702515,0.4589998722076416,-0.08046501129865646,0.562398374080658,0.4084147810935974,-0.09448027610778809,0.6640290021896362,0.5777480602264404,-0.03930029273033142,0.664420485496521,0.47404181957244873,-0.059076644480228424,0.6645105481147766,0.40652209520339966,-0.07559330016374588,0.6631355881690979,0.34825044870376587,-0.08839273452758789,0.7027973532676697,0.5846822261810303,-0.04494176432490349,0.7139248251914978,0.49338996410369873,-0.06758211553096771,0.716521143913269,0.4343433976173401,-0.08343426138162613,0.7147651314735413,0.38134437799453735,-0.0947633758187294,0.7376999855041504,0.6104971766471863,-0.053231071680784225,0.7622955441474915,0.5489900708198547,-0.0743827074766159,0.7750958800315857,0.5080584287643433,-0.08433735370635986,0.7822721004486084,0.4692455530166626,-0.09118971973657608,Hello
0.7036218047142029,0.813239574432373,5.034866603637056e-07,0.6388279795646667,0.7910668849945068,-0.0312889888882637,0.5829833745956421,0.7361997365951538,-0.0478205606341362,0.5475127100944519,0.6823702454566956,-0.06120096519589424,0.5148181915283203,0.6414059996604919,-0.0747271478176117,0.6254850029945374,0.6092367768287659,-0.03450220823287964,0.595489501953125,0.525972843170166,-0.0569821372628212,0.5788204669952393,0.4712488651275635,-0.07443004101514816,0.5679458379745483,0.4207518696784973,-0.08784054219722748,0.6691009998321533,0.5903410911560059,-0.03659491240978241,0.6693263053894043,0.48751282691955566,-0.054960791021585464,0.6697378158569336,0.4202398359775543,-0.07097282260656357,0.6690590381622314,0.36226388812065125,-0.08353090286254883,0.7080255746841431,0.597948431968689,-0.0426231324672699,0.7200607061386108,0.5083586573600769,-0.06461136788129807,0.724136471748352,0.44994473457336426,-0.08047211170196533,0.7240844964981079,0.39739546179771423,-0.09183388948440552,0.7428970336914062,0.6242424249649048,-0.05118993669748306,0.7678344249725342,0.5636099576950073,-0.07246275991201401,0.7810525894165039,0.5227326154708862,-0.08265902101993561,0.7888568043708801,0.4833337068557739,-0.08962284028530121,Hello
0.7016652822494507,0.8276633024215698,5.267046958579158e-07,0.6364012956619263,0.8060699701309204,-0.03225018084049225,0.5821091532707214,0.7534311413764954,-0.050437718629837036,0.5483130812644958,0.7005990147590637,-0.06533847749233246,0.5179328918457031,0.6586838364601135,-0.0803879052400589,0.6258792877197266,0.6282325983047485,-0.03881364315748215,0.5973905920982361,0.5430468916893005,-0.06364685297012329,0.5813049077987671,0.48681318759918213,-0.08210653066635132,0.5708988904953003,0.43505847454071045,-0.09593731164932251,0.6704647541046143,0.6101720929145813,-0.040893517434597015,0.6721245050430298,0.5063601136207581,-0.06155740097165108,0.6739221811294556,0.4385586977005005,-0.07827289402484894,0.6743717789649963,0.3792843818664551,-0.09103512763977051,0.710090696811676,0.6175462007522583,-0.04680721089243889,0.7222984433174133,0.5272889733314514,-0.07070208340883255,0.7269704937934875,0.46789413690567017,-0.08673175424337387,0.7276460528373718,0.4139293134212494,-0.09783992916345596,0.7459338903427124,0.643413782119751,-0.05524178966879845,0.7724477648735046,0.5821425914764404,-0.07784907519817352,0.7865930199623108,0.5404377579689026,-0.08832841366529465,0.7949551343917847,0.5000491142272949,-0.0952088013291359,Hello
0.7025224566459656,0.8324052095413208,5.169944188310183e-07,0.6372023224830627,0.80977863073349,-0.030449796468019485,0.5828310251235962,0.7557477355003357,-0.047653332352638245,0.5490755438804626,0.7019824385643005,-0.0618998147547245,0.5174311399459839,0.6605788469314575,-0.0765484943985939,0.6265323758125305,0.6325569152832031,-0.03719139099121094,0.5980191230773926,0.5484710335731506,-0.061474066227674484,0.581599235534668,0.4929824471473694,-0.07964387536048889,0.5708103179931641,0.4416751265525818,-0.09345491230487823,0.6714791655540466,0.6151567697525024,-0.04026058316230774,0.6730421185493469,0.512118935585022,-0.06061277911067009,0.6749854683876038,0.4448230266571045,-0.07743903249502182,0.6756758093833923,0.38556763529777527,-0.09043098986148834,0.7115710973739624,0.6230261325836182,-0.046973299235105515,0.7232138514518738,0.5322085022926331,-0.0711774080991745,0.728051483631134,0.4732356667518616,-0.08751573413610458,0.7292624711990356,0.4193964898586273,-0.09890735894441605,0.7473595142364502,0.6495802402496338,-0.0559530183672905,0.7729889750480652,0.5883168578147888,-0.0792662501335144,0.787799060344696,0.5469281077384949,-0.09005092084407806,0.797406792640686,0.5066922903060913,-0.09713228791952133,Hello
0.7039463520050049,0.8319722414016724,5.362592219171347e-07,0.638399064540863,0.8114835023880005,-0.03332648426294327,0.5836969017982483,0.7582761645317078,-0.05191408470273018,0.549987256526947,0.7051995992660522,-0.06701628118753433,0.5197190642356873,0.6631491184234619,-0.08231283724308014,0.6277530789375305,0.6350634694099426,-0.04077981039881706,0.599196195602417,0.5507887601852417,-0.06649310141801834,0.5831564664840698,0.494657039642334,-0.08546780794858932,0.5728604197502136,0.44252172112464905,-0.09976202249526978,0.672410786151886,0.6166815757751465,-0.042484100908041,0.6742877960205078,0.5134873986244202,-0.0642051100730896,0.6768211126327515,0.4458273649215698,-0.08141390234231949,0.6780529618263245,0.3861958384513855,-0.09455098956823349,0.7123285531997681,0.6239338517189026,-0.04805437847971916,0.7239271402359009,0.5338560938835144,-0.07300970703363419,0.7288799285888672,0.47491538524627686,-0.08933300524950027,0.7300911545753479,0.4212108850479126,-0.10058414936065674,0.7488492727279663,0.6499455571174622,-0.0562116876244545,0.7750584483146667,0.5887210369110107,-0.07981943339109421,0.7892602682113647,0.546856164932251,-0.0908968523144722,0.7976132035255432,0.5063021779060364,-0.09818217158317566,Hello
0.7040192484855652,0.8355592489242554,5.212144174038258e-07,0.6377606987953186,0.8128004670143127,-0.03116677887737751,0.5835230350494385,0.7597072124481201,-0.0487649068236351,0.5499073266983032,0.7078268527984619,-0.06340627372264862,0.5198477506637573,0.6654292941093445,-0.07834772020578384,0.6276013851165771,0.6358670592308044,-0.03728819638490677,0.5995742678642273,0.5515242218971252,-0.06201620399951935,0.5830748677253723,0.49581533670425415,-0.08060240000486374,0.5719640254974365,0.44452059268951416,-0.09462448209524155,0.6724820137023926,0.6191648244857788,-0.040258847177028656,0.6737433075904846,0.5165262222290039,-0.061281684786081314,0.6755687594413757,0.44914835691452026,-0.0787026435136795,0.6765739917755127,0.3893945813179016,-0.09196805208921432,0.7123205661773682,0.6274707317352295,-0.04701333865523338,0.7237805128097534,0.5363625288009644,-0.07173734903335571,0.7286893129348755,0.47727906703948975,-0.08832809329032898,0.7302919030189514,0.4231594502925873,-0.09972833096981049,0.7478991150856018,0.6542853713035583,-0.056132324039936066,0.7736058235168457,0.5921180248260498,-0.07977957278490067,0.7883881330490112,0.550473690032959,-0.0906238853931427,0.7979763150215149,0.510282039642334,-0.09761985391378403,Hello
0.7048583030700684,0.8426517844200134,4.4455543957155896e-07,0.6409522294998169,0.8202688097953796,-0.02909533493220806,0.5802971720695496,0.7758356332778931,-0.047525472939014435,0.5349432229995728,0.7351506948471069,-0.06390680372714996,0.4959203004837036,0.7091875672340393,-0.08109752833843231,0.6253068447113037,0.6429337859153748,-0.03591097518801689,0.5891267657279968,0.5599680542945862,-0.06047603487968445,0.5666199922561646,0.5069511532783508,-0.07971228659152985,0.55013108253479,0.458905965089798,-0.09409800916910172,0.668693482875824,0.6200135946273804,-0.03982061147689819,0.6601963043212891,0.5168625116348267,-0.059455130249261856,0.6546947956085205,0.45071130990982056,-0.07614729553461075,0.6503289341926575,0.395177960395813,-0.08923166245222092,0.7095975875854492,0.6249054074287415,-0.04733728989958763,0.7215482592582703,0.5322646498680115,-0.0694751963019371,0.7278690338134766,0.4747951626777649,-0.08491232991218567,0.7307922840118408,0.42556679248809814,-0.09611488878726959,0.7473048567771912,0.6511971950531006,-0.057336170226335526,0.7745513916015625,0.5913757681846619,-0.0779273584485054,0.7894952297210693,0.5501318573951721,-0.0871771052479744,0.8001810908317566,0.5118116140365601,-0.09353825449943542,Hello
0.7043715119361877,0.8434402346611023,4.5111838176126184e-07,0.6402105093002319,0.8210683465003967,-0.028719665482640266,0.579692006111145,0.7753592729568481,-0.04671375826001167,0.5348248481750488,0.7351037859916687,-0.06267010420560837,0.4959706664085388,0.7101292610168457,-0.07956996560096741,0.6252347826957703,0.6426501870155334,-0.03530612215399742,0.5901616215705872,0.5600659847259521,-0.05916893109679222,0.5685595870018005,0.5071783065795898,-0.07787127047777176,0.5526349544525146,0.4596982002258301,-0.09191564470529556,0.6694037318229675,0.6206408143043518,-0.039486490190029144,0.6627450585365295,0.5165582299232483,-0.05845104530453682,0.6586294770240784,0.4500204622745514,-0.07472851127386093,0.6552236676216125,0.39448317885398865,-0.08754097670316696,0.7107335925102234,0.6263958215713501,-0.04728439077734947,0.7226890921592712,0.533633291721344,-0.06887989491224289,0.7283207178115845,0.47585397958755493,-0.08429927378892899,0.7306816577911377,0.4257909655570984,-0.09559772163629532,0.7485188245773315,0.6534131169319153,-0.05752104893326759,0.7748755216598511,0.5931675434112549,-0.07753477990627289,0.7897307872772217,0.55241858959198,-0.08641059696674347,0.8003064393997192,0.514533519744873,-0.09263791888952255,Hello
0.7037456631660461,0.8453292846679688,4.534207391770906e-07,0.6392236948013306,0.8229595422744751,-0.028480874374508858,0.5787187218666077,0.7769039273262024,-0.04629024863243103,0.534562885761261,0.7355924248695374,-0.06205713376402855,0.49625688791275024,0.7093732357025146,-0.07875225692987442,0.6238449215888977,0.6447732448577881,-0.035219043493270874,0.5891434550285339,0.5621038675308228,-0.05917051061987877,0.5677743554115295,0.5088835954666138,-0.07792036235332489,0.5520479083061218,0.46104007959365845,-0.09207795560359955,0.6680565476417542,0.6227149367332458,-0.039557091891765594,0.6616360545158386,0.5185372233390808,-0.05903682857751846,0.6576966643333435,0.4517594873905182,-0.07575613260269165,0.6542187333106995,0.39578598737716675,-0.08884144574403763,0.7092836499214172,0.6283600330352783,-0.04747345671057701,0.7210058569908142,0.5348688960075378,-0.069985032081604,0.7264897227287292,0.4769144058227539,-0.08612899482250214,0.7285265922546387,0.4266139566898346,-0.09778574854135513,0.7471655607223511,0.6554005742073059,-0.05769819766283035,0.7741146087646484,0.5944117307662964,-0.07886134088039398,0.7892659306526184,0.552990198135376,-0.08864395320415497,0.7997866272926331,0.5140936970710754,-0.09538586437702179,Hello
0.6968274712562561,0.8488143086433411,4.697904216754978e-07,0.6316400766372681,0.8249178528785706,-0.028194596990942955,0.5702806115150452,0.7766106128692627,-0.045254722237586975,0.525635838508606,0.7352267503738403,-0.060379933565855026,0.48836034536361694,0.708562970161438,-0.0764533132314682,0.6159862875938416,0.6479476690292358,-0.03484206274151802,0.5805181264877319,0.5639227628707886,-0.05843035504221916,0.5589747428894043,0.5103744268417358,-0.0766763910651207,0.543297529220581,0.46168506145477295,-0.09057950973510742,0.6599621176719666,0.6255639791488647,-0.03920712694525719,0.6537086367607117,0.5196859836578369,-0.058742668479681015,0.6502323150634766,0.451942503452301,-0.07554441690444946,0.6473727226257324,0.39443981647491455,-0.08871854096651077,0.7006828784942627,0.630644679069519,-0.04711374640464783,0.7117903232574463,0.537247896194458,-0.06967571377754211,0.7167907953262329,0.4792965054512024,-0.08614513278007507,0.7183558940887451,0.4285057783126831,-0.0980992317199707,0.7379324436187744,0.6566606163978577,-0.05727909505367279,0.7648834586143494,0.5963135957717896,-0.07839905470609665,0.7804454565048218,0.5555448532104492,-0.08837452530860901,0.7912787199020386,0.5170220136642456,-0.09540960192680359,Hello
0.6922183036804199,0.8492940068244934,4.834442961509922e-07,0.627899706363678,0.8262957334518433,-0.027888204902410507,0.568426787853241,0.7765195965766907,-0.04506943002343178,0.5247607827186584,0.7339769601821899,-0.060271717607975006,0.48719629645347595,0.7072416543960571,-0.07651370763778687,0.6124285459518433,0.6472562551498413,-0.03591269627213478,0.5788187384605408,0.5634903311729431,-0.05968504771590233,0.558632493019104,0.5099468231201172,-0.07791013270616531,0.5438000559806824,0.4612540602684021,-0.09172427654266357,0.6568805575370789,0.626492977142334,-0.04070616513490677,0.6531738638877869,0.5204363465309143,-0.06078672036528587,0.6512834429740906,0.4519030451774597,-0.07785187661647797,0.649215817451477,0.3934268057346344,-0.09107087552547455,0.6978344917297363,0.6327893733978271,-0.04889800027012825,0.7106792330741882,0.5400494337081909,-0.0725693479180336,0.7157744765281677,0.48155611753463745,-0.08959295600652695,0.7169645428657532,0.4303572177886963,-0.10158392786979675,0.7351778149604797,0.6596571803092957,-0.059139300137758255,0.7625943422317505,0.5974156856536865,-0.08119579404592514,0.778704047203064,0.5554954409599304,-0.091277576982975,0.7896121740341187,0.516004204750061,-0.09817226231098175,Hello
0.696589469909668,0.847988486289978,4.909964559374203e-07,0.6307397484779358,0.8247149586677551,-0.028150655329227448,0.5703564882278442,0.7750570178031921,-0.04525979608297348,0.5271202921867371,0.7306385636329651,-0.060336992144584656,0.49003541469573975,0.7021287083625793,-0.07633361220359802,0.6161419749259949,0.6473713517189026,-0.0345265232026577,0.5826724171638489,0.563389003276825,-0.058076437562704086,0.5633385181427002,0.5090448260307312,-0.07644198089838028,0.5498022437095642,0.45973843336105347,-0.09045957028865814,0.6604707837104797,0.6267337799072266,-0.03922591358423233,0.6569826006889343,0.5206679105758667,-0.05884876847267151,0.6555899381637573,0.4523295760154724,-0.07581298798322678,0.6543939113616943,0.3935565650463104,-0.08902539312839508,0.7013108730316162,0.6329014897346497,-0.04749274253845215,0.7130253911018372,0.5379375219345093,-0.0706964060664177,0.7181094884872437,0.4795631766319275,-0.08744900673627853,0.7198063135147095,0.42823946475982666,-0.09941478073596954,0.7387664914131165,0.6594732999801636,-0.057926569133996964,0.7655089497566223,0.5982615947723389,-0.07996589690446854,0.781455397605896,0.5572574734687805,-0.09014257788658142,0.79241943359375,0.5186448693275452,-0.09712520241737366,Hello
0.7001678347587585,0.8501923084259033,4.82693735648354e-07,0.6348785758018494,0.8256068825721741,-0.026463735848665237,0.5747773051261902,0.7739789485931396,-0.0423809215426445,0.5321357250213623,0.7283364534378052,-0.056438103318214417,0.4957287311553955,0.698800802230835,-0.07137000560760498,0.6198429465293884,0.6475843191146851,-0.032514285296201706,0.5864330530166626,0.5634443759918213,-0.05538589879870415,0.567115843296051,0.5091020464897156,-0.07324200868606567,0.553625226020813,0.45984765887260437,-0.08683747053146362,0.6643445491790771,0.6270558834075928,-0.037492990493774414,0.6611920595169067,0.5208032131195068,-0.056103769689798355,0.6600943207740784,0.45251473784446716,-0.07222341001033783,0.6590709686279297,0.3945063054561615,-0.08479826897382736,0.7054172158241272,0.6330627202987671,-0.04592752084136009,0.7176781892776489,0.5380629897117615,-0.06803835928440094,0.7229726910591125,0.47969841957092285,-0.08386054635047913,0.7247036695480347,0.42919033765792847,-0.09517359733581543,0.7428348660469055,0.6595706939697266,-0.05645113065838814,0.7694392800331116,0.5981467366218567,-0.07753772288560867,0.784912645816803,0.5568737983703613,-0.08699459582567215,0.7952511310577393,0.5185366272926331,-0.09340952336788177,Hello
0.6944670081138611,0.8544080853462219,5.018326305616938e-07,0.629170835018158,0.8324202299118042,-0.02942180074751377,0.5698078274726868,0.7830621600151062,-0.04741218686103821,0.5279315114021301,0.7390127778053284,-0.06301598250865936,0.4919516444206238,0.708794891834259,-0.07943287491798401,0.6145303249359131,0.6539222002029419,-0.03760376572608948,0.5810340046882629,0.5703645944595337,-0.06242472305893898,0.5607382655143738,0.5163869857788086,-0.08133963495492935,0.5460851192474365,0.4668664336204529,-0.09561638534069061,0.6591410040855408,0.6327519416809082,-0.041825417429208755,0.656196653842926,0.5267367362976074,-0.06251104176044464,0.6550695896148682,0.45836198329925537,-0.0797935202717781,0.6539661884307861,0.3989623486995697,-0.09310030192136765,0.699718713760376,0.6387873291969299,-0.04960106685757637,0.7109624743461609,0.5451806783676147,-0.07370731234550476,0.7162160277366638,0.4868454933166504,-0.09050440043210983,0.7181921005249023,0.435259073972702,-0.10227366536855698,0.7369279861450195,0.6653563380241394,-0.05958668887615204,0.7634162902832031,0.6035166382789612,-0.08214667439460754,0.7792456150054932,0.5625247955322266,-0.09240201860666275,0.7899025678634644,0.5243686437606812,-0.0992690697312355,Hello
0.47600245475769043,0.8961478471755981,4.627127623280103e-07,0.4084903299808502,0.8844432234764099,-0.022158276289701462,0.34854814410209656,0.8229871988296509,-0.03185918927192688,0.3103635907173157,0.7702779173851013,-0.040217723697423935,0.27373039722442627,0.7440200448036194,-0.04985575005412102,0.383300244808197,0.6946926712989807,-0.022536735981702805,0.3500109910964966,0.6140313148498535,-0.039312683045864105,0.32933950424194336,0.5593364238739014,-0.05324764922261238,0.3147824704647064,0.5115154981613159,-0.06496436893939972,0.42383167147636414,0.6746411919593811,-0.028180651366710663,0.41949254274368286,0.570395827293396,-0.042755577713251114,0.41946589946746826,0.5038456320762634,-0.056847620755434036,0.42088204622268677,0.4494873285293579,-0.06810613721609116,0.4619235098361969,0.6791867613792419,-0.03721441701054573,0.46946588158607483,0.5798584222793579,-0.057716984301805496,0.47251462936401367,0.5190721750259399,-0.0748579353094101,0.4733857810497284,0.4642096161842346,-0.08760794997215271,0.4975098669528961,0.7028285264968872,-0.04785642400383949,0.5250387191772461,0.6378207206726074,-0.07061830163002014,0.5428156852722168,0.5930147171020508,-0.08322443813085556,0.5560684204101562,0.5493268966674805,-0.09210631251335144,Hello
0.4711400270462036,0.889873743057251,4.701235241100221e-07,0.40314334630966187,0.8791740536689758,-0.021735381335020065,0.3418702483177185,0.8181344866752625,-0.030608506873250008,0.30357545614242554,0.7665432095527649,-0.03817667067050934,0.2675801217556,0.7386924624443054,-0.046995341777801514,0.37644004821777344,0.6879413723945618,-0.020790474489331245,0.34249401092529297,0.6081105470657349,-0.03697803243994713,0.32094261050224304,0.5542339086532593,-0.05060584098100662,0.3054165542125702,0.5066730380058289,-0.062247052788734436,0.41580042243003845,0.6667702794075012,-0.026558777317404747,0.4097406566143036,0.5635092854499817,-0.0409105084836483,0.40874743461608887,0.4944174289703369,-0.055179886519908905,0.4093819856643677,0.4370766580104828,-0.06667983531951904,0.4527745246887207,0.6708786487579346,-0.03583260625600815,0.4596574902534485,0.5720444321632385,-0.057040393352508545,0.4629517197608948,0.5105515718460083,-0.07519311457872391,0.4638270437717438,0.45524847507476807,-0.08852542191743851,0.4876343309879303,0.6940388679504395,-0.046601176261901855,0.5144798159599304,0.6293972730636597,-0.07044880837202072,0.5317257046699524,0.5853112936019897,-0.08391577005386353,0.5439558029174805,0.5423600673675537,-0.0933498740196228,Hello
0.46922019124031067,0.8857018351554871,4.822834966944356e-07,0.40174898505210876,0.8760142922401428,-0.023192133754491806,0.34043991565704346,0.8173412084579468,-0.03306826204061508,0.3020070195198059,0.7670205235481262,-0.04132383316755295,0.26699066162109375,0.7363241314888,-0.050667233765125275,0.3725667893886566,0.6849565505981445,-0.02289564721286297,0.33870232105255127,0.6052175760269165,-0.0400359071791172,0.3169006407260895,0.5516847372055054,-0.05427028238773346,0.30067023634910583,0.504361093044281,-0.0662243589758873,0.4116065204143524,0.6631326675415039,-0.028124019503593445,0.4058550000190735,0.5593298673629761,-0.04342435672879219,0.4048221707344055,0.49056410789489746,-0.05819905176758766,0.4050694704055786,0.433427631855011,-0.06990186125040054,0.44838470220565796,0.6669672131538391,-0.03691072016954422,0.4554218053817749,0.5680590867996216,-0.05878635495901108,0.45851826667785645,0.5068321228027344,-0.07719642668962479,0.4591081738471985,0.45159319043159485,-0.0905412808060646,0.4831432104110718,0.6903358697891235,-0.04729774594306946,0.5097676515579224,0.625497043132782,-0.07175920158624649,0.5271284580230713,0.5811777114868164,-0.08547819405794144,0.53965163230896,0.5378729701042175,-0.09488844871520996,Hello
0.46688252687454224,0.883771538734436,4.964628033121699e-07,0.3997817933559418,0.8736889362335205,-0.023380106315016747,0.33887162804603577,0.8161448836326599,-0.03387414291501045,0.30019909143447876,0.7657265067100525,-0.042636677622795105,0.26520833373069763,0.7355701923370361,-0.05237545818090439,0.37167230248451233,0.6843705177307129,-0.02413547784090042,0.3381635546684265,0.6042028069496155,-0.04139227792620659,0.3168379068374634,0.550803542137146,-0.05536245182156563,0.3010680377483368,0.5036215782165527,-0.06699548661708832,0.41106367111206055,0.6625667214393616,-0.02909931354224682,0.40683823823928833,0.5591399669647217,-0.044527340680360794,0.40637287497520447,0.4903896749019623,-0.05899488553404808,0.4067659378051758,0.43305161595344543,-0.07046765834093094,0.4476526975631714,0.6656267046928406,-0.0375688411295414,0.456299364566803,0.5683072209358215,-0.059435367584228516,0.45877015590667725,0.5069174766540527,-0.07781297713518143,0.45854634046554565,0.45158272981643677,-0.09113560616970062,0.4819002151489258,0.6879502534866333,-0.04760890454053879,0.5100924968719482,0.6239303946495056,-0.0716189295053482,0.5272446274757385,0.5790882110595703,-0.08527854830026627,0.5393565893173218,0.5350818037986755,-0.09471973031759262,Hello
0.4668017327785492,0.8876469135284424,4.959179022989701e-07,0.3988296389579773,0.8779000043869019,-0.02411121502518654,0.337876558303833,0.8190604448318481,-0.034517910331487656,0.2987211346626282,0.7685421109199524,-0.043131254613399506,0.26281529664993286,0.739590585231781,-0.05286453664302826,0.3703650236129761,0.687423586845398,-0.023715687915682793,0.33585524559020996,0.609212338924408,-0.04138347879052162,0.3133617639541626,0.5560462474822998,-0.05612640082836151,0.2970108091831207,0.508223295211792,-0.0684688538312912,0.40883827209472656,0.6651979088783264,-0.028459833934903145,0.4033973515033722,0.5618273615837097,-0.04387464001774788,0.4016975462436676,0.49310624599456787,-0.058817874640226364,0.4014878571033478,0.43572333455085754,-0.07074186950922012,0.4452650547027588,0.668600857257843,-0.0368344746530056,0.45267343521118164,0.5709448456764221,-0.058236148208379745,0.4546727240085602,0.5092438459396362,-0.07657027244567871,0.4544011652469635,0.4539538025856018,-0.09003834426403046,0.479886919260025,0.691720724105835,-0.046978484839200974,0.5067956447601318,0.6268258094787598,-0.07051510363817215,0.5233579874038696,0.5817403197288513,-0.08401560038328171,0.5352983474731445,0.5381062030792236,-0.09352348744869232,Hello
0.4644327759742737,0.8872523307800293,4.972752662979474e-07,0.39618030190467834,0.8776900172233582,-0.02383488416671753,0.33510905504226685,0.818632185459137,-0.0344974584877491,0.2964901924133301,0.767742931842804,-0.04340239614248276,0.26071494817733765,0.7392743229866028,-0.053429871797561646,0.36754104495048523,0.6881585717201233,-0.02468736469745636,0.3337928056716919,0.6083389520645142,-0.042894866317510605,0.3119761049747467,0.5545120239257812,-0.05770118907094002,0.29608404636383057,0.5063676238059998,-0.06999007612466812,0.4061915874481201,0.6664369702339172,-0.029821014031767845,0.40086090564727783,0.5622137784957886,-0.046161700040102005,0.3999873101711273,0.49291419982910156,-0.06128506362438202,0.40060487389564514,0.43534961342811584,-0.07313275337219238,0.4426650106906891,0.6698923110961914,-0.03849641978740692,0.44973236322402954,0.5710790753364563,-0.06080381199717522,0.45222440361976624,0.5088838338851929,-0.07916753739118576,0.45262613892555237,0.45284751057624817,-0.09247564524412155,0.477470338344574,0.6927591562271118,-0.04886342212557793,0.5045692920684814,0.6277337670326233,-0.0732208713889122,0.5212715268135071,0.5820707082748413,-0.08693772554397583,0.5333969593048096,0.5376072525978088,-0.09645308554172516,Hello
0.46242696046829224,0.8857077360153198,4.917181399832771e-07,0.3950231075286865,0.8757449388504028,-0.02291426621377468,0.33323487639427185,0.816896915435791,-0.032802946865558624,0.29385632276535034,0.7663291096687317,-0.041164711117744446,0.2582045793533325,0.7375261187553406,-0.05040973424911499,0.36584553122520447,0.6865397095680237,-0.022659432142972946,0.3313989043235779,0.6065191030502319,-0.03955630213022232,0.30918577313423157,0.5532474517822266,-0.053395647555589676,0.2928122580051422,0.5064884424209595,-0.06506182998418808,0.40402793884277344,0.6645652055740356,-0.027679288759827614,0.3983975946903229,0.5602521896362305,-0.04277922213077545,0.3971129357814789,0.49106886982917786,-0.056986574083566666,0.39756491780281067,0.434437096118927,-0.0682382732629776,0.44030314683914185,0.6674362421035767,-0.036233387887477875,0.44694849848747253,0.5677731037139893,-0.05755961313843727,0.4492787718772888,0.5078494548797607,-0.07518383860588074,0.44973960518836975,0.45416000485420227,-0.08798032253980637,0.475100040435791,0.6896796822547913,-0.04645339027047157,0.5026192665100098,0.6252849102020264,-0.0704551413655281,0.5188087224960327,0.5802162885665894,-0.08417244255542755,0.5306468605995178,0.5361299514770508,-0.09358276426792145,Hello
0.45402202010154724,0.8849184513092041,5.01241629535798e-07,0.38755959272384644,0.8743093013763428,-0.02278018742799759,0.3278958797454834,0.8167479038238525,-0.03301567584276199,0.2894734740257263,0.7666683197021484,-0.04170168563723564,0.25449150800704956,0.7398895025253296,-0.05140051618218422,0.3596741557121277,0.6869864463806152,-0.02351830154657364,0.3254799544811249,0.6084381341934204,-0.041038017719984055,0.3036195635795593,0.5549666285514832,-0.05525684356689453,0.28794488310813904,0.5073294639587402,-0.06701052188873291,0.3981359899044037,0.6651535034179688,-0.028663888573646545,0.39271625876426697,0.5620210766792297,-0.04424197971820831,0.39156410098075867,0.49355101585388184,-0.058762166649103165,0.3919086158275604,0.43742895126342773,-0.07007942348718643,0.4345105290412903,0.6678914427757263,-0.03724457696080208,0.4418601989746094,0.5696754455566406,-0.058606117963790894,0.4444130063056946,0.5070304274559021,-0.07654953002929688,0.44481712579727173,0.4515542984008789,-0.089453786611557,0.4690835773944855,0.6901290416717529,-0.047432903200387955,0.4966070353984833,0.6245250105857849,-0.07030368596315384,0.5123318433761597,0.5776896476745605,-0.08348795026540756,0.5235193371772766,0.5333057641983032,-0.09267011284828186,Hello
0.4509221613407135,0.8801886439323425,4.832951958633203e-07,0.38306093215942383,0.8725465536117554,-0.024215897545218468,0.3235204219818115,0.8155434131622314,-0.03459426015615463,0.2852925658226013,0.7650958895683289,-0.043082576245069504,0.24922843277454376,0.7403560876846313,-0.052494097501039505,0.3534137010574341,0.6868948936462402,-0.024117929860949516,0.3195047676563263,0.6075429320335388,-0.041526712477207184,0.29776453971862793,0.5542285442352295,-0.05555529519915581,0.2821042537689209,0.5066261291503906,-0.06718555837869644,0.39232683181762695,0.664580762386322,-0.0284610353410244,0.3854121267795563,0.5627539157867432,-0.04398290440440178,0.3824172616004944,0.4951709806919098,-0.058487072587013245,0.3807491362094879,0.4382410943508148,-0.06998676806688309,0.42895442247390747,0.666657567024231,-0.03637586906552315,0.43587353825569153,0.5683565735816956,-0.05811275169253349,0.4383965730667114,0.5069448947906494,-0.07564658671617508,0.43828698992729187,0.451530784368515,-0.08821883052587509,0.4636269807815552,0.6874665021896362,-0.04602432623505592,0.49021172523498535,0.6202571988105774,-0.06936997175216675,0.506329357624054,0.5736887454986572,-0.08238457143306732,0.5175740718841553,0.5286934971809387,-0.09139090776443481,Hello
0.44458910822868347,0.873125433921814,4.862867513111269e-07,0.3770003020763397,0.8649495840072632,-0.022600028663873672,0.31811004877090454,0.8073331117630005,-0.0321025624871254,0.2814898192882538,0.7572182416915894,-0.03997037559747696,0.24715322256088257,0.7315506339073181,-0.04876070097088814,0.3490397334098816,0.6797258853912354,-0.02308860421180725,0.3158223032951355,0.6016203165054321,-0.04003560170531273,0.2941424548625946,0.5491029620170593,-0.05383644998073578,0.2783448100090027,0.5015736818313599,-0.06552193313837051,0.38726815581321716,0.6578171849250793,-0.028053509071469307,0.38171935081481934,0.5573031306266785,-0.04344477877020836,0.37985002994537354,0.48933011293411255,-0.05786176398396492,0.37926608324050903,0.4314337372779846,-0.06937267631292343,0.4232884645462036,0.6602832078933716,-0.03642457351088524,0.43107566237449646,0.5631924867630005,-0.05791293829679489,0.4333462119102478,0.5015003681182861,-0.07539607584476471,0.43309566378593445,0.44530802965164185,-0.08805131912231445,0.4572204351425171,0.6813932061195374,-0.046412792056798935,0.48504364490509033,0.6148812770843506,-0.06963597983121872,0.5011188387870789,0.5669196248054504,-0.08289622515439987,0.5126842856407166,0.5202714800834656,-0.09217174351215363,Hello
0.43359535932540894,0.8647591471672058,4.641370310309867e-07,0.3675950765609741,0.8572946190834045,-0.021817434579133987,0.31054186820983887,0.7981825470924377,-0.02990620769560337,0.2746928334236145,0.7478218078613281,-0.03649977967143059,0.24111013114452362,0.7244378328323364,-0.04408634081482887,0.3411254584789276,0.6709490418434143,-0.020681053400039673,0.3091094493865967,0.5928605198860168,-0.03636029362678528,0.28753581643104553,0.5405244827270508,-0.049264341592788696,0.27170780301094055,0.4939260482788086,-0.060286927968263626,0.3790314793586731,0.6491492390632629,-0.025257907807826996,0.37487727403640747,0.5494500398635864,-0.03935568034648895,0.37398213148117065,0.48432689905166626,-0.05267157033085823,0.3739185631275177,0.4295864701271057,-0.06326086074113846,0.4148208200931549,0.6506925821304321,-0.03331568464636803,0.42374664545059204,0.5548678636550903,-0.05365649238228798,0.4260295033454895,0.49254292249679565,-0.07088284939527512,0.42583128809928894,0.43617916107177734,-0.08340481668710709,0.44835513830184937,0.670261800289154,-0.04303481802344322,0.4776705801486969,0.6038511991500854,-0.06546839326620102,0.49497920274734497,0.5551973581314087,-0.07897628098726273,0.5073709487915039,0.5078927278518677,-0.08850323408842087,Hello
0.42649388313293457,0.8588951826095581,4.579905237278581e-07,0.36229875683784485,0.8521293997764587,-0.02203628234565258,0.3047257661819458,0.7930788397789001,-0.030069300904870033,0.2693876624107361,0.743283748626709,-0.03641147166490555,0.2367657870054245,0.7179200053215027,-0.04366230219602585,0.3330812454223633,0.6651813387870789,-0.0206852238625288,0.3009953200817108,0.5887877345085144,-0.03568918630480766,0.2797830402851105,0.5373710989952087,-0.048013899475336075,0.26400667428970337,0.49159762263298035,-0.05883028358221054,0.3702196478843689,0.6439235806465149,-0.025240449234843254,0.3657817840576172,0.5464238524436951,-0.03965171054005623,0.3655376434326172,0.4826318919658661,-0.053425583988428116,0.36626482009887695,0.4290023446083069,-0.06437124311923981,0.4049765169620514,0.6460539698600769,-0.03327380493283272,0.4131336212158203,0.5518674254417419,-0.054538145661354065,0.41494399309158325,0.49001798033714294,-0.07294831424951553,0.41449594497680664,0.4335462749004364,-0.08625492453575134,0.4379294514656067,0.6659756898880005,-0.04283563420176506,0.4666239321231842,0.5995566248893738,-0.06622707098722458,0.48379194736480713,0.5508314371109009,-0.08081386983394623,0.4957832992076874,0.5030635595321655,-0.09122779965400696,Hello
0.4201909005641937,0.8574579954147339,4.731536478175258e-07,0.3567373752593994,0.8494795560836792,-0.021672764793038368,0.30088937282562256,0.7917234897613525,-0.029888726770877838,0.2659320831298828,0.7422269582748413,-0.036486539989709854,0.23283182084560394,0.7164433598518372,-0.04405619949102402,0.3279411792755127,0.6637916564941406,-0.020166588947176933,0.29579591751098633,0.5885850787162781,-0.03514828532934189,0.2738630771636963,0.5378764867782593,-0.04772638902068138,0.25746583938598633,0.4925246834754944,-0.05861607566475868,0.36382439732551575,0.642578125,-0.02473466657102108,0.3592430353164673,0.5445979833602905,-0.03842797875404358,0.357776403427124,0.4804229140281677,-0.05203987658023834,0.35779082775115967,0.42685383558273315,-0.06307672709226608,0.39808428287506104,0.6447168588638306,-0.032723378390073776,0.40601369738578796,0.5510233640670776,-0.052846506237983704,0.407155841588974,0.4892505407333374,-0.07084522396326065,0.40639451146125793,0.4335429072380066,-0.08421827107667923,0.4309616684913635,0.6648457646369934,-0.04229070618748665,0.45971158146858215,0.5985751152038574,-0.0644429475069046,0.47711461782455444,0.5506504774093628,-0.0781855583190918,0.4895855784416199,0.504798173904419,-0.08817531913518906,Hello
0.41963979601860046,0.8534073829650879,4.707387120106432e-07,0.35631686449050903,0.8457469344139099,-0.02118316851556301,0.2997431755065918,0.7889447212219238,-0.029590453952550888,0.2645775079727173,0.7399899959564209,-0.03660396859049797,0.23223359882831573,0.7141458988189697,-0.04458305612206459,0.3273675739765167,0.6613892912864685,-0.02005738578736782,0.2955892086029053,0.5860973596572876,-0.035257842391729355,0.2742242217063904,0.5358452200889587,-0.04792939871549606,0.25819239020347595,0.4909064769744873,-0.05881187319755554,0.3632749617099762,0.6412678956985474,-0.025041352957487106,0.3592768907546997,0.5427645444869995,-0.03904670849442482,0.3590092658996582,0.4775484800338745,-0.05252538248896599,0.36029890179634094,0.4231075048446655,-0.06334325671195984,0.3971484899520874,0.6437814235687256,-0.033444080501794815,0.4059181809425354,0.549248456954956,-0.05363888666033745,0.40748706459999084,0.4880146384239197,-0.0709870234131813,0.4069320559501648,0.43259957432746887,-0.08370805531740189,0.429416686296463,0.6635403037071228,-0.04341530427336693,0.4574694335460663,0.5970392823219299,-0.06517147272825241,0.47379270195961,0.5488411784172058,-0.07829957455396652,0.4850757122039795,0.50250244140625,-0.08777328580617905,Hello
0.42041051387786865,0.855271577835083,4.710478265224083e-07,0.3564091920852661,0.848778486251831,-0.02092333510518074,0.2995317280292511,0.7917130589485168,-0.029028093442320824,0.26458942890167236,0.7431188225746155,-0.035756975412368774,0.23250792920589447,0.7174743413925171,-0.0435258187353611,0.3258691430091858,0.6659027934074402,-0.020364169031381607,0.2934630513191223,0.5900911092758179,-0.03588944301009178,0.2716515064239502,0.539554238319397,-0.04861636087298393,0.2551785111427307,0.49445074796676636,-0.05950712040066719,0.3613438308238983,0.6457142233848572,-0.025494609028100967,0.35684001445770264,0.5473533868789673,-0.0402383916079998,0.3563295006752014,0.4817299246788025,-0.054218459874391556,0.35746634006500244,0.4264355003833771,-0.0652843490242958,0.39490410685539246,0.647907018661499,-0.03397463262081146,0.4027588963508606,0.5527697801589966,-0.05492018163204193,0.403974711894989,0.49081671237945557,-0.07280655950307846,0.40340983867645264,0.43472206592559814,-0.08581215888261795,0.4269692599773407,0.6673009991645813,-0.043932631611824036,0.4543393850326538,0.6011155843734741,-0.06645890325307846,0.47027841210365295,0.5524692535400391,-0.08012482523918152,0.48139938712120056,0.5056577920913696,-0.08994729816913605,Hello
0.4205935001373291,0.857421338558197,4.6961625344010827e-07,0.3574371933937073,0.8499596118927002,-0.021118033677339554,0.301216185092926,0.7939927577972412,-0.030237242579460144,0.26603925228118896,0.7458134889602661,-0.03800274804234505,0.23302015662193298,0.7193873524665833,-0.04687707871198654,0.32653799653053284,0.667881429195404,-0.022109245881438255,0.29401445388793945,0.592499852180481,-0.038921527564525604,0.2719050645828247,0.5415829420089722,-0.05263875052332878,0.2551976442337036,0.4957548975944519,-0.06409825384616852,0.36214280128479004,0.6474348306655884,-0.02749788761138916,0.3578419089317322,0.5489294528961182,-0.04279547929763794,0.35662156343460083,0.4831019639968872,-0.05713585764169693,0.35680091381073,0.42739012837409973,-0.06858822703361511,0.395793080329895,0.6497664451599121,-0.03616683930158615,0.40429025888442993,0.5549914240837097,-0.05700657144188881,0.4049777090549469,0.4932487905025482,-0.07450716197490692,0.40364179015159607,0.4377838373184204,-0.0873836800456047,0.42761847376823425,0.6699032187461853,-0.04636712372303009,0.4548889398574829,0.6038388013839722,-0.06842223554849625,0.4699952006340027,0.5550849437713623,-0.08152036368846893,0.4803495407104492,0.5085306167602539,-0.09101215749979019,Hello
0.42064762115478516,0.8572452664375305,4.6207520654206746e-07,0.35724714398384094,0.8497946262359619,-0.020484212785959244,0.30075597763061523,0.7920314073562622,-0.027988404035568237,0.2663688063621521,0.743670642375946,-0.034205250442028046,0.2345370501279831,0.718828022480011,-0.041462868452072144,0.3268561065196991,0.6665802001953125,-0.018974145874381065,0.29498258233070374,0.5915137529373169,-0.03416164964437485,0.27329760789871216,0.5410736799240112,-0.04685163497924805,0.2569044828414917,0.4962766766548157,-0.05765742436051369,0.36266282200813293,0.645897388458252,-0.023989835754036903,0.35882532596588135,0.5475319623947144,-0.03772773593664169,0.3580765426158905,0.48223572969436646,-0.05121647194027901,0.3587934374809265,0.4279932677745819,-0.06202409043908119,0.3965432345867157,0.6477617025375366,-0.032378003001213074,0.4046012759208679,0.5540323853492737,-0.05191439390182495,0.40541785955429077,0.4931486248970032,-0.06903873383998871,0.404367595911026,0.43867257237434387,-0.0816902220249176,0.42873334884643555,0.6671891808509827,-0.042327918112277985,0.45538392663002014,0.6023315787315369,-0.06355922669172287,0.4704228341579437,0.5547144412994385,-0.07647319883108139,0.4809321165084839,0.5092936754226685,-0.08584216237068176,Hello
0.41937997937202454,0.8578516244888306,4.564165010378929e-07,0.3559713065624237,0.8500099182128906,-0.020610809326171875,0.2999090254306793,0.792949914932251,-0.029046136885881424,0.2655426263809204,0.7446491122245789,-0.0361698642373085,0.23303695023059845,0.7187971472740173,-0.044451117515563965,0.3249455392360687,0.6692260503768921,-0.020931340754032135,0.2925313413143158,0.5939035415649414,-0.037280187010765076,0.2703353762626648,0.5432408452033997,-0.05071878433227539,0.2534772753715515,0.4977658987045288,-0.06197437271475792,0.3600882589817047,0.6490023732185364,-0.026245564222335815,0.3557571768760681,0.5503989458084106,-0.040826376527547836,0.35415056347846985,0.4853057861328125,-0.05483107641339302,0.3539881408214569,0.4306720793247223,-0.06608667224645615,0.3932836055755615,0.6513293981552124,-0.034821558743715286,0.4021380543708801,0.5571402907371521,-0.05467323213815689,0.4029507339000702,0.4948534667491913,-0.07194148749113083,0.4017579257488251,0.438846617937088,-0.08488636463880539,0.4247743487358093,0.6713505983352661,-0.04494273662567139,0.452085018157959,0.6062280535697937,-0.0660710409283638,0.4671991765499115,0.5580728650093079,-0.0787738785147667,0.47767895460128784,0.511949896812439,-0.08817538619041443,Hello
0.36558473110198975,0.8139294981956482,4.552334189611429e-07,0.308931827545166,0.8076744079589844,-0.01874828338623047,0.2568349540233612,0.7608479261398315,-0.02819339744746685,0.22657334804534912,0.7200279235839844,-0.03655105084180832,0.19883206486701965,0.6914514899253845,-0.045613184571266174,0.2731422781944275,0.6299738883972168,-0.021451933309435844,0.2433910071849823,0.5566545128822327,-0.03799356892704964,0.22314608097076416,0.5097633004188538,-0.050967153161764145,0.2068391740322113,0.46909254789352417,-0.06122956797480583,0.30575037002563477,0.6110634207725525,-0.027040628716349602,0.30099859833717346,0.516319990158081,-0.042606454342603683,0.29952213168144226,0.454674631357193,-0.056301299482584,0.29886168241500854,0.4040101170539856,-0.06664800643920898,0.33733224868774414,0.6121715307235718,-0.03555890917778015,0.3403607904911041,0.5253309607505798,-0.055772051215171814,0.3393439054489136,0.46794140338897705,-0.07200384140014648,0.33705881237983704,0.4174804091453552,-0.08343292772769928,0.3677072823047638,0.6294169425964355,-0.04543885216116905,0.38950586318969727,0.5646194219589233,-0.06594881415367126,0.4033719301223755,0.5193494558334351,-0.07760974764823914,0.4135891795158386,0.4774065613746643,-0.08559389412403107,Hello
0.35863593220710754,0.8178380131721497,4.361797323326755e-07,0.301932692527771,0.8090295195579529,-0.016300395131111145,0.25106075406074524,0.7605950236320496,-0.02468174882233143,0.22127363085746765,0.720551609992981,-0.032627180218696594,0.19324347376823425,0.6929782629013062,-0.04150158166885376,0.2667939364910126,0.6331425905227661,-0.018791932612657547,0.23643159866333008,0.5614688992500305,-0.03507636860013008,0.2155178189277649,0.5156869888305664,-0.048117417842149734,0.19845286011695862,0.47553086280822754,-0.05850793048739433,0.29892122745513916,0.6147114038467407,-0.025731947273015976,0.2935163676738739,0.5208264589309692,-0.041494376957416534,0.2914555072784424,0.4590911269187927,-0.05580383166670799,0.28988856077194214,0.4074649214744568,-0.06660907715559006,0.330051451921463,0.6162034869194031,-0.035447731614112854,0.3330667018890381,0.52940833568573,-0.05615432932972908,0.33190450072288513,0.4716600179672241,-0.07303782552480698,0.32873424887657166,0.4204602837562561,-0.08485835790634155,0.3599064350128174,0.6337255835533142,-0.04627423733472824,0.38205036520957947,0.567963182926178,-0.06715647131204605,0.3961571753025055,0.5221007466316223,-0.07910270243883133,0.4060724377632141,0.47950631380081177,-0.08736704289913177,Hello
0.35951194167137146,0.817226767539978,4.361953358511528e-07,0.3037182092666626,0.8098440766334534,-0.017340360209345818,0.2528213858604431,0.76113361120224,-0.025546951219439507,0.22355787456035614,0.7192580103874207,-0.03292154148221016,0.19586460292339325,0.6904345154762268,-0.04117405414581299,0.26785847544670105,0.6317722797393799,-0.019801585003733635,0.23776116967201233,0.5600087642669678,-0.035980284214019775,0.21714083850383759,0.5136641263961792,-0.04870755597949028,0.2008219063282013,0.4727685749530792,-0.05907411128282547,0.29985639452934265,0.6136788129806519,-0.02604752592742443,0.29447096586227417,0.5206754207611084,-0.041908856481313705,0.29318830370903015,0.4593914747238159,-0.056278374046087265,0.29287582635879517,0.4082074761390686,-0.06726096570491791,0.3307339549064636,0.6159144639968872,-0.03511277213692665,0.3338179886341095,0.5309166312217712,-0.05614999681711197,0.33285850286483765,0.4735066890716553,-0.07342332601547241,0.33032795786857605,0.42252734303474426,-0.0856390967965126,0.36048638820648193,0.6343343257904053,-0.045341793447732925,0.3823256194591522,0.5703410506248474,-0.06692599505186081,0.3960835933685303,0.5251266956329346,-0.07975219935178757,0.40584415197372437,0.4826575517654419,-0.08872098475694656,Hello
0.5460282564163208,0.7871848344802856,4.762074752306944e-07,0.4822596311569214,0.7611488103866577,-0.022278135642409325,0.4299722909927368,0.6947576999664307,-0.03267084062099457,0.39843589067459106,0.6356073617935181,-0.04188552871346474,0.36386582255363464,0.5984737873077393,-0.05177632346749306,0.4808529317378998,0.567721426486969,-0.02062583528459072,0.45885133743286133,0.48331698775291443,-0.03731141239404678,0.44553452730178833,0.42840060591697693,-0.05110740289092064,0.43594270944595337,0.3790362775325775,-0.06284136325120926,0.523270308971405,0.5541702508926392,-0.026749232783913612,0.5312371850013733,0.4551934599876404,-0.04101072996854782,0.5393006801605225,0.38829559087753296,-0.05472986772656441,0.5466242432594299,0.33149728178977966,-0.06583860516548157,0.5603834390640259,0.5670038461685181,-0.03666260093450546,0.5803526639938354,0.48092174530029297,-0.05738498270511627,0.5907833576202393,0.4232548475265503,-0.0742381140589714,0.5975542068481445,0.36901819705963135,-0.08652859181165695,0.5933648347854614,0.598344087600708,-0.048454202711582184,0.6277859210968018,0.5464865565299988,-0.07141228765249252,0.6486858129501343,0.5079447627067566,-0.08424225449562073,0.664614200592041,0.46751290559768677,-0.09302045404911041,Hello
0.5498343110084534,0.7848307490348816,4.57457616676038e-07,0.4841650128364563,0.7584946155548096,-0.022887589409947395,0.4314258098602295,0.6929610371589661,-0.033328332006931305,0.4006456136703491,0.6356807351112366,-0.042269255965948105,0.36902543902397156,0.5960361957550049,-0.05184972658753395,0.4860633611679077,0.5676469206809998,-0.021912705153226852,0.46322202682495117,0.48252245783805847,-0.039022915065288544,0.45020678639411926,0.42656898498535156,-0.05289600417017937,0.4416252076625824,0.37693116068840027,-0.06447939574718475,0.5292913317680359,0.554660439491272,-0.027301868423819542,0.5368585586547852,0.45395103096961975,-0.04165053367614746,0.5442426800727844,0.38780447840690613,-0.05544775351881981,0.5512983202934265,0.3319806456565857,-0.06649849563837051,0.566790759563446,0.5672041773796082,-0.036393530666828156,0.5856146812438965,0.47779273986816406,-0.05694151669740677,0.5954378843307495,0.4206010103225708,-0.0732574611902237,0.6022495627403259,0.36716228723526,-0.0850696936249733,0.6001646518707275,0.5982422828674316,-0.047351643443107605,0.6333653926849365,0.5463312864303589,-0.06987226754426956,0.6526197195053101,0.50749272108078,-0.0822782889008522,0.6675683856010437,0.4669395387172699,-0.09068284183740616,Hello
0.5514472723007202,0.7861582636833191,4.701483931057737e-07,0.48616379499435425,0.7586104869842529,-0.022927874699234962,0.4346247613430023,0.6950793266296387,-0.034582678228616714,0.4044541120529175,0.6381462216377258,-0.04501408338546753,0.37296292185783386,0.5990409255027771,-0.056181780993938446,0.49037832021713257,0.5713108777999878,-0.024666815996170044,0.4677390456199646,0.48494136333465576,-0.04291404411196709,0.4549642503261566,0.42861735820770264,-0.05740395188331604,0.44675764441490173,0.37887313961982727,-0.06930941343307495,0.5331342220306396,0.5596369504928589,-0.030618321150541306,0.5416257381439209,0.45743846893310547,-0.046254102140665054,0.550003170967102,0.39085647463798523,-0.060595493763685226,0.5576223731040955,0.3348219394683838,-0.07194443047046661,0.5703527331352234,0.5727264881134033,-0.04011302441358566,0.5907176733016968,0.4819609224796295,-0.06127452477812767,0.601363480091095,0.42467716336250305,-0.0777837336063385,0.608473539352417,0.37137603759765625,-0.08968706429004669,0.6036763191223145,0.6040610671043396,-0.0514366552233696,0.6382491588592529,0.5505044460296631,-0.07373183965682983,0.6584537029266357,0.5108736753463745,-0.0857505276799202,0.6738705635070801,0.47007638216018677,-0.09396257996559143,Hello
0.5557329654693604,0.789147138595581,4.5925310132588493e-07,0.4898974299430847,0.7624711394309998,-0.023987166583538055,0.43693602085113525,0.6970140933990479,-0.035863883793354034,0.40726035833358765,0.638164222240448,-0.04618534818291664,0.3758161962032318,0.5984653234481812,-0.05727279931306839,0.49527278542518616,0.5768100023269653,-0.026433292776346207,0.47295403480529785,0.49051380157470703,-0.045665740966796875,0.4601883888244629,0.43294256925582886,-0.06077313795685768,0.4519507884979248,0.3819483518600464,-0.07312949001789093,0.538759171962738,0.5645812749862671,-0.03189289942383766,0.5474179983139038,0.462664932012558,-0.04862946271896362,0.5549281239509583,0.39621323347091675,-0.06365688145160675,0.5611876249313354,0.3394618034362793,-0.07551875710487366,0.5763044357299805,0.5768141746520996,-0.040864069014787674,0.594913899898529,0.48817142844200134,-0.06293999403715134,0.6046662926673889,0.4310154318809509,-0.07939563691616058,0.6111389994621277,0.37798261642456055,-0.09119894355535507,0.6096900105476379,0.606894314289093,-0.051732830703258514,0.6428953409194946,0.5534390211105347,-0.07432972639799118,0.6629613637924194,0.5147697925567627,-0.08597296476364136,0.6782019138336182,0.47516801953315735,-0.09396819025278091,Hello
0.5587372779846191,0.7929070591926575,4.6465945047202695e-07,0.4935946464538574,0.7670160531997681,-0.023938477039337158,0.4403436779975891,0.7001782655715942,-0.03509385883808136,0.4108314514160156,0.6412450075149536,-0.04448218271136284,0.3792001008987427,0.6029027700424194,-0.054577309638261795,0.4972072243690491,0.5800802111625671,-0.025820353999733925,0.47602933645248413,0.4925897419452667,-0.04349585995078087,0.4642307758331299,0.43535175919532776,-0.057263314723968506,0.4567101001739502,0.3850330710411072,-0.0688682347536087,0.5412002205848694,0.5686327815055847,-0.031112167984247208,0.5496647953987122,0.4672151803970337,-0.047011848539114,0.5579902529716492,0.4017176628112793,-0.06142248213291168,0.5650075674057007,0.34703707695007324,-0.072901651263237,0.5787690281867981,0.5815377235412598,-0.03994132578372955,0.5985140800476074,0.49232780933380127,-0.06201690435409546,0.6091257929801941,0.4362119436264038,-0.07901154458522797,0.6160402894020081,0.3835795521736145,-0.091233029961586,0.6116114854812622,0.6114457845687866,-0.050528768450021744,0.6450308561325073,0.5583496689796448,-0.07437579333782196,0.6654664278030396,0.5203125476837158,-0.08728862553834915,0.6808658838272095,0.48051717877388,-0.09610379487276077,Hello
0.6273325681686401,0.880163848400116,8.423530744039454e-07,0.5122924447059631,0.830752968788147,-0.05518203228712082,0.42317134141921997,0.7071107625961304,-0.08253108710050583,0.37184852361679077,0.5979907512664795,-0.10446509718894958,0.31404781341552734,0.521956741809845,-0.12685883045196533,0.5215745568275452,0.48702841997146606,-0.053731366991996765,0.48725566267967224,0.33431026339530945,-0.08958781510591507,0.46691572666168213,0.2373369336128235,-0.11894112080335617,0.4529598355293274,0.14723077416419983,-0.14257623255252838,0.6047511100769043,0.46774178743362427,-0.05809106305241585,0.6223962903022766,0.2862056791782379,-0.0881204903125763,0.6341650485992432,0.16731131076812744,-0.11635526269674301,0.6427237391471863,0.060739874839782715,-0.13919836282730103,0.6743454337120056,0.49257999658584595,-0.0699220523238182,0.7106384634971619,0.3346901834011078,-0.10804412513971329,0.7267760038375854,0.22805708646774292,-0.13681155443191528,0.7338508367538452,0.12617409229278564,-0.15768030285835266,0.7361009120941162,0.5476856827735901,-0.08621085435152054,0.7886985540390015,0.43778693675994873,-0.12286874651908875,0.8169959187507629,0.3625483512878418,-0.14059536159038544,0.8341960906982422,0.285966157913208,-0.153397798538208,Hello
0.6280708312988281,0.8792644143104553,8.713778925084625e-07,0.509610116481781,0.8303637504577637,-0.057755790650844574,0.41993820667266846,0.7120373845100403,-0.08757432550191879,0.3691016137599945,0.6061261296272278,-0.11151261627674103,0.3178308308124542,0.5238144397735596,-0.1357566863298416,0.5214545130729675,0.49122369289398193,-0.05921425670385361,0.48653772473335266,0.33721765875816345,-0.0980931743979454,0.4665800929069519,0.2386746108531952,-0.1292411983013153,0.45312410593032837,0.14725017547607422,-0.1538000851869583,0.6055469512939453,0.4716896414756775,-0.06318388879299164,0.6238217353820801,0.28844428062438965,-0.09662783890962601,0.6351248025894165,0.1690964698791504,-0.12694524228572845,0.6430914402008057,0.061315715312957764,-0.15080992877483368,0.6752027273178101,0.4961279332637787,-0.07464328408241272,0.7110031247138977,0.3361850380897522,-0.11563076078891754,0.7264131307601929,0.22754982113838196,-0.14585688710212708,0.7331734895706177,0.12408605217933655,-0.1672501266002655,0.7368990182876587,0.551348865032196,-0.09059689939022064,0.7898099422454834,0.43979325890541077,-0.12953592836856842,0.8180068135261536,0.3631901144981384,-0.1483241468667984,0.8352743983268738,0.28571683168411255,-0.1614157110452652,Hello
0.6333473920822144,0.8839816451072693,9.008804795485048e-07,0.5196120142936707,0.8340532779693604,-0.059600964188575745,0.4300682544708252,0.7169259786605835,-0.09089494496583939,0.3749781548976898,0.6132540106773376,-0.1160566657781601,0.3193308711051941,0.5342928171157837,-0.14135077595710754,0.5269449353218079,0.49704527854919434,-0.06055893003940582,0.49168556928634644,0.34366101026535034,-0.0999751016497612,0.47143569588661194,0.24505048990249634,-0.13125891983509064,0.4585322439670563,0.1529213786125183,-0.15588811039924622,0.6110900044441223,0.47668465971946716,-0.06353732943534851,0.6302765607833862,0.29403021931648254,-0.09697285294532776,0.6428934931755066,0.17430567741394043,-0.12670357525348663,0.6520122289657593,0.0662718415260315,-0.1502476930618286,0.6815394759178162,0.5004313588142395,-0.07419639080762863,0.7187350392341614,0.3402283787727356,-0.11546704173088074,0.7345150113105774,0.23215070366859436,-0.1447770595550537,0.7408838272094727,0.12902459502220154,-0.1653696745634079,0.7445790767669678,0.5548831224441528,-0.08951731771230698,0.7979249358177185,0.44288599491119385,-0.1284763514995575,0.8261348605155945,0.366422176361084,-0.14666664600372314,0.8421865701675415,0.28916066884994507,-0.15926788747310638,Hello
0.634586751461029,0.8961747884750366,9.414022770215524e-07,0.519131064414978,0.845870852470398,-0.06439126282930374,0.4310750365257263,0.7312455177307129,-0.09897954016923904,0.3773474097251892,0.6275872588157654,-0.12677542865276337,0.324360191822052,0.5430607795715332,-0.15413622558116913,0.5298048257827759,0.5022806525230408,-0.06383877247571945,0.4933817982673645,0.34662604331970215,-0.10604474693536758,0.47261184453964233,0.24563246965408325,-0.13954220712184906,0.4593081474304199,0.15184009075164795,-0.1655266284942627,0.6147885322570801,0.4818195700645447,-0.06574708968400955,0.6329103708267212,0.2990233898162842,-0.10224919766187668,0.6456109881401062,0.1783744990825653,-0.13391602039337158,0.6548596620559692,0.07026901841163635,-0.1583639532327652,0.6857692003250122,0.5056547522544861,-0.0760006457567215,0.7215011119842529,0.34654438495635986,-0.12003310024738312,0.737044632434845,0.23711994290351868,-0.15066394209861755,0.7440121173858643,0.133095383644104,-0.17166461050510406,0.7492074370384216,0.5608171820640564,-0.09141307324171066,0.8019108772277832,0.4489459991455078,-0.13262112438678741,0.8301821947097778,0.3717964291572571,-0.1521037071943283,0.8467708826065063,0.2941456735134125,-0.16519546508789062,Hello
0.631220281124115,0.9029922485351562,9.405533774042851e-07,0.515916645526886,0.8495064973831177,-0.06230797618627548,0.4301060438156128,0.735778272151947,-0.09668654948472977,0.37828996777534485,0.6314371824264526,-0.1248435229063034,0.32543542981147766,0.5476022362709045,-0.1529110223054886,0.5323078036308289,0.5084193348884583,-0.06377876549959183,0.49724262952804565,0.35260915756225586,-0.10661260783672333,0.4754534661769867,0.25040924549102783,-0.14082874357700348,0.46092960238456726,0.1545187532901764,-0.16747453808784485,0.6179702281951904,0.4887898564338684,-0.06701723486185074,0.638289213180542,0.3064495325088501,-0.10367464274168015,0.6512883901596069,0.18467122316360474,-0.1355040818452835,0.660408616065979,0.07516977190971375,-0.16032052040100098,0.6893353462219238,0.514201283454895,-0.07828507572412491,0.7265782952308655,0.35457679629325867,-0.12216183543205261,0.741908609867096,0.2449365258216858,-0.15217125415802002,0.7489575743675232,0.14134851098060608,-0.17283321917057037,0.7524247765541077,0.571352481842041,-0.09457899630069733,0.8067559599876404,0.4592280387878418,-0.13537423312664032,0.8357109427452087,0.38011565804481506,-0.15429171919822693,0.8535969257354736,0.3014225363731384,-0.16706424951553345,Hello
0.6318129301071167,0.9078259468078613,9.04503963283787e-07,0.5173974633216858,0.854607880115509,-0.060928504914045334,0.4310608506202698,0.7383148074150085,-0.09366084635257721,0.37931448221206665,0.6332173943519592,-0.12048053741455078,0.32587364315986633,0.5517092347145081,-0.14748108386993408,0.5335637331008911,0.5137215852737427,-0.06142663210630417,0.49735522270202637,0.3574182391166687,-0.10327038913965225,0.47527214884757996,0.2540384531021118,-0.13700558245182037,0.4603997468948364,0.1580112874507904,-0.1633717119693756,0.6188557147979736,0.49405205249786377,-0.06476760655641556,0.6399741768836975,0.3114307224750519,-0.10079441964626312,0.6525467038154602,0.1901130974292755,-0.1327502578496933,0.6614179611206055,0.08071854710578918,-0.1577301025390625,0.6898719072341919,0.5186176300048828,-0.07599815726280212,0.7284234762191772,0.3593010902404785,-0.11934427917003632,0.7433988451957703,0.2506481111049652,-0.14971435070037842,0.7498266696929932,0.14751097559928894,-0.17079848051071167,0.7532212138175964,0.5743297934532166,-0.09213900566101074,0.8090600967407227,0.4632260203361511,-0.1324864625930786,0.8386023044586182,0.38623183965682983,-0.15118034183979034,0.8565772771835327,0.30843573808670044,-0.1639755368232727,Hello
0.6362779140472412,0.9234870076179504,9.150281243819336e-07,0.521597683429718,0.8703004121780396,-0.06088125333189964,0.4317724108695984,0.7585960626602173,-0.09511549770832062,0.3768191337585449,0.6546424031257629,-0.12354776263237,0.3239862024784088,0.5708541870117188,-0.15215757489204407,0.5355389714241028,0.5244088172912598,-0.06325452774763107,0.49771904945373535,0.3668387532234192,-0.10591242462396622,0.47413766384124756,0.26231953501701355,-0.14050844311714172,0.4574448764324188,0.1653125286102295,-0.16751782596111298,0.6214128732681274,0.504284679889679,-0.0671854019165039,0.6421120166778564,0.3186261057853699,-0.1031397208571434,0.6549833416938782,0.19570711255073547,-0.13470084965229034,0.663976788520813,0.0862976610660553,-0.15951503813266754,0.6931018829345703,0.5305627584457397,-0.07895509153604507,0.7311981320381165,0.3678721785545349,-0.12145092338323593,0.746462345123291,0.2573680877685547,-0.15115948021411896,0.7534841299057007,0.1537078619003296,-0.17216823995113373,0.7571249008178711,0.5892410278320312,-0.09576723724603653,0.8137532472610474,0.47739604115486145,-0.13573934137821198,0.8435099720954895,0.3984059691429138,-0.15430593490600586,0.8621867895126343,0.3197095990180969,-0.16703873872756958,Hello
0.6373872756958008,0.9385795593261719,9.456532552576391e-07,0.5232849717140198,0.8828743696212769,-0.06172553822398186,0.4355500340461731,0.7700084447860718,-0.09751571714878082,0.3793178200721741,0.6662304997444153,-0.1275508999824524,0.3246399164199829,0.581014096736908,-0.1577443927526474,0.5374671220779419,0.5376154780387878,-0.06494913250207901,0.5003882050514221,0.3764340877532959,-0.10880202800035477,0.4775679409503937,0.2705913782119751,-0.14412575960159302,0.460686594247818,0.17281603813171387,-0.17140886187553406,0.6241424083709717,0.5192735195159912,-0.06902063637971878,0.6460844874382019,0.33019161224365234,-0.10635029524564743,0.6599341630935669,0.20550578832626343,-0.13891156017780304,0.6693744659423828,0.09443297982215881,-0.16416440904140472,0.6968289017677307,0.5466158986091614,-0.0808657705783844,0.7347093820571899,0.3836306929588318,-0.12415150552988052,0.7510711550712585,0.27070584893226624,-0.15411309897899628,0.7592166662216187,0.16562417149543762,-0.17504039406776428,0.7616220116615295,0.6055542230606079,-0.09772302210330963,0.816874086856842,0.4917827844619751,-0.13686290383338928,0.8465164303779602,0.4118345379829407,-0.15428045392036438,0.8654236197471619,0.333077073097229,-0.1663043349981308,Hello
0.6374236345291138,0.9379416108131409,9.510140444035642e-07,0.5222368836402893,0.8812098503112793,-0.059023745357990265,0.4325017035007477,0.7686478495597839,-0.09330430626869202,0.37525224685668945,0.6657705903053284,-0.12221244722604752,0.3216724693775177,0.582251250743866,-0.15130580961704254,0.5360225439071655,0.5367950201034546,-0.06300567090511322,0.49826672673225403,0.3763541877269745,-0.10597172379493713,0.4753468632698059,0.27077218890190125,-0.1404077261686325,0.4587830901145935,0.17338261008262634,-0.16707918047904968,0.6224803924560547,0.5183416604995728,-0.06800394505262375,0.6430522203445435,0.32840269804000854,-0.10479114204645157,0.6573808789253235,0.20289850234985352,-0.13699007034301758,0.6677107214927673,0.09124529361724854,-0.16185525059700012,0.69525146484375,0.5454441905021667,-0.08051527291536331,0.7312425971031189,0.3811778724193573,-0.12394637614488602,0.7474944591522217,0.2688756287097931,-0.15419729053974152,0.7557659149169922,0.16391772031784058,-0.1750471293926239,0.7605044841766357,0.604013204574585,-0.09768635034561157,0.8161349296569824,0.48918986320495605,-0.13747794926166534,0.8460119366645813,0.4094381332397461,-0.15540218353271484,0.8652173280715942,0.33028358221054077,-0.1674717366695404,Hello
0.6419085264205933,0.949894368648529,9.82488472800469e-07,0.5268920660018921,0.8907102346420288,-0.061929941177368164,0.4382745325565338,0.7785145044326782,-0.0981879010796547,0.3790222406387329,0.6773867011070251,-0.12873239815235138,0.3244238793849945,0.5921422839164734,-0.15942513942718506,0.5427898168563843,0.5471651554107666,-0.06564337015151978,0.5034062266349792,0.38587480783462524,-0.1106039360165596,0.4788171648979187,0.2793426811695099,-0.14671927690505981,0.4610649347305298,0.18085938692092896,-0.17431941628456116,0.6293095350265503,0.5280887484550476,-0.06974463164806366,0.6495922207832336,0.3381318151950836,-0.10785191506147385,0.6628649234771729,0.21015498042106628,-0.14068475365638733,0.6723495125770569,0.09716072678565979,-0.1659947782754898,0.7023722529411316,0.5556791424751282,-0.08173853158950806,0.7389346361160278,0.3926127552986145,-0.1255752444267273,0.7544825673103333,0.2777252793312073,-0.15594327449798584,0.7623228430747986,0.17118626832962036,-0.1769932210445404,0.7674355506896973,0.6149166822433472,-0.09876857697963715,0.8233421444892883,0.501822292804718,-0.13814416527748108,0.8529046773910522,0.42096036672592163,-0.15587064623832703,0.8722151517868042,0.3405344486236572,-0.1680283546447754,Hello
0.6411132216453552,0.9445297718048096,9.668367511039833e-07,0.5267112255096436,0.888704776763916,-0.061689216643571854,0.4373222291469574,0.7784218788146973,-0.0983782708644867,0.3788021504878998,0.6771637797355652,-0.12930427491664886,0.3239282965660095,0.5933840274810791,-0.16057556867599487,0.5419085025787354,0.5466734170913696,-0.0683426633477211,0.5030325651168823,0.3853728473186493,-0.11367055773735046,0.4793385863304138,0.27824166417121887,-0.14963994920253754,0.46228522062301636,0.17929905652999878,-0.17711834609508514,0.6283610463142395,0.5271530151367188,-0.07246312499046326,0.6499214768409729,0.33698099851608276,-0.11112277954816818,0.6635693907737732,0.21052417159080505,-0.14405927062034607,0.6731612682342529,0.09843382239341736,-0.1693766713142395,0.7012196779251099,0.5546678900718689,-0.08407332748174667,0.7393012642860413,0.390653133392334,-0.12850463390350342,0.7545536756515503,0.27653631567955017,-0.15907138586044312,0.761987566947937,0.1711348593235016,-0.18016092479228973,0.7662118673324585,0.6147313714027405,-0.10055509954690933,0.8229954242706299,0.5015946626663208,-0.14080695807933807,0.8533310890197754,0.420694500207901,-0.15888948738574982,0.8731204867362976,0.34095537662506104,-0.17107859253883362,Hello
0.6478602290153503,0.9610671997070312,9.982909432437737e-07,0.5338934659957886,0.9096289277076721,-0.06401008367538452,0.4414868950843811,0.7979639768600464,-0.10110203176736832,0.3814713954925537,0.6939793825149536,-0.13181108236312866,0.32563677430152893,0.6094436049461365,-0.16260512173175812,0.5447739362716675,0.5624101161956787,-0.07123187929391861,0.5067610144615173,0.39760684967041016,-0.11703362315893173,0.4829862713813782,0.2906898558139801,-0.1526457667350769,0.465292751789093,0.19230005145072937,-0.17958414554595947,0.632292628288269,0.5431750416755676,-0.07445887476205826,0.6555051803588867,0.3495731055736542,-0.11350660771131516,0.669008195400238,0.2210390567779541,-0.1461218297481537,0.6781004667282104,0.10709989070892334,-0.17111830413341522,0.7058365941047668,0.5707325339317322,-0.085419200360775,0.7460067868232727,0.4075780510902405,-0.1302768886089325,0.7621023654937744,0.2916775345802307,-0.1608961522579193,0.7699751257896423,0.1846226453781128,-0.1819637268781662,0.7716257572174072,0.6302391290664673,-0.10142719745635986,0.8294513821601868,0.5169379115104675,-0.14205047488212585,0.8601647615432739,0.43566060066223145,-0.16022440791130066,0.8801734447479248,0.35500088334083557,-0.17246444523334503,Hello
0.6444553732872009,0.9563554525375366,9.956308986147633e-07,0.5292709469795227,0.902752161026001,-0.06355182826519012,0.441030889749527,0.7918595671653748,-0.10038087517023087,0.384357750415802,0.6871376633644104,-0.13080957531929016,0.3291485011577606,0.6008573174476624,-0.16131740808486938,0.5469936728477478,0.5607876777648926,-0.07089295983314514,0.5083534717559814,0.3953401744365692,-0.11623223125934601,0.4841892719268799,0.28882870078086853,-0.1515910029411316,0.46656668186187744,0.19086480140686035,-0.17829419672489166,0.6340758204460144,0.5420755743980408,-0.07387620955705643,0.6578877568244934,0.34774503111839294,-0.11183951050043106,0.6712321639060974,0.22009813785552979,-0.1438586562871933,0.6799454689025879,0.10680550336837769,-0.16863316297531128,0.7066863179206848,0.5694175958633423,-0.08447201550006866,0.749135434627533,0.4026559591293335,-0.12840205430984497,0.7648426294326782,0.2885866165161133,-0.1583276242017746,0.7717481255531311,0.18241846561431885,-0.17915280163288116,0.7708887457847595,0.6292846202850342,-0.10006953030824661,0.8303545117378235,0.5165069103240967,-0.14049485325813293,0.8614104986190796,0.43585020303726196,-0.15848709642887115,0.8813772201538086,0.35465866327285767,-0.1705535501241684,Hello
0.6453484892845154,0.9596219062805176,9.587009799361113e-07,0.5314762592315674,0.9061729907989502,-0.06112327799201012,0.441972553730011,0.7899502515792847,-0.09598822146654129,0.3844797611236572,0.6840131282806396,-0.12520261108875275,0.3265177309513092,0.6031504273414612,-0.15469592809677124,0.5481645464897156,0.558875560760498,-0.06609982997179031,0.5102581977844238,0.39526912569999695,-0.11000850051641464,0.4862387478351593,0.2872965633869171,-0.14477014541625977,0.46903568506240845,0.1886211335659027,-0.17159833014011383,0.6334589719772339,0.5396806597709656,-0.07017471641302109,0.6565619707107544,0.3493543863296509,-0.10759609937667847,0.6698209047317505,0.22194865345954895,-0.13940757513046265,0.6787679195404053,0.11063253879547119,-0.16417890787124634,0.7053307294845581,0.5663380026817322,-0.08194660395383835,0.7451561689376831,0.4035351276397705,-0.1250089854001999,0.7616846561431885,0.29083308577537537,-0.15476341545581818,0.7697828412055969,0.18697407841682434,-0.175739124417305,0.7695192694664001,0.6248738765716553,-0.0988069698214531,0.8287338018417358,0.514481782913208,-0.13804097473621368,0.859223484992981,0.4342916011810303,-0.15649493038654327,0.8790227174758911,0.3550848960876465,-0.16943198442459106,Hello
0.6438637971878052,0.9589754343032837,9.841378414421342e-07,0.5298692584037781,0.9021438360214233,-0.06247467175126076,0.44224074482917786,0.7893907427787781,-0.0988740473985672,0.3845631182193756,0.6870096325874329,-0.12928970158100128,0.330361932516098,0.6021983623504639,-0.15988552570343018,0.5481513142585754,0.5613489151000977,-0.06913673877716064,0.5103104114532471,0.39731669425964355,-0.11455611884593964,0.4865339398384094,0.2904611825942993,-0.15002954006195068,0.4693755507469177,0.1918492317199707,-0.17688074707984924,0.6345612406730652,0.5426568984985352,-0.07279739528894424,0.6593376398086548,0.35014575719833374,-0.11110227555036545,0.6728006601333618,0.2219240367412567,-0.14346300065517426,0.6812434196472168,0.10835516452789307,-0.16843006014823914,0.7066882252693176,0.5699056386947632,-0.08410008251667023,0.7484442591667175,0.40815576910972595,-0.1277134269475937,0.764614999294281,0.29380765557289124,-0.1576138734817505,0.7718177437782288,0.18780437111854553,-0.17839793860912323,0.7704353332519531,0.6289074420928955,-0.10046729445457458,0.8293892741203308,0.5168616771697998,-0.13949763774871826,0.8598781824111938,0.43594643473625183,-0.1569657176733017,0.8795535564422607,0.35553741455078125,-0.16898056864738464,Hello
0.6507402062416077,0.9499413967132568,9.884928431347362e-07,0.5361339449882507,0.8974417448043823,-0.06590697914361954,0.44678738713264465,0.7884008288383484,-0.10536865144968033,0.3868338167667389,0.6855553984642029,-0.13833890855312347,0.32840028405189514,0.6044788360595703,-0.17170360684394836,0.5529785752296448,0.5567359924316406,-0.07541948556900024,0.5141907930374146,0.3937332332134247,-0.12339159101247787,0.4901012182235718,0.28669866919517517,-0.16072599589824677,0.4727841317653656,0.1884334683418274,-0.18875056505203247,0.6386538147926331,0.5369590520858765,-0.07792448997497559,0.6626900434494019,0.3466698229312897,-0.11848003417253494,0.6759858727455139,0.21890342235565186,-0.15167509019374847,0.6843018531799316,0.10646340250968933,-0.17713886499404907,0.7104772329330444,0.5644208788871765,-0.088201142847538,0.7520630955696106,0.4029051661491394,-0.13352011144161224,0.7685582041740417,0.28927457332611084,-0.1640966832637787,0.7764304280281067,0.18428343534469604,-0.1852441281080246,0.7740331292152405,0.624335765838623,-0.10376814752817154,0.8337931632995605,0.513547420501709,-0.14447292685508728,0.8646799921989441,0.43321967124938965,-0.16304120421409607,0.8848036527633667,0.3536202311515808,-0.17568224668502808,Hello
0.653862714767456,0.94804847240448,1.0040038205261226e-06,0.539694607257843,0.893492579460144,-0.06273186206817627,0.44962453842163086,0.7857623100280762,-0.10026570409536362,0.38958096504211426,0.6841660141944885,-0.13177081942558289,0.33271315693855286,0.600559651851654,-0.16330716013908386,0.5516342520713806,0.5549330115318298,-0.06950134038925171,0.5130531787872314,0.39248454570770264,-0.11475832015275955,0.4892546236515045,0.28665533661842346,-0.15004223585128784,0.4722684621810913,0.18909376859664917,-0.17671407759189606,0.6375453472137451,0.5350595712661743,-0.0729793831706047,0.6600828170776367,0.3428390622138977,-0.11078550666570663,0.6734581589698792,0.21542012691497803,-0.14246059954166412,0.6825379133224487,0.10339125990867615,-0.16687846183776855,0.7098878622055054,0.5617631673812866,-0.08411169797182083,0.7497222423553467,0.3982824683189392,-0.127516970038414,0.7658519148826599,0.2857774496078491,-0.1571418046951294,0.7735739350318909,0.1820927858352661,-0.1775723397731781,0.7746524214744568,0.6205216646194458,-0.10028646886348724,0.8331437110900879,0.5084953308105469,-0.13965241611003876,0.8637365102767944,0.4286235272884369,-0.1572958081960678,0.8835341930389404,0.35011959075927734,-0.16911593079566956,Hello
0.6563371419906616,0.9472100138664246,9.896025403577369e-07,0.5419776439666748,0.8984431028366089,-0.06591259688138962,0.449451744556427,0.7881941795349121,-0.10474769026041031,0.3901226818561554,0.6829942464828491,-0.13681241869926453,0.33361777663230896,0.598375141620636,-0.16904431581497192,0.5522577166557312,0.5548837184906006,-0.07619715481996536,0.51357501745224,0.3915289640426636,-0.12328404933214188,0.4898117482662201,0.2843416631221771,-0.1595582813024521,0.4722578525543213,0.18624752759933472,-0.18699224293231964,0.6379023194313049,0.5340878367424011,-0.07857326418161392,0.6611465811729431,0.3438159227371216,-0.11912616342306137,0.6746453046798706,0.2165604829788208,-0.15196514129638672,0.6832623481750488,0.10419195890426636,-0.17703452706336975,0.7095081806182861,0.5605789422988892,-0.08860727399587631,0.7498911619186401,0.3983736038208008,-0.1348889023065567,0.7658068537712097,0.2852265536785126,-0.16582569479942322,0.7734315991401672,0.1805938482284546,-0.18699921667575836,0.7730706334114075,0.6191390752792358,-0.1037554070353508,0.8318685293197632,0.5086402893066406,-0.14600326120853424,0.8630406856536865,0.4293254613876343,-0.1653158962726593,0.8837223052978516,0.3503045439720154,-0.1782064139842987,Hello
0.6449019908905029,0.9508849382400513,9.802515705814585e-07,0.5298224687576294,0.8945629596710205,-0.060840070247650146,0.4417324364185333,0.7831829786300659,-0.09660648554563522,0.38596832752227783,0.6792685389518738,-0.12670423090457916,0.33156827092170715,0.5959346890449524,-0.15713846683502197,0.5476415753364563,0.5544883608818054,-0.06713729351758957,0.5099884867668152,0.39174169301986694,-0.11156196147203445,0.486815482378006,0.28492307662963867,-0.1466786414384842,0.47031670808792114,0.18690845370292664,-0.17343470454216003,0.6335826516151428,0.5354457497596741,-0.0714949294924736,0.6567737460136414,0.34448665380477905,-0.10931197553873062,0.6701204180717468,0.217025488615036,-0.1415276676416397,0.679161548614502,0.1054629385471344,-0.1663530170917511,0.7059075236320496,0.5626856684684753,-0.08336692303419113,0.7462465763092041,0.3992060124874115,-0.1269725114107132,0.7622233629226685,0.28543001413345337,-0.15734797716140747,0.7699847221374512,0.1806834638118744,-0.17845822870731354,0.7704427242279053,0.621971845626831,-0.1001097559928894,0.8298341035842896,0.5100734233856201,-0.13985204696655273,0.8609566688537598,0.42992255091667175,-0.15807810425758362,0.8814879059791565,0.3507499098777771,-0.17045879364013672,Hello
0.6445605158805847,0.9525876045227051,9.846305601968197e-07,0.5317956209182739,0.8997037410736084,-0.06320260465145111,0.443584680557251,0.7885456085205078,-0.1000114306807518,0.38660329580307007,0.684287428855896,-0.1307132989168167,0.3284112513065338,0.6044724583625793,-0.16189463436603546,0.5471937656402588,0.5589983463287354,-0.07097321003675461,0.5098459720611572,0.39594021439552307,-0.11606062948703766,0.48621314764022827,0.28874045610427856,-0.15130841732025146,0.4692511260509491,0.19037610292434692,-0.1783314198255539,0.6329137086868286,0.540219247341156,-0.07430847734212875,0.6559062600135803,0.34944432973861694,-0.11333680897951126,0.6698278188705444,0.2226865291595459,-0.1461261659860611,0.6800783276557922,0.11143121123313904,-0.17154471576213837,0.7046442031860352,0.567072868347168,-0.0851595401763916,0.7439202666282654,0.40397411584854126,-0.12972748279571533,0.760045051574707,0.2908743619918823,-0.1605696827173233,0.7683666944503784,0.18702462315559387,-0.1822437196969986,0.768599271774292,0.6250218749046326,-0.10104783624410629,0.8265081644058228,0.5149409174919128,-0.14138643443584442,0.8570772409439087,0.4350643754005432,-0.1603909581899643,0.8772796392440796,0.3559054136276245,-0.17371991276741028,Hello
0.642669677734375,0.9585938453674316,9.91067736322293e-07,0.5317742228507996,0.903226375579834,-0.06090773642063141,0.4440189599990845,0.7891907095909119,-0.09612249583005905,0.38771700859069824,0.6869683265686035,-0.12549279630184174,0.3326350152492523,0.6047455668449402,-0.15517330169677734,0.5481836795806885,0.5613730549812317,-0.06809542328119278,0.5102523565292358,0.3985385298728943,-0.11263199895620346,0.4868323504924774,0.2920409142971039,-0.1473987102508545,0.47031885385513306,0.19466641545295715,-0.17378807067871094,0.6341980695724487,0.5438685417175293,-0.07237573713064194,0.6594328880310059,0.35050034523010254,-0.10983425378799438,0.674291729927063,0.22348374128341675,-0.14135585725307465,0.6842135787010193,0.11265453696250916,-0.16559787094593048,0.7061998844146729,0.5712900757789612,-0.08420321345329285,0.747577428817749,0.40646857023239136,-0.12759427726268768,0.7643998265266418,0.29319339990615845,-0.15721286833286285,0.7724140882492065,0.18970346450805664,-0.17763616144657135,0.7702759504318237,0.6303122639656067,-0.10092435032129288,0.8302767872810364,0.5169860124588013,-0.1402399241924286,0.8621761202812195,0.43674081563949585,-0.15784141421318054,0.8824319839477539,0.35818374156951904,-0.16976305842399597,Hello
0.6430339217185974,0.9677790999412537,9.530701845505973e-07,0.5310484766960144,0.9162061214447021,-0.06352250277996063,0.44237083196640015,0.8018201589584351,-0.1002635508775711,0.38505688309669495,0.6951305866241455,-0.13082300126552582,0.3269351124763489,0.6167926788330078,-0.1619766801595688,0.5473372340202332,0.5711469650268555,-0.07195952534675598,0.5109072923660278,0.40787166357040405,-0.11791632324457169,0.487321138381958,0.30018365383148193,-0.1538126915693283,0.4692605137825012,0.20188528299331665,-0.1810983121395111,0.6332110166549683,0.5524600744247437,-0.07524987310171127,0.6572623252868652,0.36072981357574463,-0.11455068737268448,0.6716732978820801,0.23375609517097473,-0.14714285731315613,0.6812410354614258,0.12247544527053833,-0.17219147086143494,0.7046332359313965,0.5799931883811951,-0.08614567667245865,0.7457793354988098,0.4185126721858978,-0.1307176798582077,0.7632251977920532,0.3049354553222656,-0.16136737167835236,0.772065281867981,0.2006630003452301,-0.1826051026582718,0.7678755521774292,0.6385877728462219,-0.10211703926324844,0.8265068531036377,0.5260752439498901,-0.14198631048202515,0.8581711053848267,0.44576317071914673,-0.16033197939395905,0.8794801831245422,0.36650732159614563,-0.17302638292312622,Hello
0.6407641768455505,0.9641368389129639,9.954965207725763e-07,0.5291485786437988,0.9099851846694946,-0.06472596526145935,0.4411872625350952,0.7985343933105469,-0.10222241282463074,0.38428983092308044,0.6952494978904724,-0.13326296210289001,0.3291657567024231,0.6134050488471985,-0.164586141705513,0.5467985272407532,0.5688677430152893,-0.07283928245306015,0.5089406967163086,0.4063587784767151,-0.11888692528009415,0.48509109020233154,0.298211008310318,-0.15478746592998505,0.4681563079357147,0.1996781826019287,-0.18202471733093262,0.6322919726371765,0.5502516031265259,-0.07540775835514069,0.6564908027648926,0.35982102155685425,-0.11486037075519562,0.6708875298500061,0.2326989471912384,-0.14760908484458923,0.6812276244163513,0.12170985341072083,-0.1728273332118988,0.7038445472717285,0.5778982639312744,-0.08565260469913483,0.7456141710281372,0.41657570004463196,-0.13082969188690186,0.763226330280304,0.30316027998924255,-0.16173310577869415,0.7727850675582886,0.19964030385017395,-0.1830335557460785,0.7669613361358643,0.6370755434036255,-0.10101521015167236,0.8269373178482056,0.525364339351654,-0.14207808673381805,0.8591094613075256,0.44528627395629883,-0.16102537512779236,0.8806777596473694,0.3665316700935364,-0.1738976091146469,Hello
0.6467937231063843,0.7664827704429626,5.620834144792752e-07,0.5801810622215271,0.7361435890197754,-0.03263399749994278,0.5214346647262573,0.6724846959114075,-0.048552028834819794,0.4842020571231842,0.6130560636520386,-0.06135839596390724,0.4548288583755493,0.5635733604431152,-0.07378950715065002,0.5747749209403992,0.5374953150749207,-0.030848855152726173,0.5513321161270142,0.44442373514175415,-0.0515715628862381,0.5390194654464722,0.38615429401397705,-0.06798278540372849,0.5325114727020264,0.33335912227630615,-0.08081241697072983,0.6238127946853638,0.5224589705467224,-0.03203292191028595,0.631721019744873,0.4133331775665283,-0.04847927391529083,0.6388429403305054,0.3433069586753845,-0.06311248242855072,0.6444348692893982,0.2850344181060791,-0.07484488189220428,0.6658506393432617,0.5322776436805725,-0.03791525214910507,0.6852684020996094,0.4373866617679596,-0.05955306813120842,0.6924957633018494,0.3781052827835083,-0.07540997117757797,0.6951299905776978,0.3257138729095459,-0.08660077303647995,0.7020248770713806,0.5604439377784729,-0.04653482511639595,0.7321122884750366,0.4989848732948303,-0.0686991959810257,0.7498756647109985,0.4562828838825226,-0.07986388355493546,0.7619987726211548,0.41548144817352295,-0.08725276589393616,Hello
0.6651948094367981,0.7614732980728149,5.282267352413328e-07,0.597906768321991,0.7353866100311279,-0.0339224711060524,0.5391599535942078,0.6744423508644104,-0.05134198069572449,0.5019221305847168,0.6160687804222107,-0.065144844353199,0.4737597703933716,0.5646898150444031,-0.07855839282274246,0.594905436038971,0.5376167893409729,-0.036142945289611816,0.5698466897010803,0.44605308771133423,-0.05879620462656021,0.5564274787902832,0.38729193806648254,-0.07642011344432831,0.548937201499939,0.334041953086853,-0.09006981551647186,0.6427865028381348,0.5214842557907104,-0.03686118498444557,0.6501457095146179,0.4134027361869812,-0.05504502356052399,0.6564065217971802,0.34465521574020386,-0.07032757252454758,0.6610428690910339,0.2861535847187042,-0.08249868452548981,0.6841664910316467,0.5309338569641113,-0.042044855654239655,0.7027802467346191,0.4361642599105835,-0.06487000733613968,0.7093762159347534,0.37753671407699585,-0.08117646723985672,0.7110527157783508,0.32444584369659424,-0.09277108311653137,0.7203216552734375,0.5599597692489624,-0.04994923248887062,0.751134991645813,0.49869850277900696,-0.07291571795940399,0.7684942483901978,0.4566981792449951,-0.08462268859148026,0.7801287174224854,0.4151880741119385,-0.09250079840421677,Hello
0.6690526604652405,0.7562252283096313,4.784656084666494e-07,0.6050787568092346,0.7296578884124756,-0.031186135485768318,0.5485284328460693,0.6716870069503784,-0.04774262756109238,0.5130652785301208,0.6165114045143127,-0.0611870251595974,0.4867086112499237,0.568382740020752,-0.07450409233570099,0.6030484437942505,0.5381346940994263,-0.033983420580625534,0.5789082050323486,0.4499300718307495,-0.05573125556111336,0.5652952194213867,0.39406418800354004,-0.07288717478513718,0.5567513704299927,0.3438032269477844,-0.0859973356127739,0.6490097641944885,0.5235028862953186,-0.035225629806518555,0.6560846567153931,0.4185212254524231,-0.05211690440773964,0.6617460250854492,0.35303765535354614,-0.066441111266613,0.6651978492736816,0.29852065443992615,-0.07777408510446548,0.6887453198432922,0.532987117767334,-0.0406169630587101,0.7053763270378113,0.442859947681427,-0.06103389710187912,0.7114344835281372,0.38624054193496704,-0.07548486441373825,0.7125951647758484,0.33559733629226685,-0.08593055605888367,0.7235570549964905,0.5608354806900024,-0.04866107553243637,0.7519500255584717,0.501797080039978,-0.0685010552406311,0.7678467035293579,0.46171891689300537,-0.07802955061197281,0.7783917188644409,0.42306584119796753,-0.08457406610250473,Hello
0.6668965220451355,0.7556140422821045,4.912100735054992e-07,0.6033921241760254,0.7316758632659912,-0.031550418585538864,0.5487788319587708,0.6751536130905151,-0.04845186695456505,0.5146154165267944,0.6204595565795898,-0.062227826565504074,0.489604651927948,0.5726474523544312,-0.07598225772380829,0.6025806665420532,0.5450413823127747,-0.03600063920021057,0.5771461725234985,0.45847028493881226,-0.05900908261537552,0.5632025003433228,0.40284794569015503,-0.07670647650957108,0.5546060800552368,0.35228395462036133,-0.09006256610155106,0.6478721499443054,0.529985249042511,-0.03709149360656738,0.6550540924072266,0.42598757147789,-0.05524386465549469,0.6605567336082458,0.36076998710632324,-0.06992504000663757,0.6633794903755188,0.3058885335922241,-0.08128620684146881,0.6872259378433228,0.538946270942688,-0.04226221889257431,0.7036476731300354,0.449616014957428,-0.06404854357242584,0.7096396088600159,0.39267826080322266,-0.078940249979496,0.7104965448379517,0.3419875204563141,-0.08929039537906647,0.7218741178512573,0.5660754442214966,-0.050008878111839294,0.7505760788917542,0.5066626071929932,-0.07114197313785553,0.7668284177780151,0.4662182927131653,-0.08118938654661179,0.7772859334945679,0.42754703760147095,-0.0877886638045311,Hello
0.6684452295303345,0.7579927444458008,4.859562068304513e-07,0.6043775081634521,0.733427882194519,-0.03121987357735634,0.5501910448074341,0.6775945425033569,-0.047630682587623596,0.5164140462875366,0.6233354806900024,-0.060995131731033325,0.48955002427101135,0.5773562788963318,-0.07438567280769348,0.6040111184120178,0.5515977144241333,-0.03526793047785759,0.5793853998184204,0.46587085723876953,-0.05769531801342964,0.565264880657196,0.4106571674346924,-0.07518325746059418,0.5565485954284668,0.36014795303344727,-0.08847218006849289,0.6484049558639526,0.5357010960578918,-0.03616682067513466,0.6547160744667053,0.43327438831329346,-0.05328161641955376,0.6596840023994446,0.36926108598709106,-0.06758485734462738,0.6626370549201965,0.31529927253723145,-0.0789954662322998,0.6871874928474426,0.543769121170044,-0.04107160121202469,0.7038568258285522,0.45554986596107483,-0.06143830716609955,0.7103106379508972,0.4007388651371002,-0.07563581317663193,0.7119560837745667,0.35257068276405334,-0.0858364999294281,0.7212111949920654,0.5700557231903076,-0.04865602031350136,0.7495682835578918,0.5124611854553223,-0.06855957210063934,0.7658413052558899,0.47302916646003723,-0.07812611758708954,0.7768372297286987,0.43613201379776,-0.08458909392356873,Hello
0.6698564291000366,0.7570624351501465,5.010061272514577e-07,0.6062421202659607,0.7323253154754639,-0.03274095430970192,0.5525234937667847,0.6751636862754822,-0.050161514431238174,0.5183265209197998,0.6205904483795166,-0.06416326761245728,0.49081408977508545,0.5761666297912598,-0.0781354159116745,0.6062042117118835,0.5482249855995178,-0.03668488562107086,0.5820215940475464,0.4626707434654236,-0.05968254804611206,0.5688542127609253,0.40756791830062866,-0.07770387083292007,0.5608890056610107,0.3570181727409363,-0.09136707335710526,0.6510962247848511,0.5326876044273376,-0.03701688349246979,0.6590695381164551,0.4309309720993042,-0.05466475710272789,0.6643063426017761,0.36702948808670044,-0.06937014311552048,0.6669284701347351,0.31268709897994995,-0.08097434043884277,0.6899322867393494,0.5415606498718262,-0.04145423322916031,0.7077269554138184,0.4536130428314209,-0.06232235208153725,0.7142882943153381,0.398244172334671,-0.07691283524036407,0.7157700061798096,0.349348247051239,-0.08728870749473572,0.7234670519828796,0.5688562393188477,-0.04868684709072113,0.7529410719871521,0.5117260813713074,-0.06918931007385254,0.7693026065826416,0.4725797176361084,-0.0792183056473732,0.780144214630127,0.4352646768093109,-0.08589918911457062,Hello
0.6707895398139954,0.7598413825035095,4.989274202671368e-07,0.6071492433547974,0.7351202368736267,-0.03298797085881233,0.553292989730835,0.6765352487564087,-0.050045792013406754,0.5202096104621887,0.6209208369255066,-0.06354627758264542,0.49318838119506836,0.5758004784584045,-0.07695272564888,0.6076570153236389,0.5490540862083435,-0.036555491387844086,0.5834828615188599,0.46306246519088745,-0.05891113728284836,0.5707817077636719,0.4069197177886963,-0.07617848366498947,0.5633251667022705,0.3560333847999573,-0.08926745504140854,0.6532766222953796,0.5335379242897034,-0.036826591938734055,0.6614747643470764,0.43150511384010315,-0.05394165217876434,0.6663477420806885,0.3671606481075287,-0.06805521994829178,0.66861492395401,0.31295692920684814,-0.07912009209394455,0.6925734877586365,0.5428526997566223,-0.04122605174779892,0.7109706401824951,0.4543648064136505,-0.06171325966715813,0.7166467905044556,0.3973705768585205,-0.07605977356433868,0.7172801494598389,0.34661972522735596,-0.0862693265080452,0.7263848781585693,0.5708234310150146,-0.04844646528363228,0.7564377188682556,0.5137876868247986,-0.06851854920387268,0.7722049951553345,0.47369059920310974,-0.07830603420734406,0.7823800444602966,0.43511873483657837,-0.08484292775392532,Hello
0.6731735467910767,0.761268675327301,4.970304985363327e-07,0.6102446913719177,0.735593855381012,-0.03247304633259773,0.5568592548370361,0.6783983111381531,-0.05054761841893196,0.5231823921203613,0.6238967180252075,-0.0652167946100235,0.49530094861984253,0.5797632336616516,-0.08003746718168259,0.609838604927063,0.5521132946014404,-0.039105307310819626,0.585854709148407,0.4660811424255371,-0.06288792192935944,0.572740912437439,0.4098598062992096,-0.08115050196647644,0.5646676421165466,0.35864681005477905,-0.0949455201625824,0.6553189754486084,0.5380540490150452,-0.040146227926015854,0.6643242835998535,0.4357985854148865,-0.05892101302742958,0.6693458557128906,0.37119293212890625,-0.07432234287261963,0.6713345646858215,0.31596478819847107,-0.08638406544923782,0.6942650079727173,0.5485325455665588,-0.04502607882022858,0.7127317786216736,0.460043728351593,-0.06680294126272202,0.7185686230659485,0.40255483984947205,-0.08223243802785873,0.71923828125,0.3514726758003235,-0.09323941171169281,0.7278843522071838,0.5772078037261963,-0.05251707136631012,0.7577053308486938,0.5191366076469421,-0.07347600162029266,0.7735611200332642,0.4780399203300476,-0.08384621143341064,0.7837594151496887,0.43871182203292847,-0.09091061353683472,Hello
0.6750237345695496,0.7657535076141357,5.105221134726889e-07,0.6111471652984619,0.739457905292511,-0.032660845667123795,0.557716965675354,0.6807986497879028,-0.050094835460186005,0.5235890746116638,0.6244165301322937,-0.06414797902107239,0.4951940178871155,0.5800646543502808,-0.07831165194511414,0.6124677062034607,0.5570133924484253,-0.037103328853845596,0.5892474055290222,0.47096186876296997,-0.0603947713971138,0.5759900808334351,0.41398996114730835,-0.0786314308643341,0.567620575428009,0.36177486181259155,-0.09258432686328888,0.6575033068656921,0.5423505306243896,-0.03796560317277908,0.6666256189346313,0.44028347730636597,-0.056061629205942154,0.6721850633621216,0.37505921721458435,-0.07129751890897751,0.6750779747962952,0.3191014230251312,-0.08339491486549377,0.696167528629303,0.5525988340377808,-0.04283331334590912,0.7149346470832825,0.46288686990737915,-0.06423879414796829,0.7208989262580872,0.4055880308151245,-0.07947901636362076,0.7219473123550415,0.3545048236846924,-0.09039328247308731,0.7296169996261597,0.5814385414123535,-0.050387363880872726,0.7599031925201416,0.5237761735916138,-0.07141111046075821,0.7763510942459106,0.48286616802215576,-0.08188841491937637,0.7875128984451294,0.4437233507633209,-0.08898086845874786,Hello
0.676672637462616,0.7644199132919312,5.017047897126758e-07,0.6129541993141174,0.7387819290161133,-0.03207773342728615,0.5577954053878784,0.6795133948326111,-0.04865621402859688,0.5232312679290771,0.6234915256500244,-0.061840884387493134,0.49544382095336914,0.5810681581497192,-0.07515845447778702,0.6127300262451172,0.5561162233352661,-0.03688868135213852,0.5895515084266663,0.4694719910621643,-0.05940965190529823,0.5765737295150757,0.4124666154384613,-0.07679486274719238,0.5685384273529053,0.3608381748199463,-0.09006740897893906,0.6580972075462341,0.5416741371154785,-0.03751996159553528,0.6671424508094788,0.4396524429321289,-0.05494914576411247,0.6726837158203125,0.37505680322647095,-0.0694301426410675,0.675667405128479,0.3203205466270447,-0.08094876259565353,0.6970256567001343,0.5515494346618652,-0.042090024799108505,0.715646505355835,0.4629545211791992,-0.06297524273395538,0.7214028239250183,0.4060642719268799,-0.07801344245672226,0.7223260402679443,0.3556602895259857,-0.0887690931558609,0.7307254076004028,0.5795903205871582,-0.04928376525640488,0.761006236076355,0.5221312642097473,-0.06979800760746002,0.7773466110229492,0.4816548228263855,-0.0801573321223259,0.7883999943733215,0.4428061246871948,-0.0872119888663292,Hello
0.6789993643760681,0.7699334025382996,5.160102318768622e-07,0.6145884990692139,0.7441497445106506,-0.032512061297893524,0.5601968765258789,0.6874225735664368,-0.05022718012332916,0.525520920753479,0.6322710514068604,-0.06447708606719971,0.4985491633415222,0.5869094133377075,-0.07875620573759079,0.6145459413528442,0.5623014569282532,-0.03779046609997749,0.5900689959526062,0.4764478802680969,-0.061722949147224426,0.5775018930435181,0.41917580366134644,-0.08036911487579346,0.5704928040504456,0.3667662739753723,-0.09443558007478714,0.6598044037818909,0.5470626950263977,-0.038423169404268265,0.6685625314712524,0.4453081488609314,-0.05697573721408844,0.6744236946105957,0.3807706832885742,-0.07206034660339355,0.6771900057792664,0.32560086250305176,-0.08384254574775696,0.6985241174697876,0.5569522380828857,-0.043064020574092865,0.7157225012779236,0.4697626531124115,-0.06485595554113388,0.7210988998413086,0.41314250230789185,-0.07999106496572495,0.721420407295227,0.36286526918411255,-0.09059629589319229,0.7321020364761353,0.5854111909866333,-0.05034554749727249,0.7627557516098022,0.5279190540313721,-0.07151031494140625,0.7791295051574707,0.4878310263156891,-0.08196733146905899,0.7898698449134827,0.44917383790016174,-0.08887390047311783,Hello
0.6769163608551025,0.7714662551879883,5.074828663964581e-07,0.6126452684402466,0.7456728219985962,-0.03079146146774292,0.5592231750488281,0.6869127750396729,-0.046800658106803894,0.5266059041023254,0.6310499906539917,-0.059765856713056564,0.5004238486289978,0.584824800491333,-0.07268679887056351,0.6136577129364014,0.562904417514801,-0.03422563523054123,0.5902915596961975,0.47658300399780273,-0.0561460517346859,0.5776432752609253,0.4199211597442627,-0.07314293831586838,0.5699856281280518,0.3685510754585266,-0.08609116077423096,0.6585543751716614,0.5487952828407288,-0.035479627549648285,0.6675609350204468,0.4467562437057495,-0.05251067504286766,0.672946035861969,0.38200342655181885,-0.06690170615911484,0.6754558086395264,0.3272908329963684,-0.07819861173629761,0.6971039175987244,0.5586229562759399,-0.040699757635593414,0.7157968878746033,0.4697068929672241,-0.0615052655339241,0.7214268445968628,0.412915974855423,-0.07653450220823288,0.7220200896263123,0.3623351454734802,-0.08712069690227509,0.7305018901824951,0.5866801142692566,-0.048442691564559937,0.7619501948356628,0.5295640230178833,-0.06912306696176529,0.7788262367248535,0.4887543320655823,-0.0796872153878212,0.7902461886405945,0.4494103789329529,-0.0866849273443222,Hello
0.6775088310241699,0.7721737623214722,5.055246674601221e-07,0.6129318475723267,0.7472374439239502,-0.03148331120610237,0.559200644493103,0.6890214085578918,-0.04780111089348793,0.5262909531593323,0.6336925625801086,-0.06091538816690445,0.50010085105896,0.5884312987327576,-0.07412876933813095,0.6137319803237915,0.5640343427658081,-0.03535736724734306,0.5900313854217529,0.47845369577407837,-0.05779053270816803,0.5771781802177429,0.4219564199447632,-0.07554397732019424,0.5695700645446777,0.37000197172164917,-0.08918828517198563,0.6589349508285522,0.5494183301925659,-0.0362902469933033,0.6676011681556702,0.448394775390625,-0.053377434611320496,0.673129141330719,0.3841504156589508,-0.06810834258794785,0.6760476231575012,0.32899075746536255,-0.07990134507417679,0.6976242661476135,0.559483528137207,-0.041183531284332275,0.7158294916152954,0.47126901149749756,-0.06172261759638786,0.7211358547210693,0.4147431254386902,-0.07669200003147125,0.7215169668197632,0.36377957463264465,-0.08752786368131638,0.7310715317726135,0.5879687666893005,-0.04871169105172157,0.7619257569313049,0.5314497351646423,-0.06925177574157715,0.7782127261161804,0.4909115433692932,-0.0797780305147171,0.7891730070114136,0.4512748420238495,-0.08692534267902374,Hello
0.6785821318626404,0.773120641708374,5.057308385403303e-07,0.6140036582946777,0.7474974393844604,-0.03146718069911003,0.5597103238105774,0.6900038719177246,-0.04814421758055687,0.5267603993415833,0.6347697377204895,-0.061565399169921875,0.500971794128418,0.5887681245803833,-0.07496116310358047,0.6148122549057007,0.5651354193687439,-0.03631258383393288,0.5901666283607483,0.4786657989025116,-0.05922099947929382,0.5767649412155151,0.4217863082885742,-0.0771261677145958,0.5686320662498474,0.3697233498096466,-0.0907183438539505,0.6595836281776428,0.5502158403396606,-0.03735755756497383,0.6677380800247192,0.447908878326416,-0.05461030453443527,0.6733481287956238,0.3833123445510864,-0.06912155449390411,0.6763559579849243,0.32802483439445496,-0.08064170181751251,0.6980382204055786,0.5599886775016785,-0.042330965399742126,0.7161504030227661,0.4705268442630768,-0.0629822313785553,0.7216917276382446,0.4140213131904602,-0.07773055881261826,0.7222756147384644,0.36338961124420166,-0.08828568458557129,0.7314605116844177,0.5882828235626221,-0.04991837218403816,0.7622072696685791,0.5312687158584595,-0.07056602090597153,0.7786359190940857,0.4907762408256531,-0.08091110736131668,0.7899287343025208,0.4515763521194458,-0.08777269721031189,Hello
0.6784365773200989,0.7725006937980652,5.051805942457577e-07,0.614088237285614,0.7477988004684448,-0.032183218747377396,0.5603780746459961,0.6904791593551636,-0.04941730201244354,0.5271790623664856,0.6343566179275513,-0.06332521885633469,0.49967265129089355,0.5884431004524231,-0.07722612470388412,0.6140967607498169,0.5650462508201599,-0.03616061806678772,0.5903594493865967,0.4797009527683258,-0.05905325710773468,0.5776355266571045,0.42313939332962036,-0.07706600427627563,0.5701503753662109,0.3712886571884155,-0.09086551517248154,0.6591259837150574,0.5498752593994141,-0.037049178034067154,0.6677101850509644,0.44850340485572815,-0.054633282124996185,0.6733347177505493,0.3842933177947998,-0.06953234225511551,0.6762554049491882,0.3293607234954834,-0.081390880048275,0.6979804635047913,0.5596873760223389,-0.04193617030978203,0.7157848477363586,0.4709795117378235,-0.0628918707370758,0.7208656668663025,0.4150046110153198,-0.07766380906105042,0.7211056351661682,0.364542692899704,-0.08831389248371124,0.7320268154144287,0.5881617069244385,-0.04950432851910591,0.7625859379768372,0.531611442565918,-0.07023143023252487,0.7789363265037537,0.4913704991340637,-0.08052612096071243,0.7901320457458496,0.45208412408828735,-0.0874609500169754,Hello
0.6801490187644958,0.7711071372032166,5.07567847307655e-07,0.6160908937454224,0.745342493057251,-0.03180987387895584,0.5620556473731995,0.6876829862594604,-0.04837244376540184,0.5287939310073853,0.6315842866897583,-0.061640653759241104,0.5005751848220825,0.5881998538970947,-0.07496412098407745,0.6156991720199585,0.5634707808494568,-0.03546751290559769,0.5919216275215149,0.47800886631011963,-0.05755030736327171,0.5788356065750122,0.42196783423423767,-0.07498747855424881,0.5704486966133118,0.3705304265022278,-0.0884222611784935,0.660641610622406,0.5485714673995972,-0.036161087453365326,0.6691169738769531,0.44760626554489136,-0.052938416600227356,0.6748017072677612,0.3838891386985779,-0.06735209375619888,0.6780444979667664,0.3290182948112488,-0.07893804460763931,0.6992501616477966,0.5586923956871033,-0.040816549211740494,0.7172374129295349,0.4698716104030609,-0.06109887734055519,0.7228136658668518,0.41411542892456055,-0.07574893534183502,0.7238626480102539,0.3638113737106323,-0.08636189252138138,0.7330244183540344,0.5870938301086426,-0.04813392832875252,0.7633087635040283,0.5303382873535156,-0.06833405047655106,0.7796614170074463,0.4903566837310791,-0.07850459963083267,0.7908416986465454,0.45147478580474854,-0.08540461212396622,Hello
0.6766902804374695,0.7792665958404541,4.7593269414392125e-07,0.6137544512748718,0.7550025582313538,-0.031741708517074585,0.5620827078819275,0.6996790170669556,-0.048195917159318924,0.5297772884368896,0.6452072262763977,-0.061316780745983124,0.5040102601051331,0.5986483693122864,-0.07414998859167099,0.6151674389839172,0.5762635469436646,-0.03439200669527054,0.5925444960594177,0.49233973026275635,-0.05637572705745697,0.5794535279273987,0.4374697208404541,-0.07354578375816345,0.5711280107498169,0.3876774311065674,-0.08658431470394135,0.6585758328437805,0.5621803998947144,-0.03477383404970169,0.6674211025238037,0.4644177556037903,-0.05150877311825752,0.6724039912223816,0.40298327803611755,-0.06551223993301392,0.6743151545524597,0.3509308099746704,-0.07655242830514908,0.6959249377250671,0.5716321468353271,-0.03921971097588539,0.7138113975524902,0.48616671562194824,-0.05943078547716141,0.7188425660133362,0.4323057532310486,-0.07313482463359833,0.7187999486923218,0.38410964608192444,-0.0828017070889473,0.7285383939743042,0.5991525650024414,-0.04638463258743286,0.7595954537391663,0.544235110282898,-0.06660386174917221,0.7756850719451904,0.505138635635376,-0.07647908478975296,0.7864246964454651,0.46772754192352295,-0.08283666521310806,Hello
0.6738755106925964,0.7771847248077393,4.7294122396124294e-07,0.6116623282432556,0.7528486251831055,-0.030586767941713333,0.5603725910186768,0.6970264315605164,-0.04605100303888321,0.528382420539856,0.6430558562278748,-0.05832376703619957,0.5028548240661621,0.5987715125083923,-0.07044105976819992,0.61366868019104,0.5764429569244385,-0.03250689432024956,0.5907077789306641,0.49303555488586426,-0.05308578908443451,0.5784633755683899,0.43876826763153076,-0.06914767622947693,0.5713136196136475,0.38955754041671753,-0.08142992109060287,0.6573194861412048,0.5626780986785889,-0.03301530331373215,0.6655144691467285,0.4653202295303345,-0.04857613891363144,0.670303463935852,0.40359625220298767,-0.062070056796073914,0.6724342703819275,0.3513827621936798,-0.07282780110836029,0.6945701837539673,0.5721898078918457,-0.03749080374836922,0.7128292322158813,0.48743876814842224,-0.05686550587415695,0.7182072401046753,0.4331265687942505,-0.07082884758710861,0.7186586856842041,0.3844057321548462,-0.08076310902833939,0.7266789674758911,0.5990457534790039,-0.04453358054161072,0.7562732696533203,0.5448571443557739,-0.06402996182441711,0.7720737457275391,0.5065836310386658,-0.07377009093761444,0.7825478911399841,0.469478964805603,-0.08021655678749084,Hello
0.6741210222244263,0.7830021381378174,4.6485882876368123e-07,0.6133285760879517,0.7576529383659363,-0.03011961095035076,0.5623893737792969,0.7012467384338379,-0.04590510204434395,0.5295537710189819,0.6482554078102112,-0.05872013792395592,0.5024138689041138,0.6040336489677429,-0.07145314663648605,0.6137803792953491,0.5826664566993713,-0.0320894792675972,0.5910801291465759,0.5002287030220032,-0.05289381369948387,0.5785647630691528,0.4471043348312378,-0.069008968770504,0.570730984210968,0.3986200988292694,-0.08137645572423935,0.6564643979072571,0.5692687034606934,-0.033245749771595,0.6642717123031616,0.4730002284049988,-0.04957830160856247,0.6691041588783264,0.4121405780315399,-0.06354452669620514,0.671334981918335,0.36013686656951904,-0.07454430311918259,0.6932281255722046,0.5791187286376953,-0.03834099695086479,0.7110648155212402,0.49542737007141113,-0.058342095464468,0.7164658308029175,0.4415392279624939,-0.07242149859666824,0.7170898914337158,0.39288145303726196,-0.08240505307912827,0.7250156402587891,0.6058452129364014,-0.045930128544569016,0.7537521719932556,0.5516003966331482,-0.06556840240955353,0.7697209119796753,0.5136459469795227,-0.0750986784696579,0.78044193983078,0.47688233852386475,-0.08146776258945465,Hello
0.6736388206481934,0.7835530042648315,4.570403291381808e-07,0.613340437412262,0.7592118382453918,-0.03018503449857235,0.562877357006073,0.7042450308799744,-0.045492760837078094,0.5313217639923096,0.6521671414375305,-0.05764761567115784,0.5075637698173523,0.6070297956466675,-0.06942003220319748,0.6152303218841553,0.5855292081832886,-0.031215205788612366,0.5927808880805969,0.5033242702484131,-0.051153913140296936,0.5802243947982788,0.45033061504364014,-0.06669466197490692,0.5723717212677002,0.4025614857673645,-0.07855775952339172,0.6576526761054993,0.5730339288711548,-0.031715843826532364,0.6657848358154297,0.47864624857902527,-0.047013621777296066,0.6706675291061401,0.41899219155311584,-0.06015865504741669,0.6727712750434875,0.36874493956565857,-0.07051016390323639,0.6936113238334656,0.5829238891601562,-0.036240242421627045,0.7115771770477295,0.5001993179321289,-0.05557694286108017,0.7166661620140076,0.4471554756164551,-0.0691998228430748,0.71677565574646,0.3992384076118469,-0.07875554263591766,0.7245960831642151,0.609240710735321,-0.043289914727211,0.7541226148605347,0.5563840866088867,-0.06291671842336655,0.7699326872825623,0.5188782215118408,-0.07262526452541351,0.78045654296875,0.4820670485496521,-0.07890833169221878,Hello
0.6723294854164124,0.7873668074607849,4.619865308086446e-07,0.6133816838264465,0.7619947195053101,-0.029334912076592445,0.5636258721351624,0.7068995237350464,-0.044617731124162674,0.5318107008934021,0.6555734276771545,-0.056995000690221786,0.5079009532928467,0.6115525364875793,-0.0691378116607666,0.6149531006813049,0.5885464549064636,-0.03132425621151924,0.5929140448570251,0.5063602924346924,-0.051603998988866806,0.5809110403060913,0.45372647047042847,-0.06721092015504837,0.5737548470497131,0.4061810076236725,-0.0790795236825943,0.6570680141448975,0.5757310390472412,-0.032387625426054,0.6656702160835266,0.4810687303543091,-0.048276856541633606,0.6707457900047302,0.42141151428222656,-0.06165717914700508,0.6729854941368103,0.3709299564361572,-0.07208090275526047,0.6930698156356812,0.5851946473121643,-0.03735862299799919,0.7111974954605103,0.5023984909057617,-0.057089272886514664,0.7167556285858154,0.44931402802467346,-0.07103736698627472,0.7172901034355164,0.4014885723590851,-0.08077525347471237,0.723922848701477,0.6113179922103882,-0.04476281628012657,0.7543950080871582,0.558504045009613,-0.0645059123635292,0.770972728729248,0.5210489630699158,-0.07442032545804977,0.7819980978965759,0.4845258295536041,-0.08085127919912338,Hello
0.6725068688392639,0.7870299816131592,4.6020454647077713e-07,0.6133223176002502,0.7621719837188721,-0.02962258644402027,0.5646849274635315,0.7081706523895264,-0.044566985219717026,0.5336668491363525,0.6572249531745911,-0.05653287470340729,0.5098003149032593,0.613502562046051,-0.06816239655017853,0.6162816882133484,0.5907015800476074,-0.0298415906727314,0.5945592522621155,0.5095726847648621,-0.049370501190423965,0.5824460387229919,0.45755064487457275,-0.06465253978967667,0.5751293301582336,0.4107060432434082,-0.07628171145915985,0.6580265164375305,0.5786288380622864,-0.03029320389032364,0.6662002205848694,0.48587197065353394,-0.04539687559008598,0.6714479327201843,0.42694762349128723,-0.05846652388572693,0.6740641593933105,0.37738433480262756,-0.06868308782577515,0.6936669945716858,0.5881659388542175,-0.034785736352205276,0.7111953496932983,0.5075759291648865,-0.054043032228946686,0.7168262600898743,0.455575168132782,-0.06781060993671417,0.7177380323410034,0.40854787826538086,-0.0773310512304306,0.7243274450302124,0.6137213706970215,-0.04175213724374771,0.7535905838012695,0.5618313550949097,-0.06104112043976784,0.7698642611503601,0.5255953669548035,-0.07061492651700974,0.7810439467430115,0.49021998047828674,-0.07678302377462387,Hello
0.6711888909339905,0.7858319282531738,4.584559860631998e-07,0.6130609512329102,0.7613439559936523,-0.029802924022078514,0.564351499080658,0.7090331315994263,-0.04525332525372505,0.5332384705543518,0.6593747138977051,-0.05768449231982231,0.5104592442512512,0.6158775687217712,-0.06982529908418655,0.6145954728126526,0.5917500853538513,-0.030826415866613388,0.5932314395904541,0.5106538534164429,-0.05031878501176834,0.5815061330795288,0.45896172523498535,-0.06535834074020386,0.5746671557426453,0.4129960536956787,-0.076854407787323,0.6562330722808838,0.5795014500617981,-0.03133038431406021,0.6638045907020569,0.4867957532405853,-0.046918563544750214,0.6689599752426147,0.42864128947257996,-0.06021790951490402,0.6718056201934814,0.3798605501651764,-0.07064603269100189,0.6918565630912781,0.5886550545692444,-0.03581102192401886,0.7086175680160522,0.5084377527236938,-0.05538392812013626,0.7142834067344666,0.45744556188583374,-0.06947743147611618,0.7155157327651978,0.4113306701183319,-0.07940954715013504,0.7225229144096375,0.6138438582420349,-0.042740583419799805,0.7511054277420044,0.5624045729637146,-0.06238526478409767,0.7676987648010254,0.5270015597343445,-0.07237177342176437,0.7794423699378967,0.49223220348358154,-0.07898770272731781,Hello
0.6692793369293213,0.7871862649917603,4.4691478251479566e-07,0.6112326383590698,0.7627232074737549,-0.027800126001238823,0.5625132322311401,0.7080756425857544,-0.04171670228242874,0.5324793457984924,0.6571642160415649,-0.052971307188272476,0.5092053413391113,0.6151918768882751,-0.06394363194704056,0.6131212115287781,0.5922293066978455,-0.02780698426067829,0.5915226340293884,0.5119750499725342,-0.04587647318840027,0.5801497101783752,0.46102476119995117,-0.06002657487988472,0.5735383033752441,0.4158061742782593,-0.07089440524578094,0.6543484926223755,0.5805889368057251,-0.028804002329707146,0.662223756313324,0.4882871210575104,-0.04302027076482773,0.6675448417663574,0.4304395914077759,-0.055420294404029846,0.6706064343452454,0.3825153708457947,-0.06510632485151291,0.6896733641624451,0.5894702672958374,-0.03365679457783699,0.7064900994300842,0.509240448474884,-0.05176186561584473,0.7125800848007202,0.45855623483657837,-0.06500713527202606,0.7143276333808899,0.41356438398361206,-0.07431235164403915,0.7201429605484009,0.6140069365501404,-0.04088858887553215,0.7485333681106567,0.562722384929657,-0.05916506424546242,0.7650333046913147,0.5279425382614136,-0.06840275228023529,0.7766653299331665,0.49457693099975586,-0.07442663609981537,Hello
0.6686629056930542,0.7855201363563538,4.5542100224338355e-07,0.6110796332359314,0.7605301141738892,-0.028249582275748253,0.5623058676719666,0.7081784605979919,-0.042679380625486374,0.5315337181091309,0.6579378247261047,-0.05438964441418648,0.5086037516593933,0.6146658658981323,-0.06563542038202286,0.6116815209388733,0.5919917821884155,-0.02765926718711853,0.5906946063041687,0.5123117566108704,-0.04573523625731468,0.5796002745628357,0.4619351327419281,-0.05986276641488075,0.5730674266815186,0.41721487045288086,-0.0706554651260376,0.6525923609733582,0.5802508592605591,-0.02847295254468918,0.6600423455238342,0.48862165212631226,-0.04255339875817299,0.665400505065918,0.43100571632385254,-0.05477476492524147,0.6688678860664368,0.38289594650268555,-0.06430679559707642,0.688032865524292,0.5892505049705505,-0.03322622925043106,0.7043284177780151,0.5098713636398315,-0.05103785917162895,0.7107898592948914,0.4596266746520996,-0.06392498314380646,0.7133417129516602,0.41434991359710693,-0.07300414144992828,0.7188764810562134,0.6140227317810059,-0.040436580777168274,0.746337890625,0.5634429454803467,-0.058320384472608566,0.76297926902771,0.5291779041290283,-0.06707876920700073,0.775173008441925,0.4963233470916748,-0.07275690138339996,Hello
0.6658536195755005,0.7877165079116821,4.517393108471879e-07,0.6078642010688782,0.7637500166893005,-0.026659879833459854,0.5604482889175415,0.7123265266418457,-0.03979562595486641,0.5306900143623352,0.6634197235107422,-0.05055737495422363,0.5069838762283325,0.6225751638412476,-0.06097276136279106,0.6091023087501526,0.5949308276176453,-0.02447173371911049,0.5880697965621948,0.5169631242752075,-0.04104120284318924,0.5771842002868652,0.4678514897823334,-0.05452094227075577,0.5706719160079956,0.42435845732688904,-0.06495818495750427,0.649584949016571,0.5832340717315674,-0.02562742866575718,0.6568834781646729,0.492658793926239,-0.03828304633498192,0.6621974110603333,0.43562498688697815,-0.05008867383003235,0.6657953858375549,0.3885114789009094,-0.05937281250953674,0.6847118139266968,0.5918646454811096,-0.03068177029490471,0.7001554369926453,0.5139346122741699,-0.04737193509936333,0.7071081399917603,0.46519237756729126,-0.06013372167944908,0.7102915048599243,0.4212726950645447,-0.06916292756795883,0.7155463099479675,0.6160736083984375,-0.03810703754425049,0.7426995635032654,0.5665280222892761,-0.05495469272136688,0.7587158679962158,0.5334327220916748,-0.06340470910072327,0.77044677734375,0.5013520121574402,-0.06894046813249588,Hello
0.6633302569389343,0.7924928665161133,4.4241818386581144e-07,0.6073688268661499,0.7693722248077393,-0.02721177227795124,0.559719443321228,0.7184565663337708,-0.04139295220375061,0.5288225412368774,0.6693227291107178,-0.053036823868751526,0.5036381483078003,0.6300936937332153,-0.06448863446712494,0.6063324213027954,0.6018420457839966,-0.027055880054831505,0.5854775309562683,0.5254265666007996,-0.04478879272937775,0.5743111968040466,0.4764060974121094,-0.059192806482315063,0.5675885081291199,0.43270817399024963,-0.070269875228405,0.6460750102996826,0.5898557305335999,-0.028044331818819046,0.6532896161079407,0.4995024800300598,-0.04158549755811691,0.6586340069770813,0.44304904341697693,-0.05367432162165642,0.6621358394622803,0.3963708281517029,-0.06324685364961624,0.6811223030090332,0.5982688069343567,-0.03279552236199379,0.6960479021072388,0.5209218263626099,-0.049636248499155045,0.7028156518936157,0.47277069091796875,-0.06221981719136238,0.7058186531066895,0.4297283887863159,-0.07129377871751785,0.7120451927185059,0.6223626732826233,-0.03996172547340393,0.7381294369697571,0.5718637704849243,-0.05647474154829979,0.7541900873184204,0.5392604470252991,-0.06457548588514328,0.766040563583374,0.5084782242774963,-0.07003665715456009,Hello
0.6618825197219849,0.7991105914115906,4.547729588466609e-07,0.606010377407074,0.7746450304985046,-0.027262702584266663,0.5582126379013062,0.7239812612533569,-0.041908808052539825,0.5261791944503784,0.6754382252693176,-0.054116711020469666,0.5000898241996765,0.635381281375885,-0.06611327081918716,0.603592038154602,0.6108677983283997,-0.02803146094083786,0.5823026299476624,0.5351723432540894,-0.04672004282474518,0.5704681873321533,0.48609459400177,-0.06142191216349602,0.5630479454994202,0.4420666992664337,-0.07258090376853943,0.6428874135017395,0.598231315612793,-0.029412420466542244,0.6500649452209473,0.5076475143432617,-0.04420812055468559,0.6551868915557861,0.45035430788993835,-0.05686785653233528,0.6587512493133545,0.40277019143104553,-0.06664144992828369,0.6774356365203857,0.6065306663513184,-0.034520022571086884,0.6921319961547852,0.5296832323074341,-0.0527055487036705,0.6985154151916504,0.48141804337501526,-0.06598621606826782,0.7015122175216675,0.4378136992454529,-0.07525543868541718,0.707421600818634,0.6306865215301514,-0.04194530099630356,0.7336359620094299,0.5804308652877808,-0.05952256917953491,0.7500839233398438,0.5467563271522522,-0.06826459616422653,0.7626265287399292,0.5147106647491455,-0.07401885837316513,Hello
0.6613585352897644,0.8006340265274048,4.5209674226498464e-07,0.6052325367927551,0.7768747806549072,-0.027243169024586678,0.5572518110275269,0.7258223295211792,-0.0420171357691288,0.5259321928024292,0.6770740151405334,-0.05423756688833237,0.4999598264694214,0.6369199752807617,-0.06630001962184906,0.6030874848365784,0.6134416460990906,-0.029172826558351517,0.5812156796455383,0.5369762182235718,-0.048103414475917816,0.5691401362419128,0.48765379190444946,-0.06294649094343185,0.5617890357971191,0.4432988166809082,-0.07433058321475983,0.6425765156745911,0.6014170050621033,-0.030797449871897697,0.6492339968681335,0.5101302266120911,-0.045819271355867386,0.6546614766120911,0.4526746869087219,-0.058833856135606766,0.6588094234466553,0.404971718788147,-0.06901510804891586,0.6772401928901672,0.6102885007858276,-0.03602223843336105,0.6926798820495605,0.5320136547088623,-0.054383423179388046,0.7005192637443542,0.48316633701324463,-0.06763201951980591,0.7047295570373535,0.43967801332473755,-0.07704664766788483,0.7076347470283508,0.6347245573997498,-0.04353176802396774,0.7333725094795227,0.5833246111869812,-0.061362843960523605,0.7495944499969482,0.5491214990615845,-0.0700301006436348,0.7615386247634888,0.5169216394424438,-0.07582957297563553,Hello
0.6662039160728455,0.804264485836029,4.4639185148298566e-07,0.6101056933403015,0.7816778421401978,-0.026536185294389725,0.5608404278755188,0.7286375164985657,-0.04054543748497963,0.5294262170791626,0.6785883903503418,-0.05195305496454239,0.5027168989181519,0.6397419571876526,-0.06346753984689713,0.6061457395553589,0.6198140382766724,-0.02983211912214756,0.5837209224700928,0.5428321957588196,-0.0486762709915638,0.5713590979576111,0.4931052625179291,-0.06299326568841934,0.563764214515686,0.44848936796188354,-0.0740508884191513,0.6459168195724487,0.6063017249107361,-0.031592290848493576,0.6524908542633057,0.5143228769302368,-0.046911124140024185,0.657459557056427,0.45620304346084595,-0.06001584604382515,0.6609845161437988,0.40727484226226807,-0.07027018815279007,0.6803989410400391,0.6142816543579102,-0.036728307604789734,0.6972519755363464,0.5354880690574646,-0.05572417378425598,0.7060821652412415,0.48607903718948364,-0.06963957101106644,0.7109007835388184,0.4417346119880676,-0.07946706563234329,0.7102932929992676,0.638311505317688,-0.04392944648861885,0.7372268438339233,0.5869787931442261,-0.06275968253612518,0.7538825273513794,0.5529477000236511,-0.07213842868804932,0.7658790349960327,0.5202011466026306,-0.07840842008590698,Hello
0.6669110655784607,0.7987581491470337,4.4683392275146616e-07,0.6114501953125,0.7742990255355835,-0.025859536603093147,0.5629841089248657,0.722838282585144,-0.03995971381664276,0.5319292545318604,0.6743643879890442,-0.051779139786958694,0.5056605935096741,0.6373940706253052,-0.06380157172679901,0.6085774898529053,0.6153603196144104,-0.029498087242245674,0.5861802101135254,0.5388674139976501,-0.04876706004142761,0.5738834738731384,0.4894271790981293,-0.06351453065872192,0.5663346648216248,0.4448356032371521,-0.07474970072507858,0.6482595801353455,0.6031157374382019,-0.0319054052233696,0.6540682315826416,0.5115625262260437,-0.04775403439998627,0.6583292484283447,0.45257896184921265,-0.061336372047662735,0.6614452004432678,0.402224063873291,-0.07187303155660629,0.682788610458374,0.6117118000984192,-0.037657517939805984,0.6993476748466492,0.5328599810600281,-0.05685305595397949,0.7076663374900818,0.48319119215011597,-0.07064151018857956,0.7120130062103271,0.4387476146221161,-0.08023294061422348,0.7130124568939209,0.6357743144035339,-0.04547708481550217,0.739899754524231,0.5835505127906799,-0.06398218870162964,0.7565430998802185,0.5483415722846985,-0.07288476824760437,0.7686178684234619,0.5146521329879761,-0.07877630740404129,Hello
0.6669426560401917,0.7964473962783813,4.450027972779935e-07,0.6095306277275085,0.7709421515464783,-0.025020070374011993,0.5619352459907532,0.719670295715332,-0.03913385421037674,0.5318328142166138,0.6721217632293701,-0.05112944915890694,0.5062723755836487,0.6343332529067993,-0.06335194408893585,0.6093004941940308,0.6120484471321106,-0.02871166169643402,0.5870819687843323,0.5358829498291016,-0.04812753200531006,0.5754176378250122,0.486358106136322,-0.06311139464378357,0.5685439109802246,0.44172054529190063,-0.07452010363340378,0.649738073348999,0.5999586582183838,-0.0317382737994194,0.6561407446861267,0.5084008574485779,-0.04755403846502304,0.6607041358947754,0.44966474175453186,-0.06114914268255234,0.6640111804008484,0.39983657002449036,-0.07172656059265137,0.6847907900810242,0.6092835664749146,-0.0380643755197525,0.7013660669326782,0.5305021405220032,-0.05700609087944031,0.7094755172729492,0.4811441898345947,-0.07019069790840149,0.713620662689209,0.43720173835754395,-0.07941611856222153,0.71523118019104,0.6345749497413635,-0.04641977697610855,0.7411673665046692,0.5820465683937073,-0.06437820196151733,0.756368100643158,0.5463457107543945,-0.0725722461938858,0.7670304775238037,0.5122527480125427,-0.07801676541566849,Hello
0.666760265827179,0.7969123125076294,4.4490857931123173e-07,0.6100084185600281,0.7707880735397339,-0.025771137326955795,0.5625208020210266,0.719794511795044,-0.04053907468914986,0.5314424633979797,0.6724545955657959,-0.053162362426519394,0.5054632425308228,0.6343402862548828,-0.06594376266002655,0.6097227931022644,0.6109546422958374,-0.028911074623465538,0.5875268578529358,0.535049557685852,-0.048790350556373596,0.5753731727600098,0.4854549169540405,-0.06427105516195297,0.5679870843887329,0.44072479009628296,-0.07605913281440735,0.6495749354362488,0.5989953279495239,-0.03175581991672516,0.6558799743652344,0.5082005858421326,-0.04815656691789627,0.6601814031600952,0.4496456980705261,-0.062205541878938675,0.663262128829956,0.3997383713722229,-0.07305106520652771,0.6843367218971252,0.6081421375274658,-0.038017936050891876,0.7004267573356628,0.5294079184532166,-0.05745324492454529,0.7080816626548767,0.4802919626235962,-0.07100760191679001,0.7118830680847168,0.436379075050354,-0.08043874055147171,0.7146103382110596,0.6331040859222412,-0.046390511095523834,0.7406569719314575,0.5811792016029358,-0.06471409648656845,0.7560720443725586,0.5456612706184387,-0.07330314069986343,0.7671976685523987,0.5117213726043701,-0.07899598032236099,Hello
0.665378749370575,0.7958766222000122,4.516122089626151e-07,0.6093687415122986,0.770408034324646,-0.026639992371201515,0.5619406700134277,0.7202251553535461,-0.04195144400000572,0.5307649970054626,0.6730666756629944,-0.05489925295114517,0.5053727030754089,0.6345443725585938,-0.06798484921455383,0.6081939935684204,0.6137393116950989,-0.03151633217930794,0.5855894088745117,0.5368290543556213,-0.05222173035144806,0.5734989643096924,0.4868418574333191,-0.0678158849477768,0.5667615532875061,0.4413602948188782,-0.07948975265026093,0.648241400718689,0.6011692881584167,-0.033793363720178604,0.6542096138000488,0.5096947550773621,-0.050569407641887665,0.6590889692306519,0.4506504237651825,-0.06437202543020248,0.663001537322998,0.4001159369945526,-0.07503625005483627,0.6831477284431458,0.6095206141471863,-0.03945167735219002,0.6994799971580505,0.5313186645507812,-0.059003088623285294,0.7077601552009583,0.4820750951766968,-0.07232069969177246,0.7121849656105042,0.43805402517318726,-0.08157709985971451,0.7137495875358582,0.6335460543632507,-0.047288380563259125,0.7402910590171814,0.5818355083465576,-0.06563393771648407,0.7564409375190735,0.5467981696128845,-0.07408491522073746,0.7681704759597778,0.5132695436477661,-0.07966228574514389,Hello
0.6648567318916321,0.8010939359664917,4.327452813868149e-07,0.6089255809783936,0.7763035893440247,-0.025904223322868347,0.5617386102676392,0.7258996963500977,-0.040367815643548965,0.5308371186256409,0.6781110167503357,-0.05267268419265747,0.5045368671417236,0.640272319316864,-0.06517442315816879,0.6084738373756409,0.6184505224227905,-0.028859341517090797,0.5867187976837158,0.5431050062179565,-0.048688583076000214,0.5745446085929871,0.49393430352211,-0.06405749171972275,0.5672293305397034,0.4493844509124756,-0.07577589899301529,0.6480091214179993,0.6067845821380615,-0.03146263584494591,0.654149055480957,0.5162311792373657,-0.04789299890398979,0.6587777733802795,0.4585378170013428,-0.06189527362585068,0.662152111530304,0.40950894355773926,-0.07266724854707718,0.6825274229049683,0.6155744791030884,-0.03751017898321152,0.6985045075416565,0.5376094579696655,-0.057343196123838425,0.7065961956977844,0.4883742332458496,-0.0711391270160675,0.710938572883606,0.44404250383377075,-0.080638088285923,0.7126171588897705,0.6398892402648926,-0.045629825443029404,0.7383826375007629,0.5882312059402466,-0.06441466510295868,0.7542886137962341,0.5532901287078857,-0.07326202094554901,0.7658262252807617,0.5197821855545044,-0.07909952849149704,Hello
0.6572198867797852,0.8124046325683594,3.8680374814248353e-07,0.6037446856498718,0.7881353497505188,-0.024001846089959145,0.5635161399841309,0.7338907718658447,-0.03522879630327225,0.5418486595153809,0.6813459396362305,-0.044322267174720764,0.5203898549079895,0.6388881802558899,-0.053156547248363495,0.6077063083648682,0.6337525844573975,-0.019421568140387535,0.5953513383865356,0.5589981079101562,-0.03540869429707527,0.5900377035140991,0.5107070207595825,-0.04883863404393196,0.5871400833129883,0.4688115417957306,-0.059204235672950745,0.6420078277587891,0.6265962719917297,-0.02099110186100006,0.6444994211196899,0.5414173603057861,-0.034005116671323776,0.6459265947341919,0.4882437586784363,-0.04602646082639694,0.6461650133132935,0.4444487690925598,-0.055402953177690506,0.6723883748054504,0.6361381411552429,-0.026280686259269714,0.6765047311782837,0.5590900778770447,-0.042265236377716064,0.6758982539176941,0.511276364326477,-0.05351055786013603,0.6735879182815552,0.4685018062591553,-0.06189665198326111,0.7014602422714233,0.6590188145637512,-0.033780597150325775,0.719636857509613,0.6077407002449036,-0.04942217096686363,0.7296163439750671,0.5734772682189941,-0.0569043904542923,0.7357847690582275,0.5404554605484009,-0.062295302748680115,Hello
0.6564454436302185,0.8088042736053467,4.018482115952793e-07,0.6033079028129578,0.7866501808166504,-0.026636462658643723,0.5636345744132996,0.7331745028495789,-0.03879743069410324,0.5424210429191589,0.6795748472213745,-0.04813472554087639,0.5212340950965881,0.6366835236549377,-0.05716568976640701,0.6072597503662109,0.6330727338790894,-0.023462722077965736,0.5955056548118591,0.5582886934280396,-0.0400204174220562,0.5902479887008667,0.5100343227386475,-0.05353666841983795,0.5877785086631775,0.4674467444419861,-0.06395726650953293,0.6434272527694702,0.6257405877113342,-0.02386917546391487,0.6483097076416016,0.5421276092529297,-0.03754708170890808,0.6509131193161011,0.48883867263793945,-0.050166454166173935,0.6523264050483704,0.44347238540649414,-0.060028448700904846,0.6743055582046509,0.6357622742652893,-0.027990521863102913,0.6847007274627686,0.561581015586853,-0.045214176177978516,0.6873959302902222,0.5136225819587708,-0.05752867832779884,0.6874706149101257,0.4698185324668884,-0.0663830041885376,0.702433168888092,0.659017026424408,-0.034350596368312836,0.723685085773468,0.6094363331794739,-0.051333118230104446,0.7359118461608887,0.5762833952903748,-0.059464290738105774,0.7441256642341614,0.5435768365859985,-0.06504538655281067,Hello
0.657328188419342,0.8120379447937012,3.990939205777977e-07,0.6039435863494873,0.7893062829971313,-0.026667481288313866,0.5632541179656982,0.7351667284965515,-0.038980934768915176,0.5410012602806091,0.6810578107833862,-0.04848003759980202,0.5195909738540649,0.6375439167022705,-0.057679735124111176,0.6062285304069519,0.6358080506324768,-0.02384963631629944,0.5942147970199585,0.5606048107147217,-0.04084831103682518,0.5887937545776367,0.5119771957397461,-0.0546133928000927,0.5862951874732971,0.46909934282302856,-0.06523361802101135,0.6425521969795227,0.6276001930236816,-0.024514824151992798,0.6467856168746948,0.5432461500167847,-0.03856901079416275,0.6492529511451721,0.4894760251045227,-0.0514214001595974,0.6506593227386475,0.4434674382209778,-0.0614444725215435,0.6735285520553589,0.6371237635612488,-0.02888774499297142,0.6834642887115479,0.5618107914924622,-0.046374138444662094,0.6859535574913025,0.5135705471038818,-0.05891925469040871,0.6857461333274841,0.46930402517318726,-0.06799048185348511,0.7017708420753479,0.6603965163230896,-0.03549730032682419,0.7230803966522217,0.6112892627716064,-0.05282629281282425,0.7353452444076538,0.5778785347938538,-0.06132984161376953,0.7436650991439819,0.544861912727356,-0.06719793379306793,Hello
0.6542245745658875,0.8119944930076599,3.854594865515537e-07,0.6007102131843567,0.7902501225471497,-0.02549201063811779,0.5600754022598267,0.7355285286903381,-0.03716752678155899,0.5377832651138306,0.6818605065345764,-0.046104732900857925,0.51481032371521,0.6412259936332703,-0.054949693381786346,0.602430522441864,0.6378892660140991,-0.02420753985643387,0.5886033177375793,0.5629164576530457,-0.0405929833650589,0.5819869637489319,0.515001118183136,-0.05372868850827217,0.5784869194030762,0.4723186492919922,-0.06406078487634659,0.6387618780136108,0.6293061375617981,-0.025170529261231422,0.6437156796455383,0.5450526475906372,-0.03876396641135216,0.6470063924789429,0.49229633808135986,-0.051260806620121,0.6490371227264404,0.44660836458206177,-0.06112908944487572,0.6696586608886719,0.6385185718536377,-0.029546787962317467,0.6798239946365356,0.5633938312530518,-0.046752914786338806,0.6834583878517151,0.5155550837516785,-0.059275876730680466,0.6841316819190979,0.4712977111339569,-0.06842783093452454,0.6977128386497498,0.6611154079437256,-0.03597133234143257,0.7187634706497192,0.6119434833526611,-0.05325964465737343,0.7309854030609131,0.579365074634552,-0.06165658310055733,0.7390049695968628,0.5468751788139343,-0.06749666482210159,Hello
0.644951581954956,0.8142754435539246,3.999201112492301e-07,0.5928698778152466,0.7927788496017456,-0.025806190446019173,0.552504301071167,0.7437374591827393,-0.038264136761426926,0.5287789106369019,0.6940999031066895,-0.04810844361782074,0.5062159299850464,0.6541874408721924,-0.057687606662511826,0.5931386947631836,0.6456742286682129,-0.023798223584890366,0.5783369541168213,0.5738218426704407,-0.04020597040653229,0.5711805820465088,0.5273874402046204,-0.05313951149582863,0.5677011013031006,0.48580825328826904,-0.06320355087518692,0.6283890604972839,0.6364198923110962,-0.02458445355296135,0.6324613690376282,0.5538896918296814,-0.03854656592011452,0.635822594165802,0.5014262199401855,-0.050821784883737564,0.6385014653205872,0.45599988102912903,-0.06034880504012108,0.6590555310249329,0.644464910030365,-0.02896653674542904,0.6684203147888184,0.5723927021026611,-0.04661137983202934,0.6718603372573853,0.525012731552124,-0.05931778997182846,0.6728753447532654,0.481174111366272,-0.06832418590784073,0.6875494122505188,0.6653645634651184,-0.035473089665174484,0.7088494300842285,0.6174114942550659,-0.05272803455591202,0.7216237783432007,0.5848832130432129,-0.06141863763332367,0.7304197549819946,0.5529008507728577,-0.06740588694810867,Hello
0.6423953771591187,0.8138021230697632,3.943083299873251e-07,0.5912590622901917,0.7930048704147339,-0.025771310552954674,0.5513538718223572,0.7441333532333374,-0.038382500410079956,0.5280373096466064,0.6948474049568176,-0.04840466380119324,0.5054962635040283,0.6550589799880981,-0.05828952044248581,0.5918102860450745,0.6456188559532166,-0.02446099929511547,0.5766823887825012,0.5751067399978638,-0.041087806224823,0.5688521265983582,0.5293575525283813,-0.05420331284403801,0.5648708343505859,0.4881253242492676,-0.06441090255975723,0.6269906163215637,0.63651442527771,-0.02542194165289402,0.6312972903251648,0.5544680953025818,-0.03949423506855965,0.6345381140708923,0.5021320581436157,-0.05194434896111488,0.637330174446106,0.456537663936615,-0.06165013834834099,0.6575868129730225,0.6451032757759094,-0.029893409460783005,0.6674849987030029,0.5730017423629761,-0.04752629995346069,0.6713682413101196,0.5259484052658081,-0.060100406408309937,0.6730044484138489,0.48218590021133423,-0.06907016783952713,0.6857920289039612,0.6667048335075378,-0.036479633301496506,0.7070435285568237,0.6187528967857361,-0.053719233721494675,0.7200999855995178,0.5860196352005005,-0.062173031270504,0.7294045686721802,0.5536238551139832,-0.06800229847431183,Hello
0.6421113014221191,0.8143547773361206,3.959432035571808e-07,0.5910038948059082,0.7941946387290955,-0.025924311950802803,0.5510151386260986,0.7450976967811584,-0.03858413174748421,0.5275272130966187,0.6960335969924927,-0.04855737462639809,0.5051413178443909,0.6561049222946167,-0.0582929402589798,0.5904016494750977,0.6461083889007568,-0.02427787333726883,0.5750577449798584,0.5758540034294128,-0.04078589379787445,0.5671729445457458,0.5301617383956909,-0.05396323278546333,0.5632349848747253,0.4891219139099121,-0.06418327987194061,0.6253694295883179,0.6363723278045654,-0.02507667988538742,0.6293003559112549,0.5543339848518372,-0.03872828185558319,0.6325964331626892,0.5021563172340393,-0.05092986673116684,0.6355466842651367,0.4570014476776123,-0.06046987324953079,0.6559646129608154,0.6446107029914856,-0.029416721314191818,0.6659042239189148,0.5726717114448547,-0.04654962569475174,0.6701434254646301,0.5258026123046875,-0.05889987200498581,0.6719918251037598,0.4824410080909729,-0.06774739176034927,0.6840199828147888,0.6660638451576233,-0.03591848909854889,0.704838752746582,0.6172037720680237,-0.05267205089330673,0.7179124355316162,0.5848144888877869,-0.06081240996718407,0.7270390391349792,0.5531733632087708,-0.06642723083496094,Hello
0.6406646370887756,0.8159766793251038,3.9466058865400555e-07,0.589476466178894,0.7960639595985413,-0.025242824107408524,0.5498644113540649,0.7470044493675232,-0.03728432580828667,0.5265469551086426,0.6980848908424377,-0.04686497151851654,0.5040578842163086,0.6591503024101257,-0.05626661702990532,0.5897445678710938,0.648529589176178,-0.022798847407102585,0.5742689371109009,0.5784366130828857,-0.038689494132995605,0.5662722587585449,0.5327045917510986,-0.05145223066210747,0.5621665120124817,0.4919174313545227,-0.06139599159359932,0.6243112683296204,0.6386229991912842,-0.023721907287836075,0.6286192536354065,0.5564360618591309,-0.03698712959885597,0.6318084001541138,0.503700315952301,-0.049051765352487564,0.6345560550689697,0.45856064558029175,-0.05846918746829033,0.6545197367668152,0.6463143825531006,-0.028195448219776154,0.6644342541694641,0.5743401050567627,-0.04505518451333046,0.668319582939148,0.5275065302848816,-0.057559844106435776,0.6699423789978027,0.4843563735485077,-0.06651357561349869,0.6822447180747986,0.6670992374420166,-0.03480241075158119,0.703955352306366,0.6196226477622986,-0.05140639469027519,0.7174085378646851,0.58736252784729,-0.05978948250412941,0.727226734161377,0.55576092004776,-0.06559894233942032,Hello
0.6405235528945923,0.8187569379806519,3.8792504142293183e-07,0.5891607403755188,0.7981284856796265,-0.025342876091599464,0.5493268370628357,0.7478421330451965,-0.03757275268435478,0.5263141989707947,0.6976552605628967,-0.04732941463589668,0.5026221871376038,0.6592801213264465,-0.056974638253450394,0.5896133780479431,0.6496184468269348,-0.0231324452906847,0.5731168389320374,0.5798835158348083,-0.039359357208013535,0.5644442439079285,0.5344305634498596,-0.05240536481142044,0.5597703456878662,0.49367663264274597,-0.06262533366680145,0.6244796514511108,0.6403072476387024,-0.024341795593500137,0.628133237361908,0.5579981803894043,-0.03817453235387802,0.6312693953514099,0.5053079724311829,-0.050624456256628036,0.6339805722236633,0.45980507135391235,-0.06029798462986946,0.6549257636070251,0.6486448645591736,-0.02910534106194973,0.6644698977470398,0.5759287476539612,-0.046615466475486755,0.668577253818512,0.529018223285675,-0.059189170598983765,0.6702710390090942,0.48534879088401794,-0.06812404096126556,0.6830693483352661,0.6697954535484314,-0.03596831113100052,0.7041120529174805,0.620980441570282,-0.05296589434146881,0.717313826084137,0.5882689356803894,-0.06128426641225815,0.7267765402793884,0.5559991002082825,-0.06704756617546082,Hello
0.6390674114227295,0.8207834362983704,3.968261239606363e-07,0.5876266956329346,0.8009235262870789,-0.026360880583524704,0.5479359030723572,0.751920223236084,-0.03912244737148285,0.5245503783226013,0.7018983960151672,-0.049203768372535706,0.5010126829147339,0.6616837382316589,-0.05912964046001434,0.5874907970428467,0.6553441286087036,-0.02383459359407425,0.5704861879348755,0.5872679352760315,-0.04061325266957283,0.561306357383728,0.5421543121337891,-0.05404041334986687,0.5563024878501892,0.5008461475372314,-0.06449660658836365,0.6219729781150818,0.6446929574012756,-0.024529991671442986,0.6258771419525146,0.563367486000061,-0.03868163749575615,0.6286867260932922,0.5108263492584229,-0.051278550177812576,0.6309992671012878,0.4651380181312561,-0.061070095747709274,0.6518311500549316,0.6520183682441711,-0.02886076644062996,0.6611120700836182,0.5811653733253479,-0.04659547656774521,0.6644467711448669,0.534625768661499,-0.05912969261407852,0.665505588054657,0.49140307307243347,-0.06798560172319412,0.6791676878929138,0.6723127365112305,-0.03540836647152901,0.6997696757316589,0.6245640516281128,-0.052558690309524536,0.7129198908805847,0.5926393270492554,-0.06086982041597366,0.7224268913269043,0.5614298582077026,-0.06657572090625763,Hello
0.6387038230895996,0.8211904168128967,3.978545919380849e-07,0.5879071354866028,0.8010031580924988,-0.02615899033844471,0.5481573939323425,0.7525278329849243,-0.03889096900820732,0.5241410136222839,0.7036705613136292,-0.048923756927251816,0.5008918046951294,0.663154661655426,-0.05866545811295509,0.5869802236557007,0.6553089618682861,-0.02349725551903248,0.569506049156189,0.5873592495918274,-0.039900604635477066,0.5603393316268921,0.5421949028968811,-0.053035736083984375,0.5554540753364563,0.5012432336807251,-0.06329625844955444,0.6214269399642944,0.644440233707428,-0.024207530543208122,0.6247149705886841,0.5635920763015747,-0.037946321070194244,0.6275483965873718,0.5114099979400635,-0.05033731833100319,0.629912793636322,0.46620142459869385,-0.059998247772455215,0.6515401005744934,0.6517056822776794,-0.02852107584476471,0.6601764559745789,0.5809189677238464,-0.04605937376618385,0.6635769009590149,0.5346513986587524,-0.05850094184279442,0.6646337509155273,0.4916045069694519,-0.06730039417743683,0.6791526079177856,0.6720569133758545,-0.03500828146934509,0.699613094329834,0.6242412328720093,-0.05208617076277733,0.7130505442619324,0.5925981402397156,-0.06028281897306442,0.7226434946060181,0.5617486834526062,-0.06588846445083618,Hello
0.6379818320274353,0.8202483057975769,3.978126130732562e-07,0.5867817997932434,0.7999840974807739,-0.02584906294941902,0.547383725643158,0.7515456676483154,-0.03856464475393295,0.5236420631408691,0.7033476829528809,-0.04874280467629433,0.5006059408187866,0.663709819316864,-0.058679576963186264,0.5861453413963318,0.6537671685218811,-0.023197151720523834,0.5681667327880859,0.5862749814987183,-0.03994940593838692,0.5590036511421204,0.5413424372673035,-0.05349424481391907,0.554347574710846,0.5001472234725952,-0.06404787302017212,0.6202828884124756,0.6420602798461914,-0.02408216893672943,0.6232423782348633,0.5615583658218384,-0.03811691328883171,0.6266875267028809,0.5090215802192688,-0.050683729350566864,0.629738986492157,0.46311211585998535,-0.06041202321648598,0.6502269506454468,0.6490541696548462,-0.02859743870794773,0.6588469743728638,0.5788243412971497,-0.046093933284282684,0.6627472043037415,0.5331616401672363,-0.0585767962038517,0.664149284362793,0.49050745368003845,-0.06738369166851044,0.6776963472366333,0.6696596741676331,-0.035318538546562195,0.6979414224624634,0.6221238374710083,-0.05225859209895134,0.7110728025436401,0.5903783440589905,-0.06051105260848999,0.7204041481018066,0.5591615438461304,-0.06614702194929123,Hello
0.6379823684692383,0.817977786064148,4.120405492358259e-07,0.5866150856018066,0.7991232872009277,-0.02750558592379093,0.5466000437736511,0.751423180103302,-0.040973179042339325,0.5229368805885315,0.7023281455039978,-0.05152694880962372,0.49994271993637085,0.6612735986709595,-0.06175374984741211,0.585121750831604,0.6540459394454956,-0.025372430682182312,0.5674417018890381,0.5858711004257202,-0.042536139488220215,0.5583866238594055,0.5407267212867737,-0.05604763701558113,0.5540259480476379,0.49931517243385315,-0.06651441007852554,0.6196016073226929,0.6422091722488403,-0.025461861863732338,0.622484564781189,0.5612519979476929,-0.039905328303575516,0.625785768032074,0.5088068842887878,-0.052455585449934006,0.6291390061378479,0.4632965326309204,-0.062205925583839417,0.6497402787208557,0.6489704251289368,-0.029262907803058624,0.6584892272949219,0.5784182548522949,-0.0473482683300972,0.6618939638137817,0.5329653024673462,-0.0598747581243515,0.6632146239280701,0.49056196212768555,-0.06869218498468399,0.6776208281517029,0.6688697934150696,-0.03535046800971031,0.698145866394043,0.62109375,-0.05288537219166756,0.711268961429596,0.589285135269165,-0.06141892448067665,0.7207139134407043,0.5578241348266602,-0.06725256890058517,Hello
0.6370582580566406,0.8197742104530334,3.9255309047803166e-07,0.5868517160415649,0.8007896542549133,-0.026111053302884102,0.5471677184104919,0.7522459626197815,-0.03890320286154747,0.5239090919494629,0.7028751373291016,-0.04908909276127815,0.5008465647697449,0.6629741191864014,-0.0591314472258091,0.5856743454933167,0.6560881733894348,-0.02407972514629364,0.5679140686988831,0.5885285139083862,-0.04102812334895134,0.5588294863700867,0.5435705184936523,-0.0545932874083519,0.5541433095932007,0.5024069547653198,-0.06509607285261154,0.6196399331092834,0.6446239352226257,-0.024827541783452034,0.6222434043884277,0.563340961933136,-0.039034582674503326,0.6247778534889221,0.5106796026229858,-0.0515877902507782,0.6269177794456482,0.46525058150291443,-0.061353810131549835,0.649382472038269,0.6513898372650146,-0.029142441228032112,0.6567073464393616,0.580132782459259,-0.04673204943537712,0.6591252088546753,0.5343673825263977,-0.058917246758937836,0.6594086289405823,0.49226444959640503,-0.06758260726928711,0.6767647862434387,0.6712384819984436,-0.035661812871694565,0.6957318782806396,0.6226648092269897,-0.05243264138698578,0.7085323333740234,0.5909215211868286,-0.06027800589799881,0.7176964282989502,0.5601885318756104,-0.06575927883386612,Hello
0.6379354000091553,0.8240607380867004,3.577506788587925e-07,0.587134838104248,0.8030630946159363,-0.023648036643862724,0.5497063398361206,0.752011239528656,-0.034479912370443344,0.5342909693717957,0.6993811130523682,-0.042970482259988785,0.5203069448471069,0.6530802249908447,-0.051104094833135605,0.5862212181091309,0.6573814153671265,-0.02111337147653103,0.5683342814445496,0.5889972448348999,-0.03754545375704765,0.5589498281478882,0.5437673926353455,-0.0506892204284668,0.5537192821502686,0.5030389428138733,-0.06061837822198868,0.6198228001594543,0.6460541486740112,-0.022471219301223755,0.6224705576896667,0.5636361241340637,-0.0359790064394474,0.6253460049629211,0.5115017890930176,-0.047605857253074646,0.62758868932724,0.46690070629119873,-0.056367356330156326,0.6490139961242676,0.6523471474647522,-0.027285777032375336,0.6536908745765686,0.5796613693237305,-0.04336416721343994,0.6550305485725403,0.534166693687439,-0.053798601031303406,0.6549827456474304,0.492515504360199,-0.06112781912088394,0.6762224435806274,0.6720396280288696,-0.0342540480196476,0.6894211173057556,0.6205695867538452,-0.048983749002218246,0.6981696486473083,0.5875552296638489,-0.05500207468867302,0.7042776942253113,0.5558435320854187,-0.05910344794392586,Hello
0.6399919986724854,0.8247140645980835,3.243264643515431e-07,0.5894536972045898,0.8028189539909363,-0.024234173819422722,0.5530260801315308,0.7542428970336914,-0.036234453320503235,0.5366423726081848,0.7028777003288269,-0.04591289162635803,0.5252696871757507,0.6549069881439209,-0.05493724346160889,0.5873034596443176,0.6554478406906128,-0.019167417660355568,0.5723123550415039,0.5854521989822388,-0.03529714420437813,0.5650014877319336,0.5411058664321899,-0.04885217174887657,0.5614193081855774,0.5007732510566711,-0.058979351073503494,0.6198000907897949,0.6449642181396484,-0.019920354709029198,0.6203150749206543,0.5635640025138855,-0.03252038359642029,0.6215462684631348,0.5132703185081482,-0.04391002655029297,0.6229373812675476,0.4695471525192261,-0.052654337137937546,0.6486110091209412,0.6514444351196289,-0.02432934381067753,0.6512726545333862,0.578667402267456,-0.03819052875041962,0.6505714058876038,0.5336315631866455,-0.047292616218328476,0.6483540534973145,0.4922407865524292,-0.05408721789717674,0.6764265894889832,0.6706545352935791,-0.031171036884188652,0.683714747428894,0.616658627986908,-0.0438801571726799,0.6857508420944214,0.5826305747032166,-0.048848506063222885,0.6842930912971497,0.5499287247657776,-0.05233730003237724,Hello
0.6400240063667297,0.8231183290481567,3.0905877679288096e-07,0.589252233505249,0.7997592091560364,-0.02162264660000801,0.5547673106193542,0.7498279809951782,-0.0322909839451313,0.540974497795105,0.6986250281333923,-0.041411276906728745,0.5304720401763916,0.6520214080810547,-0.050145283341407776,0.5885988473892212,0.6545625329017639,-0.015887537971138954,0.5760188102722168,0.5839577317237854,-0.031855836510658264,0.569961667060852,0.5392796397209167,-0.04547027871012688,0.5670099854469299,0.4984056353569031,-0.055693261325359344,0.6198438405990601,0.6441274285316467,-0.01816181279718876,0.6207075715065002,0.5627835988998413,-0.03073173575103283,0.6224896907806396,0.512662947177887,-0.04242968559265137,0.6245227456092834,0.46874529123306274,-0.05140865966677666,0.6474858522415161,0.6509622931480408,-0.024016987532377243,0.6491332054138184,0.5773581266403198,-0.037452880293130875,0.6486921310424805,0.5323805809020996,-0.04655957967042923,0.6472644209861755,0.49099063873291016,-0.05344933643937111,0.6741803288459778,0.6707398295402527,-0.03220490738749504,0.6778430342674255,0.6163126230239868,-0.0447525791823864,0.6770821809768677,0.5812672972679138,-0.04989790543913841,0.6735736131668091,0.5479098558425903,-0.05360562354326248,Hello
0.6401950120925903,0.8217206597328186,3.081666193338606e-07,0.5895443558692932,0.799476146697998,-0.023033039644360542,0.5545946359634399,0.7510354518890381,-0.03442807123064995,0.5392189621925354,0.69945228099823,-0.04400443285703659,0.5320415496826172,0.652965247631073,-0.05301198735833168,0.5887516140937805,0.6544693112373352,-0.016308672726154327,0.576646625995636,0.5834326148033142,-0.03231341391801834,0.5705921649932861,0.5387520790100098,-0.04599090293049812,0.5678957104682922,0.49822983145713806,-0.05619518831372261,0.6196916103363037,0.6445315480232239,-0.01756351627409458,0.62012779712677,0.5633321404457092,-0.02990935742855072,0.6216731667518616,0.5132447481155396,-0.04118049517273903,0.623989999294281,0.46970877051353455,-0.04984003305435181,0.6472786664962769,0.6510328650474548,-0.022598285228013992,0.6487312316894531,0.5776842832565308,-0.035526420921087265,0.6484922766685486,0.5325295329093933,-0.04422032833099365,0.6475390791893005,0.4911080300807953,-0.05081932619214058,0.6739892363548279,0.6698976755142212,-0.030152209103107452,0.6774792671203613,0.6152133941650391,-0.041987091302871704,0.6767276525497437,0.5804309844970703,-0.04683792218565941,0.6735233664512634,0.5472505688667297,-0.05037274211645126,Hello
0.63910973072052,0.8194466233253479,3.214337027657166e-07,0.5891852974891663,0.7981545329093933,-0.02308182790875435,0.5534695982933044,0.7496567368507385,-0.0347445011138916,0.5371410846710205,0.6984673738479614,-0.04438730701804161,0.5283429622650146,0.6513170599937439,-0.05348284915089607,0.5876544713973999,0.6528804302215576,-0.018299762159585953,0.5753054618835449,0.5822174549102783,-0.03460528701543808,0.5700662136077881,0.5376182198524475,-0.048321835696697235,0.5680129528045654,0.4974060654640198,-0.058499425649642944,0.6195110082626343,0.642655074596405,-0.01947607658803463,0.6205848455429077,0.5617618560791016,-0.031957708299160004,0.6219731569290161,0.5115630626678467,-0.04337133467197418,0.6236183047294617,0.46825265884399414,-0.05221526697278023,0.6481600999832153,0.649341344833374,-0.024225113913416862,0.6509017944335938,0.5767890214920044,-0.03729652985930443,0.6503424644470215,0.5316663980484009,-0.0460917167365551,0.6486326456069946,0.490370512008667,-0.0529046393930912,0.675736665725708,0.6689315438270569,-0.03137906640768051,0.6818187832832336,0.6150225400924683,-0.043462999165058136,0.682802140712738,0.5805585980415344,-0.04835301637649536,0.6807562112808228,0.5476222038269043,-0.05191386863589287,Hello
0.6396461725234985,0.8227831125259399,3.3208462468792277e-07,0.5899974703788757,0.799214243888855,-0.023487519472837448,0.5563860535621643,0.7508100271224976,-0.03584226593375206,0.540645182132721,0.6998067498207092,-0.046518731862306595,0.5332075953483582,0.653468906879425,-0.05645059794187546,0.593224823474884,0.6538405418395996,-0.01647976227104664,0.5894619226455688,0.5831986665725708,-0.03426170349121094,0.5892398357391357,0.537956714630127,-0.04977191612124443,0.5917194485664368,0.49730998277664185,-0.06097486987709999,0.6229000687599182,0.6453720331192017,-0.017507871612906456,0.6215704083442688,0.5643229484558105,-0.03145603463053703,0.6214739680290222,0.5123568773269653,-0.043669965118169785,0.6220685839653015,0.46729400753974915,-0.05289703235030174,0.6499060988426208,0.6524025201797485,-0.02247256226837635,0.6496245265007019,0.5801733732223511,-0.0360870324075222,0.6480725407600403,0.5344876646995544,-0.0447976179420948,0.6456483602523804,0.49317729473114014,-0.05131036788225174,0.6773033142089844,0.6720993518829346,-0.03020026721060276,0.6813340783119202,0.6174123287200928,-0.042514368891716,0.6802979707717896,0.5820255279541016,-0.04795893281698227,0.6762151122093201,0.5484980344772339,-0.051765844225883484,Hello
0.6396505832672119,0.8227782249450684,3.2964769047794107e-07,0.5897622108459473,0.7993733286857605,-0.023151258006691933,0.5556281805038452,0.750076174736023,-0.035449232906103134,0.5402796864509583,0.6988974213600159,-0.046042829751968384,0.5332691669464111,0.6522004008293152,-0.05594183877110481,0.5928343534469604,0.6533530354499817,-0.01718801259994507,0.5883802771568298,0.5820223093032837,-0.03495091199874878,0.5880098938941956,0.5366586446762085,-0.050209611654281616,0.5902114510536194,0.4961077570915222,-0.06125981733202934,0.6225913166999817,0.6450628638267517,-0.01854291558265686,0.6221534609794617,0.5637476444244385,-0.032551109790802,0.6222835779190063,0.5125375390052795,-0.04486330971121788,0.6226077079772949,0.4681224822998047,-0.05416954308748245,0.649427592754364,0.6521964073181152,-0.023689337074756622,0.6503016948699951,0.5797395706176758,-0.03729164972901344,0.6491377949714661,0.5341466665267944,-0.046023063361644745,0.6468071341514587,0.49278372526168823,-0.05267804488539696,0.6763371229171753,0.6718382239341736,-0.03151167184114456,0.6815783381462097,0.6175912618637085,-0.0437985323369503,0.6814661622047424,0.582257091999054,-0.04913916811347008,0.6781980395317078,0.5488313436508179,-0.052960772067308426,Hello
0.6403467655181885,0.822822093963623,3.2679756145626015e-07,0.5902413725852966,0.8003901839256287,-0.023562472313642502,0.5561242699623108,0.7515743374824524,-0.03584647551178932,0.539659857749939,0.699757993221283,-0.04626591131091118,0.530907392501831,0.6532737612724304,-0.0560990646481514,0.5921874642372131,0.6543595194816589,-0.0178623516112566,0.5868006944656372,0.5825817584991455,-0.0355742946267128,0.5852678418159485,0.5368930101394653,-0.05086765065789223,0.5863304734230042,0.49581703543663025,-0.06195785477757454,0.6223206520080566,0.6455951929092407,-0.01878335140645504,0.6220627427101135,0.5643358826637268,-0.0324581041932106,0.6222084164619446,0.5131597518920898,-0.04464118182659149,0.6225148439407349,0.46881407499313354,-0.05392777547240257,0.6495925188064575,0.6526222229003906,-0.023435592651367188,0.650540292263031,0.5801470279693604,-0.03678770735859871,0.6493268609046936,0.5344783067703247,-0.04547173157334328,0.6469761729240417,0.49307817220687866,-0.052156902849674225,0.6767855882644653,0.6724159717559814,-0.03074723109602928,0.6818296313285828,0.6185625791549683,-0.04281621426343918,0.6818830966949463,0.5836417078971863,-0.04795520380139351,0.679274320602417,0.5503315329551697,-0.05164638161659241,Hello
0.6399180293083191,0.822096049785614,3.0591175459449005e-07,0.5896862745285034,0.8001022934913635,-0.021682091057300568,0.5546099543571472,0.7500728368759155,-0.03221593797206879,0.539641261100769,0.6984381675720215,-0.04107462614774704,0.5305566787719727,0.6532208323478699,-0.04948366805911064,0.5901177525520325,0.6535729765892029,-0.016054833307862282,0.5821895599365234,0.5820944905281067,-0.032016586512327194,0.5788942575454712,0.5367741584777832,-0.04594625532627106,0.5780640840530396,0.496457576751709,-0.05627470836043358,0.6210253834724426,0.6446235775947571,-0.017639821395277977,0.6205590963363647,0.5639923810958862,-0.029995910823345184,0.6209291815757751,0.513626217842102,-0.041579119861125946,0.6214234828948975,0.47056204080581665,-0.05055967718362808,0.648701012134552,0.6514574885368347,-0.022765913978219032,0.650202214717865,0.5790044069290161,-0.03557608649134636,0.6488913893699646,0.533698320388794,-0.04458414390683174,0.6459152102470398,0.4927824139595032,-0.051591042429208755,0.6760663986206055,0.6708419322967529,-0.030285142362117767,0.6817918419837952,0.6169002056121826,-0.042229000478982925,0.681830108165741,0.5824505686759949,-0.04754793643951416,0.6786432862281799,0.5497071146965027,-0.05146240442991257,Hello
0.637210488319397,0.8239763975143433,3.229785647818062e-07,0.5877460837364197,0.8005129098892212,-0.022356152534484863,0.5534400343894958,0.7520099878311157,-0.03415120765566826,0.5372621417045593,0.7018386721611023,-0.044246044009923935,0.5285186171531677,0.6552314758300781,-0.05380801111459732,0.5865482091903687,0.6565549373626709,-0.01722082681953907,0.5751768350601196,0.5861431360244751,-0.03402974456548691,0.5696539282798767,0.541070818901062,-0.04820849746465683,0.5672981142997742,0.5004660487174988,-0.058699510991573334,0.617314875125885,0.6466783285140991,-0.019057122990489006,0.6171919703483582,0.5657592415809631,-0.032344404608011246,0.6178629994392395,0.5148237943649292,-0.0441732257604599,0.618813693523407,0.4709937274456024,-0.053131867200136185,0.6451026201248169,0.6534927487373352,-0.024496188387274742,0.6463738679885864,0.5809473991394043,-0.03819800168275833,0.6450449228286743,0.5353662967681885,-0.04729712754487991,0.6424768567085266,0.4936778247356415,-0.05421135574579239,0.6721888780593872,0.6732433438301086,-0.032313596457242966,0.6782653331756592,0.6196844577789307,-0.04470866173505783,0.6791318655014038,0.5846356153488159,-0.04985649511218071,0.6769604086875916,0.5508645176887512,-0.05360443517565727,Hello
0.637722373008728,0.824291467666626,3.095058502822212e-07,0.5877659320831299,0.8022567629814148,-0.021474070847034454,0.5529376268386841,0.7524598240852356,-0.032020289450883865,0.537772536277771,0.7015507817268372,-0.04090919345617294,0.5279459953308105,0.6557647585868835,-0.049287524074316025,0.5859731435775757,0.6565259099006653,-0.015818769112229347,0.5743821859359741,0.5866928696632385,-0.031455621123313904,0.5690222382545471,0.5421361327171326,-0.044947780668735504,0.5665814876556396,0.501973032951355,-0.05510517954826355,0.6174332499504089,0.6465978026390076,-0.017738215625286102,0.6171138882637024,0.5660924911499023,-0.030054928734898567,0.6178491115570068,0.5155254602432251,-0.04148397222161293,0.6187991499900818,0.4720149636268616,-0.05024256929755211,0.6458296179771423,0.6535757184028625,-0.023164890706539154,0.6470566987991333,0.5812105536460876,-0.03634742274880409,0.6457391381263733,0.536236047744751,-0.04541274160146713,0.6429591178894043,0.49504342675209045,-0.05231659486889839,0.6736295223236084,0.6736396551132202,-0.03087455965578556,0.6799831390380859,0.6200818419456482,-0.04315199702978134,0.6805990934371948,0.5856366753578186,-0.0483228899538517,0.6777850985527039,0.5524678230285645,-0.05206051468849182,Hello
0.6366323828697205,0.8256278038024902,3.1434740321856225e-07,0.5871810913085938,0.8022030591964722,-0.021813996136188507,0.5532566905021667,0.7541980743408203,-0.033364325761795044,0.5380317568778992,0.7045567631721497,-0.043263815343379974,0.5288941860198975,0.6582730412483215,-0.05266062542796135,0.5862368941307068,0.6596345901489258,-0.017366528511047363,0.5737486481666565,0.5891680717468262,-0.03387872874736786,0.5676990151405334,0.5445896983146667,-0.04769841581583023,0.5648432970046997,0.5041754841804504,-0.05796564370393753,0.6174317002296448,0.6495668292045593,-0.019398849457502365,0.6174086928367615,0.568484365940094,-0.03245902433991432,0.6182959079742432,0.5179558396339417,-0.04407911375164986,0.6192991733551025,0.4742882251739502,-0.05292092636227608,0.6455765962600708,0.6561352610588074,-0.024907637387514114,0.6469915509223938,0.5836732983589172,-0.03859323263168335,0.6458811163902283,0.5386349558830261,-0.047527559101581573,0.6432803869247437,0.49727940559387207,-0.05428997799754143,0.6730972528457642,0.6757348775863647,-0.03270189091563225,0.6799054741859436,0.6222522854804993,-0.04511675611138344,0.6808689832687378,0.5879251956939697,-0.049992743879556656,0.6781838536262512,0.5549367070198059,-0.053487226366996765,Hello
0.6390948295593262,0.8284777402877808,3.0938696227167384e-07,0.5881333351135254,0.8064063191413879,-0.021500077098608017,0.5520411133766174,0.7575132250785828,-0.03222251310944557,0.5374513268470764,0.7063523530960083,-0.04125109687447548,0.527096152305603,0.6598889827728271,-0.049886077642440796,0.5862544178962708,0.6621338725090027,-0.017790144309401512,0.5722028613090515,0.5918664932250977,-0.03406164422631264,0.5653178095817566,0.5469558835029602,-0.04762868583202362,0.5615812540054321,0.5063062310218811,-0.05772792547941208,0.6178575158119202,0.6512637734413147,-0.01987130381166935,0.6177374720573425,0.569740355014801,-0.03283429518342018,0.6187189817428589,0.5187209844589233,-0.04423835873603821,0.6198102831840515,0.4748411476612091,-0.05291765183210373,0.6462149620056152,0.6574565172195435,-0.025361154228448868,0.6473519802093506,0.5852638483047485,-0.03917648270726204,0.6458834409713745,0.5400088429450989,-0.04824617877602577,0.6431363821029663,0.49893122911453247,-0.055032067000865936,0.674108624458313,0.6766568422317505,-0.033095866441726685,0.6806570887565613,0.6226671934127808,-0.0457572378218174,0.6812529563903809,0.5880390405654907,-0.05083288997411728,0.6782655119895935,0.5551580786705017,-0.05441296845674515,Hello
0.6357738375663757,0.8259398937225342,3.1156102409113373e-07,0.5869135856628418,0.8043042421340942,-0.0217799823731184,0.5515227317810059,0.7557564973831177,-0.03262137994170189,0.5356818437576294,0.7053835391998291,-0.0417882576584816,0.5256048440933228,0.6587023138999939,-0.050502751022577286,0.5850957036018372,0.6603850722312927,-0.017244864255189896,0.5702854990959167,0.5915359854698181,-0.033530980348587036,0.5623668432235718,0.5468927621841431,-0.0471370555460453,0.5585042238235474,0.5062934160232544,-0.05728071182966232,0.6162948608398438,0.6494163274765015,-0.019156502559781075,0.6167305111885071,0.5679721832275391,-0.03186443820595741,0.6178057193756104,0.5164677500724792,-0.04309852048754692,0.6190225481987,0.4718706011772156,-0.05168505385518074,0.6443224549293518,0.6554649472236633,-0.024554189294576645,0.6459624171257019,0.5838162899017334,-0.03813277557492256,0.6443321108818054,0.5387001633644104,-0.04717304930090904,0.6413171291351318,0.49711573123931885,-0.05396958813071251,0.6715936064720154,0.6747072339057922,-0.03226502984762192,0.6785595417022705,0.6217664480209351,-0.04460757225751877,0.6796008348464966,0.5876210331916809,-0.04959436133503914,0.6769904494285583,0.5547781586647034,-0.05319675803184509,Hello
0.6362006664276123,0.8283901214599609,3.0963443009568437e-07,0.5866394639015198,0.8056623935699463,-0.02154526300728321,0.5513231158256531,0.7556480169296265,-0.03256290405988693,0.5360856056213379,0.7046970129013062,-0.04197379946708679,0.525160014629364,0.6580883860588074,-0.05101017281413078,0.5849093198776245,0.6609041690826416,-0.017851807177066803,0.5705384612083435,0.5918592214584351,-0.03426898643374443,0.562776505947113,0.5474719405174255,-0.0479806624352932,0.5584956407546997,0.5067479014396667,-0.058286234736442566,0.6161525845527649,0.6498663425445557,-0.020230257883667946,0.6161134839057922,0.5678941011428833,-0.033225852996110916,0.6168665885925293,0.5165852308273315,-0.044748321175575256,0.6178131103515625,0.47226381301879883,-0.05355382710695267,0.644112765789032,0.6563027501106262,-0.025995096191763878,0.6451073884963989,0.5837643146514893,-0.03967021405696869,0.6432681083679199,0.5381050109863281,-0.04881124943494797,0.6401901841163635,0.49621322751045227,-0.05580558627843857,0.671345591545105,0.6762227416038513,-0.03403749689459801,0.6780864000320435,0.6224461793899536,-0.04640049859881401,0.6790540814399719,0.5879705548286438,-0.05134705454111099,0.6764036417007446,0.5551148653030396,-0.05500257760286331,Hello
0.6356022953987122,0.8297741413116455,3.1399946465171524e-07,0.5860138535499573,0.8052992820739746,-0.021390195935964584,0.550821840763092,0.7558179497718811,-0.03261224180459976,0.5353939533233643,0.7053442001342773,-0.04231966286897659,0.5249087810516357,0.658292829990387,-0.05160728096961975,0.5847187042236328,0.662149965763092,-0.017560947686433792,0.5703513622283936,0.5928807258605957,-0.03429003432393074,0.5627476572990417,0.5483905673027039,-0.04816322401165962,0.5587831735610962,0.5077603459358215,-0.05849926173686981,0.6157746911048889,0.6517185568809509,-0.020145362243056297,0.6153720617294312,0.5700380802154541,-0.0336114726960659,0.6164606213569641,0.5184459686279297,-0.045357897877693176,0.6177725791931152,0.4737996459007263,-0.05422055348753929,0.6437183022499084,0.6584156155586243,-0.026170048862695694,0.6447589993476868,0.5860936045646667,-0.04047972708940506,0.6432409882545471,0.5406906604766846,-0.04979873076081276,0.6403759717941284,0.49871546030044556,-0.05671253800392151,0.6709184050559998,0.6784617900848389,-0.03442888706922531,0.6780125498771667,0.6243304014205933,-0.04729336127638817,0.6794799566268921,0.5895521640777588,-0.0524015799164772,0.6771677136421204,0.5562252402305603,-0.05605022609233856,Hello
0.6355335116386414,0.8300613164901733,3.194236057879607e-07,0.5861526131629944,0.8074644804000854,-0.022412888705730438,0.550400972366333,0.7580873370170593,-0.033943504095077515,0.5347356200218201,0.7071324586868286,-0.04374057054519653,0.5240454077720642,0.65936279296875,-0.05307648703455925,0.5841016173362732,0.6644835472106934,-0.018684936687350273,0.5682368278503418,0.5961515307426453,-0.03576095774769783,0.5600966215133667,0.5517210364341736,-0.04977698624134064,0.5560035705566406,0.5109257102012634,-0.06021479144692421,0.6155182123184204,0.6531739830970764,-0.02072247676551342,0.6153357625007629,0.57182377576828,-0.034460511058568954,0.6162046790122986,0.5201784372329712,-0.046351268887519836,0.6171712279319763,0.4752407670021057,-0.05539790913462639,0.6435272097587585,0.6590527296066284,-0.026277268305420876,0.6453460454940796,0.5873968601226807,-0.040873508900403976,0.6435715556144714,0.5419961810112,-0.050475869327783585,0.6401562094688416,0.5001775622367859,-0.057596176862716675,0.6706551909446716,0.6782335042953491,-0.034138165414333344,0.6785394549369812,0.6248161792755127,-0.04727340117096901,0.6797703504562378,0.5899194478988647,-0.05281560868024826,0.6768268346786499,0.5566017031669617,-0.05681447312235832,Hello
0.6360259056091309,0.8287545442581177,3.154407863803499e-07,0.5863531827926636,0.806560754776001,-0.021666528657078743,0.5504826903343201,0.7571166753768921,-0.03256082534790039,0.5350768566131592,0.7062047123908997,-0.041818127036094666,0.5240378379821777,0.6595819592475891,-0.05065852776169777,0.5847127437591553,0.6635952591896057,-0.018115872517228127,0.5689207315444946,0.5942961573600769,-0.0346493273973465,0.5605345964431763,0.5497419834136963,-0.048144932836294174,0.5560259819030762,0.5092194080352783,-0.05823838710784912,0.615825355052948,0.6522265076637268,-0.02033279649913311,0.6156608462333679,0.5700990557670593,-0.03359682857990265,0.6166008710861206,0.5184275507926941,-0.04497965797781944,0.6178247332572937,0.47425377368927,-0.053596381098032,0.6436890363693237,0.6580865979194641,-0.02599959261715412,0.644957959651947,0.5860366821289062,-0.0401117205619812,0.6434424519538879,0.5404011607170105,-0.049327459186315536,0.6407149434089661,0.4984952211380005,-0.056230850517749786,0.6709531545639038,0.6772528886795044,-0.03393904119729996,0.6782840490341187,0.6239771842956543,-0.04674145579338074,0.6794449090957642,0.5894138813018799,-0.05197202041745186,0.6768180727958679,0.5564982891082764,-0.05575558915734291,Hello
0.6356873512268066,0.8286802768707275,3.22111247896828e-07,0.5863092541694641,0.8073816299438477,-0.02372908778488636,0.5508721470832825,0.7588222026824951,-0.035815734416246414,0.5355547666549683,0.707892656326294,-0.04573608562350273,0.5241827368736267,0.661035418510437,-0.055179424583911896,0.5843854546546936,0.6632093787193298,-0.020603647455573082,0.5691363215446472,0.5945466160774231,-0.037527989596128464,0.5608075261116028,0.5504185557365417,-0.051385462284088135,0.5561630129814148,0.5098614692687988,-0.06180062144994736,0.6158744096755981,0.6528091430664062,-0.022024383768439293,0.6163194179534912,0.5712023973464966,-0.03587181493639946,0.6171505451202393,0.5202005505561829,-0.04782714322209358,0.6179608106613159,0.4755512475967407,-0.056852348148822784,0.6437700986862183,0.6595224142074585,-0.02693929895758629,0.6455550193786621,0.5873496532440186,-0.041857317090034485,0.6441072225570679,0.541924238204956,-0.05168486759066582,0.641194224357605,0.49960803985595703,-0.05889002978801727,0.6708433032035828,0.6791362762451172,-0.03418154641985893,0.678195059299469,0.62529456615448,-0.047654878348112106,0.6798614859580994,0.5908465385437012,-0.053286608308553696,0.677819550037384,0.5574273467063904,-0.057299334555864334,Hello
0.6359195113182068,0.8296785354614258,3.156129650960793e-07,0.5863686203956604,0.8067771196365356,-0.021876061335206032,0.5510969161987305,0.7582772970199585,-0.03331279009580612,0.5354368090629578,0.7082716822624207,-0.04304526373744011,0.5245382785797119,0.6616529226303101,-0.05231565237045288,0.5846736431121826,0.6640674471855164,-0.018644293770194054,0.5686235427856445,0.594966471195221,-0.03546296805143356,0.5601925849914551,0.5505682826042175,-0.049271341413259506,0.555874764919281,0.5099095702171326,-0.05953081324696541,0.6155006289482117,0.6530625820159912,-0.020794596523046494,0.6151844263076782,0.5712807774543762,-0.034261200577020645,0.6161850690841675,0.5200204253196716,-0.04588302969932556,0.6174085140228271,0.4754009246826172,-0.05466834083199501,0.6430667042732239,0.6590201258659363,-0.026354921981692314,0.6446412801742554,0.5864992141723633,-0.04056067392230034,0.643194317817688,0.5411219000816345,-0.04991423711180687,0.6402618885040283,0.49931174516677856,-0.056890543550252914,0.6699148416519165,0.678234338760376,-0.034170545637607574,0.6777765154838562,0.6248125433921814,-0.04684343934059143,0.6792336106300354,0.5901890993118286,-0.05203568935394287,0.6766596436500549,0.5569749474525452,-0.05580274015665054,Hello
0.6342513561248779,0.8270087242126465,3.143700553209783e-07,0.5847843885421753,0.8063815832138062,-0.021486157551407814,0.5487368702888489,0.7576230764389038,-0.032267969101667404,0.5327214002609253,0.7063611149787903,-0.04136040806770325,0.5215992331504822,0.6600403189659119,-0.050088416785001755,0.5816164016723633,0.6626325249671936,-0.017483366653323174,0.5654159784317017,0.5935448408126831,-0.03328756242990494,0.5570994019508362,0.5494840145111084,-0.046495575457811356,0.5527870655059814,0.5092895030975342,-0.05645880848169327,0.6125604510307312,0.6510031223297119,-0.019613543525338173,0.6122491955757141,0.5692490339279175,-0.03202921152114868,0.6135406494140625,0.5183908343315125,-0.04318462684750557,0.6151605248451233,0.47467976808547974,-0.051769357174634933,0.6402711272239685,0.6563634872436523,-0.02513417787849903,0.641444206237793,0.5839378833770752,-0.038350366055965424,0.6401934623718262,0.538909912109375,-0.04716840013861656,0.6378945708274841,0.4972781836986542,-0.054030146449804306,0.6671867966651917,0.6748185157775879,-0.03291791304945946,0.674294114112854,0.6219235062599182,-0.04490116611123085,0.6764819622039795,0.587944507598877,-0.04957648366689682,0.6755931973457336,0.5552413463592529,-0.053101737052202225,Hello
0.6319605708122253,0.8283860683441162,3.1187437343760394e-07,0.5822294354438782,0.8062999248504639,-0.02147538587450981,0.5472086668014526,0.7572388648986816,-0.032239533960819244,0.5319515466690063,0.7061910033226013,-0.041441019624471664,0.5196024179458618,0.6593069434165955,-0.05024562403559685,0.5810524225234985,0.6632916331291199,-0.01689891703426838,0.5651273727416992,0.5949094295501709,-0.03290905803442001,0.5566443800926208,0.5509604215621948,-0.046420712023973465,0.5520462393760681,0.5104649662971497,-0.05667070299386978,0.6119608879089355,0.6517066359519958,-0.019230950623750687,0.6118163466453552,0.5707436800003052,-0.03184817358851433,0.6128624081611633,0.5195366144180298,-0.04318783059716225,0.6142120957374573,0.4752633571624756,-0.05195090174674988,0.6396641731262207,0.6573062539100647,-0.02504761330783367,0.6411970853805542,0.5845311880111694,-0.03867866098880768,0.6399599313735962,0.5392016768455505,-0.04756312072277069,0.637408435344696,0.4972494840621948,-0.05439073592424393,0.6668626666069031,0.6762704849243164,-0.033155400305986404,0.6745561361312866,0.6230342984199524,-0.04577481374144554,0.6763039827346802,0.5887527465820312,-0.05069557949900627,0.6741547584533691,0.5560427308082581,-0.0542927011847496,Hello
0.6325405836105347,0.8289020657539368,3.1939475775288884e-07,0.5838161110877991,0.8077536821365356,-0.022863874211907387,0.5483152270317078,0.7586210370063782,-0.034673839807510376,0.5329946875572205,0.7072867751121521,-0.04448816180229187,0.5214669108390808,0.6598994135856628,-0.05382436886429787,0.580501914024353,0.6639776229858398,-0.02025005966424942,0.5641040802001953,0.5949418544769287,-0.03723389655351639,0.5556933879852295,0.5507509112358093,-0.05104281008243561,0.5515514612197876,0.5100513696670532,-0.06135379150509834,0.611467182636261,0.6525474190711975,-0.022123340517282486,0.6107833385467529,0.570584774017334,-0.03551429510116577,0.6123795509338379,0.5195931792259216,-0.04700077697634697,0.6143370270729065,0.4750526547431946,-0.055805642157793045,0.6392161250114441,0.6585565805435181,-0.027434730902314186,0.6405026316642761,0.585804283618927,-0.04162801429629326,0.639711856842041,0.5403810739517212,-0.05077517032623291,0.6376374959945679,0.4979054927825928,-0.05776005983352661,0.6661766171455383,0.6777828335762024,-0.035081181675195694,0.6731745004653931,0.6239226460456848,-0.047794707119464874,0.6756532192230225,0.5897787809371948,-0.052755989134311676,0.6747342348098755,0.5569456219673157,-0.056455619633197784,Hello
0.6363732218742371,0.8307608366012573,3.109078363650042e-07,0.5864261388778687,0.8081485033035278,-0.021745815873146057,0.5508198142051697,0.7590192556381226,-0.03292148560285568,0.5357904434204102,0.7079160213470459,-0.04237806797027588,0.524190366268158,0.6612601280212402,-0.051444876939058304,0.5855714678764343,0.6661086082458496,-0.018810374662280083,0.5690281391143799,0.5977165102958679,-0.035620421171188354,0.5604180693626404,0.5536338686943054,-0.04941926524043083,0.5557891130447388,0.5132255554199219,-0.05966292321681976,0.6164554357528687,0.6549324989318848,-0.021084964275360107,0.6161296963691711,0.5729515552520752,-0.03437894582748413,0.6170462369918823,0.5216434001922607,-0.04574183374643326,0.6182702779769897,0.47759732604026794,-0.05432479456067085,0.6440768837928772,0.6609122157096863,-0.026757776737213135,0.6458362340927124,0.5881512761116028,-0.040738608688116074,0.6447372436523438,0.5426225662231445,-0.04964178055524826,0.6423655152320862,0.5010073781013489,-0.056297339498996735,0.6711130738258362,0.6800388097763062,-0.03470802307128906,0.6786062121391296,0.6263413429260254,-0.047190092504024506,0.6800186634063721,0.5917390584945679,-0.05201120302081108,0.6776570081710815,0.5588908195495605,-0.055477045476436615,Hello
0.6373632550239563,0.830563485622406,3.072060508202412e-07,0.5874036550521851,0.8069321513175964,-0.02088700607419014,0.5525794625282288,0.7572806477546692,-0.031656764447689056,0.5382896661758423,0.7071598768234253,-0.04085050895810127,0.5276104211807251,0.6612921953201294,-0.049668390303850174,0.5867945551872253,0.6649457812309265,-0.01797523722052574,0.5713254809379578,0.5960967540740967,-0.03430800884962082,0.5633466839790344,0.5520429015159607,-0.04769473522901535,0.5589872598648071,0.511907160282135,-0.05763562023639679,0.6182528734207153,0.6543583273887634,-0.020426053553819656,0.6187993884086609,0.5727660059928894,-0.03334307298064232,0.6202309131622314,0.5215672850608826,-0.044433414936065674,0.6216523051261902,0.47749239206314087,-0.052791908383369446,0.6462244987487793,0.6608705520629883,-0.026182513684034348,0.6479025483131409,0.5885624885559082,-0.03995925560593605,0.6468443274497986,0.5434969663619995,-0.04882621765136719,0.6443071365356445,0.502000629901886,-0.055387482047080994,0.6734046339988708,0.6805992126464844,-0.034101590514183044,0.6809158325195312,0.6270442008972168,-0.046534955501556396,0.6822363138198853,0.5927411317825317,-0.05129599571228027,0.6797476410865784,0.5598897337913513,-0.05464518815279007,Hello
0.6847783923149109,0.8891778588294983,2.961608061013976e-07,0.63432776927948,0.8601477742195129,-0.022252297028899193,0.601146936416626,0.8087542653083801,-0.03318320959806442,0.5881389379501343,0.7563126087188721,-0.04235050082206726,0.5806984305381775,0.7081893682479858,-0.050897832959890366,0.6416218876838684,0.7156547904014587,-0.015604729764163494,0.6312552690505981,0.6452906131744385,-0.031365253031253815,0.6258162260055542,0.6004810929298401,-0.04541539400815964,0.6231305599212646,0.5600510239601135,-0.05586143210530281,0.6729791164398193,0.7075326442718506,-0.016791727393865585,0.676621675491333,0.6292349100112915,-0.02841826155781746,0.6796691417694092,0.5807293653488159,-0.039266325533390045,0.6823327541351318,0.5390146970748901,-0.047710616141557693,0.7007812261581421,0.7157000303268433,-0.021647082641720772,0.7042586207389832,0.6464658975601196,-0.03370445966720581,0.7040837407112122,0.6026297807693481,-0.04157894104719162,0.7026849389076233,0.5624600052833557,-0.04772781580686569,0.7273380160331726,0.7369958162307739,-0.0290371086448431,0.7348126173019409,0.6836787462234497,-0.039903368800878525,0.736690104007721,0.650650143623352,-0.04370177537202835,0.7356091737747192,0.6193938255310059,-0.04641995206475258,Hello
0.7070504426956177,0.7846100330352783,3.5741828696700395e-07,0.6541972160339355,0.7674620151519775,-0.021836787462234497,0.6139248609542847,0.724116325378418,-0.03479022905230522,0.5953769683837891,0.6803397536277771,-0.0456017330288887,0.5779125690460205,0.6429660320281982,-0.056670378893613815,0.6470060348510742,0.6265863180160522,-0.027940286323428154,0.6285163164138794,0.5579483509063721,-0.04713083803653717,0.6175163984298706,0.513404130935669,-0.06188225746154785,0.6096773743629456,0.4727758765220642,-0.0726858377456665,0.6809762716293335,0.6152904033660889,-0.03118494525551796,0.6793829202651978,0.5317438244819641,-0.04723375290632248,0.67903733253479,0.4780411422252655,-0.05991772562265396,0.6785425543785095,0.4310643672943115,-0.06946678459644318,0.7118004560470581,0.6219450831413269,-0.03708474338054657,0.7135624885559082,0.5475502014160156,-0.053927160799503326,0.7118549942970276,0.5000129342079163,-0.0641365647315979,0.7083214521408081,0.457316517829895,-0.07152558118104935,0.7413345575332642,0.6419016122817993,-0.04478900507092476,0.7488045692443848,0.5870151519775391,-0.059805870056152344,0.7501963973045349,0.5518154501914978,-0.06512081623077393,0.7477593421936035,0.518770694732666,-0.06872807443141937,Hello
0.7081671357154846,0.7860876321792603,3.4472142829145014e-07,0.6539588570594788,0.7690384387969971,-0.020438741892576218,0.6126289367675781,0.7240971326828003,-0.03230704739689827,0.5937137007713318,0.6807697415351868,-0.04241511970758438,0.575945258140564,0.6438009142875671,-0.05290869623422623,0.6450840830802917,0.6263121366500854,-0.025263061746954918,0.6260741353034973,0.5581148862838745,-0.04374705255031586,0.6150265336036682,0.5140039324760437,-0.058194153010845184,0.6070127487182617,0.47381091117858887,-0.06897708028554916,0.679260790348053,0.6144834160804749,-0.02930920384824276,0.6765100359916687,0.5302083492279053,-0.04497091844677925,0.6757711172103882,0.4764353632926941,-0.057984769344329834,0.6746540069580078,0.429384708404541,-0.06784924864768982,0.710358738899231,0.6207799315452576,-0.03600975126028061,0.7108426094055176,0.5457395315170288,-0.05288078635931015,0.7084276676177979,0.49785327911376953,-0.06386060267686844,0.70403653383255,0.45482051372528076,-0.0718744620680809,0.7405441999435425,0.6406075954437256,-0.044367216527462006,0.7479491829872131,0.5855094790458679,-0.05944286659359932,0.7492311000823975,0.5500122308731079,-0.06518375128507614,0.7462447285652161,0.5168309211730957,-0.06927808374166489,Hello
0.7088311314582825,0.7839672565460205,3.701757407270634e-07,0.6552038192749023,0.7674025893211365,-0.02228180319070816,0.6139052510261536,0.7249122858047485,-0.03577828034758568,0.5939067602157593,0.6820076107978821,-0.04706393554806709,0.576318085193634,0.6456820368766785,-0.05869751051068306,0.6460341215133667,0.6295481324195862,-0.030055124312639236,0.6268712878227234,0.5609415173530579,-0.050173014402389526,0.6154218912124634,0.5165718197822571,-0.06514588743448257,0.6069720983505249,0.4757685363292694,-0.07618850469589233,0.6806901097297668,0.6178694367408752,-0.03355957567691803,0.6788123250007629,0.5341718196868896,-0.051007695496082306,0.6784383058547974,0.47988778352737427,-0.06446044892072678,0.6774920225143433,0.43195289373397827,-0.07453400641679764,0.7121139764785767,0.6243146061897278,-0.03968142718076706,0.7137181758880615,0.5506517887115479,-0.05839967727661133,0.7121459245681763,0.5020791888237,-0.069865882396698,0.7083407044410706,0.4579547643661499,-0.0779387354850769,0.7421638369560242,0.6438436508178711,-0.0474611297249794,0.7491014003753662,0.5894473791122437,-0.06427203118801117,0.7504570484161377,0.5540103912353516,-0.07069989293813705,0.7478719353675842,0.5202863812446594,-0.07506375759840012,Hello
0.7058939933776855,0.7864581346511841,3.7412684150694986e-07,0.6517210006713867,0.7713057994842529,-0.022497177124023438,0.6105142831802368,0.7286887764930725,-0.036078713834285736,0.590158224105835,0.6858384013175964,-0.04743910953402519,0.5715246200561523,0.6486658453941345,-0.05907928943634033,0.6425657868385315,0.633101761341095,-0.029192768037319183,0.6231441497802734,0.5654094815254211,-0.0489899218082428,0.6115922927856445,0.521498441696167,-0.06399558484554291,0.6032293438911438,0.4812222719192505,-0.07509475946426392,0.676943302154541,0.6213846206665039,-0.032583534717559814,0.6747451424598694,0.5379605293273926,-0.04972951486706734,0.6743564009666443,0.48383504152297974,-0.06349737197160721,0.6734703779220581,0.4357413649559021,-0.07384440302848816,0.7080638408660889,0.6277056932449341,-0.038617756217718124,0.7089607119560242,0.5535590052604675,-0.057108134031295776,0.7070726156234741,0.5055050253868103,-0.06889194250106812,0.7030301690101624,0.46164339780807495,-0.07722785323858261,0.7381322383880615,0.6471521258354187,-0.04632110148668289,0.7453893423080444,0.5920125842094421,-0.06295949220657349,0.7469938397407532,0.556528627872467,-0.06957405060529709,0.7444348931312561,0.5229557752609253,-0.07410212606191635,Hello
0.7075474858283997,0.7875936627388,3.8114626477181446e-07,0.654000461101532,0.7721617221832275,-0.022498300299048424,0.6123219728469849,0.7297746539115906,-0.03633158653974533,0.5916339159011841,0.6866281628608704,-0.04791765287518501,0.5723809003829956,0.650670051574707,-0.059860628098249435,0.6438888311386108,0.636372447013855,-0.031173257157206535,0.6246280670166016,0.5674765110015869,-0.05151143670082092,0.6127537488937378,0.5231659412384033,-0.06649583578109741,0.603814423084259,0.4826515316963196,-0.07748570293188095,0.6784308552742004,0.6247314810752869,-0.034603316336870193,0.6763575673103333,0.540553629398346,-0.05233527719974518,0.6758615374565125,0.485701322555542,-0.06601746380329132,0.6748694181442261,0.43726974725723267,-0.07624997943639755,0.7097406983375549,0.6309175491333008,-0.040542006492614746,0.7105196118354797,0.555998682975769,-0.059575118124485016,0.7088789939880371,0.5076385140419006,-0.07129590958356857,0.7050350308418274,0.4638618528842926,-0.07947913557291031,0.7400177121162415,0.649882972240448,-0.04807740077376366,0.7469394207000732,0.5942934155464172,-0.06534059345722198,0.7481760382652283,0.5582807064056396,-0.07213970273733139,0.7452830672264099,0.5243651270866394,-0.07670360058546066,Hello
0.7056809067726135,0.7896894812583923,3.8295641502372746e-07,0.6530718207359314,0.7732436060905457,-0.02147149294614792,0.6124314665794373,0.7304778099060059,-0.035221781581640244,0.5925341248512268,0.6886124014854431,-0.04691275209188461,0.5726161599159241,0.6535824537277222,-0.059173282235860825,0.6441428661346436,0.6387466192245483,-0.03196581080555916,0.6245579719543457,0.5701504945755005,-0.052848562598228455,0.6123986840248108,0.5265363454818726,-0.06794551759958267,0.6029771566390991,0.48652416467666626,-0.07891139388084412,0.6787832379341125,0.6283817291259766,-0.03640138357877731,0.676823079586029,0.5441902875900269,-0.054945167154073715,0.6763020157814026,0.4896047115325928,-0.06916145980358124,0.674930989742279,0.44129347801208496,-0.07961279898881912,0.7099056243896484,0.6355367302894592,-0.04315641149878502,0.7106638550758362,0.5606975555419922,-0.06308402866125107,0.7091113328933716,0.5120428204536438,-0.07529666274785995,0.705446183681488,0.46754544973373413,-0.08365030586719513,0.7395405769348145,0.6553030610084534,-0.05132663622498512,0.7464593648910522,0.599678099155426,-0.06915859878063202,0.7487294673919678,0.5637387037277222,-0.0760473757982254,0.7473070621490479,0.5298635363578796,-0.08059010654687881,Hello
0.7067921161651611,0.7898063063621521,3.816134039880126e-07,0.6531919240951538,0.774047315120697,-0.02205740474164486,0.6122865080833435,0.7316842079162598,-0.035870447754859924,0.5921152830123901,0.6892826557159424,-0.047530580312013626,0.5721640586853027,0.6536765098571777,-0.05957504361867905,0.6441988945007324,0.6398182511329651,-0.03154311329126358,0.6243665814399719,0.5715734958648682,-0.05219239741563797,0.6123566627502441,0.5279210209846497,-0.06718986481428146,0.6030256748199463,0.48775714635849,-0.07809024304151535,0.6787815690040588,0.6292318105697632,-0.035378847271203995,0.6764274835586548,0.5457496047019958,-0.05368528515100479,0.6761485934257507,0.4912679195404053,-0.06767292320728302,0.6752728819847107,0.44283103942871094,-0.07795331627130508,0.7099108695983887,0.6358906030654907,-0.04165343940258026,0.7102813124656677,0.5630966424942017,-0.06141313910484314,0.708859920501709,0.5142999291419983,-0.07357125729322433,0.7054851651191711,0.469571053981781,-0.08182580769062042,0.7397680878639221,0.6548492908477783,-0.04942929744720459,0.7461641430854797,0.5997241735458374,-0.06693015247583389,0.7481099963188171,0.5638576149940491,-0.07373914867639542,0.7464070320129395,0.5298230648040771,-0.07824323326349258,Hello
0.7070565819740295,0.7919643521308899,3.683062459458597e-07,0.6536834239959717,0.7753928303718567,-0.021215423941612244,0.6128209829330444,0.7311434745788574,-0.034321535378694534,0.5927858948707581,0.6880874633789062,-0.045385442674160004,0.5716477036476135,0.653525173664093,-0.05698299780488014,0.6457517147064209,0.6411161422729492,-0.03062233328819275,0.6264601945877075,0.5737038850784302,-0.050829995423555374,0.614587128162384,0.5302650928497314,-0.0657086968421936,0.6054573059082031,0.4901878237724304,-0.07661901414394379,0.6801632046699524,0.6298620104789734,-0.034681640565395355,0.6782150864601135,0.5463252067565918,-0.052380483597517014,0.6784101724624634,0.49174749851226807,-0.06600696593523026,0.6781818270683289,0.4436046779155731,-0.07615530490875244,0.7110905647277832,0.6366457343101501,-0.04109348729252815,0.7120856642723083,0.5635654330253601,-0.06000404432415962,0.7107197046279907,0.5153800249099731,-0.07175358384847641,0.7073672413825989,0.4715293049812317,-0.07997093349695206,0.7407795786857605,0.656356155872345,-0.04899851605296135,0.7479525208473206,0.6018437743186951,-0.06591716408729553,0.7496435642242432,0.5667803287506104,-0.07249939441680908,0.7474269866943359,0.5337080955505371,-0.07697373628616333,Hello
0.7053609490394592,0.7900503873825073,4.058131821693678e-07,0.6523274183273315,0.7730345129966736,-0.022438576444983482,0.6116181015968323,0.7297816872596741,-0.03675639629364014,0.5913662314414978,0.687621533870697,-0.048904020339250565,0.5715696811676025,0.6517183184623718,-0.061491403728723526,0.6443967223167419,0.6380820274353027,-0.03295617178082466,0.6257991790771484,0.5674200654029846,-0.05443030968308449,0.6143080592155457,0.5214793682098389,-0.06998365372419357,0.6055818200111389,0.47961702942848206,-0.08130884170532227,0.6786095499992371,0.6281658411026001,-0.03688306733965874,0.6777056455612183,0.544093132019043,-0.05599882826209068,0.6778143048286438,0.4887698292732239,-0.07044578343629837,0.6771510243415833,0.439821720123291,-0.08105263859033585,0.7093425393104553,0.6355368494987488,-0.04321820288896561,0.7103272676467896,0.5610290169715881,-0.06340799480676651,0.708742082118988,0.5129173994064331,-0.0755610316991806,0.7052150964736938,0.46868401765823364,-0.08392643928527832,0.738767147064209,0.6556148529052734,-0.05110223963856697,0.7458508610725403,0.60123211145401,-0.06954704970121384,0.7474923133850098,0.5656264424324036,-0.07690390944480896,0.7456424236297607,0.5315231680870056,-0.08170770853757858,Hello
0.7040145397186279,0.7874400615692139,3.9653104977332987e-07,0.6508504152297974,0.7705708742141724,-0.022185591980814934,0.6102604866027832,0.72520911693573,-0.035350628197193146,0.591109037399292,0.6807690858840942,-0.04630221053957939,0.5714601874351501,0.6445879340171814,-0.057660024613142014,0.6435604691505432,0.6312566995620728,-0.030768845230340958,0.6262707710266113,0.5591703057289124,-0.050800301134586334,0.6157914996147156,0.5119379162788391,-0.0657070130109787,0.6080167293548584,0.46941497921943665,-0.07672275602817535,0.6781089901924133,0.6215609908103943,-0.03430052101612091,0.6781472563743591,0.536906898021698,-0.05190803483128548,0.6791236996650696,0.48141852021217346,-0.0657285675406456,0.6793134212493896,0.43289485573768616,-0.07604695856571198,0.7090468406677246,0.6291587352752686,-0.04031035304069519,0.7113955020904541,0.5536878705024719,-0.059177596122026443,0.7103846669197083,0.5048128962516785,-0.0710531547665596,0.7071646451950073,0.4604315459728241,-0.07942870259284973,0.7386459112167358,0.6495072841644287,-0.04791947826743126,0.7469550371170044,0.5942978262901306,-0.06514593958854675,0.7489977478981018,0.558028519153595,-0.07214266806840897,0.7471617460250854,0.5236653685569763,-0.07687631249427795,Hello
0.7023059129714966,0.7926631569862366,3.5908729500988557e-07,0.6474410891532898,0.7715525031089783,-0.022032001987099648,0.6070181131362915,0.7234020233154297,-0.03424447029829025,0.5888899564743042,0.6757310628890991,-0.044475264847278595,0.5706597566604614,0.6342108845710754,-0.05479322373867035,0.6443570256233215,0.6231710910797119,-0.024253446608781815,0.6277635097503662,0.5503585338592529,-0.04227958992123604,0.6181960105895996,0.5031828880310059,-0.05688691884279251,0.6114597916603088,0.4608028531074524,-0.06780598312616348,0.6784346103668213,0.6134420037269592,-0.02726464718580246,0.6785165667533875,0.5269810557365417,-0.04208048805594444,0.680025041103363,0.4722195863723755,-0.05460304394364357,0.6811855435371399,0.42539143562316895,-0.06415100395679474,0.70870441198349,0.6214929819107056,-0.03325195983052254,0.7112972736358643,0.5447852611541748,-0.049074310809373856,0.7110397219657898,0.4962308406829834,-0.05923948064446449,0.7088263630867004,0.45304927229881287,-0.0668221190571785,0.7381670475006104,0.6430132985115051,-0.04122554883360863,0.7473646998405457,0.587363064289093,-0.05551774799823761,0.7495876550674438,0.5517838597297668,-0.06069334223866463,0.7476111054420471,0.5186865329742432,-0.06437450647354126,Hello
0.7042195796966553,0.7963504195213318,3.485399417968438e-07,0.6489802002906799,0.7746650576591492,-0.02271403558552265,0.6075988411903381,0.7255712151527405,-0.034611329436302185,0.5875875949859619,0.6777898669242859,-0.04450878128409386,0.5718576908111572,0.6342669725418091,-0.054226797074079514,0.6464276909828186,0.6238585114479065,-0.021931100636720657,0.6301667094230652,0.5508747696876526,-0.03934066370129585,0.6211858987808228,0.5036989450454712,-0.05385240912437439,0.614994466304779,0.46124595403671265,-0.0648031160235405,0.6802585124969482,0.6131970882415771,-0.024188775569200516,0.6805570721626282,0.5284911394119263,-0.037931814789772034,0.6826371550559998,0.47457751631736755,-0.049823153764009476,0.6844572424888611,0.4288579225540161,-0.059097275137901306,0.7101749181747437,0.6204982995986938,-0.029789671301841736,0.7141410112380981,0.5451403856277466,-0.04452572390437126,0.71478271484375,0.496787428855896,-0.05411729961633682,0.713209331035614,0.4535970687866211,-0.06153574213385582,0.7388928532600403,0.6415780186653137,-0.037621479481458664,0.748835027217865,0.5880059003829956,-0.050836678594350815,0.7514740824699402,0.5532954931259155,-0.05569526180624962,0.749996542930603,0.5208077430725098,-0.05937953293323517,Hello
0.7018510103225708,0.7991938591003418,3.5114294405502733e-07,0.6471133828163147,0.7745662927627563,-0.022582625970244408,0.6078038215637207,0.7251520156860352,-0.03440369665622711,0.5884130597114563,0.6771556735038757,-0.04441986605525017,0.5731436610221863,0.6326401233673096,-0.05422580614686012,0.6485653519630432,0.6232991814613342,-0.020293956622481346,0.6326686143875122,0.5506798028945923,-0.03780319169163704,0.6234471201896667,0.5032644271850586,-0.052749279886484146,0.6170415878295898,0.4606296420097351,-0.06402268260717392,0.6818772554397583,0.6134056448936462,-0.02284618839621544,0.682561457157135,0.5283252596855164,-0.03658856451511383,0.6842623949050903,0.4743201732635498,-0.048739705234766006,0.6855568885803223,0.4290630519390106,-0.05811137333512306,0.7114133834838867,0.6211400032043457,-0.02888556383550167,0.7154036164283752,0.5445659756660461,-0.04364873468875885,0.7158641219139099,0.4955294728279114,-0.05320137366652489,0.7139700651168823,0.45173385739326477,-0.06054326519370079,0.739821195602417,0.6428654789924622,-0.03721587732434273,0.7502580881118774,0.589172899723053,-0.05046634376049042,0.7528833150863647,0.5538079738616943,-0.05528505519032478,0.7513718605041504,0.5207774639129639,-0.058893632143735886,Hello
0.7045593857765198,0.8012546896934509,3.4774711821228266e-07,0.6482927799224854,0.7770167589187622,-0.022036949172616005,0.6083277463912964,0.7269074320793152,-0.03319312632083893,0.5889151692390442,0.6780605316162109,-0.042591653764247894,0.57259202003479,0.6338962912559509,-0.05172552168369293,0.6476432085037231,0.6248350739479065,-0.01884966343641281,0.6318994760513306,0.551723062992096,-0.035246554762125015,0.6225407719612122,0.5040909051895142,-0.049459394067525864,0.6158832907676697,0.4615219831466675,-0.06036517024040222,0.6811376810073853,0.6147225499153137,-0.021492939442396164,0.6817161440849304,0.5296429395675659,-0.03435180336236954,0.6835498213768005,0.47593504190444946,-0.04602731764316559,0.6852174997329712,0.43096280097961426,-0.055161431431770325,0.7109690308570862,0.6224152445793152,-0.027625350281596184,0.7144105434417725,0.5449814200401306,-0.041810423135757446,0.7148565053939819,0.49612438678741455,-0.05131442844867706,0.7130734920501709,0.45229771733283997,-0.05873211473226547,0.739983320236206,0.6438674330711365,-0.03601229190826416,0.7503247857093811,0.589006245136261,-0.04907267913222313,0.7529385089874268,0.5532397031784058,-0.054049693048000336,0.7516266703605652,0.519545316696167,-0.05782180652022362,Hello
0.7011348009109497,0.8002811670303345,3.416507468045893e-07,0.6466715335845947,0.7766035795211792,-0.022079486399888992,0.6070148348808289,0.7267166376113892,-0.03366662561893463,0.5881649255752563,0.6782987713813782,-0.04345467686653137,0.5720832347869873,0.6354919672012329,-0.05310313031077385,0.6472440361976624,0.6249433755874634,-0.020462360233068466,0.6317861080169678,0.5520790219306946,-0.03724554553627968,0.6230584383010864,0.5047495365142822,-0.051435794681310654,0.6171126365661621,0.4621596932411194,-0.0623110868036747,0.6806128621101379,0.6152091026306152,-0.023280877619981766,0.6816523671150208,0.5303261280059814,-0.03667987883090973,0.6835851073265076,0.4771523177623749,-0.048415206372737885,0.6850889921188354,0.43225401639938354,-0.05751257762312889,0.7102540731430054,0.6233300566673279,-0.029445741325616837,0.7140803337097168,0.5462480187416077,-0.04414626210927963,0.7148363590240479,0.4974258244037628,-0.053656112402677536,0.713424801826477,0.45334768295288086,-0.06098320707678795,0.738768458366394,0.6452381014823914,-0.03781908005475998,0.7486608624458313,0.5907353162765503,-0.05133827403187752,0.7515726685523987,0.554939866065979,-0.05640042945742607,0.7505346536636353,0.5209366083145142,-0.06016213446855545,Hello
0.7026639580726624,0.8000684380531311,3.6285061355556536e-07,0.6477024555206299,0.7777062058448792,-0.02345391921699047,0.6070775985717773,0.7284349799156189,-0.035494860261678696,0.5879128575325012,0.6797099709510803,-0.04538650065660477,0.5711959004402161,0.6354592442512512,-0.055042561143636703,0.6468086242675781,0.6257805824279785,-0.021919697523117065,0.631146252155304,0.5529760718345642,-0.039066676050424576,0.6222330331802368,0.5052386522293091,-0.0534902848303318,0.616019070148468,0.46256422996520996,-0.0644204244017601,0.6804914474487305,0.6158452033996582,-0.02402575872838497,0.6817666888237,0.5300837755203247,-0.037582650780677795,0.6838677525520325,0.475828617811203,-0.04936937987804413,0.6857240796089172,0.43064624071121216,-0.058463454246520996,0.7101849317550659,0.6238880753517151,-0.02958969585597515,0.714011013507843,0.5471264719963074,-0.04430117830634117,0.7144243121147156,0.4985206127166748,-0.05391497537493706,0.712957501411438,0.4548798203468323,-0.06129756569862366,0.7388032674789429,0.6455513834953308,-0.03746696189045906,0.7486493587493896,0.5914092063903809,-0.05090749263763428,0.7515048384666443,0.5560379028320312,-0.05598565563559532,0.7507497668266296,0.5224702954292297,-0.05974241718649864,Hello
0.7047605514526367,0.8037578463554382,3.462376412244339e-07,0.6476933360099792,0.780668318271637,-0.021675575524568558,0.6068260669708252,0.7300813794136047,-0.03227309137582779,0.587649405002594,0.6796258687973022,-0.04117155075073242,0.570077657699585,0.6358972787857056,-0.04983096942305565,0.6464328169822693,0.6284880638122559,-0.017786946147680283,0.6306270956993103,0.5554280877113342,-0.03385809808969498,0.6219668984413147,0.5082626342773438,-0.04796988517045975,0.6158497333526611,0.466050922870636,-0.05871674418449402,0.6801142692565918,0.6180098652839661,-0.020402515307068825,0.6809270977973938,0.5329413414001465,-0.032834649085998535,0.682921826839447,0.47931596636772156,-0.044233765453100204,0.684617280960083,0.434822142124176,-0.05313416197896004,0.7098886966705322,0.625082790851593,-0.02654743194580078,0.713907778263092,0.5486012101173401,-0.04027353599667549,0.7142431735992432,0.5000259876251221,-0.0494983047246933,0.7124239802360535,0.45677053928375244,-0.05671188235282898,0.738887369632721,0.6458242535591125,-0.034960824996232986,0.7491908073425293,0.591570258140564,-0.04736414924263954,0.7518433928489685,0.5566322803497314,-0.0518019013106823,0.7503863573074341,0.5240132808685303,-0.05521935969591141,Hello
0.7030196189880371,0.7901545166969299,2.860389543002384e-07,0.6467580795288086,0.7680749297142029,-0.018794365227222443,0.6070067286491394,0.7158750891685486,-0.02167559042572975,0.5896589159965515,0.6591792106628418,-0.02303709276020527,0.5800268650054932,0.6128882169723511,-0.022645173594355583,0.6481325030326843,0.6220689415931702,0.006132913287729025,0.6338596940040588,0.5537508726119995,0.0014540946576744318,0.6264769434928894,0.5119547843933105,-0.006441117264330387,0.621434211730957,0.4750435948371887,-0.01295636035501957,0.6805719137191772,0.6114054918289185,0.008466445840895176,0.6820324659347534,0.5380367040634155,0.009562824852764606,0.6832043528556824,0.4964274764060974,0.006053570192307234,0.682788610458374,0.46852022409439087,0.0023546868469566107,0.7081162333488464,0.6165690422058105,0.006150505971163511,0.712298572063446,0.5493255257606506,0.00464008329436183,0.7102790474891663,0.5130078792572021,0.002936121542006731,0.7062100172042847,0.4857826232910156,0.0005467758164741099,0.734982967376709,0.6323598623275757,0.0009321497054770589,0.7456172108650208,0.5851889848709106,-0.0020896964706480503,0.7479825615882874,0.5605638027191162,-0.0019334240350872278,0.7477076649665833,0.5413439273834229,-0.0019593117758631706,Hello
0.7027927041053772,0.7923954129219055,2.895839088523644e-07,0.6462664008140564,0.7699074745178223,-0.019721129909157753,0.6069322228431702,0.7166085839271545,-0.023271869868040085,0.5894724130630493,0.6598917245864868,-0.025256972759962082,0.579838752746582,0.6133150458335876,-0.025497380644083023,0.6486169695854187,0.6228984594345093,0.004366823006421328,0.6340885162353516,0.5542668104171753,-0.0016488715773448348,0.626021683216095,0.5122592449188232,-0.00993271917104721,0.6205694675445557,0.47536027431488037,-0.01648390293121338,0.6812030076980591,0.6123205423355103,0.006818525493144989,0.6826203465461731,0.5385226607322693,0.0072915758937597275,0.6831405162811279,0.4969165623188019,0.004570339806377888,0.682130753993988,0.4689060151576996,0.0017707539955154061,0.7094185948371887,0.617548942565918,0.0044604819267988205,0.7122797966003418,0.5490943789482117,0.002363980747759342,0.7094196081161499,0.5121781826019287,0.0019320212304592133,0.704850971698761,0.4839778244495392,0.0007672947831451893,0.7366096377372742,0.6336183547973633,-0.0009731691097840667,0.7462011575698853,0.5863215327262878,-0.004621031228452921,0.7480698823928833,0.5604124069213867,-0.004000112880021334,0.7477529048919678,0.5394309759140015,-0.0033355355262756348,Hello
0.7026209831237793,0.7917392253875732,2.822192470830487e-07,0.6457522511482239,0.7688114643096924,-0.018814539536833763,0.6067598462104797,0.716302752494812,-0.021855683997273445,0.5891932249069214,0.6589636206626892,-0.0235384963452816,0.5791386961936951,0.6118454933166504,-0.02350284531712532,0.6484260559082031,0.6234315633773804,0.006251371465623379,0.6342326402664185,0.5541878342628479,0.001300511066801846,0.6264263391494751,0.5117335915565491,-0.006725854240357876,0.6210330128669739,0.47427451610565186,-0.013355016708374023,0.6810328960418701,0.6125170588493347,0.008297491818666458,0.6823505759239197,0.5379444360733032,0.009025920182466507,0.6831011176109314,0.4957476258277893,0.005457873921841383,0.6822819709777832,0.46783292293548584,0.0018044976750388741,0.708847165107727,0.6173631548881531,0.005637533497065306,0.7121602892875671,0.548588752746582,0.003629806451499462,0.7095972299575806,0.5119495391845703,0.0019054418662562966,0.7049480676651001,0.48476654291152954,-0.00034988115658052266,0.7359915971755981,0.632953405380249,4.808681842405349e-05,0.7461193203926086,0.5847330093383789,-0.003594747046008706,0.7479434013366699,0.5594176054000854,-0.0036714773159474134,0.7468345165252686,0.5398977994918823,-0.0037334070075303316,Hello
0.7017414569854736,0.7935690879821777,2.904958762428578e-07,0.6456975936889648,0.7696278095245361,-0.020834211260080338,0.6055998206138611,0.7168184518814087,-0.025285303592681885,0.5875697135925293,0.6598600149154663,-0.027957972139120102,0.5772284865379333,0.6120514869689941,-0.028712933883070946,0.6476971507072449,0.6236478090286255,0.002856343751773238,0.6325221061706543,0.554640531539917,-0.003495342331007123,0.6242414116859436,0.5125607252120972,-0.01205589808523655,0.6187363266944885,0.4752603769302368,-0.018733691424131393,0.6799631118774414,0.6125792860984802,0.005751028656959534,0.6809004545211792,0.5385675430297852,0.005839066579937935,0.681129515171051,0.4965532124042511,0.002621648833155632,0.6799860000610352,0.4679531753063202,-0.0004785929631907493,0.7078605890274048,0.6173669099807739,0.003832247108221054,0.710985004901886,0.5492182374000549,0.0017421848606318235,0.7085962295532227,0.5121337175369263,0.0008258902817033231,0.703985869884491,0.4842682480812073,-0.0006233194144442677,0.7348766326904297,0.6328880190849304,-0.001235530013218522,0.7451188564300537,0.5853281021118164,-0.0047621214762330055,0.7467424869537354,0.5597306489944458,-0.004372621886432171,0.7453887462615967,0.5401431918144226,-0.003800236387178302,Hello
0.7016723155975342,0.7909475564956665,2.856905325643311e-07,0.6455234289169312,0.7689830660820007,-0.019840149208903313,0.605394184589386,0.7173432111740112,-0.023948652669787407,0.5883460640907288,0.6603172421455383,-0.026343945413827896,0.5786710381507874,0.6129065752029419,-0.02701382152736187,0.6463382244110107,0.6218559741973877,0.0030939707066863775,0.6317243576049805,0.5530562996864319,-0.00247894786298275,0.6239640116691589,0.5112349390983582,-0.010687635280191898,0.6186274886131287,0.4741722345352173,-0.01739947497844696,0.6792305707931519,0.6111004948616028,0.005339629948139191,0.6805022954940796,0.5369873642921448,0.005403222516179085,0.6812991499900818,0.4951137900352478,0.001488976995460689,0.680741548538208,0.46659737825393677,-0.002484355354681611,0.7072132229804993,0.61612868309021,0.002981262281537056,0.7114888429641724,0.5479260087013245,0.00046496192226186395,0.7094540596008301,0.5112529397010803,-0.0016565119149163365,0.7051551342010498,0.48359888792037964,-0.00427141273394227,0.7343421578407288,0.6316987872123718,-0.002300935797393322,0.7448350191116333,0.5834489464759827,-0.0062549724243581295,0.7470881938934326,0.5583392977714539,-0.0064804996363818645,0.746391773223877,0.5388644933700562,-0.006697493605315685,Hello
0.6991555094718933,0.7929732799530029,2.833996290974028e-07,0.6433628797531128,0.7707638740539551,-0.019063342362642288,0.6050010919570923,0.7178396582603455,-0.02283364161849022,0.5875681042671204,0.6609346270561218,-0.025112755596637726,0.5777272582054138,0.6140161752700806,-0.02574096992611885,0.6459975242614746,0.6236881613731384,0.0038759952876716852,0.6315693259239197,0.5544734597206116,-0.0018782856641337276,0.6237211227416992,0.5123443603515625,-0.010087127797305584,0.6184390187263489,0.4750961661338806,-0.016709227114915848,0.6789599657058716,0.61312335729599,0.005633463617414236,0.6808677911758423,0.5386348962783813,0.005530247464776039,0.682199239730835,0.4960298538208008,0.001851648441515863,0.6817692518234253,0.4674430787563324,-0.0017860464286059141,0.7069038152694702,0.6184324622154236,0.0027872470673173666,0.7112475037574768,0.5503688454627991,3.895291592925787e-05,0.7093247175216675,0.5130252838134766,-0.0017462850082665682,0.7050076127052307,0.4846131205558777,-0.003913339227437973,0.7338083982467651,0.6340798735618591,-0.0029323433991521597,0.7438759803771973,0.5849604606628418,-0.007215744350105524,0.7462406754493713,0.5594031810760498,-0.0072844019159674644,0.745721161365509,0.5391854047775269,-0.007210089825093746,Hello
0.6991990804672241,0.7940045595169067,2.7962616400145635e-07,0.6436902284622192,0.7716778516769409,-0.01931886374950409,0.6049857139587402,0.7187413573265076,-0.02303983084857464,0.5877108573913574,0.6617373824119568,-0.02525399439036846,0.5782807469367981,0.6150270700454712,-0.025827782228589058,0.6454616785049438,0.6246447563171387,0.0036822748370468616,0.6311143636703491,0.5552468299865723,-0.0019735160749405622,0.6233558058738708,0.5132758617401123,-0.010149848647415638,0.6182653903961182,0.4760414659976959,-0.01680806837975979,0.6780840158462524,0.6140286922454834,0.005608676932752132,0.6790987253189087,0.5394658446311951,0.0057186558842659,0.6801340579986572,0.4971178472042084,0.002220025286078453,0.6798318028450012,0.4688040316104889,-0.0013823984190821648,0.7059062719345093,0.6192364692687988,0.0028967515099793673,0.7098963856697083,0.5501968860626221,0.00026263718609698117,0.7080315351486206,0.5133846402168274,-0.0015391301130875945,0.703798234462738,0.4855600893497467,-0.0038202875293791294,0.7326911687850952,0.6349104642868042,-0.00272462610155344,0.7433584928512573,0.585702657699585,-0.007244214881211519,0.7460501790046692,0.5601740479469299,-0.007667796686291695,0.7457273006439209,0.5401616096496582,-0.00786571018397808,Hello
0.6982500553131104,0.7959418296813965,2.80156598364556e-07,0.6423425674438477,0.7725182771682739,-0.0196304302662611,0.6041662693023682,0.7185760140419006,-0.023441914469003677,0.5866058468818665,0.6618179678916931,-0.025775806978344917,0.5773166418075562,0.6152309775352478,-0.026378313079476357,0.6456230878829956,0.6253967881202698,0.0034701377153396606,0.6311710476875305,0.5563855767250061,-0.002482673618942499,0.6231095194816589,0.5146684646606445,-0.010592017322778702,0.618087887763977,0.47753992676734924,-0.016999106854200363,0.6782089471817017,0.6142821907997131,0.0056953090243041515,0.6796864867210388,0.5404965281486511,0.006443395279347897,0.6803148984909058,0.49834805727005005,0.004233076702803373,0.6793943643569946,0.4701429009437561,0.0017735178116708994,0.7061958312988281,0.6190903782844543,0.003146311268210411,0.7094189524650574,0.5501129627227783,0.0013614632189273834,0.7069101929664612,0.51341712474823,0.0011287708766758442,0.7021889686584473,0.4854288697242737,5.774312012363225e-05,0.7326492071151733,0.6346258521080017,-0.0024947375059127808,0.7428755760192871,0.5868223905563354,-0.006286540534347296,0.7451428771018982,0.5613477230072021,-0.005851774476468563,0.7448698282241821,0.5410319566726685,-0.005226581823080778,Hello
0.697982132434845,0.7961441278457642,2.8358493864288903e-07,0.6422945857048035,0.7733777761459351,-0.02021057717502117,0.6041057109832764,0.720705509185791,-0.02476004883646965,0.5870426893234253,0.6630432605743408,-0.0277450829744339,0.5768256187438965,0.6149880290031433,-0.029050420969724655,0.644936203956604,0.6262882351875305,0.0025330479256808758,0.6306256055831909,0.5574836730957031,-0.004117612261325121,0.6231449842453003,0.5157020688056946,-0.012919588945806026,0.6185846328735352,0.47823846340179443,-0.019954146817326546,0.6775713562965393,0.6152946949005127,0.004573585465550423,0.6792975664138794,0.5412310361862183,0.003933225758373737,0.6802709102630615,0.49896240234375,0.00013026715896558017,0.6799750328063965,0.46983602643013,-0.0037006447091698647,0.7053051590919495,0.6201964616775513,0.0018702115630730987,0.7101391553878784,0.5520282983779907,-0.0011396391782909632,0.7081303596496582,0.5151225328445435,-0.002770159160718322,0.703917384147644,0.48662951588630676,-0.004970588721334934,0.7318298816680908,0.6359277963638306,-0.0038776900619268417,0.7424337863922119,0.5879620313644409,-0.00836572889238596,0.7446051239967346,0.5617006421089172,-0.008644494228065014,0.7438490986824036,0.5403932929039001,-0.00882626697421074,Hello
0.6961626410484314,0.7952178120613098,2.900711422171298e-07,0.6403014063835144,0.7720789313316345,-0.02007630653679371,0.6027259826660156,0.7202938199043274,-0.024539759382605553,0.5859286785125732,0.6631390452384949,-0.027416573837399483,0.5763410925865173,0.6156346201896667,-0.0286924559623003,0.6441001892089844,0.6265994310379028,0.002615643199533224,0.629984438419342,0.55777907371521,-0.00405363691970706,0.6223902106285095,0.5157740712165833,-0.012904972769320011,0.6177201271057129,0.478263795375824,-0.019887220114469528,0.6769344210624695,0.6158095002174377,0.0046745846047997475,0.6791061758995056,0.5414589047431946,0.003919262904673815,0.6804431080818176,0.4988364279270172,7.278807606780902e-05,0.6806049346923828,0.470246285200119,-0.003631947562098503,0.7048426866531372,0.620958149433136,0.002023374894633889,0.7092404365539551,0.5530864000320435,-0.001147658214904368,0.7073400616645813,0.5160762071609497,-0.002646740060299635,0.7038891315460205,0.4880213737487793,-0.004534516017884016,0.73164963722229,0.6368091702461243,-0.0036272217985242605,0.7418370842933655,0.5887482166290283,-0.008107390254735947,0.7445436120033264,0.561849057674408,-0.008146132342517376,0.7451547384262085,0.5397771000862122,-0.007998202927410603,Hello
0.6960009336471558,0.7955785989761353,2.9486045605153777e-07,0.6400876045227051,0.7739527821540833,-0.021663717925548553,0.6019508242607117,0.721556544303894,-0.026450110599398613,0.5850560069084167,0.6638414859771729,-0.02924494259059429,0.5762280821800232,0.6156318187713623,-0.030183332040905952,0.6441338062286377,0.6277028918266296,0.001208435627631843,0.6294271349906921,0.5580137372016907,-0.005145006347447634,0.621620774269104,0.5155844688415527,-0.013227452524006367,0.6169471144676208,0.4783405065536499,-0.019505755975842476,0.6767799854278564,0.6166084408760071,0.00465351901948452,0.6782567501068115,0.542397677898407,0.005170939490199089,0.679594874382019,0.500339925289154,0.003118341788649559,0.6796875596046448,0.4715813994407654,0.0007890535052865744,0.7047985196113586,0.6213926076889038,0.0032060102093964815,0.7077020406723022,0.5526458024978638,0.0012310734018683434,0.7057787775993347,0.5163218975067139,0.0011993522057309747,0.702124834060669,0.4879024624824524,0.00032707685022614896,0.7316461205482483,0.636655330657959,-0.0014832951128482819,0.741742730140686,0.5885058641433716,-0.005429577548056841,0.7444979548454285,0.5626536011695862,-0.005052598193287849,0.7450276017189026,0.5414538383483887,-0.004430044908076525,Hello
0.6959272027015686,0.7969284057617188,3.000506012540427e-07,0.6395896077156067,0.7735098600387573,-0.021336140111088753,0.6013314723968506,0.7197011113166809,-0.02585083618760109,0.58525151014328,0.6622334122657776,-0.028549982234835625,0.5745894908905029,0.6142787933349609,-0.02939525432884693,0.643115222454071,0.6265917420387268,0.001985355280339718,0.6285727024078369,0.5575751066207886,-0.004297629464417696,0.6207274198532104,0.5155576467514038,-0.012290016748011112,0.616036057472229,0.4781574010848999,-0.018474780023097992,0.6761904358863831,0.61580890417099,0.004909872077405453,0.678075909614563,0.5422631502151489,0.005303600337356329,0.6796404123306274,0.4996766746044159,0.003357459092512727,0.680210292339325,0.4707196354866028,0.0011826269328594208,0.7043357491493225,0.621064305305481,0.0028481180779635906,0.7080814242362976,0.5525976419448853,0.00038805368239991367,0.705885648727417,0.5163118839263916,0.00048169365618377924,0.702014684677124,0.4885532855987549,-8.176889241440222e-05,0.7310827970504761,0.6366086602210999,-0.002437580842524767,0.741291880607605,0.5878158211708069,-0.006859853398054838,0.7435126304626465,0.5615295171737671,-0.006435033865272999,0.7431759238243103,0.5403083562850952,-0.005622245371341705,Hello
0.694574773311615,0.7942804098129272,2.880733802612667e-07,0.6387940645217896,0.7731627821922302,-0.020170703530311584,0.6002217531204224,0.7198360562324524,-0.02432188205420971,0.5838542580604553,0.6614434123039246,-0.0267933402210474,0.5735046863555908,0.6136385202407837,-0.027550719678401947,0.6414465308189392,0.6260793805122375,0.00171551329549402,0.6271066665649414,0.5564734935760498,-0.00461618835106492,0.6193945407867432,0.514327883720398,-0.012622401118278503,0.6144799590110779,0.4769238233566284,-0.01900368370115757,0.674210250377655,0.6154422760009766,0.003989064134657383,0.6755655407905579,0.5413896441459656,0.0034648561850190163,0.6771295666694641,0.49858975410461426,0.0005779544590041041,0.6774476170539856,0.4697346091270447,-0.002378574339672923,0.7021191716194153,0.6206144094467163,0.0015309207374230027,0.7056743502616882,0.552553653717041,-0.0019674065988510847,0.703797459602356,0.5155625343322754,-0.0033502893056720495,0.6995282173156738,0.4870542585849762,-0.005025922786444426,0.7290051579475403,0.635843813419342,-0.0038997752126306295,0.7398836612701416,0.5869449377059937,-0.009320968762040138,0.7416760325431824,0.5601805448532104,-0.010141193866729736,0.7399344444274902,0.5383172631263733,-0.01039753295481205,Hello
0.44314703345298767,0.5966914892196655,2.895097850341699e-07,0.3913904130458832,0.5478839874267578,-0.02056477777659893,0.35469770431518555,0.48540741205215454,-0.03333789482712746,0.33463290333747864,0.43368396162986755,-0.045309651643037796,0.3307375907897949,0.3843376636505127,-0.05678734928369522,0.41673317551612854,0.3764786124229431,-0.01443756278604269,0.40602973103523254,0.2939091920852661,-0.032211363315582275,0.4001658260822296,0.24139504134655,-0.04845881462097168,0.3986651301383972,0.1961369514465332,-0.06063466519117355,0.4543101191520691,0.3718183934688568,-0.018515057861804962,0.46278372406959534,0.2799822688102722,-0.031795091927051544,0.46915680170059204,0.22402501106262207,-0.04415537789463997,0.4748675227165222,0.17767253518104553,-0.05383795499801636,0.48773884773254395,0.38648656010627747,-0.026436198502779007,0.49647802114486694,0.30330890417099,-0.03971529006958008,0.4995647370815277,0.25055843591690063,-0.048771850764751434,0.5011221170425415,0.2031809687614441,-0.056129008531570435,0.5182919502258301,0.41768038272857666,-0.036919306963682175,0.5372329950332642,0.35650864243507385,-0.048758190125226974,0.5460643768310547,0.31530898809432983,-0.05314885824918747,0.5513359308242798,0.2747969627380371,-0.05639246106147766,Hello
0.4228179156780243,0.5901133418083191,2.971225399051036e-07,0.3721593916416168,0.5372812151908875,-0.01967676728963852,0.33855879306793213,0.4736219048500061,-0.03215370327234268,0.32010403275489807,0.4223830997943878,-0.04415278136730194,0.3169183135032654,0.37378156185150146,-0.05567655339837074,0.4047340750694275,0.37075960636138916,-0.012333246879279613,0.3954417109489441,0.2884135842323303,-0.029556630179286003,0.39052334427833557,0.2362067699432373,-0.045688875019550323,0.3899828791618347,0.1913219541311264,-0.05769084021449089,0.4424632787704468,0.3687521517276764,-0.01668688654899597,0.4551559090614319,0.2787880301475525,-0.029063044115900993,0.46306824684143066,0.22367876768112183,-0.04086368530988693,0.4697880446910858,0.17753751575946808,-0.05010024458169937,0.4750204384326935,0.38487479090690613,-0.024950064718723297,0.4864289462566376,0.3019207715988159,-0.037191689014434814,0.4904431700706482,0.24961762130260468,-0.04529187083244324,0.4929819107055664,0.2021370679140091,-0.05195039510726929,0.503416121006012,0.4170180559158325,-0.03582621365785599,0.5231376886367798,0.3565938472747803,-0.04641811549663544,0.5324206352233887,0.31606507301330566,-0.04967748001217842,0.5386307835578918,0.2759867012500763,-0.05214584618806839,Hello
0.41902753710746765,0.5887800455093384,3.0247935001170845e-07,0.3700563311576843,0.5361059308052063,-0.020455628633499146,0.336442768573761,0.47233420610427856,-0.0328056663274765,0.3185887038707733,0.4200952649116516,-0.04441796988248825,0.3123430013656616,0.37139204144477844,-0.05564364045858383,0.40087732672691345,0.368058979511261,-0.013011257164180279,0.392558217048645,0.2862400412559509,-0.029663417488336563,0.388548880815506,0.2346060872077942,-0.04540639370679855,0.3887139856815338,0.18921694159507751,-0.05729711800813675,0.43927133083343506,0.3664468228816986,-0.016964025795459747,0.4525752067565918,0.27720290422439575,-0.029285481199622154,0.46114352345466614,0.22224530577659607,-0.041421230882406235,0.4687976539134979,0.17526191473007202,-0.05103549361228943,0.4718514680862427,0.383436918258667,-0.024818163365125656,0.4840904176235199,0.30264824628829956,-0.03727567195892334,0.4883729815483093,0.2507398724555969,-0.046318169683218,0.49127262830734253,0.20335838198661804,-0.05363105610013008,0.5004332661628723,0.4160029888153076,-0.03527866303920746,0.5197916626930237,0.3556128740310669,-0.046232085675001144,0.5287211537361145,0.3154536485671997,-0.050158850848674774,0.5343176126480103,0.2755430042743683,-0.05314626544713974,Hello
