0.7950922846794128,0.5604667663574219,-4.37510635720173e-07,0.7300737500190735,0.577627956867218,-0.01580926589667797,0.6658211350440979,0.5656715035438538,-0.02420888841152191,0.6183359622955322,0.5418933033943176,-0.035540588200092316,0.580833911895752,0.5300893187522888,-0.042979538440704346,0.6762322187423706,0.45933997631073,0.00564833078533411,0.6620814800262451,0.4272814393043518,-0.020467201247811317,0.690222442150116,0.46154606342315674,-0.03609022870659828,0.7131800055503845,0.4918281137943268,-0.04081989824771881,0.702556312084198,0.4254152774810791,0.003852620255202055,0.688328206539154,0.3989386260509491,-0.029042067006230354,0.718130350112915,0.4477684199810028,-0.042075708508491516,0.7398024797439575,0.4839247763156891,-0.042807191610336304,0.7298305630683899,0.3989863097667694,-0.003066144185140729,0.7132419943809509,0.3629511892795563,-0.03544512391090393,0.7348867058753967,0.4115123450756073,-0.037183865904808044,0.7518889904022217,0.4504587650299072,-0.02763175591826439,0.757786214351654,0.3812415599822998,-0.011203362606465816,0.7464353442192078,0.31545543670654297,-0.027338560670614243,0.7373414039611816,0.2769741117954254,-0.029857367277145386,0.7237519025802612,0.24176724255084991,-0.026865487918257713,Love you
0.7869311571121216,0.5607590079307556,-4.4526728970595286e-07,0.7190168499946594,0.5759176015853882,-0.013416128233075142,0.6525588631629944,0.5634430646896362,-0.020938660949468613,0.6054092645645142,0.5410221815109253,-0.03160957247018814,0.5694130659103394,0.5262349247932434,-0.0382724292576313,0.66388338804245,0.4551129639148712,0.006339117418974638,0.6478512287139893,0.4246203601360321,-0.01891641691327095,0.674997866153717,0.4600692689418793,-0.03404167667031288,0.6981481313705444,0.49150386452674866,-0.03856831043958664,0.6910815238952637,0.4222322702407837,0.003375915577635169,0.673723042011261,0.39496496319770813,-0.029041368514299393,0.7034937739372253,0.4436649978160858,-0.04173967242240906,0.7267806529998779,0.4812610149383545,-0.042171549052000046,0.7192362546920776,0.3961591124534607,-0.004368910100311041,0.700054943561554,0.36096665263175964,-0.03537885844707489,0.721451997756958,0.40941542387008667,-0.03673746436834335,0.7393290996551514,0.44899827241897583,-0.027228059247136116,0.7479521036148071,0.3789566159248352,-0.013218422420322895,0.7353675961494446,0.3127140998840332,-0.028639422729611397,0.7250862717628479,0.2732390761375427,-0.031043559312820435,0.7106505632400513,0.23751671612262726,-0.028130173683166504,Love you
0.784313976764679,0.5644524693489075,-4.422037989115779e-07,0.7168814539909363,0.5785198211669922,-0.012844923883676529,0.6513271331787109,0.5648250579833984,-0.020386414602398872,0.6044831275939941,0.5418026447296143,-0.03125423192977905,0.5687529444694519,0.5274103283882141,-0.03821791335940361,0.6652699708938599,0.45881807804107666,0.007196836639195681,0.6475048065185547,0.4261089265346527,-0.018121326342225075,0.672781765460968,0.4619256556034088,-0.03354909271001816,0.695500373840332,0.4939633905887604,-0.038204047828912735,0.6916369795799255,0.42685651779174805,0.0040499139577150345,0.6735208034515381,0.3990420699119568,-0.02826385386288166,0.7013925909996033,0.44796645641326904,-0.041331928223371506,0.7241575121879578,0.484697550535202,-0.041973572224378586,0.7190919518470764,0.40057653188705444,-0.0037870830856263638,0.6990755796432495,0.36420366168022156,-0.03409891948103905,0.7189470529556274,0.4137002229690552,-0.035030487924814224,0.7364740967750549,0.453229159116745,-0.025333870202302933,0.7471218705177307,0.3828052878379822,-0.012751823291182518,0.7345507740974426,0.31665241718292236,-0.027418525889515877,0.7235623598098755,0.27741074562072754,-0.029178902506828308,0.7087332606315613,0.2412213236093521,-0.025830334052443504,Love you
0.7840709090232849,0.5647997856140137,-4.455015698567877e-07,0.7162086367607117,0.5782285928726196,-0.012663356959819794,0.6506988406181335,0.5644850134849548,-0.020153991878032684,0.6040715575218201,0.5417859554290771,-0.031025974079966545,0.5688109397888184,0.5265606045722961,-0.037978701293468475,0.664715588092804,0.45898550748825073,0.007356925867497921,0.647236704826355,0.42686739563941956,-0.017955709248781204,0.6728214621543884,0.4625509977340698,-0.033347804099321365,0.695420503616333,0.49426212906837463,-0.03795164078474045,0.6912228465080261,0.42684438824653625,0.004087679088115692,0.6734133362770081,0.3994670510292053,-0.028214292600750923,0.7016827464103699,0.4484379291534424,-0.041153434664011,0.7243404388427734,0.4851172864437103,-0.04166167601943016,0.7188684344291687,0.4004148244857788,-0.0038609770126640797,0.6989778876304626,0.36421525478363037,-0.03416500613093376,0.71905916929245,0.4138977527618408,-0.03494255989789963,0.7364366054534912,0.4536707401275635,-0.025078603997826576,0.7470746636390686,0.38260748982429504,-0.012931859120726585,0.7343884110450745,0.31649547815322876,-0.027475867420434952,0.7234767079353333,0.277175635099411,-0.029048752039670944,0.7086091637611389,0.24106945097446442,-0.02552866004407406,Love you
0.7855819463729858,0.5657512545585632,-4.5484262045647483e-07,0.7178080677986145,0.579868495464325,-0.014247724786400795,0.6515733003616333,0.5659881830215454,-0.022771893069148064,0.6047080159187317,0.5424596071243286,-0.03421677276492119,0.5693176984786987,0.5267379879951477,-0.041386254131793976,0.6621842980384827,0.4578416049480438,0.0046117836609482765,0.6463143825531006,0.4277457296848297,-0.021334582939743996,0.674005389213562,0.4659003019332886,-0.036663830280303955,0.6975463628768921,0.4981042742729187,-0.04123988747596741,0.6896295547485352,0.42497915029525757,0.001706890412606299,0.6724162697792053,0.3965325355529785,-0.03127460926771164,0.7023637294769287,0.44788676500320435,-0.043507132679224014,0.7260758876800537,0.4864020347595215,-0.04334418103098869,0.7182642817497253,0.39927345514297485,-0.006018619518727064,0.6990976333618164,0.362496554851532,-0.0369793176651001,0.7204530239105225,0.41312652826309204,-0.037226058542728424,0.7385483980178833,0.45368075370788574,-0.02691105380654335,0.7474043369293213,0.3828103542327881,-0.015003958716988564,0.7347596287727356,0.3170287609100342,-0.030173351988196373,0.7244617342948914,0.2777024209499359,-0.031942129135131836,0.710025429725647,0.24126766622066498,-0.028541285544633865,Love you
0.785530149936676,0.5648110508918762,-4.466487837362365e-07,0.7183221578598022,0.5795491337776184,-0.014389725401997566,0.6526054739952087,0.5667824745178223,-0.023084798827767372,0.605527937412262,0.5437053442001343,-0.03462546318769455,0.5696021914482117,0.528982937335968,-0.04194043576717377,0.6635309457778931,0.45887458324432373,0.003696983214467764,0.6471246480941772,0.4272696077823639,-0.021978475153446198,0.674291729927063,0.4646187424659729,-0.03693798556923866,0.6976031064987183,0.4970396161079407,-0.04136962443590164,0.6907151937484741,0.42607641220092773,0.0009255024488084018,0.6732053756713867,0.39666157960891724,-0.031812943518161774,0.7023290991783142,0.447192519903183,-0.04403530806303024,0.7253255844116211,0.48564061522483826,-0.044125013053417206,0.7189176082611084,0.4003092050552368,-0.006568229757249355,0.6995936632156372,0.36284905672073364,-0.037347931414842606,0.7206595540046692,0.4125933051109314,-0.037691630423069,0.7384865880012512,0.45265528559684753,-0.027697348967194557,0.7476027011871338,0.3837146759033203,-0.015302855521440506,0.7351751923561096,0.31757688522338867,-0.03063245490193367,0.7247415781021118,0.2781466841697693,-0.03262762352824211,0.7101713418960571,0.24157971143722534,-0.029523495584726334,Love you
0.7833384871482849,0.5632026195526123,-4.47954988658239e-07,0.7173321843147278,0.5785319209098816,-0.0144372982904315,0.6519415378570557,0.5663576722145081,-0.022519612684845924,0.6047418713569641,0.5440672039985657,-0.033560849726200104,0.5690425038337708,0.5287612676620483,-0.040517259389162064,0.6650500297546387,0.4609951674938202,0.0046613989397883415,0.6482276916503906,0.4284922480583191,-0.020684706047177315,0.6746920943260193,0.4646322429180145,-0.03531423211097717,0.6976445317268372,0.4966076612472534,-0.039405856281518936,0.6916846036911011,0.42765453457832336,0.0023451177403330803,0.6746376752853394,0.3990480899810791,-0.030007589608430862,0.7026790976524353,0.4486858546733856,-0.042350273579359055,0.7248079776763916,0.48637983202934265,-0.04257082939147949,0.7192161679267883,0.4009285867214203,-0.004705785308033228,0.7003076076507568,0.3639183044433594,-0.03563271090388298,0.7211325764656067,0.4137752056121826,-0.036373283714056015,0.7385491132736206,0.45373278856277466,-0.026458928361535072,0.7472246885299683,0.3831663429737091,-0.012935559265315533,0.735145092010498,0.31802845001220703,-0.028150714933872223,0.7251690626144409,0.2791173458099365,-0.03014473244547844,0.7110104560852051,0.24300771951675415,-0.02693074569106102,Love you
0.7837895154953003,0.5653730034828186,-4.535645530268084e-07,0.7170274257659912,0.5793424248695374,-0.013767375610768795,0.6511807441711426,0.5657861828804016,-0.021420501172542572,0.6040467619895935,0.5431224703788757,-0.032269928604364395,0.568822979927063,0.5266974568367004,-0.039165198802948,0.6643935441970825,0.4618030786514282,0.006111312657594681,0.6475408673286438,0.4299567639827728,-0.019402308389544487,0.6738175749778748,0.4660043716430664,-0.03448434919118881,0.6965407729148865,0.49792346358299255,-0.03882063180208206,0.691059947013855,0.42811980843544006,0.0034225417766720057,0.6739879846572876,0.39882731437683105,-0.029075466096401215,0.7023429274559021,0.44846537709236145,-0.04172839969396591,0.7245877981185913,0.4865695834159851,-0.04197375476360321,0.7188892364501953,0.40115755796432495,-0.00402010278776288,0.7000188827514648,0.3634292781352997,-0.035070180892944336,0.7210578918457031,0.4133757948875427,-0.03592127561569214,0.7386075258255005,0.45381632447242737,-0.025886092334985733,0.7471650838851929,0.383457750082016,-0.01260464545339346,0.7350140810012817,0.31817787885665894,-0.027704469859600067,0.7251187562942505,0.2790370285511017,-0.029535705223679543,0.7110071778297424,0.24296939373016357,-0.026116669178009033,Love you
0.7831185460090637,0.5636806488037109,-4.483553652789851e-07,0.7168152332305908,0.5782359838485718,-0.014070662669837475,0.6524662375450134,0.5665253400802612,-0.022663217037916183,0.6061046123504639,0.5439093708992004,-0.03433540463447571,0.5710598826408386,0.5255366563796997,-0.04189077392220497,0.6640340685844421,0.4606085419654846,0.004353479016572237,0.6480318307876587,0.4290160536766052,-0.021809827536344528,0.6743965148925781,0.46602168679237366,-0.037179455161094666,0.6971243619918823,0.49863457679748535,-0.04163525626063347,0.690854549407959,0.4278832972049713,0.0016435279976576567,0.6741463541984558,0.3997448980808258,-0.031316325068473816,0.7028806209564209,0.44953209161758423,-0.04387279972434044,0.7255069017410278,0.48718491196632385,-0.04415701702237129,0.7189249396324158,0.4015236794948578,-0.005784946959465742,0.7003117799758911,0.36468398571014404,-0.03719339519739151,0.7212589979171753,0.41500699520111084,-0.03777574002742767,0.7387592196464539,0.4552936553955078,-0.027606075629591942,0.7475671172142029,0.38401222229003906,-0.01437115203589201,0.7359190583229065,0.31825128197669983,-0.029940098524093628,0.7260631918907166,0.27883467078208923,-0.03184003382921219,0.7119094133377075,0.24235931038856506,-0.028429824858903885,Love you
0.7838010787963867,0.5643488764762878,-4.491597564992844e-07,0.7170544862747192,0.5785605907440186,-0.01390536967664957,0.6520863771438599,0.566085934638977,-0.022077694535255432,0.6053497791290283,0.5433125495910645,-0.033378176391124725,0.569857120513916,0.526682436466217,-0.040560416877269745,0.6648141741752625,0.4606202244758606,0.005192197859287262,0.6482498049736023,0.4286717474460602,-0.020842183381319046,0.6750158667564392,0.4654041528701782,-0.036074813455343246,0.6979607939720154,0.4977172613143921,-0.04045124351978302,0.6916001439094543,0.4281306862831116,0.0024309251457452774,0.6744799017906189,0.39953455328941345,-0.030324013903737068,0.703228771686554,0.4489987790584564,-0.042750366032123566,0.7257716059684753,0.48622193932533264,-0.04299953579902649,0.719515860080719,0.4019758105278015,-0.005138088949024677,0.7004214525222778,0.36468663811683655,-0.03636913001537323,0.7214375734329224,0.41434091329574585,-0.03696611151099205,0.7391338348388672,0.4540855586528778,-0.026883460581302643,0.7478986382484436,0.3846742808818817,-0.01389370858669281,0.736112117767334,0.3187211751937866,-0.029370075091719627,0.7260165214538574,0.2793124318122864,-0.03138822317123413,0.7118635773658752,0.24296662211418152,-0.028129972517490387,Love you
0.7843399047851562,0.5632961392402649,-4.462144431727211e-07,0.7174057364463806,0.5787160396575928,-0.013305225409567356,0.6523131728172302,0.5661786794662476,-0.021057769656181335,0.60556560754776,0.5435023307800293,-0.03193886578083038,0.5701584219932556,0.528177797794342,-0.038809843361377716,0.6650310754776001,0.46032488346099854,0.006222096271812916,0.6482529044151306,0.42785346508026123,-0.018680375069379807,0.6743811964988708,0.4641093611717224,-0.033551257103681564,0.6972039937973022,0.4964514374732971,-0.0379367396235466,0.6917250752449036,0.4274398684501648,0.0034024554770439863,0.6740869283676147,0.3984139561653137,-0.028480328619480133,0.7027729153633118,0.4481784701347351,-0.040950484573841095,0.7257689833641052,0.4860018491744995,-0.041311610490083694,0.7193943858146667,0.4010838270187378,-0.004081031307578087,0.7000190615653992,0.3639944791793823,-0.03418245539069176,0.7205572128295898,0.4133359491825104,-0.035042714327573776,0.7381871342658997,0.45299386978149414,-0.02544328197836876,0.7476776242256165,0.3836071491241455,-0.012704863213002682,0.736085832118988,0.31792405247688293,-0.027369976043701172,0.7257175445556641,0.2788112759590149,-0.029399922117590904,0.7112701535224915,0.2426145076751709,-0.026386404410004616,Love you
0.7844551801681519,0.5631517171859741,-4.4471809701462917e-07,0.7176122665405273,0.5783921480178833,-0.013450726866722107,0.6526196002960205,0.5662010908126831,-0.02134542725980282,0.6057799458503723,0.543825089931488,-0.032328009605407715,0.5702913999557495,0.5283711552619934,-0.0392976775765419,0.6651332974433899,0.46048104763031006,0.005781108979135752,0.6482699513435364,0.42733460664749146,-0.019054118543863297,0.6743472814559937,0.46332812309265137,-0.03379006311297417,0.6971287131309509,0.4957829713821411,-0.038109056651592255,0.6917784810066223,0.4275856614112854,0.0030463251750916243,0.6742587685585022,0.3982517719268799,-0.028858311474323273,0.7027416825294495,0.44783270359039307,-0.0414169542491436,0.7255628705024719,0.4857795238494873,-0.04189470410346985,0.7194284796714783,0.4011285901069641,-0.004324803594499826,0.7000753879547119,0.36354860663414,-0.0344759002327919,0.7204146385192871,0.4126090705394745,-0.035504620522260666,0.7378947138786316,0.452321857213974,-0.02606246992945671,0.7476819753646851,0.3835464119911194,-0.012816459871828556,0.7360216975212097,0.3176073729991913,-0.027562294155359268,0.725601851940155,0.27844324707984924,-0.0297075342386961,0.7110873460769653,0.24236051738262177,-0.026794135570526123,Love you
0.7846340537071228,0.5629284381866455,-4.489385503347876e-07,0.7169873714447021,0.5783214569091797,-0.01449020579457283,0.6521972417831421,0.567463755607605,-0.023141708225011826,0.6054993271827698,0.5446889996528625,-0.034779585897922516,0.5695936679840088,0.5283226370811462,-0.04220087453722954,0.6641808748245239,0.4600699841976166,0.0043060933239758015,0.647983193397522,0.42783123254776,-0.02129804715514183,0.6744413375854492,0.46532851457595825,-0.035895466804504395,0.697030246257782,0.4970962405204773,-0.04004460945725441,0.6910595297813416,0.4269528090953827,0.001763739506714046,0.6744951009750366,0.39859944581985474,-0.030818048864603043,0.7026132345199585,0.449965238571167,-0.04282718524336815,0.7237546443939209,0.48734191060066223,-0.042916081845760345,0.7188015580177307,0.4003920555114746,-0.005568904336541891,0.6993856430053711,0.3634239435195923,-0.036834560334682465,0.7203950881958008,0.414302259683609,-0.03687412291765213,0.7376303672790527,0.4540122449398041,-0.026506274938583374,0.7468826174736023,0.38286659121513367,-0.014112765900790691,0.7344790697097778,0.3164832592010498,-0.029775599017739296,0.724067747592926,0.27776604890823364,-0.031478870660066605,0.7092143297195435,0.24166373908519745,-0.02797665260732174,Love you
0.7847297787666321,0.5637052655220032,-4.578623702400364e-07,0.7166225910186768,0.5781497359275818,-0.013737484812736511,0.6515799164772034,0.566889762878418,-0.021982954815030098,0.6051133275032043,0.5446843504905701,-0.033386941999197006,0.5697133541107178,0.528054416179657,-0.040641095489263535,0.6638526916503906,0.4598484933376312,0.005257789511233568,0.6476112008094788,0.42895346879959106,-0.020195020362734795,0.6741414070129395,0.46631982922554016,-0.034851737320423126,0.6968055367469788,0.49802300333976746,-0.03904492035508156,0.6906635165214539,0.42673856019973755,0.0024478572886437178,0.6741243600845337,0.3996848464012146,-0.029981523752212524,0.7027621269226074,0.4509957432746887,-0.04203781113028526,0.724219799041748,0.4883466064929962,-0.042144935578107834,0.7186024188995361,0.4001707434654236,-0.005089989397674799,0.6990323662757874,0.3642119765281677,-0.036282408982515335,0.7202354073524475,0.4153675138950348,-0.03642822057008743,0.737604558467865,0.4554294943809509,-0.026067757979035378,0.746884822845459,0.3827946186065674,-0.013761709444224834,0.7346125841140747,0.3167304992675781,-0.02937047742307186,0.7241548299789429,0.2779652178287506,-0.031109027564525604,0.7091696858406067,0.24214842915534973,-0.027568228542804718,Love you
0.782765805721283,0.5651787519454956,-4.5113660007700673e-07,0.7160417437553406,0.5791629552841187,-0.014407395385205746,0.6519826650619507,0.5676336288452148,-0.022867362946271896,0.60517817735672,0.5447909832000732,-0.034437526017427444,0.5694465041160583,0.5286234617233276,-0.04202090576291084,0.6643580794334412,0.4619405269622803,0.005139991175383329,0.6478672623634338,0.429791122674942,-0.020626481622457504,0.6742464900016785,0.46514105796813965,-0.035922735929489136,0.6966487169265747,0.49666890501976013,-0.04044727608561516,0.6909977197647095,0.42880532145500183,0.002618190133944154,0.6748752593994141,0.401157945394516,-0.03000631183385849,0.7033252120018005,0.45026037096977234,-0.042936697602272034,0.724661111831665,0.48753321170806885,-0.04370119795203209,0.7187724709510803,0.40197670459747314,-0.0046948897652328014,0.6991285681724548,0.3635810315608978,-0.03575938940048218,0.7196400165557861,0.41204604506492615,-0.0368749238550663,0.736488401889801,0.4517780840396881,-0.027308357879519463,0.7469633221626282,0.38444092869758606,-0.013203004375100136,0.7345262765884399,0.3180249333381653,-0.02852875180542469,0.723797619342804,0.27927881479263306,-0.030646169558167458,0.708573043346405,0.24392247200012207,-0.02750609628856182,Love you
0.7818444967269897,0.5648581981658936,-4.514806732913712e-07,0.715040922164917,0.5790653228759766,-0.01464028563350439,0.651211678981781,0.5672145485877991,-0.023215582594275475,0.604773223400116,0.5438411235809326,-0.03487265855073929,0.569365918636322,0.5270074009895325,-0.042502861469984055,0.663553774356842,0.4606959819793701,0.005185449495911598,0.647758960723877,0.4298710823059082,-0.02060360088944435,0.6745849847793579,0.46580201387405396,-0.036026932299137115,0.6969965696334839,0.497387558221817,-0.04057956114411354,0.6902989149093628,0.427654504776001,0.0027755792252719402,0.6747015118598938,0.4014376103878021,-0.029897047206759453,0.7037806510925293,0.45105865597724915,-0.04280872270464897,0.7253326773643494,0.4880443215370178,-0.043412577360868454,0.7182559370994568,0.40119269490242004,-0.004441407043486834,0.6992582082748413,0.36368393898010254,-0.035452235490083694,0.7200286984443665,0.412824422121048,-0.03637499734759331,0.7369210720062256,0.4526391923427582,-0.026530958712100983,0.7465829253196716,0.3839693069458008,-0.012896626256406307,0.734185516834259,0.31786781549453735,-0.028005478903651237,0.7237831354141235,0.27907559275627136,-0.029840825125575066,0.7090431451797485,0.24341636896133423,-0.026392273604869843,Love you
0.7828458547592163,0.5675313472747803,-4.518705623013375e-07,0.7163429260253906,0.5807077884674072,-0.013808132149279118,0.6522012948989868,0.5674455165863037,-0.0222796481102705,0.6059834957122803,0.5441133975982666,-0.03397303819656372,0.5707777738571167,0.5279638171195984,-0.0417003408074379,0.6642900705337524,0.46253299713134766,0.005646298173815012,0.6475322842597961,0.4302814304828644,-0.02020840346813202,0.6735721826553345,0.46701735258102417,-0.035804253071546555,0.69622403383255,0.49885010719299316,-0.04053768143057823,0.6909049153327942,0.429961234331131,0.0027640180196613073,0.6739488840103149,0.4006652235984802,-0.02972320467233658,0.7021795511245728,0.4508450925350189,-0.04241805151104927,0.7244786024093628,0.4887535870075226,-0.04279814288020134,0.7188233137130737,0.4035666286945343,-0.004871540702879429,0.6992310285568237,0.3644525110721588,-0.03558638319373131,0.7196848392486572,0.41457295417785645,-0.03602256253361702,0.7373723387718201,0.45501846075057983,-0.025854837149381638,0.7471729516983032,0.38612842559814453,-0.013713698834180832,0.7351229190826416,0.3199930191040039,-0.028667403385043144,0.7245287299156189,0.2807586193084717,-0.030311880633234978,0.7098238468170166,0.24458681046962738,-0.026792630553245544,Love you
0.7826786637306213,0.5664287805557251,-4.393220649490104e-07,0.7163792848587036,0.5807880163192749,-0.014321345835924149,0.652346134185791,0.5683996081352234,-0.02276940830051899,0.605998694896698,0.5446696281433105,-0.03432122990489006,0.570652425289154,0.5285800099372864,-0.041839808225631714,0.665172278881073,0.4633397161960602,0.005403096321970224,0.6480216979980469,0.4298248887062073,-0.020028963685035706,0.6740307807922363,0.46628183126449585,-0.03533058613538742,0.6967027187347412,0.4978988766670227,-0.040073443204164505,0.6916154623031616,0.4305640161037445,0.0028540019411593676,0.6744248270988464,0.4016581177711487,-0.02949344553053379,0.7024389505386353,0.45146527886390686,-0.042233433574438095,0.7245693206787109,0.4882519543170929,-0.04283953458070755,0.7190914154052734,0.40381914377212524,-0.004483213182538748,0.6992030739784241,0.3642211854457855,-0.0350189171731472,0.7192978262901306,0.4140041470527649,-0.035466570407152176,0.7368189692497253,0.45402246713638306,-0.025557206943631172,0.7470223903656006,0.38602644205093384,-0.013094131834805012,0.7352703213691711,0.3199983835220337,-0.028209373354911804,0.7247716784477234,0.2807249426841736,-0.0301012322306633,0.7102187275886536,0.24415068328380585,-0.026879535987973213,Love you
0.7840331196784973,0.5658937692642212,-4.589052480241662e-07,0.7164918184280396,0.580257773399353,-0.013812454417347908,0.6515741944313049,0.5673174858093262,-0.02204054594039917,0.6051473617553711,0.5435051321983337,-0.03331116959452629,0.5694919228553772,0.527748167514801,-0.04052526503801346,0.6635010242462158,0.4589879810810089,0.005574917886406183,0.6479646563529968,0.4291551113128662,-0.019437018781900406,0.6747768521308899,0.4667412340641022,-0.03448968008160591,0.6973280906677246,0.49947690963745117,-0.039140474051237106,0.6904492974281311,0.426482617855072,0.002853509970009327,0.6737939715385437,0.40107569098472595,-0.029264669865369797,0.7031330466270447,0.45212021470069885,-0.04177553579211235,0.7258598208427429,0.49008938670158386,-0.04222087189555168,0.7187036275863647,0.4006872773170471,-0.004554409068077803,0.6995719075202942,0.3658437430858612,-0.03513791412115097,0.7201467752456665,0.41656294465065,-0.035694003105163574,0.7373293042182922,0.4572535753250122,-0.025766829028725624,0.7475469708442688,0.38379576802253723,-0.013122166506946087,0.7351207733154297,0.318464457988739,-0.028401954099535942,0.7249476313591003,0.27977824211120605,-0.030238280072808266,0.7103792428970337,0.24419160187244415,-0.026858067139983177,Love you
0.7843159437179565,0.5662921667098999,-4.6218045213208825e-07,0.7163340449333191,0.5804629921913147,-0.013812677934765816,0.6514228582382202,0.5673369765281677,-0.022091489285230637,0.6050916314125061,0.5434286594390869,-0.03345813974738121,0.5693308711051941,0.5275245904922485,-0.040743257850408554,0.6629799008369446,0.45829498767852783,0.005816240329295397,0.6481491923332214,0.4287419319152832,-0.019427696242928505,0.6750956773757935,0.46660304069519043,-0.03461601585149765,0.6977139711380005,0.4995720386505127,-0.039266206324100494,0.6900390386581421,0.42600733041763306,0.003048588754609227,0.6738601326942444,0.400509238243103,-0.029286600649356842,0.7033147215843201,0.452036052942276,-0.041826605796813965,0.726102888584137,0.490446537733078,-0.04217379167675972,0.7184290885925293,0.4003816246986389,-0.004469874314963818,0.6997488737106323,0.3660123646259308,-0.03536739572882652,0.7204092741012573,0.41694939136505127,-0.03607393428683281,0.7376553416252136,0.4576965272426605,-0.026083756238222122,0.7474460601806641,0.3835753798484802,-0.013129021041095257,0.7350104451179504,0.3179093599319458,-0.028496121987700462,0.7247521281242371,0.27937620878219604,-0.030324062332510948,0.7100616693496704,0.2441321164369583,-0.02685113064944744,Love you
0.7876540422439575,0.5695775747299194,-4.438253711214202e-07,0.7203155755996704,0.5832979679107666,-0.014736760407686234,0.654366672039032,0.5692362189292908,-0.022749559953808784,0.6069028973579407,0.545265793800354,-0.03373141586780548,0.5711041688919067,0.52872633934021,-0.040608134120702744,0.6677054762840271,0.46377459168434143,0.005690744612365961,0.6509981155395508,0.4305979013442993,-0.01973661035299301,0.6768855452537537,0.4666774272918701,-0.034911006689071655,0.6988798975944519,0.49743708968162537,-0.039610281586647034,0.6941611170768738,0.4304419755935669,0.003294198075309396,0.6771278381347656,0.40105995535850525,-0.02909078821539879,0.7053954601287842,0.45080089569091797,-0.041558776050806046,0.7270198464393616,0.48731037974357605,-0.04192797839641571,0.721777617931366,0.40422916412353516,-0.004020593129098415,0.7021776437759399,0.3651513457298279,-0.034836672246456146,0.7226443290710449,0.41436415910720825,-0.03529621660709381,0.739786684513092,0.45377597212791443,-0.02529139071702957,0.7498618364334106,0.3874441087245941,-0.012645932845771313,0.7374351024627686,0.3212006390094757,-0.028034498915076256,0.7272118330001831,0.28209084272384644,-0.029981987550854683,0.7131637930870056,0.24592114984989166,-0.02670820988714695,Love you
0.7874979376792908,0.568466305732727,-4.347055835296487e-07,0.7202708125114441,0.5829913020133972,-0.015423927456140518,0.6544113755226135,0.5695051550865173,-0.023889722302556038,0.6069777607917786,0.5458217263221741,-0.0351528599858284,0.5709707736968994,0.5290668606758118,-0.042171355336904526,0.6672449707984924,0.46275797486305237,0.004556884523481131,0.6507381200790405,0.4299203157424927,-0.021204274147748947,0.6767173409461975,0.46647214889526367,-0.03635529428720474,0.6987658143043518,0.49747002124786377,-0.04099206253886223,0.6938130259513855,0.4297270178794861,0.002359286416321993,0.6765925884246826,0.4007912576198578,-0.030635235831141472,0.7048070430755615,0.45088082551956177,-0.043190598487854004,0.7267017364501953,0.48732054233551025,-0.04347726330161095,0.7215138673782349,0.4038425087928772,-0.0047960844822227955,0.7018415331840515,0.36559295654296875,-0.03610224649310112,0.7221837639808655,0.41519784927368164,-0.03663076460361481,0.7394102215766907,0.4544219970703125,-0.02656492032110691,0.7497202157974243,0.38727903366088867,-0.013308989815413952,0.737642228603363,0.3209627568721771,-0.02907424047589302,0.72736656665802,0.28196102380752563,-0.031236760318279266,0.7132396101951599,0.24564063549041748,-0.028058921918272972,Love you
0.7854786515235901,0.5676665902137756,-4.4431564560909464e-07,0.7186726331710815,0.5824422836303711,-0.014595774933695793,0.6541095972061157,0.5685876607894897,-0.02278623729944229,0.6071726083755493,0.5447321534156799,-0.033999089151620865,0.5712563395500183,0.5290723443031311,-0.04106355085968971,0.6673542261123657,0.4646260142326355,0.004747750237584114,0.6507365107536316,0.4300367534160614,-0.02083207666873932,0.6765732765197754,0.46721264719963074,-0.03558460623025894,0.69878089427948,0.4995933175086975,-0.03972253203392029,0.6941751837730408,0.4318528175354004,0.0023661269806325436,0.6772674322128296,0.4019600450992584,-0.02988431416451931,0.704438328742981,0.452328085899353,-0.04189351573586464,0.7256802320480347,0.4897548258304596,-0.04196850582957268,0.721766471862793,0.4056565761566162,-0.00487247109413147,0.7020965814590454,0.3657306730747223,-0.035894542932510376,0.7223192453384399,0.4156354069709778,-0.03622511401772499,0.7395094633102417,0.4553879499435425,-0.026049857959151268,0.749646782875061,0.3884005844593048,-0.013349386863410473,0.7378261685371399,0.32178646326065063,-0.028739329427480698,0.7273597717285156,0.28298819065093994,-0.03064372017979622,0.7130654454231262,0.24666182696819305,-0.027323583140969276,Love you
0.7893853187561035,0.5581583976745605,-4.462993388187897e-07,0.7257087230682373,0.5785976052284241,-0.015637975186109543,0.6633549332618713,0.5696700811386108,-0.024705225601792336,0.6198107004165649,0.5445253252983093,-0.03621083125472069,0.5857651233673096,0.5238747000694275,-0.043843552470207214,0.6751015782356262,0.46686112880706787,0.0009246332920156419,0.6596832275390625,0.42665132880210876,-0.0259317047894001,0.6818826198577881,0.46414124965667725,-0.04157104343175888,0.702240526676178,0.5003975033760071,-0.045495081692934036,0.703012228012085,0.4397018253803253,-0.0009455886902287602,0.6876119375228882,0.40567687153816223,-0.03495657071471214,0.7104242444038391,0.4574550688266754,-0.04905744642019272,0.7292630672454834,0.49835503101348877,-0.04938400164246559,0.7298317551612854,0.4173789322376251,-0.007342291530221701,0.7169073224067688,0.3846626579761505,-0.039738986641168594,0.7339511513710022,0.4390687942504883,-0.04239128530025482,0.7474784255027771,0.4813520610332489,-0.03259950876235962,0.7566772103309631,0.39983856678009033,-0.014715529046952724,0.73740553855896,0.33989423513412476,-0.0307173915207386,0.7212475538253784,0.3036488890647888,-0.032573502510786057,0.7031083106994629,0.2703284025192261,-0.028455611318349838,Love you
0.7905457019805908,0.5614114999771118,-4.435340201780491e-07,0.7270926237106323,0.5796156525611877,-0.017119718715548515,0.6639735698699951,0.5678221583366394,-0.026160400360822678,0.6199381351470947,0.539311408996582,-0.03742973878979683,0.584892749786377,0.5170454978942871,-0.044639088213443756,0.6769892573356628,0.46612778306007385,0.001656595035456121,0.6616091132164001,0.4265473783016205,-0.025617387145757675,0.683745265007019,0.46394506096839905,-0.041508227586746216,0.7041682600975037,0.5001114010810852,-0.04550069198012352,0.7051517963409424,0.4380951225757599,0.0005134211969561875,0.6907570362091064,0.40637141466140747,-0.034250408411026,0.7130036950111389,0.4590733051300049,-0.04878467321395874,0.7310445308685303,0.5004482865333557,-0.049205515533685684,0.7320305705070496,0.4156606197357178,-0.005519099533557892,0.7194142937660217,0.3849150538444519,-0.03890462964773178,0.7351278066635132,0.4394496977329254,-0.042192548513412476,0.7475566267967224,0.481912225484848,-0.03251684084534645,0.7585651874542236,0.3982830345630646,-0.012607918120920658,0.7407742738723755,0.3370979428291321,-0.029332347214221954,0.725430965423584,0.3003994822502136,-0.031772952526807785,0.7074334621429443,0.2674925625324249,-0.027875596657395363,Love you
0.7906015515327454,0.5620482563972473,-4.4648177777162346e-07,0.7266269326210022,0.5795290470123291,-0.016483662649989128,0.6635317206382751,0.5678820013999939,-0.025392480194568634,0.6198292374610901,0.5394330024719238,-0.03663661703467369,0.5849778056144714,0.5169140696525574,-0.04384675994515419,0.6764556765556335,0.46664243936538696,0.001710748765617609,0.6614382266998291,0.42577531933784485,-0.0253447275608778,0.6835604906082153,0.4634498357772827,-0.040885571390390396,0.7037978172302246,0.5001198649406433,-0.04463384300470352,0.7049105167388916,0.439430832862854,0.0002577027480583638,0.6905423402786255,0.4061931371688843,-0.0343179926276207,0.7129603028297424,0.4595443308353424,-0.04851379245519638,0.7310026288032532,0.5019716620445251,-0.04872090369462967,0.7319491505622864,0.41723883152008057,-0.006019293796271086,0.7192647457122803,0.3851258456707001,-0.03927350416779518,0.7350477576255798,0.44013944268226624,-0.0423600934445858,0.7475596070289612,0.483344703912735,-0.032577671110630035,0.758628249168396,0.40003904700279236,-0.013300005346536636,0.741154670715332,0.3378940224647522,-0.03004269301891327,0.7260119915008545,0.300706684589386,-0.032543011009693146,0.7081306576728821,0.26748573780059814,-0.02874244563281536,Love you
0.7911330461502075,0.563506007194519,-4.4835820744992816e-07,0.7271736264228821,0.5797650218009949,-0.01662977784872055,0.6634901165962219,0.5674618482589722,-0.025866717100143433,0.6190921068191528,0.5389817953109741,-0.0372413694858551,0.5841330289840698,0.5159507989883423,-0.04447062686085701,0.6777430772781372,0.4667564630508423,-8.693600830156356e-05,0.660747766494751,0.4251519441604614,-0.026892252266407013,0.6823421716690063,0.4632214307785034,-0.041919395327568054,0.7024251818656921,0.49910208582878113,-0.04556821286678314,0.7057524919509888,0.43997639417648315,-0.0014170983340591192,0.6903836727142334,0.4060588479042053,-0.0353243313729763,0.7128750681877136,0.45864981412887573,-0.048534005880355835,0.7310375571250916,0.49903789162635803,-0.04847635701298714,0.7326024174690247,0.4182668626308441,-0.007464118301868439,0.719269335269928,0.3850940763950348,-0.03993400186300278,0.7355098724365234,0.43947964906692505,-0.04190509766340256,0.7484976053237915,0.48159316182136536,-0.0318719707429409,0.7590481638908386,0.4012320339679718,-0.01458029542118311,0.7411260604858398,0.3393748998641968,-0.031040526926517487,0.7256401777267456,0.30208349227905273,-0.03313674405217171,0.7077398896217346,0.2682972550392151,-0.029305623844265938,Love you
0.7906494140625,0.5622677803039551,-4.474840977763961e-07,0.7272418141365051,0.5793819427490234,-0.01730862259864807,0.663470983505249,0.5675336122512817,-0.02665868028998375,0.6189137697219849,0.5389187335968018,-0.03807946294546127,0.584043025970459,0.5156792998313904,-0.04537934437394142,0.6773054599761963,0.46710875630378723,-0.0002255696599604562,0.6610032916069031,0.4253954291343689,-0.027174467220902443,0.682711124420166,0.46297144889831543,-0.042358171194791794,0.7024790644645691,0.4985693097114563,-0.046028539538383484,0.7055687308311462,0.43962371349334717,-0.0012002428993582726,0.6909518837928772,0.40592116117477417,-0.03538636490702629,0.7133986353874207,0.4583926498889923,-0.04892134293913841,0.7310815453529358,0.49877750873565674,-0.048910848796367645,0.7324814200401306,0.4174448847770691,-0.006942517589777708,0.7197103500366211,0.3842375576496124,-0.03988846391439438,0.736096203327179,0.438548743724823,-0.042206086218357086,0.7487917542457581,0.48071151971817017,-0.03212582692503929,0.7590131163597107,0.40013587474823,-0.013756225816905499,0.7407447099685669,0.3390788733959198,-0.030288467183709145,0.7255644202232361,0.3021094799041748,-0.032316092401742935,0.708054780960083,0.26851069927215576,-0.028271635994315147,Love you
0.7902958393096924,0.5631793737411499,-4.526874874954956e-07,0.7273591756820679,0.580523669719696,-0.0173803698271513,0.6634788513183594,0.5673499703407288,-0.026510773226618767,0.6188232898712158,0.5373804569244385,-0.03769052028656006,0.583957314491272,0.5136944651603699,-0.04468425363302231,0.6764532923698425,0.467426598072052,0.0004524367395788431,0.6605985164642334,0.42596760392189026,-0.02668321505188942,0.6826485395431519,0.46459102630615234,-0.04204868525266647,0.7025246024131775,0.5008774995803833,-0.045773979276418686,0.7048136591911316,0.4398046135902405,-0.0005124356248416007,0.6895809769630432,0.4059418737888336,-0.03466928377747536,0.7118802070617676,0.4581659734249115,-0.04823237285017967,0.7298215627670288,0.49901822209358215,-0.048230864107608795,0.7319728136062622,0.4176247715950012,-0.006334912497550249,0.7184855937957764,0.38428816199302673,-0.03917985409498215,0.7349143028259277,0.43846675753593445,-0.04146598279476166,0.7478177547454834,0.48093798756599426,-0.031378500163555145,0.7588228583335876,0.400261789560318,-0.013267507776618004,0.7407195568084717,0.339053750038147,-0.02982775680720806,0.7252786159515381,0.30202823877334595,-0.03201238438487053,0.7073363661766052,0.2686885595321655,-0.02810286357998848,Love you
0.790534496307373,0.5637560486793518,-4.5382026314655377e-07,0.7277198433876038,0.5807086825370789,-0.01757671870291233,0.663688600063324,0.5671239495277405,-0.0267652478069067,0.6188802719116211,0.5371479988098145,-0.03794984146952629,0.5839133262634277,0.5138270258903503,-0.04488178715109825,0.6768072843551636,0.4675394296646118,0.00016801769379526377,0.6605720520019531,0.4254230260848999,-0.026899300515651703,0.6827498078346252,0.4645538330078125,-0.04209192842245102,0.7026033401489258,0.5009024143218994,-0.045727651566267014,0.7051698565483093,0.4400784373283386,-0.0006929967203177512,0.6900256872177124,0.4063531458377838,-0.03493564575910568,0.7123833298683167,0.45910754799842834,-0.04842911288142204,0.7301095128059387,0.4997670650482178,-0.04835439845919609,0.7323549389839172,0.41798263788223267,-0.006409809459000826,0.7187329530715942,0.3839786946773529,-0.039281174540519714,0.7350770831108093,0.4385501444339752,-0.04139918088912964,0.7478452920913696,0.48119956254959106,-0.03119388222694397,0.7591505646705627,0.40066996216773987,-0.013248967938125134,0.7408835291862488,0.339505136013031,-0.0298813134431839,0.7252715826034546,0.30234670639038086,-0.03206905350089073,0.7072511911392212,0.2686903476715088,-0.02813459001481533,Love you
0.7905243635177612,0.5627259612083435,-4.483643465391651e-07,0.7281192541122437,0.5795904994010925,-0.017063094303011894,0.6646156311035156,0.5652573704719543,-0.026325944811105728,0.6203179359436035,0.5354707837104797,-0.03759585693478584,0.5852779150009155,0.511548638343811,-0.04466542229056358,0.6765299439430237,0.4651135504245758,-0.0004694093076977879,0.6599992513656616,0.42307016253471375,-0.027342021465301514,0.6818387508392334,0.4613374173641205,-0.042370762676000595,0.7020187973976135,0.49779632687568665,-0.04591134190559387,0.7044084072113037,0.43770870566368103,-0.0014792559668421745,0.6890043616294861,0.40473687648773193,-0.03504634276032448,0.7112668752670288,0.45673587918281555,-0.04826296120882034,0.7293331027030945,0.4966107904911041,-0.04818641021847725,0.7316005825996399,0.41569238901138306,-0.007216364610940218,0.718675971031189,0.3841943144798279,-0.039659496396780014,0.7348766922950745,0.43884217739105225,-0.041864778846502304,0.7475839853286743,0.4809210002422333,-0.03190997242927551,0.758716344833374,0.39832770824432373,-0.014000083319842815,0.7403357028961182,0.3375827372074127,-0.030428767204284668,0.7249659299850464,0.30089762806892395,-0.032448723912239075,0.7073172330856323,0.26776736974716187,-0.028452418744564056,Love you
0.7911155223846436,0.5615679621696472,-4.4654572661784186e-07,0.7281418442726135,0.579024076461792,-0.018022891134023666,0.6647275686264038,0.5645386576652527,-0.027234716340899467,0.6199415922164917,0.5335872769355774,-0.03844428062438965,0.5846325755119324,0.5096564292907715,-0.04538147523999214,0.6763803958892822,0.4657647907733917,0.0008432746981270611,0.6608522534370422,0.4234996438026428,-0.026226798072457314,0.6837446689605713,0.46132993698120117,-0.04157469794154167,0.703816294670105,0.4974454939365387,-0.04527957737445831,0.7046359777450562,0.4380619525909424,0.00027047895127907395,0.6905924081802368,0.40382492542266846,-0.03409311920404434,0.7137870192527771,0.45630133152008057,-0.047916896641254425,0.7315599918365479,0.4974810481071472,-0.047882337123155594,0.7317370176315308,0.41582903265953064,-0.005262182559818029,0.7194186449050903,0.3821536600589752,-0.03849635273218155,0.7359538078308105,0.43591707944869995,-0.04130125045776367,0.7483696937561035,0.4783434569835663,-0.03134263679385185,0.7585586309432983,0.3982946276664734,-0.011904885061085224,0.7409748435020447,0.33741340041160583,-0.028677936643362045,0.725975751876831,0.30053475499153137,-0.031144576147198677,0.708335280418396,0.26738500595092773,-0.027295123785734177,Love you
0.7896599769592285,0.5622335076332092,-4.470230692277255e-07,0.7269662022590637,0.578517496585846,-0.017532411962747574,0.6630232334136963,0.562213659286499,-0.02668328583240509,0.6187267899513245,0.532263994216919,-0.037644583731889725,0.583057165145874,0.51054447889328,-0.044170815497636795,0.6752578020095825,0.46310144662857056,-0.00019765562319662422,0.6588326692581177,0.42169255018234253,-0.02705826610326767,0.6810039281845093,0.4631311595439911,-0.04180598258972168,0.7011973261833191,0.5005618333816528,-0.04522032290697098,0.703392744064331,0.4360761046409607,-0.0011023121187463403,0.6876304745674133,0.4032476246356964,-0.03499883785843849,0.7106032371520996,0.4565852880477905,-0.04789818823337555,0.7294784784317017,0.4966791272163391,-0.04745429381728172,0.7307102084159851,0.41513824462890625,-0.006910642609000206,0.7178685665130615,0.38403159379959106,-0.03924982622265816,0.7333769798278809,0.43815451860427856,-0.04133567959070206,0.745595395565033,0.47992250323295593,-0.03141020983457565,0.7575175762176514,0.3987295627593994,-0.013858101330697536,0.73993319272995,0.33729344606399536,-0.030590364709496498,0.7248647212982178,0.30008387565612793,-0.033199720084667206,0.7071069478988647,0.2665310204029083,-0.029737863689661026,Love you
0.7891157269477844,0.5613816380500793,-4.488456397666596e-07,0.7262264490127563,0.5777944922447205,-0.01757514476776123,0.6624312996864319,0.5626119375228882,-0.026602137833833694,0.6183870434761047,0.5325230360031128,-0.03764105960726738,0.5834879279136658,0.509556233882904,-0.04441187530755997,0.6753595471382141,0.46365946531295776,0.0009867536136880517,0.6598218083381653,0.4229946434497833,-0.02626127004623413,0.6817687749862671,0.46296626329421997,-0.04156085103750229,0.7019819617271423,0.5000433921813965,-0.04508509114384651,0.7036386728286743,0.43636107444763184,0.00010943700181087479,0.6884089708328247,0.4030263125896454,-0.03451629355549812,0.7112782001495361,0.4560174345970154,-0.04812491685152054,0.7301713824272156,0.49702370166778564,-0.047752294689416885,0.7307904958724976,0.41483840346336365,-0.005750833544880152,0.7178649306297302,0.3824167847633362,-0.03875625878572464,0.733770489692688,0.4368518590927124,-0.041347432881593704,0.7464630603790283,0.4794951379299164,-0.031239736825227737,0.7573949098587036,0.3979843854904175,-0.012744195759296417,0.7396408915519714,0.3369929790496826,-0.02932385355234146,0.7246236801147461,0.29994285106658936,-0.03179071098566055,0.7071636319160461,0.2667276859283447,-0.027981016784906387,Love you
0.7892566919326782,0.5632612705230713,-4.417447030391486e-07,0.7260922193527222,0.5781686305999756,-0.01772168092429638,0.6621367335319519,0.5628345012664795,-0.026985403150320053,0.6178388595581055,0.5327523946762085,-0.03807655721902847,0.5825446248054504,0.5105557441711426,-0.044833000749349594,0.6741154193878174,0.4642057716846466,-0.0002575649705249816,0.6593406200408936,0.4232389032840729,-0.027413375675678253,0.6819579601287842,0.46253064274787903,-0.042412735521793365,0.701728880405426,0.4987717270851135,-0.045854177325963974,0.7028542757034302,0.4370550215244293,-0.0010278612608090043,0.6883257627487183,0.4031307101249695,-0.03537885099649429,0.711774468421936,0.45619115233421326,-0.04854872450232506,0.7298305034637451,0.49678289890289307,-0.04806489869952202,0.730511486530304,0.4157261252403259,-0.006684166379272938,0.7179561257362366,0.3833308815956116,-0.03966470807790756,0.7344552278518677,0.43745991587638855,-0.041880905628204346,0.7470394968986511,0.47942349314689636,-0.031638287007808685,0.7573169469833374,0.3992936909198761,-0.013426986522972584,0.7392895817756653,0.3377816379070282,-0.030168676748871803,0.7242072820663452,0.30008798837661743,-0.03257513418793678,0.7067663073539734,0.26583433151245117,-0.02876465395092964,Love you
0.7894546985626221,0.5624638199806213,-4.3801023252854066e-07,0.7260749340057373,0.5780791640281677,-0.01789253205060959,0.6623244285583496,0.5631923675537109,-0.027345536276698112,0.6179358959197998,0.5330954790115356,-0.038607653230428696,0.5825685858726501,0.5109703540802002,-0.04556288197636604,0.6744957566261292,0.4645839035511017,-0.0006112325354479253,0.6595349907875061,0.42306673526763916,-0.027692697942256927,0.6822599768638611,0.4617326259613037,-0.042856451123952866,0.7017310857772827,0.4978596270084381,-0.04650510847568512,0.7032250165939331,0.4371635615825653,-0.0013548919232562184,0.6890091896057129,0.40340662002563477,-0.035573560744524,0.7120531797409058,0.4558854103088379,-0.049093715846538544,0.7293142080307007,0.49620354175567627,-0.049027830362319946,0.7308200001716614,0.41562822461128235,-0.00692418497055769,0.7184551954269409,0.3824400007724762,-0.03973989933729172,0.7347407937049866,0.4360116720199585,-0.04207615181803703,0.7468166947364807,0.47787773609161377,-0.03207831829786301,0.757625162601471,0.399069219827652,-0.01359519362449646,0.7391760945320129,0.33804750442504883,-0.030153121799230576,0.7241731286048889,0.3001644015312195,-0.032426636666059494,0.7070428729057312,0.26548653841018677,-0.028592947870492935,Love you
0.7882468700408936,0.5602592825889587,-4.378590006126615e-07,0.724965512752533,0.5779242515563965,-0.01849043369293213,0.6616701483726501,0.5627930164337158,-0.02799193002283573,0.6173604726791382,0.5322820544242859,-0.039309997111558914,0.5818142890930176,0.5100346207618713,-0.046330515295267105,0.6733824610710144,0.4642915725708008,-0.000520631845574826,0.658262312412262,0.421678751707077,-0.02821287326514721,0.6806671619415283,0.46140918135643005,-0.04357999190688133,0.7002668976783752,0.49821674823760986,-0.04713810235261917,0.7020767331123352,0.4370287358760834,-0.0010684229200705886,0.6874710917472839,0.40318137407302856,-0.035778652876615524,0.7099548578262329,0.456621915102005,-0.049473073333501816,0.727490246295929,0.4968564510345459,-0.04936517775058746,0.7295705080032349,0.41535359621047974,-0.006603195331990719,0.7173663377761841,0.381836861371994,-0.040222153067588806,0.7333589196205139,0.43745020031929016,-0.0426613911986351,0.7452782392501831,0.4802938401699066,-0.03239260986447334,0.7566853761672974,0.398358553647995,-0.013277911581099033,0.7382901310920715,0.3375304937362671,-0.030363216996192932,0.7233423590660095,0.3001496195793152,-0.03271986544132233,0.7058113217353821,0.265505850315094,-0.02874506078660488,Love you
0.787455141544342,0.5589727163314819,-4.446898742571648e-07,0.72501140832901,0.5776127576828003,-0.018524818122386932,0.6618549227714539,0.562575101852417,-0.02797737903892994,0.6173940300941467,0.5320407748222351,-0.03930817171931267,0.5819993615150452,0.5094156861305237,-0.046442579478025436,0.6731582880020142,0.4638099670410156,-0.0003244714462198317,0.6586037278175354,0.4220484495162964,-0.028271950781345367,0.681088924407959,0.46117639541625977,-0.043847620487213135,0.701076865196228,0.49782392382621765,-0.04745028540492058,0.7016812562942505,0.43655550479888916,-0.0008771445718593895,0.6876481771469116,0.40257784724235535,-0.0361616313457489,0.7104330062866211,0.456409752368927,-0.050174713134765625,0.7286004424095154,0.49765744805336,-0.050016239285469055,0.7289502024650574,0.41481438279151917,-0.006436674389988184,0.7174007892608643,0.38175296783447266,-0.04069182649254799,0.7334704399108887,0.43822160363197327,-0.04360770434141159,0.7454431056976318,0.4819003939628601,-0.033367618918418884,0.7558649182319641,0.39776259660720825,-0.013087894767522812,0.7381696701049805,0.33675485849380493,-0.03050466813147068,0.7231437563896179,0.2997925579547882,-0.033084649592638016,0.7053064107894897,0.26598507165908813,-0.029139338061213493,Love you
0.7863536477088928,0.5574960708618164,-4.489644709337881e-07,0.7240713238716125,0.5760789513587952,-0.018153319135308266,0.661411464214325,0.5619198083877563,-0.027695029973983765,0.6176375150680542,0.5321937799453735,-0.039133086800575256,0.5824314951896667,0.509246289730072,-0.04635798931121826,0.6731536388397217,0.46257033944129944,-0.0012184601509943604,0.6586394309997559,0.4216388463973999,-0.028706956654787064,0.6805210709571838,0.4603201150894165,-0.04392309486865997,0.7001635432243347,0.4972383975982666,-0.04734916612505913,0.7015938758850098,0.4354200065135956,-0.0019587192218750715,0.6882091164588928,0.40231236815452576,-0.0365263968706131,0.7112062573432922,0.4551842212677002,-0.049981504678726196,0.7291643023490906,0.4963650703430176,-0.04956290125846863,0.7288862466812134,0.4137163758277893,-0.0075386203825473785,0.7176423072814941,0.3818841874599457,-0.04117654263973236,0.7348788380622864,0.4365413188934326,-0.043663520365953445,0.7475541830062866,0.47877225279808044,-0.033287305384874344,0.7558965682983398,0.3968222439289093,-0.014196895062923431,0.7382991909980774,0.3358924388885498,-0.031443048268556595,0.7234545350074768,0.298788458108902,-0.033776503056287766,0.7058964371681213,0.2651439309120178,-0.02963884361088276,Love you
0.7865960597991943,0.5582591891288757,-4.5265511516845436e-07,0.724029541015625,0.5760131478309631,-0.018010927364230156,0.6612680554389954,0.5617436766624451,-0.027636772021651268,0.6174649000167847,0.5320631861686707,-0.03914691507816315,0.5823395252227783,0.5091539025306702,-0.04641886427998543,0.6736090183258057,0.46231889724731445,-0.0015804202994331717,0.6584523320198059,0.42156851291656494,-0.029026828706264496,0.6799222826957703,0.46062323451042175,-0.04405580833554268,0.6993284821510315,0.4974588453769684,-0.04737507179379463,0.701982855796814,0.43549150228500366,-0.0023877774365246296,0.6882153749465942,0.402213990688324,-0.03701821342110634,0.7110013961791992,0.4553952217102051,-0.05035322159528732,0.7288629412651062,0.4968737065792084,-0.04985959082841873,0.7292234897613525,0.41392841935157776,-0.007982305251061916,0.7175191640853882,0.3820086419582367,-0.04152126610279083,0.7345103621482849,0.4368731379508972,-0.04390563443303108,0.7471488118171692,0.47925859689712524,-0.03352098539471626,0.7561083436012268,0.3971562087535858,-0.01465168222784996,0.7385499477386475,0.33589762449264526,-0.0318765714764595,0.7236409187316895,0.2987326979637146,-0.0342884361743927,0.7059878706932068,0.26509782671928406,-0.03024822287261486,Love you
0.7873117327690125,0.5603413581848145,-4.4455663328335504e-07,0.7242531776428223,0.5768553018569946,-0.017280632629990578,0.6608994603157043,0.5618168115615845,-0.026335734874010086,0.6166915893554688,0.5325007438659668,-0.03740514814853668,0.5815722942352295,0.5103762149810791,-0.044408924877643585,0.6724347472190857,0.46278634667396545,0.00013064428640063852,0.6585579514503479,0.42088502645492554,-0.02717127650976181,0.6809391379356384,0.4589846730232239,-0.042511604726314545,0.7008180618286133,0.49551743268966675,-0.046119432896375656,0.7012462019920349,0.4358394145965576,-0.0008946131565608084,0.6882866024971008,0.4015240967273712,-0.03577118366956711,0.7109341025352478,0.4556085169315338,-0.04964977130293846,0.7286606431007385,0.4977920651435852,-0.04943149536848068,0.728840708732605,0.4143449366092682,-0.006745797116309404,0.7178453207015991,0.3813958168029785,-0.04037785902619362,0.7331508994102478,0.43648871779441833,-0.043442998081445694,0.7446988224983215,0.4795357286930084,-0.033501848578453064,0.7558099627494812,0.397835373878479,-0.013571308925747871,0.7386140823364258,0.33615243434906006,-0.030620064586400986,0.7236901521682739,0.2988297641277313,-0.03319769352674484,0.7061581611633301,0.2649053931236267,-0.02935570850968361,Love you
0.7875402569770813,0.5606496930122375,-4.390089145545062e-07,0.7244777083396912,0.5770561099052429,-0.01721285469830036,0.6612222790718079,0.5626686811447144,-0.026336494833230972,0.6170030236244202,0.5332013368606567,-0.03749634698033333,0.5820666551589966,0.5096445679664612,-0.04455415904521942,0.6726270914077759,0.4632456600666046,0.0005550956702791154,0.6584417819976807,0.4210968017578125,-0.02663273923099041,0.6808274984359741,0.45880597829818726,-0.042142391204833984,0.700954020023346,0.49559152126312256,-0.045904938131570816,0.7013319134712219,0.43617716431617737,-0.0004764580517075956,0.6879406571388245,0.4016893208026886,-0.035086940973997116,0.7104717493057251,0.45524266362190247,-0.04909227043390274,0.7284541130065918,0.49757829308509827,-0.049067892134189606,0.7288799285888672,0.4145238697528839,-0.006342531647533178,0.7173792123794556,0.3812218904495239,-0.039633914828300476,0.7327492833137512,0.4358741044998169,-0.04265274852514267,0.7446796894073486,0.4789758622646332,-0.032810278236866,0.7559797763824463,0.3978695571422577,-0.013213207013905048,0.7386270761489868,0.33636707067489624,-0.029996847733855247,0.7236672639846802,0.29904836416244507,-0.03247930854558945,0.7062419056892395,0.26517388224601746,-0.02864457294344902,Love you
0.7869904637336731,0.5602255463600159,-4.3794656789941655e-07,0.7228043675422668,0.5763474106788635,-0.017067886888980865,0.6598273515701294,0.5628408193588257,-0.026164093986153603,0.6157704591751099,0.5335715413093567,-0.03741137683391571,0.5808107256889343,0.5101600289344788,-0.044465288519859314,0.6737170219421387,0.4639221429824829,0.0021911063231527805,0.6582000255584717,0.4228914976119995,-0.02482847310602665,0.680142343044281,0.46170157194137573,-0.04044565185904503,0.700300395488739,0.49845901131629944,-0.044349487870931625,0.701823890209198,0.43676355481147766,0.0010827397927641869,0.6865575313568115,0.40294164419174194,-0.03345341980457306,0.7092830538749695,0.45578309893608093,-0.047641027718782425,0.7281822562217712,0.496708482503891,-0.047819796949625015,0.7287724018096924,0.41491788625717163,-0.004954942502081394,0.7159281373023987,0.38179218769073486,-0.03789380192756653,0.7312935590744019,0.4365721344947815,-0.04060780256986618,0.7438501715660095,0.4795610010623932,-0.030633293092250824,0.7553223967552185,0.3977892994880676,-0.012094274163246155,0.7374718189239502,0.3368437886238098,-0.028608128428459167,0.7222005128860474,0.29940780997276306,-0.03097459301352501,0.7047759294509888,0.2656116485595703,-0.02713884226977825,Love you
0.7876780033111572,0.5612819790840149,-4.2942406253132503e-07,0.7233496308326721,0.5771119594573975,-0.017394812777638435,0.6604411602020264,0.5634371042251587,-0.026648089289665222,0.6161567568778992,0.53358393907547,-0.038054339587688446,0.5810163021087646,0.5100556015968323,-0.04525601863861084,0.6740506887435913,0.46470531821250916,0.0022221372928470373,0.6582337617874146,0.42305028438568115,-0.024895116686820984,0.6805630326271057,0.46108078956604004,-0.040807317942380905,0.700789749622345,0.49729806184768677,-0.04496164247393608,0.7022149562835693,0.4370989501476288,0.0012213201262056828,0.686989426612854,0.40333205461502075,-0.03337674215435982,0.7094041705131531,0.4553864896297455,-0.04793984070420265,0.7278721928596497,0.4957154393196106,-0.048485077917575836,0.7291539907455444,0.4150189459323883,-0.004743215162307024,0.7161719799041748,0.38093313574790955,-0.03771590068936348,0.7311127185821533,0.4353055953979492,-0.04060354828834534,0.7434129118919373,0.47827064990997314,-0.030819064006209373,0.7556811571121216,0.39785608649253845,-0.011851613409817219,0.7375093102455139,0.33712291717529297,-0.028291622176766396,0.7219182252883911,0.2996937036514282,-0.030634237453341484,0.7045329213142395,0.2657870650291443,-0.026798244565725327,Love you
0.7880461812019348,0.5617058277130127,-4.2717047676887887e-07,0.7240314483642578,0.5772605538368225,-0.01741628721356392,0.6610642671585083,0.5641574859619141,-0.02685038559138775,0.6170390844345093,0.5339002013206482,-0.038428667932748795,0.5818310379981995,0.5086207389831543,-0.04563765972852707,0.6727449893951416,0.4648462235927582,0.002089648973196745,0.657226026058197,0.42323067784309387,-0.025281470268964767,0.6794217824935913,0.4613725244998932,-0.041325006633996964,0.6998624801635742,0.4982265532016754,-0.045476220548152924,0.7009084820747375,0.43723833560943604,0.0010036904131993651,0.6862510442733765,0.40388286113739014,-0.03351139649748802,0.7089077830314636,0.4554199278354645,-0.04803946986794472,0.7277517914772034,0.49637556076049805,-0.04859021306037903,0.7279408574104309,0.4149479866027832,-0.00513593340292573,0.7152356505393982,0.38202446699142456,-0.03795921057462692,0.7303769588470459,0.4352499842643738,-0.041154149919748306,0.7429500222206116,0.4779530465602875,-0.031702592968940735,0.7546913027763367,0.39736542105674744,-0.012441947124898434,0.7368743419647217,0.3362380862236023,-0.028993401676416397,0.7218680381774902,0.2987666726112366,-0.03170783445239067,0.7048361897468567,0.2655438482761383,-0.028169093653559685,Love you
0.7873004078865051,0.5608890056610107,-4.3032437702095194e-07,0.7238166332244873,0.5771834254264832,-0.017988620325922966,0.6609274744987488,0.5635491609573364,-0.027637863531708717,0.6169315576553345,0.5331355333328247,-0.03922561928629875,0.581591010093689,0.508021354675293,-0.04639328271150589,0.6723420023918152,0.4644918441772461,0.0007149309385567904,0.6570624709129333,0.42254751920700073,-0.02684948593378067,0.679244339466095,0.461425244808197,-0.0426715649664402,0.6993975639343262,0.4985123574733734,-0.04666794463992119,0.7005375027656555,0.4370916485786438,-0.00011888224253198132,0.6861038208007812,0.40352243185043335,-0.0347769670188427,0.7087972164154053,0.45570486783981323,-0.04902522265911102,0.7274152636528015,0.4966507852077484,-0.0494023822247982,0.7276430726051331,0.41513118147850037,-0.005995532032102346,0.7153130173683167,0.38244062662124634,-0.03918727859854698,0.7304990887641907,0.4364805221557617,-0.04219302907586098,0.7426999807357788,0.4793805181980133,-0.032564934343099594,0.7544302940368652,0.39777904748916626,-0.013035760261118412,0.7367020845413208,0.3364298939704895,-0.030021563172340393,0.7217934131622314,0.2990014851093292,-0.03279558941721916,0.7046273946762085,0.26574093103408813,-0.0292490366846323,Love you
0.7852624654769897,0.5589005947113037,-4.4905416984875046e-07,0.7226883769035339,0.5768426656723022,-0.018193697556853294,0.6601637601852417,0.5624692440032959,-0.027536943554878235,0.6158514618873596,0.5320277214050293,-0.03881513327360153,0.580074667930603,0.5093076825141907,-0.04588669538497925,0.6721595525741577,0.46412691473960876,-6.0820759244961664e-05,0.6580226421356201,0.42271512746810913,-0.02736143209040165,0.6803659200668335,0.46176788210868835,-0.04258900135755539,0.7002198696136475,0.4986114203929901,-0.04605035111308098,0.7004745602607727,0.4365885853767395,-0.0005381857044994831,0.6877557635307312,0.40289437770843506,-0.03510350361466408,0.7106010913848877,0.4560072124004364,-0.048900216817855835,0.7282429337501526,0.4974135458469391,-0.0487828254699707,0.7274006009101868,0.41456636786460876,-0.005936916451901197,0.7170599102973938,0.3826802968978882,-0.039917923510074615,0.7336158752441406,0.4373948574066162,-0.043191250413656235,0.7457757592201233,0.47986429929733276,-0.033287402242422104,0.7539363503456116,0.39724674820899963,-0.012337536551058292,0.7372203469276428,0.335756778717041,-0.029776768758893013,0.722505509853363,0.2988699674606323,-0.03258420154452324,0.7049187421798706,0.2659229636192322,-0.028830448165535927,Love you
0.7852329015731812,0.5589537620544434,-4.493985841236281e-07,0.7221989035606384,0.5765475034713745,-0.01818213239312172,0.6596629023551941,0.5625911951065063,-0.027642831206321716,0.6154499053955078,0.5325939655303955,-0.039076067507267,0.580062747001648,0.5094237327575684,-0.04624946787953377,0.6717983484268188,0.4634246230125427,-0.00011495516082504764,0.6577318906784058,0.42188647389411926,-0.027666205540299416,0.6801102757453918,0.4612284004688263,-0.042895495891571045,0.6999979615211487,0.4982282519340515,-0.04625207185745239,0.7002981305122375,0.4363993704319,-0.0006175652961246669,0.687635064125061,0.40246617794036865,-0.035590771585702896,0.7107008695602417,0.45619139075279236,-0.049261853098869324,0.72837233543396,0.4980124533176422,-0.04889891669154167,0.7273380160331726,0.4146999716758728,-0.00610498059540987,0.7167536616325378,0.3825734257698059,-0.04049152508378029,0.7333876490592957,0.4377354681491852,-0.04377236217260361,0.7456445097923279,0.4804823100566864,-0.03367137908935547,0.7538949251174927,0.39765164256095886,-0.012586615048348904,0.7375107407569885,0.3355671167373657,-0.030205685645341873,0.722906768321991,0.298672080039978,-0.03313647210597992,0.7053097486495972,0.26584333181381226,-0.02937588281929493,Love you
0.7849873900413513,0.5757954716682434,-4.1842997688945616e-07,0.7221451997756958,0.550796627998352,-0.018250251188874245,0.6731692552566528,0.4947960674762726,-0.027454378083348274,0.644072413444519,0.4366711378097534,-0.03797856718301773,0.6182659864425659,0.39578932523727417,-0.044086746871471405,0.7157662510871887,0.42052215337753296,-0.002892374061048031,0.7226086258888245,0.36927875876426697,-0.02848832495510578,0.7262637615203857,0.41669878363609314,-0.04206106439232826,0.7271044254302979,0.4595210552215576,-0.04584934189915657,0.7508338093757629,0.4146113693714142,-0.0033338323701173067,0.7536529302597046,0.37333589792251587,-0.03537103906273842,0.7539739012718201,0.4350436329841614,-0.0468996986746788,0.7535292506217957,0.48126861453056335,-0.04688136652112007,0.7826991677284241,0.4130772054195404,-0.008428843691945076,0.7841212153434753,0.37431564927101135,-0.039456915110349655,0.7787113189697266,0.4320410192012787,-0.04001699760556221,0.7737306356430054,0.4759054183959961,-0.0303267240524292,0.8126356601715088,0.41630345582962036,-0.014747736975550652,0.823638916015625,0.35348355770111084,-0.03157220035791397,0.8269455432891846,0.3133910596370697,-0.03407653048634529,0.8251464366912842,0.2724495530128479,-0.031154707074165344,Love you
0.7926896810531616,0.5767626762390137,-4.174124796918477e-07,0.7324600219726562,0.5518561601638794,-0.018198540434241295,0.6816551089286804,0.49723538756370544,-0.02734105847775936,0.6520836353302002,0.4406493902206421,-0.037760987877845764,0.6287752985954285,0.39716050028800964,-0.043746769428253174,0.7258262634277344,0.4199230670928955,-0.0036341482773423195,0.732236921787262,0.3701171576976776,-0.02900461107492447,0.7360725998878479,0.4174771308898926,-0.042662475258111954,0.7372319102287292,0.4612866938114166,-0.04631997272372246,0.7603598833084106,0.4144318699836731,-0.0038306275382637978,0.7637407779693604,0.37251952290534973,-0.03527769446372986,0.7640067338943481,0.43158069252967834,-0.04682106897234917,0.7635421752929688,0.4776720106601715,-0.046886760741472244,0.7917311191558838,0.41324615478515625,-0.008573422208428383,0.7953327894210815,0.37649139761924744,-0.039207573980093,0.790077805519104,0.4331064522266388,-0.04010508954524994,0.7850707173347473,0.47668153047561646,-0.030622337013483047,0.8212574124336243,0.4166519343852997,-0.01450328528881073,0.8324083089828491,0.35430192947387695,-0.031078550964593887,0.8360148668289185,0.3140581250190735,-0.033442843705415726,0.8349167108535767,0.2734804153442383,-0.030374467372894287,Love you
0.7927082777023315,0.5772263407707214,-4.107449171897315e-07,0.732324481010437,0.5525162220001221,-0.018676524981856346,0.6815551519393921,0.49738118052482605,-0.028081562370061874,0.6517894864082336,0.4403735399246216,-0.038706645369529724,0.6275538206100464,0.39768877625465393,-0.044902950525283813,0.7256474494934082,0.4202567934989929,-0.0037742892745882273,0.7323275804519653,0.37008896470069885,-0.02933022752404213,0.7363327741622925,0.4171515703201294,-0.04312411695718765,0.7375012040138245,0.4608376622200012,-0.04686044901609421,0.760125994682312,0.4146108627319336,-0.0038548007141798735,0.7638349533081055,0.3724302053451538,-0.03543534129858017,0.764151394367218,0.4313760995864868,-0.047188520431518555,0.7635877728462219,0.47735026478767395,-0.04734998568892479,0.791502833366394,0.4133458733558655,-0.00853810552507639,0.7954379320144653,0.3766382932662964,-0.03930474817752838,0.7901993989944458,0.4332119822502136,-0.040338411927223206,0.785088300704956,0.47669515013694763,-0.030896466225385666,0.8211126923561096,0.4166741669178009,-0.014442354440689087,0.8321782946586609,0.3543471097946167,-0.031038619577884674,0.835830807685852,0.3141055703163147,-0.03338838741183281,0.8348103761672974,0.2735671401023865,-0.030287178233265877,Love you
0.7946304678916931,0.5766656994819641,-4.054321891544532e-07,0.7340055108070374,0.5525474548339844,-0.019742125645279884,0.6828839182853699,0.5001085996627808,-0.029584435746073723,0.6524847149848938,0.44376203417778015,-0.04038902744650841,0.6300150752067566,0.3990109860897064,-0.04644867405295372,0.7259329557418823,0.42076170444488525,-0.004361349623650312,0.7326023578643799,0.37058112025260925,-0.03010600432753563,0.7363966703414917,0.41872507333755493,-0.04393951594829559,0.7372642755508423,0.46233439445495605,-0.04770480841398239,0.7604714632034302,0.4151388108730316,-0.0037976293824613094,0.7639049291610718,0.3733593821525574,-0.03557834029197693,0.7642685770988464,0.43314027786254883,-0.04696115851402283,0.7641264796257019,0.47807374596595764,-0.04686157777905464,0.7917959690093994,0.41385093331336975,-0.008010991849005222,0.7955011129379272,0.37507012486457825,-0.03900039941072464,0.790189802646637,0.43138477206230164,-0.03950902819633484,0.7853617668151855,0.4743853807449341,-0.029637431725859642,0.8214372992515564,0.41749051213264465,-0.013584206812083721,0.8327139616012573,0.35488060116767883,-0.030471982434391975,0.8365906476974487,0.3147566318511963,-0.03284561634063721,0.8361068964004517,0.27388840913772583,-0.02961454726755619,Love you
0.7947601079940796,0.576659619808197,-4.0807412915455643e-07,0.7340824007987976,0.5518562197685242,-0.018697159364819527,0.6830323338508606,0.49943041801452637,-0.02806955762207508,0.6526166796684265,0.4438934624195099,-0.03861875832080841,0.6299587488174438,0.39971834421157837,-0.04458215460181236,0.7265828251838684,0.42128750681877136,-0.0035957524087280035,0.732435405254364,0.37111860513687134,-0.028944913297891617,0.7357637882232666,0.4183741807937622,-0.04266547039151192,0.7365583777427673,0.461580365896225,-0.04651626572012901,0.7607971429824829,0.4157181978225708,-0.003516614669933915,0.7635960578918457,0.3739231526851654,-0.034945204854011536,0.763931930065155,0.43273624777793884,-0.04643777012825012,0.7640726566314697,0.47756949067115784,-0.0466390997171402,0.7919526696205139,0.4141652286052704,-0.008070756681263447,0.7953341007232666,0.3745690584182739,-0.038585275411605835,0.7901464104652405,0.43048539757728577,-0.039050210267305374,0.7855486273765564,0.47381654381752014,-0.029412103816866875,0.8214277625083923,0.41744837164878845,-0.013927130959928036,0.8326690793037415,0.3547545075416565,-0.030697915703058243,0.8364107608795166,0.31426024436950684,-0.03316648304462433,0.83587646484375,0.27334457635879517,-0.030140891671180725,Love you
0.7954936027526855,0.5779074430465698,-4.001525155672425e-07,0.7349728345870972,0.5529125332832336,-0.018914995715022087,0.6835460662841797,0.5004234910011292,-0.02861061692237854,0.6527391076087952,0.44488513469696045,-0.03941554203629494,0.6291426420211792,0.4015173614025116,-0.04557119309902191,0.7265684008598328,0.4215959906578064,-0.004296505358070135,0.731597363948822,0.3707277476787567,-0.02947400137782097,0.7361320853233337,0.41821929812431335,-0.04306555166840553,0.7378535866737366,0.46183842420578003,-0.04691207781434059,0.761115312576294,0.415561318397522,-0.0042220852337777615,0.763523280620575,0.3733294904232025,-0.03545774146914482,0.7642989158630371,0.4311940670013428,-0.0471494197845459,0.7641311287879944,0.47679731249809265,-0.04762960225343704,0.7924260497093201,0.41390982270240784,-0.008738365024328232,0.7959804534912109,0.37429478764533997,-0.03899034112691879,0.7910341620445251,0.4293311536312103,-0.039925288408994675,0.7862037420272827,0.4727046489715576,-0.03081982024013996,0.8218919038772583,0.41718384623527527,-0.014553945511579514,0.8328568339347839,0.354653000831604,-0.031325388699769974,0.8367021083831787,0.3140907883644104,-0.03419461101293564,0.8361327648162842,0.273698091506958,-0.031578514724969864,Love you
0.7956222891807556,0.57759690284729,-4.0079680729832035e-07,0.7349041700363159,0.5527040958404541,-0.018731649965047836,0.6834697723388672,0.5003770589828491,-0.028352705761790276,0.6526476740837097,0.4449416697025299,-0.03910060599446297,0.6291396617889404,0.4015481472015381,-0.04521721974015236,0.726672351360321,0.42155399918556213,-0.004077258985489607,0.731520414352417,0.37068241834640503,-0.029053645208477974,0.7359331846237183,0.4181559681892395,-0.04255956411361694,0.7376305460929871,0.4617111086845398,-0.04639599844813347,0.7612277865409851,0.4155592918395996,-0.0040581985376775265,0.7634801268577576,0.37330958247184753,-0.035044390708208084,0.764173150062561,0.43094760179519653,-0.04671270772814751,0.7639859318733215,0.4764658808708191,-0.04727090150117874,0.792557954788208,0.41391515731811523,-0.00859627965837717,0.796017050743103,0.3743903636932373,-0.03864670917391777,0.7909900546073914,0.42934852838516235,-0.03956865891814232,0.7861213684082031,0.4727143943309784,-0.030544942244887352,0.8220669031143188,0.4171999394893646,-0.014421183615922928,0.8329229354858398,0.3547300696372986,-0.031126152724027634,0.8366960883140564,0.31409382820129395,-0.03399071469902992,0.8361082673072815,0.27368679642677307,-0.031416572630405426,Love you
0.7945421934127808,0.5772349834442139,-4.0072472984320484e-07,0.7342773675918579,0.552743673324585,-0.019457997754216194,0.6834868788719177,0.5007097125053406,-0.029251419007778168,0.6529892086982727,0.44431209564208984,-0.04013221710920334,0.6300827264785767,0.3990318179130554,-0.046424876898527145,0.7254315614700317,0.4216298460960388,-0.00351106864400208,0.7315160632133484,0.37252727150917053,-0.02913346327841282,0.7363055348396301,0.41891416907310486,-0.04318941757082939,0.7378607988357544,0.4622424840927124,-0.0471031591296196,0.7600686550140381,0.41614532470703125,-0.003071808721870184,0.7628934979438782,0.37429237365722656,-0.03438057750463486,0.7639545202255249,0.4322504997253418,-0.04631003364920616,0.7637535333633423,0.47778886556625366,-0.046788524836301804,0.7917738556861877,0.41457170248031616,-0.00736093707382679,0.7953850626945496,0.3756512701511383,-0.03812563046813011,0.7908405661582947,0.4310247600078583,-0.03919299691915512,0.7861120700836182,0.47427982091903687,-0.029803093522787094,0.8218069672584534,0.4178059995174408,-0.012948882766067982,0.8325808048248291,0.3550634980201721,-0.029801445081830025,0.8359625339508057,0.3147916793823242,-0.03237757086753845,0.8348556756973267,0.27432510256767273,-0.029334193095564842,Love you
0.7947904467582703,0.5767436027526855,-3.959950447551819e-07,0.7344291806221008,0.5529316067695618,-0.019558314234018326,0.6834496259689331,0.5005812644958496,-0.029451169073581696,0.6528507471084595,0.4440746307373047,-0.04035605117678642,0.628763735294342,0.4003024101257324,-0.046673160046339035,0.7248693108558655,0.42172771692276,-0.004190745297819376,0.73158198595047,0.372679740190506,-0.029677575454115868,0.7366300225257874,0.4195328652858734,-0.043590739369392395,0.7381319403648376,0.4626834988594055,-0.04754939675331116,0.7597315311431885,0.41602545976638794,-0.0037606668192893267,0.7630761861801147,0.3740983009338379,-0.034916069358587265,0.7643381357192993,0.43195968866348267,-0.04671693220734596,0.763944685459137,0.4773770868778229,-0.047240473330020905,0.7915576696395874,0.41438430547714233,-0.007999337278306484,0.7953913807868958,0.375530481338501,-0.038537099957466125,0.791215181350708,0.43084266781806946,-0.03948017582297325,0.7865043878555298,0.4739699363708496,-0.030183900147676468,0.8217287063598633,0.4176631569862366,-0.013545344583690166,0.8325780630111694,0.3551165759563446,-0.030320530757308006,0.8360894918441772,0.31484687328338623,-0.03290405869483948,0.83497154712677,0.27440857887268066,-0.029982242733240128,Love you
0.7949644923210144,0.5758082866668701,-4.013999728158524e-07,0.7342306971549988,0.5512020587921143,-0.01927844062447548,0.683745801448822,0.4989704489707947,-0.02921556681394577,0.6531741619110107,0.4427289664745331,-0.040155813097953796,0.6285796761512756,0.39928269386291504,-0.046471722424030304,0.7251251339912415,0.4211328625679016,-0.004339260049164295,0.7312151789665222,0.370836079120636,-0.029600264504551888,0.735744833946228,0.4188849627971649,-0.04342004284262657,0.7372590899467468,0.4624384641647339,-0.047433819621801376,0.7599493861198425,0.4149845838546753,-0.0041820877231657505,0.7627891302108765,0.3727557361125946,-0.03503718599677086,0.7634690999984741,0.4311293065547943,-0.04689619317650795,0.7629874348640442,0.476117342710495,-0.047686751931905746,0.7916608452796936,0.4132278561592102,-0.008630120195448399,0.7952823638916016,0.37372052669525146,-0.0385001003742218,0.7900700569152832,0.42856910824775696,-0.03933500871062279,0.7846413254737854,0.47148317098617554,-0.030337177217006683,0.8214076161384583,0.41622045636177063,-0.014416991733014584,0.8312729597091675,0.352797269821167,-0.030739109963178635,0.8344616889953613,0.31215208768844604,-0.033127561211586,0.8332219123840332,0.27176448702812195,-0.030280614271759987,Love you
0.794426679611206,0.5755164623260498,-3.9333261270257935e-07,0.733224630355835,0.5512111186981201,-0.01912650838494301,0.6828353404998779,0.49864035844802856,-0.02904481627047062,0.6524232625961304,0.442512571811676,-0.04019463062286377,0.6270777583122253,0.40040794014930725,-0.04682685434818268,0.7241457104682922,0.4203818738460541,-0.003978481981903315,0.7298643589019775,0.36957553029060364,-0.02970166504383087,0.7349019646644592,0.4173435568809509,-0.0437646321952343,0.7367324829101562,0.4611915647983551,-0.04788701981306076,0.7589582204818726,0.4139654338359833,-0.004128581378608942,0.7614347338676453,0.37153831124305725,-0.03594065085053444,0.762101411819458,0.43079331517219543,-0.04812595993280411,0.7616903185844421,0.47697749733924866,-0.04884658753871918,0.7905572652816772,0.41211262345314026,-0.008963237516582012,0.7937631011009216,0.373020738363266,-0.03971943259239197,0.7885936498641968,0.42909395694732666,-0.04075825214385986,0.7834060788154602,0.473075807094574,-0.031615812331438065,0.8204953670501709,0.4150674343109131,-0.015143750235438347,0.8309234976768494,0.3516463041305542,-0.03201504051685333,0.8340880870819092,0.31118372082710266,-0.03467555716633797,0.8327581882476807,0.2711535692214966,-0.03192522004246712,Love you
0.7943927049636841,0.575363039970398,-3.9255112938008097e-07,0.7333331108093262,0.5509165525436401,-0.01912165991961956,0.6828341484069824,0.49920719861984253,-0.02896096557378769,0.6524053812026978,0.443276971578598,-0.04002402722835541,0.6278355717658997,0.399889200925827,-0.04655229672789574,0.724162220954895,0.4206746518611908,-0.003406296018511057,0.7299724817276001,0.3703226149082184,-0.02908826246857643,0.7350756525993347,0.4173598885536194,-0.04314664378762245,0.7370457053184509,0.460763156414032,-0.04717845469713211,0.7587847113609314,0.41439950466156006,-0.003382799681276083,0.7611636519432068,0.37228143215179443,-0.03510335832834244,0.7617952823638916,0.43126025795936584,-0.04732909053564072,0.7614699006080627,0.4772690236568451,-0.04802829399704933,0.7903270721435547,0.41232842206954956,-0.008075498975813389,0.7932955026626587,0.37382736802101135,-0.03897632285952568,0.7878732681274414,0.4297054708003998,-0.04026200249791145,0.7826799154281616,0.47341227531433105,-0.03115779347717762,0.8202052116394043,0.4149710237979889,-0.014069118537008762,0.8308649063110352,0.35197755694389343,-0.030938386917114258,0.8340387940406799,0.31171149015426636,-0.033660124987363815,0.8327147364616394,0.2716507911682129,-0.030877139419317245,Love you
0.8054215312004089,0.5924274325370789,-4.0977352000481915e-07,0.7464895844459534,0.5543595552444458,-0.019504772499203682,0.7038825750350952,0.49255844950675964,-0.029639385640621185,0.6802415251731873,0.429720401763916,-0.04079626500606537,0.6625620722770691,0.38069647550582886,-0.04695605859160423,0.7524723410606384,0.42255261540412903,-0.004410645924508572,0.7661882042884827,0.3734118938446045,-0.02935667708516121,0.7669361233711243,0.42545658349990845,-0.04225459322333336,0.7635871171951294,0.4689231514930725,-0.04596494883298874,0.788159966468811,0.4240216314792633,-0.004482658114284277,0.7967114448547363,0.38140225410461426,-0.036290887743234634,0.7921018600463867,0.44435349106788635,-0.047546908259391785,0.7857260704040527,0.49034327268600464,-0.04758783429861069,0.8204277157783508,0.4293152093887329,-0.009227420203387737,0.8289005756378174,0.3887203335762024,-0.04034044221043587,0.819023072719574,0.4452003240585327,-0.04072703793644905,0.8084113001823425,0.48837846517562866,-0.031095460057258606,0.8505054712295532,0.4397508203983307,-0.015286646783351898,0.8692439794540405,0.37967804074287415,-0.03290529549121857,0.8793278336524963,0.34107449650764465,-0.035908766090869904,0.884001612663269,0.30111995339393616,-0.033266011625528336,Love you
0.8054974675178528,0.5932228565216064,-4.089162644049793e-07,0.746311604976654,0.5553920865058899,-0.01971394009888172,0.7039444446563721,0.4931293725967407,-0.02980436570942402,0.6808889508247375,0.4291849732398987,-0.040889400988817215,0.662155032157898,0.3801923990249634,-0.04698871821165085,0.7521988153457642,0.42270925641059875,-0.003985223360359669,0.7665258646011353,0.3731728792190552,-0.029031062498688698,0.7671314477920532,0.42491450905799866,-0.04212385416030884,0.763472855091095,0.4684288203716278,-0.04593396186828613,0.7880539894104004,0.424221009016037,-0.0039450498297810555,0.7969211339950562,0.3811006546020508,-0.03591078147292137,0.7921929359436035,0.4439938962459564,-0.047389402985572815,0.7858028411865234,0.49021103978157043,-0.04749053716659546,0.8203237056732178,0.4295753538608551,-0.00862985011190176,0.8289968371391296,0.3889973759651184,-0.03989491984248161,0.8190004825592041,0.44560864567756653,-0.04032805934548378,0.8084416389465332,0.48887044191360474,-0.030610594898462296,0.8503947257995605,0.4400486648082733,-0.014657861553132534,0.8691297173500061,0.37992459535598755,-0.0323224812746048,0.8792095184326172,0.3412964940071106,-0.035283830016851425,0.8840183615684509,0.3012097477912903,-0.03254282474517822,Love you
0.8047993779182434,0.5930973291397095,-4.0487992691851105e-07,0.7457181215286255,0.5541569590568542,-0.01907513290643692,0.7032759189605713,0.4912475645542145,-0.02884155698120594,0.6794914603233337,0.42864352464675903,-0.03972795233130455,0.6618071794509888,0.38003987073898315,-0.04568817466497421,0.7528095245361328,0.4218476414680481,-0.003727978328242898,0.766288697719574,0.3733743131160736,-0.028177618980407715,0.7678772211074829,0.42550864815711975,-0.041131291538476944,0.7651118636131287,0.4697633981704712,-0.04500437155365944,0.7884302139282227,0.4231633245944977,-0.004004898946732283,0.796938419342041,0.3804013729095459,-0.0353020615875721,0.7929984331130981,0.44352632761001587,-0.04673704504966736,0.7870429158210754,0.49036234617233276,-0.04699325188994408,0.8206542134284973,0.42901700735092163,-0.00889204628765583,0.8292612433433533,0.388031005859375,-0.03922156244516373,0.8197548389434814,0.443742573261261,-0.03982153162360191,0.8092222809791565,0.4868064522743225,-0.030630869790911674,0.850261926651001,0.4404880106449127,-0.015112010762095451,0.8686584830284119,0.380377858877182,-0.0322575569152832,0.8783437013626099,0.34172457456588745,-0.035286180675029755,0.8828240633010864,0.3017982244491577,-0.03284522145986557,Love you
0.8046653866767883,0.5945041179656982,-4.123608050576877e-07,0.7460825443267822,0.5561004877090454,-0.019793525338172913,0.7032986879348755,0.49295952916145325,-0.03003525733947754,0.6798816323280334,0.42931997776031494,-0.041153065860271454,0.6616469621658325,0.38051456212997437,-0.04715350270271301,0.751469612121582,0.4219056963920593,-0.005157503765076399,0.7668842673301697,0.37311604619026184,-0.029740571975708008,0.7680660486221313,0.42644450068473816,-0.04240894317626953,0.7643240690231323,0.47079557180404663,-0.04607691243290901,0.7876076698303223,0.42309778928756714,-0.005012333858758211,0.7974028587341309,0.3810423016548157,-0.036150675266981125,0.7927383184432983,0.44479262828826904,-0.04715355113148689,0.7857615351676941,0.49054422974586487,-0.04724584147334099,0.8201214075088501,0.4288303852081299,-0.009467159397900105,0.8296622633934021,0.3872724175453186,-0.03976880759000778,0.819757342338562,0.443656325340271,-0.03986044600605965,0.8085820078849792,0.4862974286079407,-0.030377356335520744,0.8499430418014526,0.44015076756477356,-0.015274781733751297,0.8681604266166687,0.3799351155757904,-0.03241361677646637,0.8776582479476929,0.3420124351978302,-0.035128649324178696,0.8819478750228882,0.30252939462661743,-0.032395780086517334,Love you
0.80438232421875,0.5931302309036255,-4.089887966074457e-07,0.7456088066101074,0.5570389032363892,-0.020126281306147575,0.7035110592842102,0.49286359548568726,-0.03003563918173313,0.6809107065200806,0.42846739292144775,-0.04075216129422188,0.6623711585998535,0.37972313165664673,-0.04648062214255333,0.7529052495956421,0.42235425114631653,-0.005260695703327656,0.7656768560409546,0.3719230592250824,-0.02978953719139099,0.7655777931213379,0.4238453507423401,-0.04248196259140968,0.7621496915817261,0.46725910902023315,-0.04628771170973778,0.7885287404060364,0.4237534999847412,-0.005030443891882896,0.796497642993927,0.38039925694465637,-0.036388009786605835,0.790984034538269,0.4424571394920349,-0.04753102362155914,0.7846493721008301,0.48839232325553894,-0.0476909764111042,0.8205352425575256,0.42974480986595154,-0.009452765807509422,0.8287293314933777,0.38764485716819763,-0.03989136964082718,0.8182730078697205,0.4432674050331116,-0.04004795476794243,0.8076972365379333,0.4859517514705658,-0.03064693883061409,0.8503174781799316,0.44113847613334656,-0.015306639485061169,0.8686274886131287,0.38127145171165466,-0.03290581330657005,0.8780604004859924,0.34272897243499756,-0.03610263392329216,0.8825280666351318,0.30230796337127686,-0.03377069532871246,Love you
0.8043014407157898,0.5928012728691101,-4.0829905856298865e-07,0.7453137636184692,0.5562580823898315,-0.02032213658094406,0.7032670974731445,0.49234187602996826,-0.030401745811104774,0.6810229420661926,0.42836523056030273,-0.04131530597805977,0.6622737646102905,0.3800603151321411,-0.04722151532769203,0.7527645826339722,0.4217037260532379,-0.005354529712349176,0.7658441662788391,0.3729424476623535,-0.030259156599640846,0.7666588425636292,0.42500391602516174,-0.0431312620639801,0.7638269066810608,0.4684128165245056,-0.04684997722506523,0.7884998321533203,0.4233122766017914,-0.005120639223605394,0.7968877553939819,0.3810057044029236,-0.036996711045503616,0.7920236587524414,0.44380730390548706,-0.048295341432094574,0.7857257127761841,0.4901115298271179,-0.04829656332731247,0.8205490708351135,0.42930296063423157,-0.009594372473657131,0.8288570046424866,0.38737744092941284,-0.040319811552762985,0.8187827467918396,0.4429855942726135,-0.04059683904051781,0.8082417845726013,0.48568686842918396,-0.03105388954281807,0.8501179814338684,0.4406388998031616,-0.015518424101173878,0.8686164617538452,0.3806859254837036,-0.03302786871790886,0.8781589865684509,0.34254318475723267,-0.03611213341355324,0.8823742270469666,0.3024589419364929,-0.033589087426662445,Love you
0.8043110370635986,0.5942674279212952,-4.0036570680968e-07,0.7449458837509155,0.5550068616867065,-0.019286775961518288,0.7037431597709656,0.49115338921546936,-0.029062680900096893,0.6813907027244568,0.4273300766944885,-0.04002094641327858,0.6620843410491943,0.37933260202407837,-0.04606301710009575,0.7536365389823914,0.42296409606933594,-0.002662578597664833,0.7667326927185059,0.3733353018760681,-0.02790677174925804,0.7676375508308411,0.42427554726600647,-0.041487060487270355,0.7645062804222107,0.4676237106323242,-0.04544331133365631,0.7891925573348999,0.42443954944610596,-0.002934747375547886,0.7973440885543823,0.38058722019195557,-0.035035621374845505,0.7928591966629028,0.44201135635375977,-0.0470830574631691,0.7866508364677429,0.4882316291332245,-0.04734358564019203,0.8211718201637268,0.429878294467926,-0.007976841181516647,0.8288799524307251,0.38911932706832886,-0.03891652077436447,0.8192706108093262,0.4444471597671509,-0.03978121280670166,0.8089885711669922,0.48718178272247314,-0.030297091230750084,0.8508340716362,0.44026240706443787,-0.014398480765521526,0.8693442344665527,0.38021984696388245,-0.031341999769210815,0.8791311979293823,0.3415093421936035,-0.03411504626274109,0.8833633065223694,0.30136847496032715,-0.03132328763604164,Love you
0.80433189868927,0.5947917699813843,-4.0481785390511504e-07,0.744930624961853,0.5551791787147522,-0.01930161565542221,0.7036895751953125,0.49095916748046875,-0.02902131900191307,0.6813634037971497,0.42705926299095154,-0.03999161720275879,0.6623804569244385,0.3792455792427063,-0.046016521751880646,0.7535831332206726,0.422315388917923,-0.001988870557397604,0.7674193382263184,0.3732770085334778,-0.027278248220682144,0.7685273289680481,0.4248553514480591,-0.04106411337852478,0.7652130126953125,0.4688943922519684,-0.045069534331560135,0.7894493937492371,0.423905611038208,-0.002209650818258524,0.7978794574737549,0.3804789185523987,-0.03424597531557083,0.7935196161270142,0.44247376918792725,-0.04650084674358368,0.7870378494262695,0.4889909327030182,-0.04684612900018692,0.8215791583061218,0.42943719029426575,-0.00724104605615139,0.8296195864677429,0.3887377679347992,-0.03812161460518837,0.820136547088623,0.44432851672172546,-0.0391751229763031,0.8094956874847412,0.4872826039791107,-0.029740173369646072,0.8513346910476685,0.44006839394569397,-0.013650494627654552,0.8696135878562927,0.3799467384815216,-0.030321680009365082,0.879111647605896,0.34160035848617554,-0.03295879065990448,0.8828732967376709,0.3019601106643677,-0.030033692717552185,Love you
0.8042899966239929,0.5945992469787598,-4.0371807585870556e-07,0.7448633313179016,0.5549606084823608,-0.019424548372626305,0.7036487460136414,0.49087661504745483,-0.029263608157634735,0.6813321709632874,0.4269618093967438,-0.04034742712974548,0.6622977256774902,0.37916770577430725,-0.04649154841899872,0.7537680864334106,0.42254117131233215,-0.0021804384887218475,0.7676694393157959,0.37312084436416626,-0.027629856020212173,0.7687393426895142,0.4247400164604187,-0.041523292660713196,0.7653887271881104,0.4690173268318176,-0.0455704927444458,0.7896254658699036,0.4242516756057739,-0.0023694438859820366,0.7980959415435791,0.38043951988220215,-0.03454647213220596,0.7936233878135681,0.44247323274612427,-0.0468875952064991,0.7870331406593323,0.4890715777873993,-0.047276571393013,0.8217014074325562,0.4298314154148102,-0.007371582090854645,0.8298997282981873,0.38871172070503235,-0.038285717368125916,0.8202590942382812,0.4443785548210144,-0.03925539180636406,0.8094414472579956,0.48742541670799255,-0.029765017330646515,0.8513319492340088,0.44049859046936035,-0.013773789629340172,0.8694909811019897,0.3804636001586914,-0.030421670526266098,0.878928542137146,0.3421333432197571,-0.03298182412981987,0.8826894164085388,0.3023958206176758,-0.03000548481941223,Love you
0.797819197177887,0.6216614842414856,-4.528097008460463e-07,0.7329025864601135,0.6222076416015625,-0.02349093370139599,0.6711969375610352,0.5830010771751404,-0.03490963578224182,0.6293628215789795,0.5348315834999084,-0.047151144593954086,0.5947970151901245,0.4992435574531555,-0.05420343205332756,0.6926770210266113,0.4884876608848572,-0.0057318564504384995,0.6890945434570312,0.44098126888275146,-0.03509753197431564,0.7083818316459656,0.49039605259895325,-0.05029287934303284,0.7213367223739624,0.5323851108551025,-0.054277002811431885,0.7265186905860901,0.4664776921272278,-0.004361119586974382,0.7240499258041382,0.42973509430885315,-0.04072004556655884,0.7397897243499756,0.4943774342536926,-0.05365421250462532,0.748237669467926,0.540801465511322,-0.05335055664181709,0.7587894201278687,0.45226621627807617,-0.008507131598889828,0.7568661570549011,0.41751933097839355,-0.044105496257543564,0.7642676830291748,0.47978878021240234,-0.04546324536204338,0.7664493918418884,0.5256730914115906,-0.034777190536260605,0.7893044948577881,0.4447368383407593,-0.01415270660072565,0.786738395690918,0.3796847462654114,-0.03342694044113159,0.7818780541419983,0.34007588028907776,-0.036411773413419724,0.7714950442314148,0.3021525740623474,-0.03291410952806473,Love you
0.7976707220077515,0.6232596039772034,-4.532251978162094e-07,0.7330876588821411,0.6223044395446777,-0.023184243589639664,0.6713597774505615,0.583031415939331,-0.03476019576191902,0.6294333338737488,0.5354650020599365,-0.04708564281463623,0.5954247117042542,0.4998243749141693,-0.05413429066538811,0.6924540400505066,0.48770013451576233,-0.006068848073482513,0.6890842914581299,0.44036367535591125,-0.035070206969976425,0.7074974179267883,0.4900052845478058,-0.04985496401786804,0.7196031808853149,0.5317554473876953,-0.05372568219900131,0.7262243628501892,0.4662170112133026,-0.0047649298794567585,0.7245703935623169,0.42984262108802795,-0.04021013155579567,0.7388464212417603,0.49479061365127563,-0.0526534765958786,0.7456135153770447,0.5405698418617249,-0.05246920511126518,0.7586888074874878,0.4524044990539551,-0.008895949460566044,0.7571395039558411,0.4176155626773834,-0.04400109872221947,0.7637127041816711,0.4803282916545868,-0.04511427506804466,0.7648428082466125,0.5261679291725159,-0.03465989604592323,0.7895838022232056,0.4453662633895874,-0.014467315748333931,0.7872984409332275,0.380352258682251,-0.033706359565258026,0.7826820015907288,0.3410314917564392,-0.03664805367588997,0.7724053263664246,0.30314087867736816,-0.0332336388528347,Love you
0.7977079153060913,0.6234065294265747,-4.5243149315865594e-07,0.7327563762664795,0.6221004724502563,-0.022981511428952217,0.6711045503616333,0.5826578140258789,-0.034510836005210876,0.6293075680732727,0.5353089570999146,-0.04688278213143349,0.5951484441757202,0.500173032283783,-0.05398733913898468,0.6925954222679138,0.48788994550704956,-0.00581548223271966,0.6889904737472534,0.4402034282684326,-0.03493117541074753,0.7073536515235901,0.4897668659687042,-0.04974669590592384,0.7194789052009583,0.5314282774925232,-0.05357278883457184,0.7264322638511658,0.4665256440639496,-0.004654969088733196,0.7243393659591675,0.429572731256485,-0.04037673398852348,0.7386117577552795,0.4945335388183594,-0.0527515783905983,0.7455501556396484,0.5406002402305603,-0.05233768746256828,0.7588624954223633,0.4527710974216461,-0.008953225798904896,0.75688236951828,0.4174571633338928,-0.04416177049279213,0.7634968161582947,0.48001670837402344,-0.04517973214387894,0.764886736869812,0.5258942246437073,-0.03452059254050255,0.7896494269371033,0.4457629919052124,-0.014701914973556995,0.7872363328933716,0.38063526153564453,-0.03389895334839821,0.7824125289916992,0.3411867022514343,-0.0368221215903759,0.7720878720283508,0.3031826317310333,-0.033346988260746,Love you
0.7985485792160034,0.6224883794784546,-4.460447087240027e-07,0.7330418825149536,0.6225790977478027,-0.02289215475320816,0.6710723638534546,0.5827658772468567,-0.034069545567035675,0.6288973093032837,0.5346139669418335,-0.04629163816571236,0.594457745552063,0.4995107352733612,-0.053413279354572296,0.693798840045929,0.48917099833488464,-0.004562969785183668,0.6884562969207764,0.43972769379615784,-0.03377434238791466,0.7072147130966187,0.4883112907409668,-0.049012914299964905,0.7201414108276367,0.5304888486862183,-0.052988890558481216,0.7273015975952148,0.46783214807510376,-0.0034084308426827192,0.723560631275177,0.42959606647491455,-0.03971454128623009,0.7384688258171082,0.49395203590393066,-0.05283422768115997,0.7467404007911682,0.5413979887962341,-0.05260036513209343,0.7592602968215942,0.45401179790496826,-0.00777623662725091,0.7560639977455139,0.4172390103340149,-0.04321905970573425,0.7626615166664124,0.47941797971725464,-0.044848017394542694,0.7648999094963074,0.5260297656059265,-0.034328609704971313,0.7896372079849243,0.44679003953933716,-0.013614874333143234,0.7871615290641785,0.38164669275283813,-0.03274023160338402,0.78200763463974,0.34193485975265503,-0.0359937809407711,0.7718129754066467,0.30386146903038025,-0.03272571042180061,Love you
0.798644483089447,0.6220909357070923,-4.466888867682428e-07,0.7334295511245728,0.6224961280822754,-0.022856824100017548,0.6712458729743958,0.5830495357513428,-0.03396189585328102,0.6289689540863037,0.5348565578460693,-0.046083010733127594,0.5945709943771362,0.4994039535522461,-0.05310836434364319,0.6934276819229126,0.4886780083179474,-0.004356481600552797,0.6884397864341736,0.43974006175994873,-0.03335971757769585,0.7072537541389465,0.4882495403289795,-0.04850315675139427,0.7202351689338684,0.5303249359130859,-0.052478376775979996,0.7269127368927002,0.4671999514102936,-0.003204435110092163,0.7237548232078552,0.4294659197330475,-0.03928413987159729,0.7387209534645081,0.49383410811424255,-0.05241386964917183,0.7469576597213745,0.5412480235099792,-0.052268706262111664,0.7587696313858032,0.45336171984672546,-0.007577789016067982,0.7561606168746948,0.4171903133392334,-0.04306546971201897,0.7628841996192932,0.4792969822883606,-0.04498138278722763,0.7651200890541077,0.5257419347763062,-0.03469851240515709,0.7890766859054565,0.4461822509765625,-0.013380731455981731,0.7869848012924194,0.38120192289352417,-0.03258521109819412,0.7821520566940308,0.3416135907173157,-0.035980019718408585,0.7722472548484802,0.30376046895980835,-0.03284154459834099,Love you
0.7974695563316345,0.6224305629730225,-4.561219384413562e-07,0.7327907085418701,0.6216937303543091,-0.022042999044060707,0.6713699698448181,0.5825234651565552,-0.03302696347236633,0.6292720437049866,0.5354588031768799,-0.04497731104493141,0.5950272679328918,0.5007268786430359,-0.05191942676901817,0.6946554183959961,0.4899213910102844,-0.005384780932217836,0.6894991993904114,0.44199174642562866,-0.03419983759522438,0.7067906856536865,0.49083882570266724,-0.04923466965556145,0.7193049788475037,0.5327606797218323,-0.05329763516783714,0.7278878688812256,0.46891433000564575,-0.004472142551094294,0.7251538634300232,0.431562602519989,-0.03989844396710396,0.7385733127593994,0.49513569474220276,-0.05280309543013573,0.746446430683136,0.5411481261253357,-0.05300092324614525,0.7596570253372192,0.4548547863960266,-0.008810609579086304,0.7579816579818726,0.4195607304573059,-0.0435071736574173,0.7637839913368225,0.4817311465740204,-0.044792212545871735,0.7656241059303284,0.5278760194778442,-0.034605998545885086,0.7900771498680115,0.4471358060836792,-0.014551719650626183,0.788609504699707,0.3818911910057068,-0.033506058156490326,0.7835654020309448,0.3419749140739441,-0.036569032818078995,0.773424506187439,0.3037130832672119,-0.033423811197280884,Love you
0.7966809272766113,0.6210885047912598,-4.5166245854488807e-07,0.7318076491355896,0.6208652853965759,-0.0221517663449049,0.6709733009338379,0.5822030305862427,-0.03339318558573723,0.6291888356208801,0.5352033376693726,-0.04564359039068222,0.594858705997467,0.5007737874984741,-0.05283420532941818,0.6942338347434998,0.48973292112350464,-0.005427333060652018,0.6895484924316406,0.44138213992118835,-0.034295741468667984,0.7069944739341736,0.49027782678604126,-0.04914794862270355,0.7194575071334839,0.5324345827102661,-0.05297057703137398,0.72773277759552,0.46889618039131165,-0.004391563590615988,0.7245529890060425,0.43118783831596375,-0.03993132710456848,0.7385342717170715,0.4947396516799927,-0.05243975296616554,0.7467036843299866,0.5409955382347107,-0.05220812186598778,0.7596128582954407,0.45474568009376526,-0.00863389577716589,0.7570376396179199,0.41876673698425293,-0.043245960026979446,0.7636067271232605,0.4809662103652954,-0.043960656970739365,0.7659738659858704,0.5272236466407776,-0.03326287493109703,0.7901585102081299,0.4468357563018799,-0.014321856200695038,0.7885280847549438,0.3817237615585327,-0.03303316980600357,0.7832584381103516,0.34205931425094604,-0.03579513356089592,0.7725691199302673,0.30374932289123535,-0.032383859157562256,Love you
0.79863440990448,0.6199523210525513,-4.5291909600564395e-07,0.7332385778427124,0.6208261847496033,-0.022043472155928612,0.671903133392334,0.5829858779907227,-0.03293836861848831,0.630182147026062,0.5353319644927979,-0.044750310480594635,0.5961572527885437,0.5000190138816833,-0.0514523983001709,0.6939815282821655,0.48966285586357117,-0.00507076270878315,0.6906168460845947,0.4423161447048187,-0.03304870426654816,0.7092317342758179,0.4910317063331604,-0.04733986034989357,0.7220667004585266,0.5335773825645447,-0.0507492758333683,0.7275582551956177,0.46827006340026855,-0.003918778151273727,0.7250296473503113,0.4289993345737457,-0.03881904482841492,0.7398794889450073,0.49197670817375183,-0.05125955119729042,0.7485909461975098,0.5394962430000305,-0.05088808014988899,0.759577214717865,0.4541908800601959,-0.007954142056405544,0.7583531141281128,0.4189317226409912,-0.04233727231621742,0.7653183341026306,0.480276882648468,-0.043954554945230484,0.7680196762084961,0.5264683961868286,-0.03369976580142975,0.7902143001556396,0.4465997815132141,-0.013323352672159672,0.7884752750396729,0.38131746649742126,-0.03174713999032974,0.7833256721496582,0.34134048223495483,-0.03479748219251633,0.7731700539588928,0.30357736349105835,-0.031592316925525665,Love you
0.799027144908905,0.6201740503311157,-4.4570597879101115e-07,0.7343921661376953,0.6202449202537537,-0.022289082407951355,0.6726363897323608,0.5831938982009888,-0.03330105543136597,0.6307311058044434,0.5362687706947327,-0.045135702937841415,0.5971348881721497,0.4996837079524994,-0.051886312663555145,0.6935545206069946,0.48964327573776245,-0.005161460023373365,0.6901810765266418,0.44255414605140686,-0.033119987696409225,0.7087662816047668,0.49140122532844543,-0.04760129004716873,0.7216627597808838,0.5339973568916321,-0.051298610866069794,0.7275082468986511,0.46822309494018555,-0.0038199899718165398,0.7251549363136292,0.4298502802848816,-0.03850710764527321,0.7397292256355286,0.49256229400634766,-0.051167238503694534,0.748169481754303,0.5397033095359802,-0.051245372742414474,0.7596786618232727,0.45418694615364075,-0.007684092968702316,0.7583974599838257,0.41866254806518555,-0.04188558831810951,0.7649638056755066,0.47967538237571716,-0.04358572140336037,0.7672983407974243,0.5259668231010437,-0.03367595002055168,0.7903167009353638,0.4469599723815918,-0.01289089024066925,0.788516104221344,0.38164636492729187,-0.031573712825775146,0.7835243344306946,0.34149110317230225,-0.0348658412694931,0.7734829783439636,0.3037105202674866,-0.03191624954342842,Love you
0.7994709610939026,0.6243142485618591,-4.4655766373580263e-07,0.7344914078712463,0.6226412653923035,-0.02178472839295864,0.6727272272109985,0.5829123258590698,-0.03273029625415802,0.6307156085968018,0.5358992218971252,-0.044819176197052,0.596350908279419,0.5005082488059998,-0.052011922001838684,0.6952613592147827,0.48827338218688965,-0.0038880996871739626,0.689606785774231,0.44156119227409363,-0.032635465264320374,0.7073885202407837,0.4891299605369568,-0.048006199300289154,0.7198653817176819,0.530561625957489,-0.05226738005876541,0.7285398244857788,0.46772533655166626,-0.003219034057110548,0.724698007106781,0.43073326349258423,-0.03832613676786423,0.7387298941612244,0.4935680329799652,-0.05151883140206337,0.7466002106666565,0.539986252784729,-0.051834587007761,0.7604994773864746,0.45434483885765076,-0.007875769399106503,0.7573219537734985,0.41913527250289917,-0.04241525009274483,0.7641028761863708,0.4800567030906677,-0.044131748378276825,0.7665072083473206,0.5257798433303833,-0.03415454551577568,0.7909805178642273,0.4476128816604614,-0.01389526017010212,0.7882186770439148,0.3825019598007202,-0.03261307254433632,0.782989501953125,0.3429628014564514,-0.03557252138853073,0.772667407989502,0.3053749203681946,-0.03230084851384163,Love you
0.7986698746681213,0.6240003108978271,-4.4327566683932673e-07,0.7335930466651917,0.6221652626991272,-0.021862519904971123,0.6720825433731079,0.5820447206497192,-0.03288477286696434,0.6303958892822266,0.534845232963562,-0.04506951943039894,0.5958788394927979,0.5005107522010803,-0.05230634659528732,0.6950035691261292,0.4881843328475952,-0.004002876114100218,0.6897460222244263,0.4416370093822479,-0.03265710920095444,0.7080100178718567,0.4893961250782013,-0.04792846739292145,0.7204242944717407,0.5306857228279114,-0.0520770438015461,0.7284680008888245,0.46753454208374023,-0.0033220723271369934,0.7241455316543579,0.43059584498405457,-0.038419801741838455,0.7387180328369141,0.4931982159614563,-0.05143262818455696,0.7468809485435486,0.5394732356071472,-0.05148976668715477,0.7606263160705566,0.45414525270462036,-0.007957447320222855,0.756831169128418,0.4192856252193451,-0.0423676073551178,0.76409912109375,0.4802326560020447,-0.043853867799043655,0.7669463753700256,0.525941789150238,-0.03357866033911705,0.7913132905960083,0.4473905563354492,-0.013997462578117847,0.7882517576217651,0.382302463054657,-0.0323888324201107,0.782829225063324,0.34271979331970215,-0.03515176475048065,0.7724094390869141,0.30516356229782104,-0.03171798959374428,Love you
0.7977755069732666,0.6214725375175476,-4.5009170435150736e-07,0.7329578995704651,0.621940016746521,-0.022333890199661255,0.6715866327285767,0.5818846821784973,-0.03307215869426727,0.6302477121353149,0.5337132811546326,-0.04473232477903366,0.5965404510498047,0.4989810883998871,-0.05144181102514267,0.6947526931762695,0.488155335187912,-0.004922592081129551,0.6906065344810486,0.4408552348613739,-0.032941367477178574,0.7083813548088074,0.4894820749759674,-0.047563862055540085,0.7206262350082397,0.5315265655517578,-0.05130397528409958,0.72843998670578,0.46719643473625183,-0.003810782451182604,0.7246791124343872,0.43033936619758606,-0.03840390965342522,0.738513708114624,0.49326828122138977,-0.05119650065898895,0.746622622013092,0.539527177810669,-0.051198165863752365,0.7605069875717163,0.45349806547164917,-0.007924238219857216,0.757530152797699,0.41847410798072815,-0.042124371975660324,0.7640985250473022,0.4800536036491394,-0.043681297451257706,0.7664541602134705,0.5261961221694946,-0.033500876277685165,0.7910463809967041,0.4463771879673004,-0.01342339999973774,0.7879446744918823,0.38144904375076294,-0.03186903893947601,0.7827151417732239,0.34168535470962524,-0.034699827432632446,0.772637665271759,0.3036578893661499,-0.03130462020635605,Love you
0.7979348301887512,0.6213446855545044,-4.477944628433761e-07,0.7332321405410767,0.6216357946395874,-0.02258623205125332,0.671841025352478,0.5823262929916382,-0.033612463623285294,0.6304234862327576,0.5340394973754883,-0.045510388910770416,0.5967528223991394,0.4984329640865326,-0.05242400988936424,0.6943721771240234,0.4885081648826599,-0.0053802900947630405,0.6906917095184326,0.44142046570777893,-0.0337819866836071,0.7085991501808167,0.48987647891044617,-0.04865517467260361,0.72084641456604,0.5319947004318237,-0.05251477658748627,0.7280373573303223,0.4671172499656677,-0.00420409394428134,0.7247872352600098,0.4297846853733063,-0.03907671198248863,0.7389237880706787,0.49295574426651,-0.0519314780831337,0.7470409274101257,0.5396559238433838,-0.05195092037320137,0.7601274847984314,0.45315036177635193,-0.008287746459245682,0.7577188014984131,0.41826480627059937,-0.04277898743748665,0.7644971609115601,0.4800235331058502,-0.04440925270318985,0.766858696937561,0.5262945294380188,-0.034213822335004807,0.7906689047813416,0.44598880410194397,-0.013760678470134735,0.7879006862640381,0.3809669613838196,-0.03238587826490402,0.7829516530036926,0.3413164019584656,-0.03527965024113655,0.7729341983795166,0.3034587502479553,-0.03189581260085106,Love you
0.7992376089096069,0.6210975646972656,-4.521906475929427e-07,0.7342416644096375,0.6201382875442505,-0.021440628916025162,0.672700822353363,0.5810741186141968,-0.0318484865128994,0.6311227679252625,0.5339593887329102,-0.043300580233335495,0.5973648428916931,0.49950218200683594,-0.04977552592754364,0.6955133676528931,0.48797160387039185,-0.004254651255905628,0.6902486681938171,0.44002488255500793,-0.03187162056565285,0.7077087759971619,0.48857542872428894,-0.04627695307135582,0.7200278639793396,0.5307058095932007,-0.04998689144849777,0.7290928959846497,0.46657872200012207,-0.0034381358418613672,0.7250051498413086,0.4298761487007141,-0.03796731308102608,0.7388317584991455,0.49231991171836853,-0.050724614411592484,0.7469874620437622,0.5389666557312012,-0.05075085535645485,0.7610201239585876,0.45290955901145935,-0.007756240200251341,0.7580742835998535,0.4192962646484375,-0.04157177731394768,0.7645787000656128,0.480449914932251,-0.04313290864229202,0.7669957280158997,0.5265511274337769,-0.0330905057489872,0.7914378643035889,0.44572293758392334,-0.013432121835649014,0.7888927459716797,0.3810911774635315,-0.03172476589679718,0.7835185527801514,0.34119752049446106,-0.03474913537502289,0.7731962203979492,0.30363571643829346,-0.03158825263381004,Love you
0.7992729544639587,0.6210353374481201,-4.522134418039059e-07,0.734272837638855,0.6201509833335876,-0.02196931652724743,0.6728289723396301,0.5817258358001709,-0.032687958329916,0.6311720013618469,0.534466028213501,-0.04443429037928581,0.5974694490432739,0.49916329979896545,-0.05111515149474144,0.6950840950012207,0.4879002273082733,-0.004124186001718044,0.6904403567314148,0.44042667746543884,-0.03221016004681587,0.7079992294311523,0.48932331800460815,-0.04683138057589531,0.7202773094177246,0.531499445438385,-0.05054086074233055,0.7288094162940979,0.46631932258605957,-0.003107869066298008,0.7254118323326111,0.42951497435569763,-0.038180116564035416,0.7394097447395325,0.49282577633857727,-0.05102185159921646,0.7474361658096313,0.5399783253669739,-0.050898052752017975,0.7607871890068054,0.4524691104888916,-0.007370933890342712,0.7582307457923889,0.41881871223449707,-0.04183277487754822,0.7648422718048096,0.48056262731552124,-0.04353008046746254,0.767246663570404,0.526932418346405,-0.03329551964998245,0.7911536693572998,0.44515737891197205,-0.013008445501327515,0.7890193462371826,0.3803415894508362,-0.031588971614837646,0.783900797367096,0.3407561779022217,-0.03467157483100891,0.7735507488250732,0.30353811383247375,-0.03139721602201462,Love you
0.7982260584831238,0.6208428740501404,-4.56001941984141e-07,0.7331236600875854,0.6192550659179688,-0.021075323224067688,0.6720938086509705,0.5799593329429626,-0.03119892254471779,0.6309241056442261,0.5331555008888245,-0.0425778403878212,0.5975583791732788,0.4979945123195648,-0.049032773822546005,0.6963315606117249,0.4865565299987793,-0.0023839331697672606,0.6904549598693848,0.4409004747867584,-0.03008216619491577,0.7075815796852112,0.4897078573703766,-0.0448586605489254,0.720130980014801,0.5316206216812134,-0.04872429743409157,0.7297210693359375,0.46576547622680664,-0.0016920090420171618,0.7253581881523132,0.4297798275947571,-0.03638041764497757,0.7388274073600769,0.49239590764045715,-0.0494823232293129,0.7473593354225159,0.53908371925354,-0.04964357614517212,0.7614251971244812,0.45234930515289307,-0.00624240655452013,0.758247971534729,0.417718768119812,-0.04038069769740105,0.7644911408424377,0.47884631156921387,-0.042211491614580154,0.7674333453178406,0.5249878168106079,-0.03217204287648201,0.7915007472038269,0.445250004529953,-0.012126862071454525,0.7894645929336548,0.380329430103302,-0.03036016784608364,0.7840578556060791,0.34031230211257935,-0.03338957950472832,0.7740671634674072,0.30263423919677734,-0.030199699103832245,Love you
0.7980865836143494,0.6199548244476318,-4.5657097302864713e-07,0.7332294583320618,0.6196576356887817,-0.02202119119465351,0.6719629168510437,0.5810257196426392,-0.03260611370205879,0.63113933801651,0.5336743593215942,-0.04414891451597214,0.5981417894363403,0.497699499130249,-0.05062106251716614,0.6961778402328491,0.4859200119972229,-0.0037732375785708427,0.6907140612602234,0.4407448470592499,-0.03171171620488167,0.7078446745872498,0.48999446630477905,-0.04638299718499184,0.7204194068908691,0.5318520665168762,-0.050052840262651443,0.7297062277793884,0.46517735719680786,-0.002609881106764078,0.7253612875938416,0.4293626546859741,-0.037501946091651917,0.7389688491821289,0.49238866567611694,-0.05017856881022453,0.7474781274795532,0.5389443635940552,-0.049906570464372635,0.7614979147911072,0.4519862234592438,-0.006751221138983965,0.7580844163894653,0.4180564284324646,-0.04108349233865738,0.7644956111907959,0.4794802665710449,-0.04265245050191879,0.7675031423568726,0.525210440158844,-0.032297756522893906,0.7917033433914185,0.44499972462654114,-0.012290168553590775,0.7894459366798401,0.3800504207611084,-0.030562831088900566,0.7838634252548218,0.34002426266670227,-0.03349275514483452,0.7734249830245972,0.30187544226646423,-0.030165674164891243,Love you
0.7991913557052612,0.6193796992301941,-4.615539808128233e-07,0.7348939180374146,0.620499849319458,-0.022213822230696678,0.673621416091919,0.5818169116973877,-0.032811615616083145,0.6324918270111084,0.5334280729293823,-0.04436831548810005,0.5986528396606445,0.4977652430534363,-0.05090998858213425,0.695787250995636,0.48668503761291504,-0.004224769305437803,0.6920539140701294,0.44027990102767944,-0.03232557326555252,0.7101370692253113,0.48888128995895386,-0.0470554418861866,0.7228736281394958,0.5303272604942322,-0.05082353577017784,0.7296723127365112,0.4649997353553772,-0.003040238283574581,0.7268379330635071,0.42850953340530396,-0.03814825043082237,0.7410562038421631,0.4925656020641327,-0.0508682020008564,0.7494137287139893,0.5395494699478149,-0.05053703486919403,0.7618532180786133,0.4511776566505432,-0.007162772584706545,0.7596657276153564,0.4172912836074829,-0.04186193272471428,0.766089677810669,0.47936832904815674,-0.043561484664678574,0.7686347961425781,0.5252373814582825,-0.033178653568029404,0.7926135063171387,0.4438096284866333,-0.012654908932745457,0.790334165096283,0.3791150748729706,-0.03129562363028526,0.7851768136024475,0.33979612588882446,-0.0343114398419857,0.7750546336174011,0.30226418375968933,-0.03091469407081604,Love you
0.8530234694480896,0.572567343711853,-4.567026508084382e-07,0.7944748401641846,0.6056191325187683,-0.020174527540802956,0.7267450094223022,0.6201926469802856,-0.03220754861831665,0.6730862259864807,0.621071457862854,-0.04610579088330269,0.6317461729049683,0.6173889636993408,-0.054933153092861176,0.7156439423561096,0.5185897946357727,-0.003449514741078019,0.6890901327133179,0.48756667971611023,-0.032995373010635376,0.7232142686843872,0.5138533115386963,-0.04817219823598862,0.751097559928894,0.5387746095657349,-0.051348112523555756,0.7358830571174622,0.47914940118789673,-0.00353763229213655,0.7128516435623169,0.4556736648082733,-0.04081234708428383,0.7509956359863281,0.49369049072265625,-0.053701113909482956,0.7779908776283264,0.5234199166297913,-0.05269143357872963,0.758215606212616,0.44600382447242737,-0.00877479836344719,0.7357017397880554,0.4207375645637512,-0.04470061883330345,0.7680580019950867,0.46392425894737244,-0.04593755304813385,0.7914654612541199,0.4985635280609131,-0.034253593534231186,0.7819428443908691,0.4191170334815979,-0.015274880453944206,0.7514097094535828,0.36486196517944336,-0.03283436596393585,0.7289403080940247,0.33430999517440796,-0.03498000279068947,0.7039377093315125,0.30980896949768066,-0.0307548176497221,Love you
0.8483676910400391,0.5749920606613159,-4.538667326414725e-07,0.7898958921432495,0.6074600219726562,-0.020606277510523796,0.7225779891014099,0.6209902763366699,-0.032910000532865524,0.6692875623703003,0.6206827163696289,-0.04688644781708717,0.6284424066543579,0.6166026592254639,-0.055858954787254333,0.7116885781288147,0.517292857170105,-0.0037375150714069605,0.6862327456474304,0.4870118796825409,-0.03290120139718056,0.7188283205032349,0.5144056677818298,-0.04797980189323425,0.7458467483520508,0.5398896932601929,-0.05111116170883179,0.732308566570282,0.47841888666152954,-0.00339586497284472,0.7100036144256592,0.4556259214878082,-0.040491633117198944,0.7466380596160889,0.4957756996154785,-0.05331360921263695,0.7723976373672485,0.526557207107544,-0.0521852970123291,0.7552993893623352,0.4463745951652527,-0.008177553303539753,0.7340189218521118,0.42295804619789124,-0.044192638248205185,0.7650336027145386,0.46745771169662476,-0.04588523507118225,0.7873671054840088,0.5023626089096069,-0.034403007477521896,0.779665470123291,0.42043256759643555,-0.014182258397340775,0.7493136525154114,0.3665679693222046,-0.03179856389760971,0.7267377376556396,0.33716028928756714,-0.034023165702819824,0.7015635967254639,0.3133840560913086,-0.02977016381919384,Love you
0.8482341766357422,0.5751343965530396,-4.569001816889795e-07,0.7899084091186523,0.6071459054946899,-0.020623978227376938,0.7227110266685486,0.6208665370941162,-0.03303005173802376,0.6692882776260376,0.6207711696624756,-0.04705144092440605,0.6285544037818909,0.6166102290153503,-0.056062374264001846,0.7114443778991699,0.5171684622764587,-0.004211910534650087,0.6864705085754395,0.48724690079689026,-0.03351069614291191,0.7192112803459167,0.5146322250366211,-0.048635393381118774,0.7462649941444397,0.5401023626327515,-0.05173981562256813,0.7321209907531738,0.47824418544769287,-0.0038281409069895744,0.7101230621337891,0.45554661750793457,-0.04072912409901619,0.7466219067573547,0.4956643879413605,-0.05339985713362694,0.7721413969993591,0.5264550447463989,-0.052264828234910965,0.75518798828125,0.4461285471916199,-0.008533812128007412,0.7342010140419006,0.4230858087539673,-0.044487740844488144,0.765135645866394,0.4676278829574585,-0.04618210345506668,0.7873260974884033,0.5024181008338928,-0.03475388139486313,0.7796812653541565,0.4202118217945099,-0.014441203325986862,0.7492560148239136,0.36642366647720337,-0.0319778136909008,0.726699709892273,0.33715927600860596,-0.0341331884264946,0.7015623450279236,0.3134979009628296,-0.02985326573252678,Love you
0.8475514650344849,0.5740469694137573,-4.6619618387921946e-07,0.7899007797241211,0.6072695851325989,-0.020830372348427773,0.7235124111175537,0.6216181516647339,-0.03342490270733833,0.6702291965484619,0.62091064453125,-0.04757484048604965,0.6294561624526978,0.6158602833747864,-0.05658325180411339,0.711068332195282,0.5168391466140747,-0.004441962111741304,0.6866915822029114,0.48621562123298645,-0.03361399844288826,0.7201899886131287,0.5151039958000183,-0.04862506687641144,0.7472892999649048,0.5409246683120728,-0.051802366971969604,0.7314949631690979,0.4781847894191742,-0.003918767906725407,0.7107292413711548,0.45617929100990295,-0.04073776304721832,0.7480088472366333,0.49762725830078125,-0.05314631387591362,0.7733862400054932,0.5276025533676147,-0.051952216774225235,0.7546041011810303,0.44625240564346313,-0.008510305546224117,0.7339088320732117,0.4216838479042053,-0.044370368123054504,0.7643852233886719,0.4675222933292389,-0.04559909552335739,0.7858569025993347,0.5027896165847778,-0.03394099697470665,0.7791527509689331,0.4203222990036011,-0.014348158612847328,0.7489277720451355,0.366344153881073,-0.032116543501615524,0.7266457080841064,0.3368222117424011,-0.03430389612913132,0.7016303539276123,0.3123666048049927,-0.02997918426990509,Love you
0.8482754826545715,0.5751067399978638,-4.7219151610988774e-07,0.7906375527381897,0.6080230474472046,-0.020726382732391357,0.7238966226577759,0.6219097971916199,-0.033324938267469406,0.6706528067588806,0.620969831943512,-0.04749498516321182,0.6297708749771118,0.6159548759460449,-0.056473664939403534,0.7104340195655823,0.5170296430587769,-0.004336157813668251,0.6862760782241821,0.4864681363105774,-0.03384958952665329,0.7202562093734741,0.5155690908432007,-0.049052488058805466,0.7477047443389893,0.5415109992027283,-0.05227072536945343,0.7309903502464294,0.4784073829650879,-0.003872426925227046,0.7106385231018066,0.45635247230529785,-0.040985576808452606,0.7487004399299622,0.4981342554092407,-0.05334952846169472,0.7744749188423157,0.5284901857376099,-0.05198434740304947,0.7544474601745605,0.4465581774711609,-0.008550664409995079,0.7339085936546326,0.42191240191459656,-0.044599708169698715,0.7649519443511963,0.4678032696247101,-0.04563617706298828,0.7867081761360168,0.5032108426094055,-0.033739008009433746,0.7793683409690857,0.42074447870254517,-0.014467800036072731,0.7492420673370361,0.3666314482688904,-0.03237832337617874,0.7271102666854858,0.3372235894203186,-0.034532804042100906,0.702086329460144,0.3129372000694275,-0.030083172023296356,Love you
0.8488038778305054,0.5775801539421082,-4.6907001660656533e-07,0.7906525731086731,0.6097150444984436,-0.02198777347803116,0.722810685634613,0.6224014163017273,-0.03487097844481468,0.6686823964118958,0.621349036693573,-0.04910346120595932,0.6273001432418823,0.616818368434906,-0.05815557390451431,0.7103167176246643,0.5196824669837952,-0.005648873746395111,0.685967743396759,0.4876411557197571,-0.036026474088430405,0.7201318144798279,0.5159620046615601,-0.05142270401120186,0.7476818561553955,0.5428210496902466,-0.05454014241695404,0.7315806150436401,0.4806091785430908,-0.004718268755823374,0.7106754779815674,0.45673948526382446,-0.042395032942295074,0.7485625743865967,0.4986380934715271,-0.05511734262108803,0.7740169167518616,0.5301827192306519,-0.05397193506360054,0.7554916143417358,0.4486129879951477,-0.009047162719070911,0.7349145412445068,0.4230312705039978,-0.04603187367320061,0.7662891149520874,0.46918782591819763,-0.04737921059131622,0.7879169583320618,0.5055817365646362,-0.03551209717988968,0.7808300852775574,0.423092782497406,-0.014639546163380146,0.7510421872138977,0.368460476398468,-0.03300787881016731,0.7288510203361511,0.33853116631507874,-0.03525693342089653,0.7034906148910522,0.31438326835632324,-0.030871804803609848,Love you
0.8491615653038025,0.5763882398605347,-4.5762757849843183e-07,0.790805459022522,0.6100466847419739,-0.021911783143877983,0.7234274744987488,0.622830331325531,-0.034533366560935974,0.6691730618476868,0.6210178136825562,-0.04859192669391632,0.627733588218689,0.6173524260520935,-0.05749622732400894,0.7109881639480591,0.5200521945953369,-0.003977792803198099,0.6868247985839844,0.4883517026901245,-0.03358530253171921,0.7208611369132996,0.5162070393562317,-0.048729777336120605,0.7483404278755188,0.5423032641410828,-0.05182255804538727,0.7317593097686768,0.4804374575614929,-0.0029292679391801357,0.7108539342880249,0.4570889174938202,-0.040020838379859924,0.7486661672592163,0.4982454776763916,-0.0528532937169075,0.7742279171943665,0.5287336111068726,-0.051809266209602356,0.7550696134567261,0.44779884815216064,-0.007165334187448025,0.7345210909843445,0.4229930341243744,-0.043655604124069214,0.7656452655792236,0.4688873291015625,-0.045240674167871475,0.7873337864875793,0.5045474767684937,-0.033600810915231705,0.779792845249176,0.42153695225715637,-0.012679187580943108,0.7500129342079163,0.3680303394794464,-0.030510034412145615,0.7280371785163879,0.3384381830692291,-0.03261305391788483,0.7031627297401428,0.3138777017593384,-0.028195692226290703,Love you
0.8469268083572388,0.5753506422042847,-4.4825836198469915e-07,0.7899479269981384,0.6092963218688965,-0.022358499467372894,0.7238582968711853,0.6237501502037048,-0.035685937851667404,0.6696692705154419,0.6219293475151062,-0.05045294016599655,0.6277322769165039,0.6165225505828857,-0.060093071311712265,0.7128167748451233,0.520736813545227,-0.005480477586388588,0.6867386698722839,0.4883400797843933,-0.03588448837399483,0.7200198769569397,0.5159732103347778,-0.051719967275857925,0.7473418712615967,0.5421130657196045,-0.055265650153160095,0.7335910797119141,0.48166579008102417,-0.004660649690777063,0.7112028002738953,0.457044780254364,-0.042461294680833817,0.7481235861778259,0.4971882104873657,-0.0556633435189724,0.77376389503479,0.5275481343269348,-0.054919034242630005,0.7564376592636108,0.44941475987434387,-0.00919073261320591,0.7353850603103638,0.4232969880104065,-0.045786041766405106,0.766177237033844,0.4681130349636078,-0.04720965772867203,0.7879583835601807,0.5034929513931274,-0.035616520792245865,0.780695378780365,0.4231272041797638,-0.01514170877635479,0.7507686018943787,0.3691137433052063,-0.03326934203505516,0.7285680174827576,0.33885517716407776,-0.0355197973549366,0.7035182118415833,0.31392568349838257,-0.03130831569433212,Love you
0.8467152118682861,0.5750296115875244,-4.517163176842587e-07,0.7902454137802124,0.6088322997093201,-0.02236202359199524,0.7245857119560242,0.6234977841377258,-0.035845477133989334,0.6702356934547424,0.621680498123169,-0.050725046545267105,0.6283237934112549,0.6166013479232788,-0.06050361320376396,0.7122225165367126,0.5204324722290039,-0.005619505420327187,0.6867797374725342,0.48897677659988403,-0.035985443741083145,0.7202991247177124,0.5163114666938782,-0.05187694728374481,0.7477254867553711,0.5423489809036255,-0.055479563772678375,0.7328178882598877,0.48144984245300293,-0.004761019255965948,0.7106296420097351,0.4575396776199341,-0.042267657816410065,0.7479202747344971,0.49723032116889954,-0.05538062006235123,0.7736189961433411,0.5275408625602722,-0.05470898002386093,0.7559711933135986,0.44919705390930176,-0.00921162124723196,0.7349407076835632,0.4241500198841095,-0.04564611241221428,0.7658600211143494,0.4685176908969879,-0.04707558453083038,0.7876724600791931,0.5035275220870972,-0.03557674214243889,0.780650794506073,0.4228491485118866,-0.015068799257278442,0.7506152391433716,0.3686450719833374,-0.033150166273117065,0.7283620834350586,0.3383657932281494,-0.03537794575095177,0.7031452059745789,0.31363600492477417,-0.031191915273666382,Love you
0.8467268347740173,0.5764343738555908,-4.689868831064814e-07,0.7891058325767517,0.6101086139678955,-0.021715084090828896,0.7221572995185852,0.6224572658538818,-0.03459974005818367,0.6684319972991943,0.620298445224762,-0.04892482981085777,0.6270232200622559,0.6167927980422974,-0.058302704244852066,0.712004542350769,0.5196813344955444,-0.006138082128018141,0.686616063117981,0.4876246154308319,-0.03669236600399017,0.7192773222923279,0.5165055394172668,-0.05227234214544296,0.746552586555481,0.5434653162956238,-0.05547093227505684,0.7334367036819458,0.4813506603240967,-0.0054727415554225445,0.711762547492981,0.4577595591545105,-0.0434381328523159,0.7486522197723389,0.4996072053909302,-0.05633131414651871,0.7745727896690369,0.5309319496154785,-0.055221833288669586,0.7568328380584717,0.44961076974868774,-0.010007398203015327,0.7363954782485962,0.42439016699790955,-0.0470331571996212,0.7670484185218811,0.47038981318473816,-0.04847927391529083,0.7887283563613892,0.5064302086830139,-0.036658789962530136,0.7815000414848328,0.42374730110168457,-0.015801608562469482,0.7519564628601074,0.36919641494750977,-0.03428250923752785,0.7297393083572388,0.33953216671943665,-0.036556344479322433,0.7044676542282104,0.3153650760650635,-0.03215078264474869,Love you
0.8468161821365356,0.5773638486862183,-4.6976663270470453e-07,0.7887909412384033,0.6104342341423035,-0.021444236859679222,0.7215351462364197,0.6224658489227295,-0.034053027629852295,0.6679226756095886,0.6200976371765137,-0.048200227320194244,0.6268022060394287,0.6158562898635864,-0.057322777807712555,0.7110732793807983,0.519730269908905,-0.005051464308053255,0.6862611770629883,0.4874081313610077,-0.03559798002243042,0.7192116975784302,0.5162636041641235,-0.05121371150016785,0.7468212246894836,0.543610692024231,-0.05426405742764473,0.7325678467750549,0.4814695119857788,-0.004385020583868027,0.711667001247406,0.4580908417701721,-0.0422619953751564,0.7487801909446716,0.4996896982192993,-0.05510721355676651,0.7749068737030029,0.5312501192092896,-0.053789541125297546,0.7560847997665405,0.44980841875076294,-0.009000896476209164,0.7361400127410889,0.4248836636543274,-0.045878101140260696,0.7668596506118774,0.4704972207546234,-0.04747823625802994,0.7886446714401245,0.5064455270767212,-0.03562873601913452,0.7808657884597778,0.42405858635902405,-0.014872188679873943,0.7515777945518494,0.36933720111846924,-0.033040136098861694,0.7295604944229126,0.33949995040893555,-0.035317592322826385,0.7044504284858704,0.31514042615890503,-0.030838433653116226,Love you
0.8465489149093628,0.577416718006134,-4.649039624382567e-07,0.7889245748519897,0.6097961068153381,-0.020385608077049255,0.7225289940834045,0.6230608820915222,-0.032552458345890045,0.6690384149551392,0.6217010021209717,-0.046552691608667374,0.6280553340911865,0.6153185367584229,-0.05563792586326599,0.7125712633132935,0.5204354524612427,-0.002558331936597824,0.686919629573822,0.4888625144958496,-0.03229717165231705,0.7193155288696289,0.5168752074241638,-0.04811606928706169,0.7466076612472534,0.5430153012275696,-0.051603056490421295,0.7335099577903748,0.4822843074798584,-0.0023555303923785686,0.7110422849655151,0.4585880935192108,-0.03908529505133629,0.7468924522399902,0.49918845295906067,-0.05226752534508705,0.7724154591560364,0.5296231508255005,-0.05159107968211174,0.7568011283874512,0.4499078691005707,-0.007391576189547777,0.7348840236663818,0.42491576075553894,-0.0431533120572567,0.7649456858634949,0.4702318608760834,-0.04485151171684265,0.7869383096694946,0.5052991509437561,-0.03346100077033043,0.7815566658973694,0.4230116307735443,-0.0136718126013875,0.7514823079109192,0.3685459494590759,-0.031063862144947052,0.7286703586578369,0.33901965618133545,-0.03317730501294136,0.7034922242164612,0.3150031566619873,-0.028863389045000076,Love you
0.8464570045471191,0.577361524105072,-4.6183325252968643e-07,0.7885793447494507,0.6096675992012024,-0.020425118505954742,0.7222310304641724,0.6230247020721436,-0.03257109224796295,0.6685243248939514,0.6215922832489014,-0.04655975103378296,0.6274213790893555,0.6154255270957947,-0.05562007054686546,0.7125284075737,0.5204333066940308,-0.001990153919905424,0.6873970031738281,0.4891076683998108,-0.031531576067209244,0.7200495004653931,0.5169582962989807,-0.04728076979517937,0.747299313545227,0.5427024960517883,-0.05075506120920181,0.7334103584289551,0.48210564255714417,-0.0016913588624447584,0.7112683653831482,0.4583450257778168,-0.03824115917086601,0.7472728490829468,0.4986874461174011,-0.051352836191654205,0.772569477558136,0.5287190675735474,-0.050658587366342545,0.756618320941925,0.449756920337677,-0.006658345460891724,0.7350422143936157,0.42473456263542175,-0.0423118956387043,0.7652702927589417,0.4699118137359619,-0.04390231519937515,0.7872005701065063,0.5047018527984619,-0.032456666231155396,0.7812446355819702,0.42307090759277344,-0.012881174683570862,0.7511223554611206,0.3689703941345215,-0.030078837648034096,0.7283938527107239,0.3391759991645813,-0.03202464431524277,0.7033125758171082,0.31455010175704956,-0.027629029005765915,Love you
0.8484121561050415,0.5767648220062256,-4.5687468741562043e-07,0.7898682355880737,0.6085630655288696,-0.021047499030828476,0.7226197719573975,0.6220306754112244,-0.03377016633749008,0.6683498620986938,0.6210058927536011,-0.04794168472290039,0.627211332321167,0.6167412996292114,-0.057283733040094376,0.7123239040374756,0.5184174180030823,-0.004204777535051107,0.6878785490989685,0.4883018136024475,-0.033620286732912064,0.7204173803329468,0.5151380300521851,-0.049386050552129745,0.7474268078804016,0.541161298751831,-0.05303238704800606,0.733424723148346,0.47980695962905884,-0.0035570436157286167,0.7117171883583069,0.4574146568775177,-0.04005737602710724,0.7481412291526794,0.4973348379135132,-0.053336478769779205,0.7735027074813843,0.5276287794113159,-0.052915267646312714,0.7570677995681763,0.4478756785392761,-0.007957960478961468,0.7367146611213684,0.4241476058959961,-0.04350981488823891,0.7665585875511169,0.4690590798854828,-0.045287929475307465,0.7877621054649353,0.5043857097625732,-0.0341179184615612,0.7821886539459229,0.4220969080924988,-0.013563236221671104,0.7520233988761902,0.36881589889526367,-0.030781442299485207,0.7299051880836487,0.3389703035354614,-0.03251572698354721,0.705039918422699,0.3144175112247467,-0.027992302551865578,Love you
0.847662627696991,0.5761708617210388,-4.5302689954951347e-07,0.7896274924278259,0.6085986495018005,-0.021447306498885155,0.7227464914321899,0.6222292184829712,-0.0342862494289875,0.6685801148414612,0.6211681962013245,-0.04861507937312126,0.6273078322410583,0.6167507171630859,-0.05807629972696304,0.7128233909606934,0.519201934337616,-0.004253061953932047,0.6880518198013306,0.48815691471099854,-0.033968523144721985,0.7206926941871643,0.5149057507514954,-0.04976457357406616,0.7477277517318726,0.5408287644386292,-0.053339634090662,0.7338311076164246,0.4801790118217468,-0.0035193769726902246,0.7120127081871033,0.456906259059906,-0.040492333471775055,0.7483770847320557,0.4971264898777008,-0.05388748645782471,0.7735762000083923,0.5276798605918884,-0.05338694155216217,0.7571884989738464,0.44801434874534607,-0.007945016026496887,0.7368179559707642,0.4236066937446594,-0.04395646974444389,0.7666244506835938,0.46873894333839417,-0.04593806341290474,0.787631094455719,0.5042466521263123,-0.03475281223654747,0.7819133996963501,0.42200374603271484,-0.013610748574137688,0.7519644498825073,0.36857420206069946,-0.03103250078856945,0.7297962307929993,0.33875536918640137,-0.032978933304548264,0.7047901153564453,0.31428635120391846,-0.02857881784439087,Love you
0.8479981422424316,0.5795931220054626,-4.609331938354444e-07,0.7890122532844543,0.6098083257675171,-0.02063305862247944,0.7219687700271606,0.6226786971092224,-0.03309059888124466,0.668100118637085,0.6218239665031433,-0.0472976453602314,0.6269016265869141,0.6167861223220825,-0.056537412106990814,0.7112108469009399,0.5194858312606812,-0.0027959588915109634,0.6870418787002563,0.48741966485977173,-0.03240048512816429,0.7195638418197632,0.51494300365448,-0.04784509912133217,0.7464457154273987,0.5418376922607422,-0.05107296630740166,0.7324433922767639,0.4811673164367676,-0.0024951340164989233,0.7114942669868469,0.4577861726284027,-0.039814386516809464,0.748580276966095,0.4988614320755005,-0.05304509773850441,0.7739613652229309,0.5309236645698547,-0.05210566148161888,0.7560191750526428,0.4496318995952606,-0.00742745166644454,0.7357074022293091,0.4258122444152832,-0.043826568871736526,0.7665241956710815,0.47043144702911377,-0.046005476266145706,0.7880867123603821,0.5059830546379089,-0.03468663990497589,0.781013548374176,0.424390971660614,-0.013530676253139973,0.7515095472335815,0.36997759342193604,-0.031202875077724457,0.7297396063804626,0.3396114110946655,-0.03353291377425194,0.7048048973083496,0.3151013255119324,-0.02928142249584198,Love you
0.8475529551506042,0.5781517624855042,-4.6252381480371696e-07,0.7887292504310608,0.6090039014816284,-0.020386969670653343,0.7219434380531311,0.6225600242614746,-0.03261151909828186,0.6679084300994873,0.6216065883636475,-0.04656960070133209,0.6269246935844421,0.6163801550865173,-0.0555533841252327,0.7116606831550598,0.5193879008293152,-0.0021724742837250233,0.6870627403259277,0.48805397748947144,-0.031018555164337158,0.7194223403930664,0.5156309604644775,-0.046173274517059326,0.7461410164833069,0.5420461297035217,-0.04941239207983017,0.7324243783950806,0.4806240200996399,-0.0017365004168823361,0.7115223407745361,0.4582935571670532,-0.03812473267316818,0.7480461001396179,0.49890512228012085,-0.05121801048517227,0.7728995680809021,0.5299755930900574,-0.05051293224096298,0.7557953000068665,0.4486696124076843,-0.006444753613322973,0.7354958653450012,0.4255639612674713,-0.042032189667224884,0.7657619714736938,0.4702989459037781,-0.044139035046100616,0.7870451807975769,0.5054938197135925,-0.03308407589793205,0.7806757092475891,0.42293640971183777,-0.01231025718152523,0.751299262046814,0.36922362446784973,-0.02958528697490692,0.7293558716773987,0.33954423666000366,-0.031834349036216736,0.7044599652290344,0.31555336713790894,-0.027653414756059647,Love you
0.8483074903488159,0.5808423757553101,-4.656329792851466e-07,0.7878052592277527,0.611428439617157,-0.019765278324484825,0.7195516228675842,0.6219137907028198,-0.0316491462290287,0.6660934686660767,0.6197649836540222,-0.045472681522369385,0.6251827478408813,0.6162921190261841,-0.054372016340494156,0.7104971408843994,0.5183849334716797,-0.0018388100434094667,0.6864863634109497,0.4877309799194336,-0.03136744350194931,0.7185813188552856,0.5162488222122192,-0.04685577377676964,0.7454884648323059,0.543088972568512,-0.050113894045352936,0.7323184013366699,0.4807967245578766,-0.0020026720594614744,0.7110937833786011,0.4584802985191345,-0.03945817053318024,0.7478054165840149,0.5002051591873169,-0.05265144258737564,0.7739916443824768,0.5318328142166138,-0.05152949318289757,0.7561626434326172,0.4494761824607849,-0.007345592137426138,0.7354926466941833,0.42626404762268066,-0.043597426265478134,0.7659573554992676,0.4722064137458801,-0.04537447541952133,0.7879930734634399,0.5080327987670898,-0.03370329737663269,0.7811742424964905,0.42425400018692017,-0.013844557106494904,0.7516158819198608,0.3698773980140686,-0.031288791447877884,0.7294990420341492,0.3400818705558777,-0.03325321897864342,0.7046319246292114,0.31574228405952454,-0.0286603644490242,Love you
0.8482943177223206,0.5799428820610046,-4.6671780751239567e-07,0.7879683971405029,0.6112896800041199,-0.02026824653148651,0.7195000052452087,0.6220474243164062,-0.0323033444583416,0.665759801864624,0.6195741295814514,-0.04617902636528015,0.624748706817627,0.6157779693603516,-0.055077023804187775,0.7116220593452454,0.5188700556755066,-0.0029194317758083344,0.6868830919265747,0.48798832297325134,-0.03231479600071907,0.7190203070640564,0.5166269540786743,-0.04745301604270935,0.7456823587417603,0.5433688759803772,-0.050553709268569946,0.7330918908119202,0.4810626804828644,-0.0028991191647946835,0.7114173769950867,0.45848387479782104,-0.040280286222696304,0.7478914856910706,0.5004900693893433,-0.05329268425703049,0.7736799716949463,0.5320743918418884,-0.052177175879478455,0.7566814422607422,0.4496992230415344,-0.008038503117859364,0.7356753945350647,0.4263371229171753,-0.044214293360710144,0.7659908533096313,0.47260281443595886,-0.04595322906970978,0.7878154516220093,0.5084628462791443,-0.03438292443752289,0.7814780473709106,0.42443278431892395,-0.014390239492058754,0.7516588568687439,0.3701316714286804,-0.031947556883096695,0.7292733192443848,0.3403874635696411,-0.03412262350320816,0.704283595085144,0.3160633444786072,-0.029778143391013145,Love you
0.847724974155426,0.5770649909973145,-4.5551007588073844e-07,0.789825975894928,0.6089743971824646,-0.022376414388418198,0.7228549122810364,0.622485339641571,-0.0358307845890522,0.6683393716812134,0.6206007599830627,-0.050494592636823654,0.6266259551048279,0.6156816482543945,-0.06006994470953941,0.7115347981452942,0.5184569954872131,-0.0060259620659053326,0.687587559223175,0.48908692598342896,-0.03574007749557495,0.7215308547019958,0.5166159272193909,-0.05133350193500519,0.7488983273506165,0.5425963401794434,-0.05480075627565384,0.7326472401618958,0.4795854091644287,-0.004806263837963343,0.7118916511535645,0.4583311676979065,-0.04161570966243744,0.7489424347877502,0.49752214550971985,-0.054739851504564285,0.7747592926025391,0.5274656414985657,-0.0541696660220623,0.7562808990478516,0.44792038202285767,-0.008736014366149902,0.737050473690033,0.4246942400932312,-0.044506821781396866,0.7666142582893372,0.4691048264503479,-0.04654637724161148,0.7875028252601624,0.504599392414093,-0.035567544400691986,0.781148374080658,0.42231613397598267,-0.013964483514428139,0.7512136697769165,0.3697752356529236,-0.031373485922813416,0.7294968962669373,0.3398049473762512,-0.03354630619287491,0.7054547071456909,0.3154081702232361,-0.029334818944334984,Love you
0.8479324579238892,0.5764879584312439,-4.51900973530428e-07,0.7907765507698059,0.6085659265518188,-0.02244323305785656,0.7240354418754578,0.6225202679634094,-0.03587856516242027,0.6698614954948425,0.6209524869918823,-0.05047589913010597,0.6282276511192322,0.6151239275932312,-0.059940874576568604,0.7117739319801331,0.5185626149177551,-0.006075254641473293,0.687716543674469,0.48853158950805664,-0.035665035247802734,0.7213122248649597,0.5162336826324463,-0.051209621131420135,0.7485805749893188,0.542497992515564,-0.05469279736280441,0.7328265905380249,0.4796721935272217,-0.004762317985296249,0.711974024772644,0.4579890966415405,-0.04146745055913925,0.7487990856170654,0.4973220229148865,-0.05451977625489235,0.7746016383171082,0.527425229549408,-0.05390721932053566,0.7563910484313965,0.4478842318058014,-0.008596143685281277,0.7367550730705261,0.4237450659275055,-0.04418755695223808,0.7663096189498901,0.46818920969963074,-0.04605761170387268,0.7873113751411438,0.5038372874259949,-0.03501363843679428,0.7812175154685974,0.4221997857093811,-0.013746226206421852,0.751332700252533,0.3696998953819275,-0.031153429299592972,0.7296462059020996,0.3396713137626648,-0.033354226499795914,0.7055627703666687,0.3151748776435852,-0.02915748953819275,Love you
0.8458427786827087,0.5762502551078796,-4.520710206179501e-07,0.7882336974143982,0.6091386675834656,-0.02045045606791973,0.7222821712493896,0.6215772032737732,-0.03305109217762947,0.6692538857460022,0.619450032711029,-0.0473308227956295,0.628373384475708,0.6149103045463562,-0.05679107829928398,0.7128481268882751,0.5168907046318054,-0.004105612635612488,0.6877049207687378,0.48615169525146484,-0.03332327678799629,0.7192991971969604,0.5138408541679382,-0.04889841750264168,0.746211588382721,0.5400245189666748,-0.052467990666627884,0.7340390086174011,0.4795568883419037,-0.003841044381260872,0.7128127217292786,0.4574876129627228,-0.04055557772517204,0.7482461929321289,0.49726924300193787,-0.053856123238801956,0.7737905979156494,0.5275653600692749,-0.05339416489005089,0.7570101022720337,0.4484330415725708,-0.008584871888160706,0.736359715461731,0.42401057481765747,-0.04399561882019043,0.7655506134033203,0.46888047456741333,-0.045837901532649994,0.7867814898490906,0.5042428970336914,-0.03483355790376663,0.7811961770057678,0.42311498522758484,-0.014540537260472775,0.7519233226776123,0.37009352445602417,-0.031932566314935684,0.7299684286117554,0.3406870365142822,-0.034082215279340744,0.705539345741272,0.3163887858390808,-0.029879018664360046,Love you
0.8452187776565552,0.576446533203125,-4.643000579562795e-07,0.7879143357276917,0.6092115640640259,-0.020606810227036476,0.7216100692749023,0.6214374899864197,-0.03320150449872017,0.6687626242637634,0.6186853647232056,-0.04746168106794357,0.628058910369873,0.6127954721450806,-0.056765079498291016,0.7114124298095703,0.5167278051376343,-0.004357415251433849,0.6868368983268738,0.4860821068286896,-0.034037962555885315,0.7193480134010315,0.5143123269081116,-0.049550194293260574,0.7466239333152771,0.5409035682678223,-0.05283531919121742,0.7327269315719604,0.47913452982902527,-0.004038875922560692,0.7119749188423157,0.4574653208255768,-0.04115006700158119,0.7484782338142395,0.4977402091026306,-0.05405126139521599,0.77432781457901,0.528255820274353,-0.05303472280502319,0.7561612129211426,0.4478684663772583,-0.008826239965856075,0.7355318069458008,0.42403942346572876,-0.04459448903799057,0.7653874754905701,0.469300776720047,-0.0461672879755497,0.7868334054946899,0.504760205745697,-0.03470552712678909,0.780784547328949,0.42252904176712036,-0.014849599450826645,0.7514018416404724,0.3693092167377472,-0.032359104603528976,0.729508638381958,0.33997637033462524,-0.034463196992874146,0.7050665616989136,0.31591522693634033,-0.030047990381717682,Love you
0.8471381068229675,0.5781526565551758,-4.7141722347987525e-07,0.7875235676765442,0.6100700497627258,-0.019723201170563698,0.7190221548080444,0.6205892562866211,-0.030951717868447304,0.6661917567253113,0.6174497604370117,-0.04363178461790085,0.6265168190002441,0.6128603219985962,-0.05119617283344269,0.7109478116035461,0.5183754563331604,-0.004393900744616985,0.6868304014205933,0.48735204339027405,-0.03216995671391487,0.7200117707252502,0.5171208381652832,-0.0458030067384243,0.7469393610954285,0.5441779494285583,-0.04813184589147568,0.7324317693710327,0.48037657141685486,-0.003922976087778807,0.7107698917388916,0.45782214403152466,-0.03897947445511818,0.7472550272941589,0.49887850880622864,-0.050324663519859314,0.7731213569641113,0.5294550061225891,-0.04876893758773804,0.7562058568000793,0.44889169931411743,-0.008274060674011707,0.7351368069648743,0.4250795543193817,-0.042422953993082047,0.7655573487281799,0.47056159377098083,-0.04307640343904495,0.7877261638641357,0.5059351921081543,-0.031521912664175034,0.781324028968811,0.4236963987350464,-0.013786383904516697,0.7526105642318726,0.3690478205680847,-0.030555058270692825,0.7304588556289673,0.33929431438446045,-0.03251904249191284,0.7054862976074219,0.31518489122390747,-0.02836773917078972,Love you
0.8472833633422852,0.605120062828064,-4.6427663846770884e-07,0.7811763286590576,0.6185654997825623,-0.01618785411119461,0.7134921550750732,0.6034437417984009,-0.02548595704138279,0.66501384973526,0.5795603394508362,-0.037061385810375214,0.6276736259460449,0.5634469985961914,-0.044293008744716644,0.7268304228782654,0.4988296926021576,0.0015994091518223286,0.7085627317428589,0.45855411887168884,-0.025768708437681198,0.7302320003509521,0.49780702590942383,-0.04096595197916031,0.7509171366691589,0.5335010886192322,-0.044484950602054596,0.7554250955581665,0.47168534994125366,0.0003731385222636163,0.7382650375366211,0.4391792118549347,-0.03401460871100426,0.7616368532180786,0.49242058396339417,-0.04652874171733856,0.7814547419548035,0.5329630970954895,-0.04557885229587555,0.7843396663665771,0.45101213455200195,-0.005697160959243774,0.7708069682121277,0.4217042326927185,-0.038459572941064835,0.7877909541130066,0.47633400559425354,-0.040206559002399445,0.801701545715332,0.5179492831230164,-0.029645629227161407,0.813712477684021,0.43552592396736145,-0.012773587368428707,0.7984565496444702,0.37303364276885986,-0.028156695887446404,0.7835813164710999,0.33672863245010376,-0.02974567376077175,0.7655449509620667,0.30422043800354004,-0.0255575031042099,Love you
0.8476128578186035,0.6064978837966919,-4.566753375456756e-07,0.7807050943374634,0.6192634105682373,-0.01618078537285328,0.7132269740104675,0.6036636829376221,-0.02529752440750599,0.6646695137023926,0.5801197290420532,-0.03675410524010658,0.6273618936538696,0.5641555786132812,-0.04371250420808792,0.72695392370224,0.4989536702632904,0.002934214426204562,0.7091204524040222,0.4576072692871094,-0.024245308712124825,0.7316130995750427,0.4974346160888672,-0.03924771770834923,0.7524846196174622,0.5328327417373657,-0.042740631848573685,0.7556314468383789,0.4722079336643219,0.0016867120284587145,0.7391632199287415,0.4391888976097107,-0.03279523923993111,0.7632714509963989,0.4926759898662567,-0.04521526023745537,0.7828343510627747,0.5324665307998657,-0.04416141286492348,0.7845287322998047,0.45187434554100037,-0.004560102242976427,0.7709558606147766,0.4211890697479248,-0.037432875484228134,0.788463830947876,0.4758871793746948,-0.03880612179636955,0.8025034070014954,0.5172628164291382,-0.027946114540100098,0.8138204216957092,0.43659037351608276,-0.01187081541866064,0.7989696860313416,0.37342506647109985,-0.027425741776823997,0.7840487957000732,0.3368396461009979,-0.029025088995695114,0.7657897472381592,0.3039313554763794,-0.024810457602143288,Love you
0.8474006652832031,0.609562337398529,-4.5620976152349613e-07,0.781012237071991,0.620281994342804,-0.015870289877057076,0.714020311832428,0.6044906377792358,-0.024768773466348648,0.6654475331306458,0.5814339518547058,-0.03614967316389084,0.6283603310585022,0.5650366544723511,-0.04297088459134102,0.7275934815406799,0.5011244416236877,0.0037711821496486664,0.7095074653625488,0.4586445391178131,-0.023208001628518105,0.732940137386322,0.4987543225288391,-0.03828710690140724,0.753760039806366,0.5342647433280945,-0.04200536385178566,0.7562265396118164,0.47402223944664,0.0024429871700704098,0.7389348745346069,0.4401354491710663,-0.03194236010313034,0.7637845873832703,0.49344903230667114,-0.04464273899793625,0.7835685610771179,0.5331839323043823,-0.04394830763339996,0.7853087186813354,0.4532439112663269,-0.003835794748738408,0.7705525159835815,0.42111197113990784,-0.03622359782457352,0.7881428003311157,0.4759621024131775,-0.03732841834425926,0.8022912740707397,0.5179179310798645,-0.02649708464741707,0.8144502639770508,0.4379386901855469,-0.01124227698892355,0.7997182607650757,0.37466245889663696,-0.026462599635124207,0.7848193049430847,0.3379368484020233,-0.02805306576192379,0.7667849659919739,0.30496668815612793,-0.023982899263501167,Love you
0.8475635647773743,0.6096206903457642,-4.558087312034331e-07,0.780596911907196,0.6214067935943604,-0.015112223103642464,0.7133220434188843,0.6051726937294006,-0.023591022938489914,0.6651114821434021,0.5818462371826172,-0.034686338156461716,0.627991795539856,0.5661190748214722,-0.04128650948405266,0.7264513969421387,0.5011397004127502,0.0041780052706599236,0.7084631323814392,0.4585607945919037,-0.022172624245285988,0.7314809560775757,0.49911320209503174,-0.03663824498653412,0.7521475553512573,0.5349764227867126,-0.03989581763744354,0.7550835609436035,0.4739009141921997,0.00260399398393929,0.7382840514183044,0.44067391753196716,-0.031184911727905273,0.7624265551567078,0.4943532943725586,-0.04340250790119171,0.781782329082489,0.533989429473877,-0.042375121265649796,0.7840257883071899,0.45321062207221985,-0.0038678799755871296,0.7700520753860474,0.4213755428791046,-0.0360715277493,0.7873338460922241,0.4764045476913452,-0.0373234786093235,0.8011030554771423,0.5180602669715881,-0.026560502126812935,0.8131443858146667,0.43769556283950806,-0.011351209133863449,0.798611044883728,0.3738310635089874,-0.026309741660952568,0.7840143442153931,0.33735448122024536,-0.0277736596763134,0.7662190794944763,0.30458128452301025,-0.023597119376063347,Love you
0.845014750957489,0.6064876914024353,-4.569245675156708e-07,0.7788148522377014,0.6202976703643799,-0.015727223828434944,0.7115433216094971,0.6051977872848511,-0.024159325286746025,0.663627028465271,0.582406759262085,-0.035067323595285416,0.6270567178726196,0.565636157989502,-0.0417170412838459,0.7257588505744934,0.5007895827293396,0.0036488305777311325,0.708217978477478,0.4593043625354767,-0.022762378677725792,0.7302467823028564,0.49831047654151917,-0.03753676638007164,0.7506874203681946,0.5339866876602173,-0.04097846895456314,0.7547245025634766,0.4736054837703705,0.002309011295437813,0.7383685111999512,0.44038692116737366,-0.03183726966381073,0.7620052099227905,0.49344319105148315,-0.04472748562693596,0.7814991474151611,0.5339024066925049,-0.043961748480796814,0.7835528254508972,0.4528375566005707,-0.003904442535713315,0.770815372467041,0.42307692766189575,-0.03627819940447807,0.7876110672950745,0.4776676297187805,-0.038297008723020554,0.8008282780647278,0.5193360447883606,-0.027929820120334625,0.8125383257865906,0.43719786405563354,-0.011138699017465115,0.7977962493896484,0.3749249577522278,-0.02623259648680687,0.7834432125091553,0.3388025164604187,-0.027873937040567398,0.7658473253250122,0.3066098392009735,-0.023761894553899765,Love you
0.8453077673912048,0.606339156627655,-4.6543709686375223e-07,0.7791013717651367,0.6200568675994873,-0.016130516305565834,0.7121241688728333,0.6052539348602295,-0.02492339536547661,0.6642916202545166,0.5823517441749573,-0.036171939224004745,0.6277393102645874,0.5647207498550415,-0.04316195845603943,0.726555347442627,0.5007367134094238,0.002977789146825671,0.7083414793014526,0.45946836471557617,-0.023716650903224945,0.7297576665878296,0.4986787438392639,-0.03874984756112099,0.7500750422477722,0.5348607897758484,-0.04235811531543732,0.755324125289917,0.47363701462745667,0.0016834919806569815,0.738347589969635,0.4409915804862976,-0.032968249171972275,0.7619216442108154,0.49422332644462585,-0.04628753662109375,0.7818028330802917,0.5351397395133972,-0.04577934741973877,0.7840767502784729,0.4529973566532135,-0.00446307472884655,0.7708841562271118,0.42312291264533997,-0.03707132115960121,0.7873660922050476,0.4777136445045471,-0.03931295499205589,0.8006541728973389,0.5198250412940979,-0.029079440981149673,0.812883734703064,0.43745964765548706,-0.01167901512235403,0.7975549697875977,0.3752594590187073,-0.026993129402399063,0.7827070355415344,0.3388485312461853,-0.0288227628916502,0.7649980187416077,0.3065818250179291,-0.024798918515443802,Love you
0.8461673855781555,0.6087231636047363,-4.6133072828524746e-07,0.7796840071678162,0.6200610995292664,-0.01494413148611784,0.7122681736946106,0.604622483253479,-0.02319788932800293,0.6644835472106934,0.5817174315452576,-0.03406412526965141,0.6279922723770142,0.5654823780059814,-0.04047956317663193,0.7265499830245972,0.5020265579223633,0.004210677929222584,0.7077583074569702,0.46028050780296326,-0.02165551669895649,0.7304425835609436,0.5006570816040039,-0.035787444561719894,0.7510074973106384,0.5356932282447815,-0.03893080726265907,0.7551464438438416,0.47448548674583435,0.002795182866975665,0.7377503514289856,0.44166019558906555,-0.031055225059390068,0.7626317739486694,0.4951288402080536,-0.043196018785238266,0.782687246799469,0.5344147682189941,-0.042034950107336044,0.7841395139694214,0.45372843742370605,-0.00337585317902267,0.769497811794281,0.4213723838329315,-0.03533840924501419,0.7872444987297058,0.4763851463794708,-0.03627902641892433,0.8016170263290405,0.5182562470436096,-0.025296321138739586,0.8131166100502014,0.43829429149627686,-0.010542446747422218,0.798376739025116,0.37564748525619507,-0.02528906799852848,0.783461332321167,0.33940207958221436,-0.02671208046376705,0.7657179236412048,0.3068629503250122,-0.022501809522509575,Love you
0.8458019495010376,0.6081595420837402,-4.6114993779156066e-07,0.7797428369522095,0.6206432580947876,-0.015142245218157768,0.7121440768241882,0.6051323413848877,-0.02332782931625843,0.6643590927124023,0.5819549560546875,-0.03410051390528679,0.6278491020202637,0.5657729506492615,-0.04039253294467926,0.7263481020927429,0.5023677349090576,0.004070609342306852,0.7076601386070251,0.46041154861450195,-0.021813713014125824,0.7309663891792297,0.5008517503738403,-0.03583000972867012,0.7516195774078369,0.5357314944267273,-0.03887749835848808,0.7549614906311035,0.47460389137268066,0.0027624303475022316,0.7378718256950378,0.44196632504463196,-0.0311135221272707,0.7631402015686035,0.49535539746284485,-0.04311639443039894,0.7830791473388672,0.5342668294906616,-0.041876357048749924,0.7838543653488159,0.45377135276794434,-0.003340199589729309,0.7694621086120605,0.4215942323207855,-0.035421110689640045,0.7876039743423462,0.47672539949417114,-0.036228880286216736,0.8019582033157349,0.518332839012146,-0.02514403685927391,0.8127124309539795,0.43817761540412903,-0.010455944575369358,0.7981839776039124,0.375450074672699,-0.025282688438892365,0.7835781574249268,0.33924880623817444,-0.02664976194500923,0.7658983469009399,0.3066331744194031,-0.02240523137152195,Love you
0.8487634658813477,0.6093257069587708,-4.6328210601132014e-07,0.7821975350379944,0.6214507818222046,-0.015438125468790531,0.7144784331321716,0.6063743829727173,-0.02409699559211731,0.666421115398407,0.5831934213638306,-0.03518763184547424,0.6298770904541016,0.566415548324585,-0.041796911507844925,0.7265428304672241,0.5016088485717773,0.003233750117942691,0.7087433338165283,0.45996618270874023,-0.022945698350667953,0.7315552234649658,0.5002048015594482,-0.03733281418681145,0.7524749040603638,0.5352393388748169,-0.04065532237291336,0.7552648186683655,0.4743114113807678,0.0018576278816908598,0.7385282516479492,0.44207650423049927,-0.03199424222111702,0.7632571458816528,0.49548372626304626,-0.044293083250522614,0.7831511497497559,0.5347810983657837,-0.04329531639814377,0.7844448685646057,0.45348677039146423,-0.00429373886436224,0.7704263925552368,0.4222392439842224,-0.036476071923971176,0.7881272435188293,0.4773496687412262,-0.03766802325844765,0.8022015690803528,0.5191951990127563,-0.026846930384635925,0.8139551281929016,0.4380587935447693,-0.011433469131588936,0.7984284162521362,0.37543705105781555,-0.026553764939308167,0.7837038040161133,0.3391512632369995,-0.028013231232762337,0.765720009803772,0.30638301372528076,-0.023729735985398293,Love you
0.8460103273391724,0.6085518598556519,-4.567504277019907e-07,0.779599130153656,0.620354175567627,-0.015367507934570312,0.7124456167221069,0.6053915023803711,-0.02393096685409546,0.664851188659668,0.5832403898239136,-0.03514938801527023,0.6283227205276489,0.5665136575698853,-0.04190856218338013,0.7252916097640991,0.5008352398872375,0.005068143829703331,0.7087011337280273,0.46015849709510803,-0.02136847749352455,0.7324533462524414,0.49967652559280396,-0.03633548691868782,0.7536429762840271,0.5357431769371033,-0.0397934652864933,0.7545579671859741,0.47338688373565674,0.0036717241164296865,0.7383974194526672,0.441760778427124,-0.030575864017009735,0.7639902234077454,0.4948779344558716,-0.043597448617219925,0.7841325402259827,0.5356588363647461,-0.04281594231724739,0.7839516997337341,0.4525050222873688,-0.002642685314640403,0.7702179551124573,0.42260655760765076,-0.03501398488879204,0.7884081602096558,0.47733914852142334,-0.03683510795235634,0.8025174140930176,0.5197572708129883,-0.026194587349891663,0.8133394718170166,0.4371107220649719,-0.009954070672392845,0.7983397841453552,0.3747566342353821,-0.02465161494910717,0.7840215563774109,0.3385530114173889,-0.02604242041707039,0.7663819789886475,0.30649805068969727,-0.021699100732803345,Love you
0.8448262214660645,0.6073895692825317,-4.6359284056052275e-07,0.7783335447311401,0.6195393800735474,-0.01459440216422081,0.7118911743164062,0.6052563786506653,-0.0227999035269022,0.6649391651153564,0.5830917954444885,-0.03385700285434723,0.6287139058113098,0.5658955574035645,-0.04061570763587952,0.7254935503005981,0.5005924105644226,0.005570626817643642,0.7087407112121582,0.46013012528419495,-0.020660748705267906,0.7315227389335632,0.49994179606437683,-0.03552395477890968,0.752382218837738,0.5361782908439636,-0.03892295062541962,0.7546802163124084,0.47348785400390625,0.0038231397047638893,0.7382262945175171,0.441650390625,-0.03037729673087597,0.7631425857543945,0.4949740171432495,-0.04334244504570961,0.7832105755805969,0.5358666777610779,-0.042504698038101196,0.7838854193687439,0.4526192843914032,-0.0027423969004303217,0.7700923085212708,0.4223920702934265,-0.03508854657411575,0.7881166338920593,0.47713854908943176,-0.03679024055600166,0.8024196028709412,0.5193033218383789,-0.026034926995635033,0.8130922317504883,0.43721598386764526,-0.010245575569570065,0.7981721758842468,0.3749047517776489,-0.02484882064163685,0.7836120128631592,0.3390418291091919,-0.026032783091068268,0.765981912612915,0.3071794807910919,-0.021521776914596558,Love you
0.8455051779747009,0.6068279147148132,-4.6486829319292156e-07,0.7788187861442566,0.6199327111244202,-0.015753189101815224,0.7124238610267639,0.6059679388999939,-0.02452770248055458,0.6646571755409241,0.5831333994865417,-0.03597937151789665,0.6281951069831848,0.5665265321731567,-0.043058525770902634,0.7266838550567627,0.49935269355773926,0.004595071543008089,0.7086313962936401,0.45906075835227966,-0.021935610100626945,0.7313148379325867,0.4999096393585205,-0.03680886700749397,0.7524210214614868,0.5358012318611145,-0.040236324071884155,0.7553759813308716,0.4725598096847534,0.0033688487019389868,0.7386946678161621,0.4409603178501129,-0.03151477128267288,0.7628059983253479,0.495770663022995,-0.044815003871917725,0.7823523283004761,0.5370579361915588,-0.04406742379069328,0.7839338779449463,0.45207902789115906,-0.0027314091566950083,0.7701292634010315,0.42158371210098267,-0.03558644279837608,0.7875288724899292,0.4777694642543793,-0.03739616647362709,0.8014515042304993,0.520710289478302,-0.02656807377934456,0.8124672174453735,0.43691420555114746,-0.009861530736088753,0.7976802587509155,0.37505459785461426,-0.024865422397851944,0.7833298444747925,0.3392263352870941,-0.02629469335079193,0.7658761143684387,0.30682408809661865,-0.021835574880242348,Love you
0.845124363899231,0.606661319732666,-4.624226050964353e-07,0.7784555554389954,0.619617760181427,-0.015731239691376686,0.7122361063957214,0.6058471202850342,-0.024647902697324753,0.664607048034668,0.583026647567749,-0.03622175008058548,0.6280507445335388,0.5666508078575134,-0.043451938778162,0.7264756560325623,0.4995269775390625,0.0042739808559417725,0.708613932132721,0.4593381881713867,-0.022373870015144348,0.7312185168266296,0.49997133016586304,-0.03737153857946396,0.7525283098220825,0.5358595252037048,-0.04089624807238579,0.7551712393760681,0.4727635979652405,0.0030130278319120407,0.7385446429252625,0.4410765767097473,-0.03185870498418808,0.7626005411148071,0.49593663215637207,-0.045146841555833817,0.7823838591575623,0.5372636318206787,-0.04446513205766678,0.7838038802146912,0.4521946609020233,-0.0031081605702638626,0.7699893712997437,0.4215449392795563,-0.03597426041960716,0.787228524684906,0.4779107868671417,-0.03776514157652855,0.8012244701385498,0.5209657549858093,-0.02697642892599106,0.8124475479125977,0.4369491934776306,-0.010254357010126114,0.7977078557014465,0.37497755885124207,-0.025301869958639145,0.7832813858985901,0.3391624093055725,-0.02676411159336567,0.7658282518386841,0.30675575137138367,-0.0223626010119915,Love you
0.8455692529678345,0.6087480187416077,-4.6111881601973437e-07,0.7787595391273499,0.6194304823875427,-0.015069390647113323,0.7125242352485657,0.6056773066520691,-0.023985590785741806,0.6651630997657776,0.5836553573608398,-0.03557309880852699,0.6287912130355835,0.5667639374732971,-0.04283326864242554,0.7262776494026184,0.4995148777961731,0.00465921126306057,0.709216833114624,0.4602659046649933,-0.02147679217159748,0.7310988903045654,0.500191867351532,-0.03641529381275177,0.7518421411514282,0.5361449718475342,-0.04002387076616287,0.7547072172164917,0.47275012731552124,0.0032018274068832397,0.7381139993667603,0.4418189227581024,-0.030890805646777153,0.7623602151870728,0.49554964900016785,-0.043953098356723785,0.782496452331543,0.5364022850990295,-0.043358031660318375,0.7835477590560913,0.45220205187797546,-0.0029873752500861883,0.7694870233535767,0.42174670100212097,-0.035013262182474136,0.7868359684944153,0.47704529762268066,-0.036563578993082047,0.801270067691803,0.5199177861213684,-0.025894474238157272,0.8125957250595093,0.4372788369655609,-0.010169646702706814,0.7974452972412109,0.37513411045074463,-0.024787554517388344,0.7825487852096558,0.3393329977989197,-0.026072321459650993,0.7648425102233887,0.3073689639568329,-0.021654879674315453,Love you
0.8090843558311462,0.5797560811042786,-6.235259206732735e-07,0.7162880897521973,0.6076698899269104,-0.02005191333591938,0.6251530647277832,0.5949655175209045,-0.03153708204627037,0.5623775720596313,0.560302734375,-0.04686625674366951,0.5189415812492371,0.5226627588272095,-0.05604927986860275,0.6437810659408569,0.44826096296310425,0.007038137409836054,0.6118284463882446,0.39180606603622437,-0.028527673333883286,0.642667293548584,0.4452131986618042,-0.048406168818473816,0.6699110269546509,0.49002426862716675,-0.05349152535200119,0.682470977306366,0.4099373519420624,0.0037179586943238974,0.6522191762924194,0.3643132448196411,-0.042522136121988297,0.684267520904541,0.4360305666923523,-0.061061616986989975,0.7085717916488647,0.4856458008289337,-0.06124109774827957,0.7206570506095886,0.37953421473503113,-0.006143811624497175,0.6949930191040039,0.3399962782859802,-0.04961768910288811,0.7181386947631836,0.41676294803619385,-0.05130081623792648,0.7353706955909729,0.47224855422973633,-0.03710867837071419,0.7591790556907654,0.3554123640060425,-0.017547523602843285,0.7320312261581421,0.27156832814216614,-0.03902141749858856,0.7083144783973694,0.22346144914627075,-0.0410681888461113,0.6797322630882263,0.18045684695243835,-0.035320945084095,Love you
0.8094438910484314,0.5767582654953003,-6.117539328442945e-07,0.7192701101303101,0.6072625517845154,-0.02148810215294361,0.6273448467254639,0.5937345027923584,-0.03368383273482323,0.5630989074707031,0.5578596591949463,-0.04908718541264534,0.5186979174613953,0.5199772119522095,-0.058061081916093826,0.642988920211792,0.4466756582260132,0.0032673291862010956,0.6097935438156128,0.38916367292404175,-0.03261987119913101,0.6416053175926208,0.44265928864479065,-0.052565235644578934,0.6705074310302734,0.4864547550678253,-0.05816307291388512,0.6808294653892517,0.4069042503833771,0.0005727327079512179,0.6499780416488647,0.3587585687637329,-0.04627905413508415,0.6830641627311707,0.4320650100708008,-0.0640489012002945,0.709608793258667,0.4824267029762268,-0.06392215192317963,0.7190990447998047,0.37519651651382446,-0.008630059659481049,0.6927321553230286,0.3303528130054474,-0.0521097257733345,0.7157067060470581,0.4081966280937195,-0.05228699743747711,0.7340433597564697,0.4650321304798126,-0.03756242245435715,0.7585687637329102,0.3502896726131439,-0.019574681296944618,0.7329327464103699,0.26431208848953247,-0.04206039384007454,0.7101194262504578,0.21448802947998047,-0.044585105031728745,0.6821528077125549,0.16918009519577026,-0.039438098669052124,Love you
0.8042212128639221,0.5791980028152466,-6.101153644522128e-07,0.7152391672134399,0.6072474718093872,-0.021743370220065117,0.6247936487197876,0.5927598476409912,-0.03439871594309807,0.5613012313842773,0.5587032437324524,-0.050151336938142776,0.5168337821960449,0.5206445455551147,-0.05974484235048294,0.6403434872627258,0.4470948874950409,0.0010202766861766577,0.6101464033126831,0.3887016177177429,-0.03506672754883766,0.6392284631729126,0.4411904215812683,-0.05496137961745262,0.6664668321609497,0.486570805311203,-0.060334812849760056,0.6788294315338135,0.40796658396720886,-0.0017103982390835881,0.6498594284057617,0.35860201716423035,-0.04758938401937485,0.6796316504478455,0.4300743639469147,-0.06539923697710037,0.7044317722320557,0.4817066192626953,-0.06576676666736603,0.7175179123878479,0.3766188621520996,-0.010790565982460976,0.6929866671562195,0.33303725719451904,-0.05447234585881233,0.7151832580566406,0.40985795855522156,-0.05575283616781235,0.7326868176460266,0.4667940139770508,-0.04187785089015961,0.7569272518157959,0.35200992226600647,-0.021448295563459396,0.7316088080406189,0.26550450921058655,-0.04432499408721924,0.7089768648147583,0.21559523046016693,-0.04714138060808182,0.6815170049667358,0.1712867021560669,-0.042216960340738297,Love you
0.8069894313812256,0.5796592831611633,-6.141592052699707e-07,0.716761589050293,0.6075079441070557,-0.022244485095143318,0.6254115104675293,0.5936462879180908,-0.03559468686580658,0.5613373517990112,0.5591256022453308,-0.05210214853286743,0.5164591073989868,0.5211072564125061,-0.0622854121029377,0.640651524066925,0.446495920419693,0.0007317245472222567,0.6088910698890686,0.38636866211891174,-0.03566848486661911,0.6383625268936157,0.43881112337112427,-0.05560612678527832,0.6657759547233582,0.48490139842033386,-0.060874901711940765,0.6791022419929504,0.4075605571269989,-0.001973829697817564,0.649211049079895,0.35837650299072266,-0.04896313697099686,0.6805127263069153,0.4310682713985443,-0.06716431677341461,0.705538272857666,0.4833926856517792,-0.06720651686191559,0.7178382277488708,0.37631070613861084,-0.011072157882153988,0.6926771402359009,0.3330024480819702,-0.05542512238025665,0.7159126996994019,0.41088640689849854,-0.056768257170915604,0.733606219291687,0.46824032068252563,-0.042448971420526505,0.7574480772018433,0.35164132714271545,-0.0217890664935112,0.7312895655632019,0.2654677629470825,-0.04465096443891525,0.7085882425308228,0.21549692749977112,-0.047269441187381744,0.6808416843414307,0.17058971524238586,-0.041945748031139374,Love you
0.807255744934082,0.582878053188324,-6.069697064958746e-07,0.7153234481811523,0.6091335415840149,-0.020864157006144524,0.6236163973808289,0.5952463150024414,-0.032875992357730865,0.5591899156570435,0.5605788230895996,-0.04820588231086731,0.5148354172706604,0.5232705473899841,-0.057327836751937866,0.6410800218582153,0.44970977306365967,0.004486111458390951,0.6093401312828064,0.392990380525589,-0.030872270464897156,0.6395437717437744,0.4460941553115845,-0.05070888623595238,0.6666308641433716,0.49008986353874207,-0.05626078322529793,0.6792794466018677,0.41011443734169006,0.0015342036494985223,0.6478483080863953,0.3599909245967865,-0.04423027113080025,0.6782944202423096,0.4321514964103699,-0.062323056161403656,0.7036752104759216,0.4836009740829468,-0.06273528188467026,0.7175736427307129,0.37851494550704956,-0.007796590682119131,0.6905404925346375,0.3326132893562317,-0.0509030818939209,0.7121680974960327,0.410247266292572,-0.05196553096175194,0.7300186157226562,0.4683876037597656,-0.03788144141435623,0.756437361240387,0.3540307283401489,-0.01873280107975006,0.7305546998977661,0.26875773072242737,-0.040513258427381516,0.7076383233070374,0.21951432526111603,-0.042915355414152145,0.6801375150680542,0.17501357197761536,-0.037830956280231476,Love you
0.8096494674682617,0.5849838852882385,-6.197850552780437e-07,0.71864253282547,0.6121819019317627,-0.0208115316927433,0.6255290508270264,0.5965142250061035,-0.03231852129101753,0.5598003268241882,0.5595923662185669,-0.047102149575948715,0.5156260132789612,0.5217673182487488,-0.05526489391922951,0.6413999795913696,0.4510168135166168,0.005027312319725752,0.6082758903503418,0.3929935693740845,-0.03032786026597023,0.6413934230804443,0.4475040137767792,-0.04967740178108215,0.6692869067192078,0.4914703667163849,-0.054913222789764404,0.6785280108451843,0.41036781668663025,0.0023632002994418144,0.6464695334434509,0.36092644929885864,-0.04390237480401993,0.6800828576087952,0.43433547019958496,-0.06144116073846817,0.7057186365127563,0.4846796989440918,-0.061226632446050644,0.7166428565979004,0.37834620475769043,-0.006738282740116119,0.6889134049415588,0.3339805006980896,-0.04991879686713219,0.7117735147476196,0.4126656949520111,-0.05009302496910095,0.7292356491088867,0.4702182114124298,-0.03535762056708336,0.7555461525917053,0.35377174615859985,-0.017478540539741516,0.7301405668258667,0.2676088213920593,-0.039309725165367126,0.7074887752532959,0.21816018223762512,-0.041640352457761765,0.6790381669998169,0.1735435426235199,-0.03647809475660324,Love you
0.8058363199234009,0.5828354954719543,-6.156456606731808e-07,0.715262770652771,0.611581563949585,-0.021524647250771523,0.6237947344779968,0.5970765948295593,-0.03323838859796524,0.5590242743492126,0.5616182684898376,-0.048319436609745026,0.5156447887420654,0.5232884883880615,-0.056956611573696136,0.6399568319320679,0.45248571038246155,0.005011879839003086,0.6084544062614441,0.39385777711868286,-0.030852405354380608,0.6409836411476135,0.44820699095726013,-0.050465382635593414,0.6683711409568787,0.4921417832374573,-0.05564194545149803,0.6776224970817566,0.4120137393474579,0.0026336354203522205,0.646912157535553,0.36216074228286743,-0.04366254061460495,0.679239809513092,0.4357091784477234,-0.06118817254900932,0.7037545442581177,0.48584219813346863,-0.060980744659900665,0.7158994078636169,0.38000160455703735,-0.006361476145684719,0.6896666884422302,0.33454522490501404,-0.05026897042989731,0.7128625512123108,0.41266876459121704,-0.05065909028053284,0.730231523513794,0.46959030628204346,-0.035772789269685745,0.7551566362380981,0.35479992628097534,-0.017017919570207596,0.729430615901947,0.26888811588287354,-0.03929118067026138,0.7067746520042419,0.22013288736343384,-0.04155238717794418,0.6785294413566589,0.17589884996414185,-0.03609404340386391,Love you
0.8072709441184998,0.58352130651474,-6.197615221026354e-07,0.7158716320991516,0.6122875809669495,-0.020379358902573586,0.6240133047103882,0.5972524881362915,-0.03135933727025986,0.559099018573761,0.5608930587768555,-0.04594327509403229,0.5152360200881958,0.5235294103622437,-0.05424436181783676,0.6401620507240295,0.452849417924881,0.006852099671959877,0.6092786192893982,0.39414575695991516,-0.028458449989557266,0.6418037414550781,0.446961909532547,-0.04811148717999458,0.6693661212921143,0.4914955496788025,-0.0533052459359169,0.6775907874107361,0.41225680708885193,0.004023278597742319,0.6466010212898254,0.3613055348396301,-0.04188625514507294,0.679203450679779,0.43426212668418884,-0.05984627455472946,0.7041724920272827,0.48573121428489685,-0.0597541406750679,0.7156819105148315,0.37977927923202515,-0.005280106794089079,0.6893368363380432,0.33461809158325195,-0.04871639236807823,0.7131276726722717,0.41230258345603943,-0.04948234558105469,0.7309185266494751,0.4694958031177521,-0.034776896238327026,0.7550798654556274,0.3542221784591675,-0.016145171597599983,0.7295756340026855,0.2686336636543274,-0.03774061053991318,0.7072649598121643,0.21992754936218262,-0.039677806198596954,0.6791748404502869,0.17598795890808105,-0.0340149849653244,Love you
0.8072123527526855,0.586872935295105,-6.194624120325898e-07,0.7156885862350464,0.613279402256012,-0.020446693524718285,0.6240247488021851,0.5969754457473755,-0.03162819892168045,0.5593281984329224,0.5603753924369812,-0.04627111554145813,0.515089750289917,0.52327561378479,-0.0545254610478878,0.641437292098999,0.4517003893852234,0.006476530805230141,0.6087674498558044,0.3931663930416107,-0.02907140739262104,0.6408067941665649,0.4470124840736389,-0.04895501956343651,0.6688385009765625,0.491651713848114,-0.05433104932308197,0.6789447069168091,0.41203659772872925,0.0036463686265051365,0.6474618315696716,0.36204513907432556,-0.04254584386944771,0.6801804304122925,0.43535512685775757,-0.06060853973031044,0.7056305408477783,0.4864981472492218,-0.060651086270809174,0.7171435356140137,0.38045525550842285,-0.0056717293336987495,0.6901668310165405,0.33569520711898804,-0.04883674532175064,0.7131885290145874,0.413034588098526,-0.049382951110601425,0.7309966683387756,0.4700574576854706,-0.03476940095424652,0.7564237117767334,0.355739563703537,-0.016591466963291168,0.7307146191596985,0.26975107192993164,-0.03817077353596687,0.7079469561576843,0.2203787863254547,-0.04019784554839134,0.6796094179153442,0.1758166253566742,-0.03472239896655083,Love you
0.8060266971588135,0.5836650729179382,-6.106513978920702e-07,0.7153521776199341,0.611613929271698,-0.021108102053403854,0.6236890554428101,0.5959173440933228,-0.032566241919994354,0.559015691280365,0.5599711537361145,-0.047423217445611954,0.5151014924049377,0.5219122767448425,-0.05578095093369484,0.6399961113929749,0.4517040252685547,0.005968786776065826,0.6067262291908264,0.39415016770362854,-0.029553629457950592,0.6391294002532959,0.4480709135532379,-0.04929246008396149,0.6670457124710083,0.4912959635257721,-0.05468807741999626,0.6773309111595154,0.41158443689346313,0.0033316107001155615,0.6459037065505981,0.3619180917739868,-0.042735930532217026,0.6780908703804016,0.43463972210884094,-0.060556840151548386,0.7032208442687988,0.48473140597343445,-0.06057652086019516,0.7155658006668091,0.37986376881599426,-0.005893859546631575,0.6883382201194763,0.3350367546081543,-0.04890022054314613,0.7109673619270325,0.41298526525497437,-0.04911881312727928,0.728688657283783,0.4699292480945587,-0.03441931679844856,0.7550111413002014,0.3551023304462433,-0.016862589865922928,0.7291871309280396,0.26973533630371094,-0.038512371480464935,0.7063918709754944,0.22070229053497314,-0.040647197514772415,0.6783806681632996,0.17624592781066895,-0.03530912473797798,Love you
0.8062160015106201,0.5851449966430664,-6.12431620083953e-07,0.7152885794639587,0.6122118830680847,-0.020774396136403084,0.623502790927887,0.5962589383125305,-0.03194893151521683,0.5585628747940063,0.5598140358924866,-0.04652702435851097,0.5146641731262207,0.5216636061668396,-0.05463423207402229,0.6404986381530762,0.45251408219337463,0.0064238449558615685,0.6073124408721924,0.39446043968200684,-0.02869935892522335,0.6395388841629028,0.4479495882987976,-0.04825417324900627,0.6670891642570496,0.49107199907302856,-0.0536971390247345,0.6776509881019592,0.4122971296310425,0.003698130138218403,0.6460297703742981,0.36191701889038086,-0.04183792322874069,0.6780729293823242,0.4344887137413025,-0.05959884822368622,0.7028396725654602,0.4845198094844818,-0.05979152023792267,0.7158334851264954,0.3804837167263031,-0.005545673426240683,0.688270092010498,0.33499377965927124,-0.0483025498688221,0.71097731590271,0.41274935007095337,-0.04847952723503113,0.7285914421081543,0.4697350561618805,-0.03391971439123154,0.755178689956665,0.3558030128479004,-0.01649360917508602,0.7296435832977295,0.27025163173675537,-0.03809018060564995,0.7070653438568115,0.22128400206565857,-0.0401819609105587,0.679178774356842,0.1770043671131134,-0.03491709381341934,Love you
0.8052337765693665,0.584389865398407,-6.141964377093245e-07,0.7155828475952148,0.6124977469444275,-0.02252638339996338,0.6238465309143066,0.5967001914978027,-0.03524994105100632,0.5587043762207031,0.5610271692276001,-0.05097866430878639,0.5149058103561401,0.5217317938804626,-0.06005559861660004,0.6395694613456726,0.45024529099464417,0.0025428638327866793,0.6058511137962341,0.3922286331653595,-0.033935919404029846,0.6381331086158752,0.4467737078666687,-0.053818222135305405,0.6661667823791504,0.4906166195869446,-0.05920601263642311,0.6766912341117859,0.4102744162082672,0.0003795563243329525,0.6455336213111877,0.36080777645111084,-0.046428132802248,0.6781205534934998,0.43447959423065186,-0.0638136938214302,0.7029092311859131,0.4847572445869446,-0.06337089091539383,0.7150045037269592,0.37927907705307007,-0.008394819684326649,0.6887004971504211,0.3353419005870819,-0.05214167758822441,0.7118352055549622,0.4137789011001587,-0.051986418664455414,0.7290096879005432,0.47056570649147034,-0.0369192436337471,0.7543839812278748,0.3555995225906372,-0.0189493540674448,0.7283709049224854,0.2708030939102173,-0.0413370244204998,0.7057843208312988,0.22185780107975006,-0.04338224604725838,0.6774789094924927,0.17702314257621765,-0.037810202687978745,Love you
0.8053178787231445,0.5829242467880249,-6.118395958765177e-07,0.7154210209846497,0.611067533493042,-0.022124212235212326,0.6237887144088745,0.5964697599411011,-0.034704212099313736,0.5583325624465942,0.5611392855644226,-0.050416000187397,0.5145645141601562,0.5223181843757629,-0.05958540365099907,0.6393131017684937,0.45156431198120117,0.003433543723076582,0.6058610677719116,0.3926142454147339,-0.0327174998819828,0.6379966139793396,0.4453027546405792,-0.05269103869795799,0.6659471392631531,0.48914459347724915,-0.05816257372498512,0.6763295531272888,0.411173552274704,0.00112727633677423,0.6453778743743896,0.3611771762371063,-0.045392151921987534,0.6781367063522339,0.4337451159954071,-0.0631694346666336,0.7030052542686462,0.4845776855945587,-0.06299369037151337,0.7144543528556824,0.3793729841709137,-0.007733234204351902,0.6881486773490906,0.33493372797966003,-0.05133243277668953,0.7117352485656738,0.41282638907432556,-0.05162879079580307,0.7292471528053284,0.4700161814689636,-0.0367983914911747,0.7538928985595703,0.35485947132110596,-0.018327409401535988,0.7279207110404968,0.27018338441848755,-0.04049021005630493,0.705323338508606,0.22118131816387177,-0.042598921805620193,0.6770244240760803,0.1767614781856537,-0.03708977997303009,Love you
0.8042970895767212,0.5859628319740295,-6.11289806329296e-07,0.7125689387321472,0.6119415760040283,-0.019875962287187576,0.6213495135307312,0.5967516899108887,-0.031105831265449524,0.5571123957633972,0.5612251162528992,-0.046267230063676834,0.5126107931137085,0.5237047076225281,-0.0552799291908741,0.640973687171936,0.4520243704319,0.008239703252911568,0.6065772771835327,0.39598220586776733,-0.02787819504737854,0.6380139589309692,0.44782203435897827,-0.04871688410639763,0.6664451956748962,0.49173980951309204,-0.054664649069309235,0.6776369214057922,0.41228383779525757,0.004562591668218374,0.644336462020874,0.36200910806655884,-0.04230943322181702,0.6764571666717529,0.43362581729888916,-0.06141306087374687,0.7027412056922913,0.48531195521354675,-0.06191344931721687,0.7152403593063354,0.3802339434623718,-0.005713123362511396,0.6865197420120239,0.33538419008255005,-0.049423351883888245,0.7101612687110901,0.412447988986969,-0.05038594454526901,0.7294426560401917,0.4697687327861786,-0.035752154886722565,0.7541217803955078,0.35504043102264404,-0.017655881121754646,0.7280876040458679,0.26957595348358154,-0.03933463990688324,0.7049887776374817,0.2199675738811493,-0.04126071557402611,0.6770920753479004,0.1756439507007599,-0.035646237432956696,Love you
0.8058382272720337,0.5847283601760864,-6.173568181111477e-07,0.7137356996536255,0.6118916273117065,-0.01965165324509144,0.6215946674346924,0.5964459180831909,-0.030595766380429268,0.5571452975273132,0.560189425945282,-0.04562800005078316,0.5123205184936523,0.5233848094940186,-0.05437273159623146,0.6411184668540955,0.4519217312335968,0.008822878822684288,0.6064391732215881,0.3953135013580322,-0.02729617990553379,0.6381280422210693,0.4485532343387604,-0.04803437739610672,0.6667261719703674,0.49320754408836365,-0.05376889929175377,0.6777211427688599,0.4121364653110504,0.0051981001161038876,0.6442914605140686,0.3626120090484619,-0.042091015726327896,0.6769437193870544,0.43497374653816223,-0.061088401824235916,0.7037409543991089,0.48670679330825806,-0.061271581798791885,0.7151713371276855,0.3800996243953705,-0.005086812190711498,0.6863017678260803,0.3350200653076172,-0.04846947267651558,0.7095891833305359,0.41282373666763306,-0.04921616241335869,0.728832483291626,0.4707556664943695,-0.034373171627521515,0.7539642453193665,0.35481134057044983,-0.017138158902525902,0.7281309962272644,0.2688804566860199,-0.03846776857972145,0.7048311829566956,0.21926358342170715,-0.040576230734586716,0.6766829490661621,0.17531198263168335,-0.03507990017533302,Love you
0.8024049997329712,0.5852066278457642,-6.23461176019191e-07,0.7109379172325134,0.613042414188385,-0.01998923346400261,0.6205850839614868,0.5976666808128357,-0.031157776713371277,0.5566850900650024,0.5620594024658203,-0.04621818661689758,0.5131012201309204,0.5230715870857239,-0.0551123172044754,0.6398049592971802,0.45403581857681274,0.007733070757240057,0.6071323752403259,0.39869970083236694,-0.028070436790585518,0.6384624242782593,0.4523879885673523,-0.04815686121582985,0.6662902235984802,0.4955741763114929,-0.05373284965753555,0.6768614649772644,0.4139367640018463,0.004281562753021717,0.6449557542800903,0.36539655923843384,-0.04177241772413254,0.6768500804901123,0.4393271803855896,-0.05965103581547737,0.7024139165878296,0.4892767369747162,-0.05977574363350868,0.714738667011261,0.3817119598388672,-0.005825447849929333,0.6865473389625549,0.33759742975234985,-0.04953610897064209,0.7094268202781677,0.41655072569847107,-0.04997885972261429,0.727973222732544,0.47324737906455994,-0.035246144980192184,0.7536333203315735,0.35643815994262695,-0.017576323822140694,0.7284262180328369,0.2701132893562317,-0.03970807045698166,0.7054170966148376,0.22108182311058044,-0.04190394654870033,0.6773889660835266,0.1767655909061432,-0.03656342253088951,Love you
0.8034701943397522,0.5859860181808472,-6.248894237614877e-07,0.7120357155799866,0.613395631313324,-0.020262358710169792,0.621170699596405,0.5977182388305664,-0.031519707292318344,0.5568801760673523,0.5612505078315735,-0.04660183563828468,0.5128511190414429,0.5228011608123779,-0.05534382537007332,0.6401758790016174,0.45363038778305054,0.007331965025514364,0.606879472732544,0.39669114351272583,-0.028223618865013123,0.6383299827575684,0.45136553049087524,-0.04798309504985809,0.6658129692077637,0.4952220022678375,-0.05339687690138817,0.6771308183670044,0.41353344917297363,0.004075934644788504,0.6447359323501587,0.36472877860069275,-0.04224454239010811,0.6768798232078552,0.4392302930355072,-0.05995095521211624,0.7023895382881165,0.4894353151321411,-0.05980318412184715,0.7150349617004395,0.3816295266151428,-0.0058172717690467834,0.6864163279533386,0.3375284671783447,-0.04940936341881752,0.7092283368110657,0.41650235652923584,-0.04954583942890167,0.7277401685714722,0.4731925427913666,-0.03457219526171684,0.7540686726570129,0.35654622316360474,-0.017420077696442604,0.7288075089454651,0.27001816034317017,-0.03940881788730621,0.705611526966095,0.22094357013702393,-0.041540034115314484,0.6773895621299744,0.17665338516235352,-0.036133505403995514,Love you
0.7924605011940002,0.6452497243881226,-6.159040708553221e-07,0.7040697932243347,0.6192579865455627,-0.027183910831809044,0.6254568099975586,0.5573227405548096,-0.04261896386742592,0.5733087062835693,0.4878711998462677,-0.05969426780939102,0.53868567943573,0.4292903244495392,-0.06995920836925507,0.6806670427322388,0.4316142499446869,-0.005592347588390112,0.6742979884147644,0.3591132164001465,-0.04199925810098648,0.6845659613609314,0.4265974462032318,-0.061864715069532394,0.6926810145378113,0.4834619462490082,-0.0678398460149765,0.7301768064498901,0.4165920615196228,-0.005629447288811207,0.7243149280548096,0.35799914598464966,-0.05223626270890236,0.7275906801223755,0.4427591562271118,-0.07025079429149628,0.7298364043235779,0.50315260887146,-0.07127959281206131,0.7763821482658386,0.4106403589248657,-0.01206582598388195,0.7722235918045044,0.3603340685367584,-0.05631252005696297,0.7676319479942322,0.4399939775466919,-0.057809267193078995,0.7639709115028381,0.49799245595932007,-0.044584859162569046,0.8205260634422302,0.41137170791625977,-0.020364515483379364,0.8261064291000366,0.3206510543823242,-0.04401571676135063,0.8232898116111755,0.26171204447746277,-0.04723180830478668,0.8147925138473511,0.2033962607383728,-0.04274817183613777,Love you
0.803675651550293,0.6471756100654602,-6.215789198904531e-07,0.7157502770423889,0.6176344156265259,-0.028166992589831352,0.6374424695968628,0.5510933995246887,-0.04355005547404289,0.5873810052871704,0.47780749201774597,-0.06029906123876572,0.5569995045661926,0.4147751033306122,-0.06997047364711761,0.6960568428039551,0.42566466331481934,-0.0061350492760539055,0.6917740106582642,0.3515779972076416,-0.04285036772489548,0.6994329690933228,0.42133814096450806,-0.06281716376543045,0.7059612274169922,0.4803699553012848,-0.06869340687990189,0.7461877465248108,0.41283169388771057,-0.005704822018742561,0.7423558831214905,0.3523489832878113,-0.05240419879555702,0.7426936626434326,0.4371749758720398,-0.0705048218369484,0.7429004907608032,0.49874159693717957,-0.07139276713132858,0.792587399482727,0.40875735878944397,-0.011822991073131561,0.7904020547866821,0.3569399118423462,-0.05638974905014038,0.7833917140960693,0.4372166395187378,-0.05835499241948128,0.7776322364807129,0.4958057999610901,-0.045197758823633194,0.8366931676864624,0.41183608770370483,-0.01984318718314171,0.8447249531745911,0.3209490180015564,-0.04405461251735687,0.8433851003646851,0.2613909840583801,-0.04793912544846535,0.8362653255462646,0.20230108499526978,-0.04371738061308861,Love you
0.8039403557777405,0.6459169387817383,-6.297386789810844e-07,0.716974675655365,0.618610143661499,-0.030175495892763138,0.6386198401451111,0.552899956703186,-0.046680524945259094,0.5884518623352051,0.47837957739830017,-0.06420660018920898,0.5573152899742126,0.41455796360969543,-0.07441690564155579,0.6964713931083679,0.4244040250778198,-0.008044627495110035,0.6952447295188904,0.3518349826335907,-0.046411413699388504,0.7038708329200745,0.4231998324394226,-0.06699078530073166,0.709955632686615,0.481685072183609,-0.07305467128753662,0.7472802996635437,0.4118632376194,-0.006995194125920534,0.7449718713760376,0.3517293334007263,-0.05540609359741211,0.7454493641853333,0.4398650527000427,-0.07366237789392471,0.7446675896644592,0.5004823803901672,-0.0743175819516182,0.7941823601722717,0.4081411063671112,-0.012766229920089245,0.7936594486236572,0.3556879758834839,-0.059448324143886566,0.785908579826355,0.43760254979133606,-0.06137078255414963,0.7782407402992249,0.49550509452819824,-0.04758194088935852,0.8385127782821655,0.41158631443977356,-0.02047858200967312,0.8460396528244019,0.3203308582305908,-0.045919857919216156,0.8450233340263367,0.26157498359680176,-0.04977809637784958,0.8378264904022217,0.20198774337768555,-0.045123178511857986,Love you
0.8037419319152832,0.6460001468658447,-6.335774855870113e-07,0.7164972424507141,0.6184093952178955,-0.03049260377883911,0.6384990215301514,0.5520402789115906,-0.04691243916749954,0.5884299278259277,0.477940171957016,-0.06433446705341339,0.5572072267532349,0.4148074984550476,-0.07430210709571838,0.695421576499939,0.4247599244117737,-0.008296203799545765,0.6959037780761719,0.3512590825557709,-0.04706208407878876,0.7044029831886292,0.4238438904285431,-0.06748801469802856,0.7096609473228455,0.48224544525146484,-0.07328633964061737,0.7466119527816772,0.41257405281066895,-0.007028259336948395,0.746135413646698,0.35185950994491577,-0.055681537836790085,0.7462263107299805,0.4407716393470764,-0.07347571104764938,0.7442605495452881,0.5005868077278137,-0.07371507585048676,0.7937765121459961,0.4087168872356415,-0.012691139243543148,0.7946439981460571,0.35442638397216797,-0.05966324359178543,0.7868156433105469,0.4363788366317749,-0.06103866174817085,0.7784481048583984,0.49380677938461304,-0.04668675735592842,0.8383240699768066,0.41196686029434204,-0.020339876413345337,0.8464357852935791,0.3199029266834259,-0.04587148502469063,0.8455752730369568,0.2610260546207428,-0.049502670764923096,0.8381913900375366,0.20123091340065002,-0.04453573003411293,Love you
0.8038541078567505,0.6463532447814941,-6.406584134310833e-07,0.7166743874549866,0.6185872554779053,-0.02988089621067047,0.6386047601699829,0.5515193939208984,-0.04587298631668091,0.5886075496673584,0.47732439637184143,-0.06296401470899582,0.557124674320221,0.4146597683429718,-0.07265277951955795,0.6954587697982788,0.424664705991745,-0.008012337610125542,0.6956528425216675,0.35113927721977234,-0.046646758913993835,0.7042652368545532,0.42391666769981384,-0.06687713414430618,0.7097575068473816,0.4820881485939026,-0.07256823778152466,0.7465742230415344,0.41256141662597656,-0.007010577712208033,0.7459900975227356,0.3517799377441406,-0.05538911372423172,0.7460756897926331,0.4408676028251648,-0.07280988991260529,0.7441911101341248,0.5005555748939514,-0.07288863509893417,0.7937020659446716,0.4087062478065491,-0.012902125716209412,0.794436514377594,0.35406243801116943,-0.059764355421066284,0.7867913246154785,0.43615537881851196,-0.06084652990102768,0.7786228060722351,0.4936161935329437,-0.04636544734239578,0.8382705450057983,0.4119530916213989,-0.02073649689555168,0.8464940190315247,0.31970542669296265,-0.046265192329883575,0.8456353545188904,0.26112768054008484,-0.049756553024053574,0.8381865620613098,0.20165985822677612,-0.0447186641395092,Love you
0.8029910326004028,0.647046685218811,-6.201834708008391e-07,0.7158392071723938,0.6169883012771606,-0.02840704657137394,0.6385204195976257,0.5515981912612915,-0.04428034648299217,0.5890504121780396,0.47953757643699646,-0.06168979033827782,0.5585355162620544,0.41626593470573425,-0.07189010828733444,0.6977991461753845,0.4246460497379303,-0.0050965361297130585,0.6950604915618896,0.35226213932037354,-0.04278517886996269,0.7020862102508545,0.4228585362434387,-0.06349389255046844,0.7078350186347961,0.48132798075675964,-0.06971698999404907,0.7482544183731079,0.412685364484787,-0.005071856547147036,0.7447783946990967,0.35126495361328125,-0.05290261656045914,0.7439159154891968,0.4370694160461426,-0.07137949764728546,0.7432097792625427,0.49944767355918884,-0.07217481732368469,0.7948985695838928,0.4087880253791809,-0.011897405609488487,0.7931953072547913,0.3539416193962097,-0.05751626193523407,0.7845942974090576,0.43417632579803467,-0.05944972485303879,0.7773824334144592,0.4937370717525482,-0.04583783075213432,0.8390282988548279,0.41219937801361084,-0.020697614178061485,0.8473475575447083,0.3204781413078308,-0.045311570167541504,0.845940113067627,0.26061952114105225,-0.049223244190216064,0.838742196559906,0.20157048106193542,-0.044807251542806625,Love you
0.8036541938781738,0.647463858127594,-6.309477385002538e-07,0.7159547805786133,0.6185232996940613,-0.02963397465646267,0.637758195400238,0.5509449243545532,-0.04579891264438629,0.588841438293457,0.4770723581314087,-0.06308841705322266,0.5582873225212097,0.4138849973678589,-0.07308578491210938,0.6967724561691284,0.42325320839881897,-0.008279376663267612,0.6963099241256714,0.3513747751712799,-0.046392615884542465,0.7032167315483093,0.42269331216812134,-0.06658198684453964,0.7080047726631165,0.48226743936538696,-0.07221025973558426,0.7479386329650879,0.41156551241874695,-0.007437156513333321,0.7457334995269775,0.3511793613433838,-0.05567745491862297,0.745453953742981,0.4384613335132599,-0.07359245419502258,0.7445380091667175,0.5010283589363098,-0.07386565208435059,0.7953081130981445,0.40801191329956055,-0.013369821943342686,0.7946828603744507,0.3541244864463806,-0.05968564376235008,0.7863478660583496,0.43551912903785706,-0.061568163335323334,0.7783991694450378,0.49525028467178345,-0.04767546430230141,0.8400776386260986,0.41173088550567627,-0.021227063611149788,0.8485673666000366,0.3195144832134247,-0.046496354043483734,0.847126841545105,0.26005980372428894,-0.05063125863671303,0.8389822840690613,0.20082518458366394,-0.046178802847862244,Love you
0.8040692210197449,0.6457746028900146,-6.264725698201801e-07,0.7160125970840454,0.6175596117973328,-0.02878732979297638,0.6383782625198364,0.5503102540969849,-0.04454099014401436,0.5894780158996582,0.476618230342865,-0.06166550889611244,0.5583997368812561,0.4134116768836975,-0.07162357866764069,0.6974552869796753,0.424398809671402,-0.007658413145691156,0.6962122321128845,0.35085511207580566,-0.04574189335107803,0.7041501402854919,0.42108339071273804,-0.06596051156520844,0.7098343968391418,0.4797930121421814,-0.0715913474559784,0.7486066222190857,0.41258546710014343,-0.007339385338127613,0.7463894486427307,0.35063475370407104,-0.05507703498005867,0.7464433312416077,0.43650761246681213,-0.07269393652677536,0.7457427978515625,0.4974069893360138,-0.07293552160263062,0.795785129070282,0.4084756076335907,-0.013789458200335503,0.7956022024154663,0.35366082191467285,-0.0597103089094162,0.7875750660896301,0.43389180302619934,-0.06143179163336754,0.7799895405769348,0.4919601380825043,-0.04757896438241005,0.8401371240615845,0.4112328290939331,-0.022144043818116188,0.8489598631858826,0.318534791469574,-0.047171059995889664,0.8474813103675842,0.25868427753448486,-0.051041144877672195,0.8396248817443848,0.19915249943733215,-0.046468865126371384,Love you
0.804128885269165,0.6456871032714844,-6.266434979806945e-07,0.7167409062385559,0.6165624856948853,-0.029029907658696175,0.6387920379638672,0.5508493185043335,-0.04525625705718994,0.5888986587524414,0.4779208302497864,-0.06289247423410416,0.55842524766922,0.41432446241378784,-0.07331017404794693,0.6972302198410034,0.4235982596874237,-0.007202358450740576,0.6959978938102722,0.35091012716293335,-0.04558982327580452,0.704190731048584,0.4216414988040924,-0.06623465567827225,0.7100566029548645,0.48045021295547485,-0.07215248793363571,0.7485416531562805,0.41188183426856995,-0.006950818933546543,0.7462062239646912,0.34968847036361694,-0.05482485517859459,0.746167004108429,0.4361185133457184,-0.0728369653224945,0.7450472712516785,0.4975659251213074,-0.07328961789608002,0.7958980798721313,0.4079330563545227,-0.013533784076571465,0.7953574657440186,0.3534122109413147,-0.059659820050001144,0.7875143885612488,0.43373289704322815,-0.06159861013293266,0.7797874212265015,0.49200838804244995,-0.047790978103876114,0.8404407501220703,0.4110422432422638,-0.022032149136066437,0.8487014174461365,0.3181529939174652,-0.04704248160123825,0.8473710417747498,0.2584245800971985,-0.0508306547999382,0.8397207856178284,0.19923391938209534,-0.046142660081386566,Love you
0.8050263524055481,0.6467291116714478,-6.34558944057062e-07,0.7171282768249512,0.6180744171142578,-0.029019461944699287,0.6391006112098694,0.5496249794960022,-0.044563550502061844,0.5903894901275635,0.47432857751846313,-0.06127412989735603,0.5585916042327881,0.411342978477478,-0.07074448466300964,0.6971017718315125,0.4223950207233429,-0.008429842069745064,0.6972044706344604,0.3496173918247223,-0.046252407133579254,0.7052670121192932,0.4206545650959015,-0.06614509969949722,0.7101449966430664,0.47951653599739075,-0.07169724255800247,0.7485767602920532,0.4100545346736908,-0.007718960288912058,0.7471740245819092,0.34895068407058716,-0.055238742381334305,0.7470430731773376,0.4356496334075928,-0.07281672954559326,0.7454530000686646,0.49646157026290894,-0.07327145338058472,0.7960284948348999,0.4059184491634369,-0.01360217947512865,0.7962511777877808,0.3509490489959717,-0.05958060175180435,0.7887771725654602,0.43187928199768066,-0.06099645420908928,0.7810088992118835,0.49019959568977356,-0.047043535858392715,0.8406075835227966,0.4092228412628174,-0.021339362487196922,0.8490210175514221,0.3168337941169739,-0.046531450003385544,0.8480846285820007,0.2581045627593994,-0.05015711858868599,0.8405372500419617,0.1989879310131073,-0.04537808895111084,Love you
0.8049501180648804,0.6462621092796326,-6.328691029011679e-07,0.7173744440078735,0.617154598236084,-0.029351847246289253,0.6386268734931946,0.5493742823600769,-0.045014478266239166,0.5894045829772949,0.4748220443725586,-0.06169311702251434,0.5591485500335693,0.41210782527923584,-0.07095764577388763,0.6965004205703735,0.4221749007701874,-0.009207923896610737,0.6970860362052917,0.349972128868103,-0.046586282551288605,0.7055884599685669,0.4217177629470825,-0.06562745571136475,0.7105536460876465,0.4806491434574127,-0.07063475996255875,0.7483575940132141,0.4097922146320343,-0.008280031383037567,0.7470974922180176,0.3488253057003021,-0.055694907903671265,0.7474035024642944,0.4363878667354584,-0.07266291230916977,0.7456558346748352,0.49758380651474,-0.07258104532957077,0.7959790825843811,0.40558484196662903,-0.013942660763859749,0.7959608435630798,0.3509358763694763,-0.06003637611865997,0.7889517545700073,0.4322085976600647,-0.061336200684309006,0.7812365889549255,0.4909413754940033,-0.04719403013586998,0.8406742811203003,0.4090685248374939,-0.021439451724290848,0.8492017388343811,0.3166322708129883,-0.04684273153543472,0.8482962250709534,0.25800269842147827,-0.050719667226076126,0.8403722643852234,0.19936999678611755,-0.04606892913579941,Love you
0.8035417199134827,0.6432083249092102,-6.348450369841885e-07,0.7158847451210022,0.6153510212898254,-0.02824801579117775,0.6382583975791931,0.548599898815155,-0.04344318062067032,0.5895797610282898,0.47499212622642517,-0.06004105135798454,0.5588859915733337,0.41273581981658936,-0.06946036964654922,0.697494387626648,0.4230347275733948,-0.006643191445618868,0.6976488828659058,0.3491145074367523,-0.04439576715230942,0.7046164274215698,0.41955065727233887,-0.06440301239490509,0.7089681625366211,0.4776102602481842,-0.06996718794107437,0.7484809160232544,0.41132140159606934,-0.006296614650636911,0.7477020025253296,0.3496377468109131,-0.05311835557222366,0.7463663816452026,0.4353625774383545,-0.07017955929040909,0.7440184950828552,0.4947042465209961,-0.07041795551776886,0.7955336570739746,0.4072377681732178,-0.0127026978880167,0.7959639430046082,0.35265398025512695,-0.05830323323607445,0.7880172729492188,0.4331786334514618,-0.05948769301176071,0.7802994251251221,0.4905278980731964,-0.045465659350156784,0.8400436639785767,0.41013842821121216,-0.020966118201613426,0.8493165373802185,0.3177525997161865,-0.04587443917989731,0.847834050655365,0.25858813524246216,-0.049365684390068054,0.8398144245147705,0.19934412837028503,-0.04457544907927513,Love you
0.803493857383728,0.6453002691268921,-6.349925456561323e-07,0.7167842984199524,0.6159334778785706,-0.028720388188958168,0.63912034034729,0.5496068000793457,-0.04454972222447395,0.5899035930633545,0.47644558548927307,-0.06171717122197151,0.5594056248664856,0.4133404493331909,-0.07160884141921997,0.6970031261444092,0.4220373034477234,-0.006850044243037701,0.6977418661117554,0.3486371636390686,-0.04482302814722061,0.7046900391578674,0.41954728960990906,-0.0651458278298378,0.7090030908584595,0.4782787561416626,-0.07088061422109604,0.7482049465179443,0.41027960181236267,-0.006423944141715765,0.7480392456054688,0.3486526608467102,-0.05338110029697418,0.7464734315872192,0.4347066879272461,-0.07098572701215744,0.7437925934791565,0.49461042881011963,-0.0714748352766037,0.7955406308174133,0.40656864643096924,-0.012759769335389137,0.796549379825592,0.3529597520828247,-0.05840160697698593,0.7881999611854553,0.43342849612236023,-0.060088276863098145,0.7799440622329712,0.49092286825180054,-0.046317748725414276,0.8401873707771301,0.41003257036209106,-0.02096240222454071,0.8491691946983337,0.31758514046669006,-0.04570833221077919,0.8478697538375854,0.25845563411712646,-0.04915152117609978,0.840322732925415,0.19975200295448303,-0.04424775019288063,Love you
0.8034057021141052,0.6445887684822083,-6.328237986963359e-07,0.7165685892105103,0.6159195899963379,-0.029015809297561646,0.6386544704437256,0.5497717261314392,-0.04494933784008026,0.5896311402320862,0.47637951374053955,-0.062119677662849426,0.5595192313194275,0.41316327452659607,-0.07195182889699936,0.6966394186019897,0.4222320318222046,-0.007779638282954693,0.6976327896118164,0.348644882440567,-0.04567761719226837,0.7047315835952759,0.41983237862586975,-0.0656341090798378,0.7090058326721191,0.4785008728504181,-0.07112472504377365,0.7479802966117859,0.41029858589172363,-0.007151829078793526,0.7479843497276306,0.34873098134994507,-0.05429919809103012,0.7465558052062988,0.43514391779899597,-0.07166101783514023,0.7438770532608032,0.4950006902217865,-0.07196468114852905,0.7953245639801025,0.406474232673645,-0.013246298767626286,0.7965980768203735,0.35274654626846313,-0.05911291390657425,0.7881780862808228,0.43359988927841187,-0.06063872203230858,0.7797937989234924,0.49124956130981445,-0.04672069102525711,0.8398756384849548,0.4099463224411011,-0.021206175908446312,0.8491142988204956,0.3174324035644531,-0.04622621461749077,0.8479054570198059,0.2582653760910034,-0.04980461299419403,0.8402690291404724,0.19938719272613525,-0.04497166723012924,Love you
0.8023439049720764,0.644080400466919,-6.296777428360656e-07,0.7134288549423218,0.6138806343078613,-0.026556601747870445,0.6360182166099548,0.5471195578575134,-0.04111010953783989,0.5880025625228882,0.4734668433666229,-0.05746624246239662,0.5582394599914551,0.4108167588710785,-0.06682520359754562,0.6973809599876404,0.42192819714546204,-0.003590286010876298,0.6961464881896973,0.35094934701919556,-0.040376927703619,0.7033250331878662,0.42125147581100464,-0.06027982011437416,0.7087540626525879,0.4799157977104187,-0.06583741307258606,0.7479813098907471,0.41072264313697815,-0.0039639463648200035,0.7449091672897339,0.3491740822792053,-0.05014355853199959,0.7443315386772156,0.4345723092556,-0.06741610914468765,0.7438004612922668,0.4963829219341278,-0.06776660680770874,0.7946864366531372,0.4069406986236572,-0.011033885180950165,0.7930301427841187,0.3529452681541443,-0.05581241101026535,0.7851603627204895,0.43306952714920044,-0.057349495589733124,0.7786246538162231,0.492242693901062,-0.043634966015815735,0.8389199376106262,0.40967878699302673,-0.019898228347301483,0.8485992550849915,0.3168487250804901,-0.04401548579335213,0.8474475145339966,0.25734803080558777,-0.04751143977046013,0.8401646018028259,0.19886252284049988,-0.04290860891342163,Love you
0.8031390905380249,0.6498234272003174,-6.418166549337911e-07,0.714225172996521,0.6193033456802368,-0.02864597551524639,0.6353147625923157,0.550148606300354,-0.04385548457503319,0.5862911939620972,0.473975270986557,-0.060192786157131195,0.5563312768936157,0.4111737310886383,-0.06884943693876266,0.6940538883209229,0.42331334948539734,-0.007018186151981354,0.6954355239868164,0.34953129291534424,-0.0440058559179306,0.7024549841880798,0.422163188457489,-0.062362004071474075,0.70612633228302,0.48037436604499817,-0.06697279214859009,0.7458552122116089,0.411439448595047,-0.0063651129603385925,0.7443768978118896,0.35049790143966675,-0.052657805383205414,0.7426318526268005,0.4385908544063568,-0.0684044361114502,0.7395411133766174,0.49802055954933167,-0.06795581430196762,0.7936053276062012,0.4078592360019684,-0.01254001259803772,0.7929104566574097,0.35224878787994385,-0.05835472419857979,0.784004271030426,0.4344276189804077,-0.05883817747235298,0.7754268050193787,0.4931114912033081,-0.04437560588121414,0.8386123180389404,0.41175520420074463,-0.020555933937430382,0.8484448194503784,0.3182196021080017,-0.045998506247997284,0.8470257520675659,0.25970613956451416,-0.04978227615356445,0.8385807275772095,0.20140385627746582,-0.045163556933403015,Love you
0.8025175929069519,0.6482217907905579,-6.383883146554581e-07,0.7132450342178345,0.6187427639961243,-0.027245422825217247,0.6350630521774292,0.5501153469085693,-0.04184051230549812,0.5867955088615417,0.47383660078048706,-0.05792300030589104,0.556939959526062,0.4109298586845398,-0.06667780131101608,0.6955034136772156,0.42469021677970886,-0.005674505606293678,0.6952101588249207,0.3495543599128723,-0.04251028597354889,0.7022366523742676,0.421128511428833,-0.06141176074743271,0.7066459059715271,0.4793590307235718,-0.06648381054401398,0.7464993000030518,0.4130910038948059,-0.005690671503543854,0.7438661456108093,0.351284921169281,-0.05183613672852516,0.7421008944511414,0.437361478805542,-0.0682259052991867,0.7397570013999939,0.4966493844985962,-0.06839734315872192,0.7936433553695679,0.4093904197216034,-0.012383393943309784,0.7923590540885925,0.35353317856788635,-0.057613227516412735,0.7834871411323547,0.43459010124206543,-0.05818739905953407,0.7754179835319519,0.49281013011932373,-0.04407559707760811,0.8381496667861938,0.41270753741264343,-0.020884836092591286,0.8476625680923462,0.31929659843444824,-0.0459885373711586,0.8459173440933228,0.25988227128982544,-0.04966134950518608,0.8375161290168762,0.2005237340927124,-0.045159194618463516,Love you
0.5830097198486328,0.6740247011184692,-6.827003744547255e-07,0.5115635991096497,0.7137562036514282,-0.0008897072984836996,0.44227293133735657,0.7104074954986572,-0.000981514691375196,0.3956945538520813,0.6953899264335632,-0.008353622630238533,0.36168691515922546,0.6824788451194763,-0.011558563448488712,0.44578537344932556,0.5855700969696045,0.027414247393608093,0.4012968838214874,0.5641151666641235,0.0013257485115900636,0.4286405146121979,0.6097150444984436,-0.01633177325129509,0.459825724363327,0.638486921787262,-0.020952260121703148,0.4651409685611725,0.5515010952949524,0.01853303611278534,0.4197933077812195,0.5284899473190308,-0.016982411965727806,0.45472535490989685,0.5868698358535767,-0.03422199562191963,0.4889780879020691,0.6181907653808594,-0.03440212458372116,0.48854580521583557,0.5154945850372314,0.005303654354065657,0.44200870394706726,0.49220767617225647,-0.022831400856375694,0.470573753118515,0.5589314699172974,-0.023280266672372818,0.5028688907623291,0.5975501537322998,-0.011282723397016525,0.5153829455375671,0.48059189319610596,-0.009033887647092342,0.47495606541633606,0.41444599628448486,-0.022115008905529976,0.43424099683761597,0.38882720470428467,-0.024478815495967865,0.3969061076641083,0.3662571907043457,-0.020264340564608574,Love you
0.5801312923431396,0.6735185384750366,-6.999391644058051e-07,0.5058786869049072,0.7113784551620483,-0.0005384180112741888,0.4375307261943817,0.7070337533950806,-0.000990075059235096,0.3929749131202698,0.6899856925010681,-0.008834299631416798,0.35889455676078796,0.674119770526886,-0.012513551861047745,0.44136863946914673,0.5822364091873169,0.025203218683600426,0.3978486955165863,0.5605881810188293,-0.002033888828009367,0.4263491630554199,0.6067540049552917,-0.0201298575848341,0.4584461450576782,0.6358097195625305,-0.02489394322037697,0.4623613953590393,0.5476946830749512,0.0159071683883667,0.41857632994651794,0.5228673219680786,-0.020009122788906097,0.45405134558677673,0.5833515524864197,-0.03638913482427597,0.48821359872817993,0.6149954795837402,-0.03610703721642494,0.4879259765148163,0.5124536752700806,0.00232796766795218,0.4430796504020691,0.48504576086997986,-0.02647010050714016,0.47284093499183655,0.5537528395652771,-0.025864556431770325,0.5058042407035828,0.5930452942848206,-0.013120048679411411,0.5171946287155151,0.47912323474884033,-0.012359283864498138,0.47916290163993835,0.409637451171875,-0.026696616783738136,0.4388889670372009,0.38439974188804626,-0.028963597491383553,0.402179092168808,0.3623464107513428,-0.024362927302718163,Love you
0.5797951221466064,0.6739950180053711,-6.937838179510436e-07,0.5056416988372803,0.711021363735199,-0.00015676523617003113,0.4372062087059021,0.7066121697425842,-0.00027451381902210414,0.39289769530296326,0.6888786554336548,-0.0077463435009121895,0.35862547159194946,0.6746752262115479,-0.011039900593459606,0.44294604659080505,0.581544041633606,0.025451214984059334,0.3991928994655609,0.559747040271759,-0.0009607479441910982,0.4278627336025238,0.6057043671607971,-0.018588263541460037,0.460196316242218,0.6343258619308472,-0.023210369050502777,0.46333441138267517,0.5476366877555847,0.016210932284593582,0.4193304181098938,0.5225047469139099,-0.019265875220298767,0.4550987184047699,0.5826340913772583,-0.0354778878390789,0.4898289740085602,0.6137345433235168,-0.035144589841365814,0.48823001980781555,0.5127615928649902,0.0028175171464681625,0.4430711269378662,0.48514288663864136,-0.025265974923968315,0.47264599800109863,0.5539936423301697,-0.02461310103535652,0.505592942237854,0.5931227803230286,-0.012050380930304527,0.5168846249580383,0.4796580672264099,-0.011668316088616848,0.47922080755233765,0.40970030426979065,-0.02547335810959339,0.43935948610305786,0.3844029903411865,-0.027717450633645058,0.4030922055244446,0.3624700605869293,-0.02326468750834465,Love you
0.5795184373855591,0.6728758811950684,-6.945322752471839e-07,0.5041850805282593,0.7097893953323364,0.0010460810735821724,0.4360247254371643,0.7059023380279541,0.0018264796817675233,0.39149174094200134,0.6886770129203796,-0.005027806852012873,0.35679370164871216,0.6735001802444458,-0.007552388124167919,0.4435214102268219,0.5777785778045654,0.02929447777569294,0.39920705556869507,0.5561614632606506,0.004034803248941898,0.4277149736881256,0.6017519235610962,-0.013184500858187675,0.4601138234138489,0.6299296021461487,-0.017588770017027855,0.46382811665534973,0.5449715852737427,0.019807862117886543,0.4183637797832489,0.5207203030586243,-0.014637375250458717,0.45391222834587097,0.5816400647163391,-0.031427450478076935,0.4882509410381317,0.6115676164627075,-0.03159739077091217,0.4881080687046051,0.5101267099380493,0.006179253105074167,0.4414600729942322,0.4844207465648651,-0.021322578191757202,0.47049933671951294,0.5541436672210693,-0.02141716144979,0.5032017827033997,0.5925738215446472,-0.009369086474180222,0.5162184238433838,0.47617074847221375,-0.008352926932275295,0.47753676772117615,0.40736913681030273,-0.02127678319811821,0.4382368326187134,0.3826755881309509,-0.023210760205984116,0.4027746021747589,0.36042773723602295,-0.018543442711234093,Love you
0.5790382623672485,0.6726056337356567,-7.067679348438105e-07,0.5054455995559692,0.7104566693305969,0.00011634008842520416,0.4363207221031189,0.7071027159690857,0.0003374408697709441,0.39134737849235535,0.689306914806366,-0.00693559693172574,0.3569788932800293,0.6732152700424194,-0.009941009804606438,0.44168028235435486,0.5796617865562439,0.027530288323760033,0.39818140864372253,0.5561028122901917,0.0019771039951592684,0.4258761405944824,0.6032049655914307,-0.015091991983354092,0.45774126052856445,0.6335475444793701,-0.01932373456656933,0.4626263678073883,0.5460028648376465,0.01815701834857464,0.41877511143684387,0.519961416721344,-0.016733352094888687,0.45326071977615356,0.5817058682441711,-0.033441029489040375,0.4870169162750244,0.6136508584022522,-0.03339611738920212,0.4875316023826599,0.5106174349784851,0.00460142781957984,0.44245103001594543,0.4823479652404785,-0.023365238681435585,0.4709000289440155,0.5522644519805908,-0.02331119403243065,0.5031465888023376,0.5923709869384766,-0.011009168811142445,0.5161313414573669,0.4764827787876129,-0.009918438270688057,0.4776535928249359,0.40809744596481323,-0.023312998935580254,0.43764758110046387,0.38353848457336426,-0.02525279112160206,0.40134286880493164,0.36163103580474854,-0.02046925760805607,Love you
0.5803058743476868,0.6713974475860596,-6.914405048519257e-07,0.5057551264762878,0.7095786333084106,-0.0002896781952586025,0.43772560358047485,0.7065581679344177,-0.0008679907768964767,0.39318984746932983,0.6894108653068542,-0.009022075682878494,0.3585543930530548,0.6731511354446411,-0.012881200760602951,0.43988165259361267,0.5812104344367981,0.02775496058166027,0.3962656557559967,0.5611292123794556,0.0010498068295419216,0.42620015144348145,0.6062083840370178,-0.01726781763136387,0.4590795934200287,0.6347827911376953,-0.022259600460529327,0.4605502486228943,0.5463352203369141,0.018328256905078888,0.41579681634902954,0.5231887102127075,-0.017063982784748077,0.4532199800014496,0.5834658741950989,-0.033930402249097824,0.4888852536678314,0.6143969297409058,-0.03402970731258392,0.4859895408153534,0.5104618072509766,0.004574157297611237,0.44053468108177185,0.4833230674266815,-0.02372325025498867,0.4701784551143646,0.5521243214607239,-0.023532919585704803,0.5029532313346863,0.5915632843971252,-0.011163671500980854,0.5156710147857666,0.4762413799762726,-0.010278004221618176,0.47784867882728577,0.40841710567474365,-0.023459643125534058,0.43843379616737366,0.38479912281036377,-0.0251032542437315,0.4022356867790222,0.36422237753868103,-0.02020772360265255,Love you
0.57952481508255,0.6701059937477112,-6.864635793135676e-07,0.5052603483200073,0.7098126411437988,0.0008019609958864748,0.4373784363269806,0.7071800231933594,0.0013603770639747381,0.3929775357246399,0.689193606376648,-0.005746779497712851,0.3586134612560272,0.6728134155273438,-0.008650308474898338,0.4406241178512573,0.581778883934021,0.029493756592273712,0.39668089151382446,0.5611326694488525,0.00408120546489954,0.4271818697452545,0.6052509546279907,-0.013708430342376232,0.4607883095741272,0.6330176591873169,-0.018609419465065002,0.46143853664398193,0.5469651222229004,0.020002109929919243,0.4163542687892914,0.5237618684768677,-0.014087212271988392,0.45368102192878723,0.5826951861381531,-0.03097020834684372,0.48907822370529175,0.6131794452667236,-0.03143540769815445,0.4864639341831207,0.5110355615615845,0.006339635234326124,0.4405352771282196,0.4854690730571747,-0.02072030119597912,0.47042351961135864,0.5533883571624756,-0.020672764629125595,0.5028860569000244,0.5922139286994934,-0.008834857493638992,0.5157157778739929,0.4763086438179016,-0.008343476802110672,0.4781562089920044,0.40934526920318604,-0.02103731594979763,0.43911609053611755,0.3865797519683838,-0.02281995117664337,0.4028012156486511,0.36711910367012024,-0.018243882805109024,Love you
0.5802208185195923,0.673140287399292,-7.15445821697358e-07,0.5045196413993835,0.7103883028030396,0.0010092477314174175,0.4367496073246002,0.7065870761871338,0.0018420498818159103,0.392514169216156,0.6898080706596375,-0.005098769906908274,0.358342707157135,0.6720699667930603,-0.00773209985345602,0.44276466965675354,0.5775852203369141,0.030592460185289383,0.39947569370269775,0.5587960481643677,0.005012101493775845,0.4285131096839905,0.6066023111343384,-0.012835406698286533,0.46078386902809143,0.6360334157943726,-0.017642084509134293,0.46307069063186646,0.5443615317344666,0.021099688485264778,0.4183177649974823,0.5224484801292419,-0.013393955305218697,0.45447859168052673,0.5849864482879639,-0.03052767738699913,0.4885568618774414,0.6162132620811462,-0.03099001944065094,0.4879511594772339,0.5096966624259949,0.00732991611585021,0.44210830330848694,0.484684020280838,-0.020558033138513565,0.4714582562446594,0.5546159744262695,-0.020850323140621185,0.503718376159668,0.5934792160987854,-0.00881256628781557,0.5164541006088257,0.4765225946903229,-0.007375695742666721,0.47787758708000183,0.40753939747810364,-0.02086612954735756,0.4373398721218109,0.3848714232444763,-0.023121237754821777,0.3998892605304718,0.364867627620697,-0.018547512590885162,Love you
0.5821080207824707,0.673404335975647,-7.090722533575899e-07,0.5078176856040955,0.7111639976501465,-0.0014939544489607215,0.4380563497543335,0.7066746354103088,-0.002238212851807475,0.39225244522094727,0.6898077726364136,-0.010446188040077686,0.35754069685935974,0.6722699403762817,-0.014213496819138527,0.44176390767097473,0.5790476202964783,0.027349021285772324,0.39814943075180054,0.5595816969871521,0.0002235794090665877,0.4274517893791199,0.6071559190750122,-0.017972756177186966,0.4596391022205353,0.6368230581283569,-0.022720862179994583,0.4620162546634674,0.5449020862579346,0.018385693430900574,0.4170931279659271,0.5227373838424683,-0.017734352499246597,0.45400580763816833,0.5856265425682068,-0.03445205092430115,0.48867732286453247,0.6167928576469421,-0.034141577780246735,0.48724597692489624,0.5097293853759766,0.004836629144847393,0.44136589765548706,0.48329997062683105,-0.024573586881160736,0.4708268940448761,0.5535023808479309,-0.024387340992689133,0.5034535527229309,0.5928184986114502,-0.011512217111885548,0.5163853764533997,0.47629210352897644,-0.009854324162006378,0.4770467281341553,0.4073895215988159,-0.023648306727409363,0.4370536506175995,0.38296520709991455,-0.025392107665538788,0.4008393883705139,0.36121106147766113,-0.020272014662623405,Love you
0.5792824625968933,0.674775242805481,-7.089234372870123e-07,0.505866289138794,0.7118788361549377,-0.0002274683938594535,0.43679991364479065,0.706123948097229,-0.0006345456349663436,0.39269810914993286,0.6879299879074097,-0.008649885654449463,0.35840922594070435,0.6716640591621399,-0.012439110316336155,0.43965381383895874,0.5793687701225281,0.02538900077342987,0.3965948820114136,0.5587368607521057,-0.0018873519729822874,0.42708808183670044,0.6059659719467163,-0.0195846538990736,0.46024641394615173,0.6351572871208191,-0.02391519770026207,0.46060019731521606,0.5457177758216858,0.015720410272479057,0.4169875383377075,0.5231068134307861,-0.020700030028820038,0.45469242334365845,0.584501326084137,-0.03675589710474014,0.4900668263435364,0.6154109835624695,-0.035866621881723404,0.48660844564437866,0.5112022757530212,0.0017999053234234452,0.44197654724121094,0.48580554127693176,-0.027667777612805367,0.4729336202144623,0.5545491576194763,-0.02694236859679222,0.5058944225311279,0.5930109620094299,-0.013705212622880936,0.5163358449935913,0.4781724512577057,-0.013153774663805962,0.47795411944389343,0.40938639640808105,-0.027793768793344498,0.43788978457450867,0.38553670048713684,-0.029819531366229057,0.40090712904930115,0.36472636461257935,-0.024761555716395378,Love you
0.6609829664230347,0.4696246385574341,-9.462419825467805e-07,0.5541161298751831,0.5862091183662415,-0.01187108550220728,0.4392971992492676,0.649809718132019,-0.018873998895287514,0.3565950393676758,0.6743773221969604,-0.037185411900281906,0.29995083808898926,0.6723365187644958,-0.04843350127339363,0.3858579099178314,0.4605397880077362,0.045208293944597244,0.324779748916626,0.45141738653182983,-0.0034827273339033127,0.3867051303386688,0.48667365312576294,-0.03745150938630104,0.44322896003723145,0.5118077397346497,-0.04880980774760246,0.40090692043304443,0.3783944845199585,0.0331370048224926,0.3291192650794983,0.35733526945114136,-0.03583717346191406,0.41418302059173584,0.4171813130378723,-0.06832323968410492,0.48159655928611755,0.4575273096561432,-0.06873130053281784,0.42597252130508423,0.3005461096763611,0.012128747068345547,0.3476148843765259,0.2724129557609558,-0.047932613641023636,0.4295523166656494,0.345589816570282,-0.0485110729932785,0.499096155166626,0.3954519033432007,-0.02437818981707096,0.46071887016296387,0.22961314022541046,-0.01078852079808712,0.3818691670894623,0.15746188163757324,-0.037715088576078415,0.3236735165119171,0.13709989190101624,-0.03862021490931511,0.26367512345314026,0.12542444467544556,-0.027844175696372986,Love you
0.654873251914978,0.47889798879623413,-1.012108782560972e-06,0.5465947389602661,0.5914930105209351,-0.005659685004502535,0.42806029319763184,0.6495181322097778,-0.0066755530424416065,0.343128502368927,0.6595562696456909,-0.01925605535507202,0.29538172483444214,0.646151065826416,-0.024843407794833183,0.3845920264720917,0.452974796295166,0.05020231753587723,0.32573145627975464,0.4371737837791443,0.0023692853283137083,0.38531720638275146,0.47752541303634644,-0.0315854549407959,0.443386048078537,0.5078369975090027,-0.04293423518538475,0.40359431505203247,0.3728257417678833,0.036787696182727814,0.3309648633003235,0.34291872382164,-0.032319098711013794,0.4126482605934143,0.4078945517539978,-0.06511829793453217,0.4819941222667694,0.45358362793922424,-0.06531152874231339,0.43025603890419006,0.29700028896331787,0.01501354668289423,0.3508317470550537,0.25939542055130005,-0.043718598783016205,0.4281478524208069,0.33803123235702515,-0.045228175818920135,0.49731922149658203,0.3937116861343384,-0.022045988589525223,0.4641551375389099,0.22869130969047546,-0.008192966692149639,0.38778412342071533,0.15120640397071838,-0.03663412481546402,0.32837846875190735,0.12791979312896729,-0.04030954837799072,0.26707595586776733,0.11177366971969604,-0.03142552450299263,Love you
0.6571421027183533,0.47937828302383423,-1.0381686479377095e-06,0.5473167300224304,0.5902526378631592,-0.0030973253306001425,0.42846864461898804,0.645193338394165,-0.002725255908444524,0.3438713550567627,0.6554483771324158,-0.01442925725132227,0.2952571511268616,0.6464774012565613,-0.018969276919960976,0.3826712369918823,0.44811365008354187,0.05564560368657112,0.32259857654571533,0.4326075613498688,0.008972622454166412,0.38488152623176575,0.4725556969642639,-0.025634393095970154,0.4427574872970581,0.5022019743919373,-0.03771216422319412,0.4023492634296417,0.3686258792877197,0.04171280562877655,0.33106422424316406,0.33963653445243835,-0.02515612542629242,0.4142366051673889,0.4031611680984497,-0.058523181825876236,0.48237380385398865,0.4493320882320404,-0.059644363820552826,0.42933183908462524,0.2935059666633606,0.019568689167499542,0.3502415418624878,0.2562068998813629,-0.03650197759270668,0.4282309114933014,0.33493009209632874,-0.03757341578602791,0.49659186601638794,0.3914056420326233,-0.014757131226360798,0.46377694606781006,0.22537289559841156,-0.003923134878277779,0.3878781199455261,0.15109026432037354,-0.029770109802484512,0.3295676112174988,0.12776291370391846,-0.03224247321486473,0.2678227126598358,0.11033749580383301,-0.022843316197395325,Love you
0.6586483120918274,0.4790794849395752,-1.005281887955789e-06,0.5534628033638,0.5932958126068115,-0.009477428160607815,0.4311943054199219,0.6508550643920898,-0.012826109305024147,0.34513747692108154,0.6597771644592285,-0.026691913604736328,0.2979401648044586,0.6462457180023193,-0.03322451189160347,0.3855091333389282,0.4550677537918091,0.04033367708325386,0.3249892592430115,0.43533116579055786,-0.007560638710856438,0.38595858216285706,0.4761047661304474,-0.03867433965206146,0.4442392587661743,0.5063612461090088,-0.048219531774520874,0.40384942293167114,0.3735073208808899,0.027996955439448357,0.3326665163040161,0.3385772407054901,-0.04168012738227844,0.41415321826934814,0.4043189287185669,-0.07205595076084137,0.4831690192222595,0.45129674673080444,-0.07052525132894516,0.43084511160850525,0.29633092880249023,0.007415427826344967,0.35274335741996765,0.25642430782318115,-0.0513448528945446,0.430496484041214,0.3375066816806793,-0.051430922001600266,0.4987385869026184,0.39619678258895874,-0.027767794206738472,0.465938925743103,0.22824430465698242,-0.014906772412359715,0.3903612196445465,0.15243086218833923,-0.044508807361125946,0.3314388394355774,0.12822917103767395,-0.04875524714589119,0.2701929807662964,0.1116226315498352,-0.04043426364660263,Love you
0.6574536561965942,0.47970348596572876,-1.0044534519693116e-06,0.5516725778579712,0.5905874371528625,-0.00907024648040533,0.4297567307949066,0.6458379030227661,-0.012087568640708923,0.3447694778442383,0.6554229259490967,-0.025927087292075157,0.29335859417915344,0.6480652689933777,-0.032499659806489944,0.38473692536354065,0.44789355993270874,0.043108969926834106,0.3240078091621399,0.4306219816207886,-0.0034100618213415146,0.38768190145492554,0.47088173031806946,-0.03435596078634262,0.44602170586586,0.5013707280158997,-0.044116195291280746,0.40284642577171326,0.3672260642051697,0.030589642003178596,0.331340491771698,0.3332514464855194,-0.03751556575298309,0.413622111082077,0.3982948660850525,-0.06811407953500748,0.48224979639053345,0.44569358229637146,-0.06720414757728577,0.4301336109638214,0.2924403250217438,0.00978219136595726,0.3531492054462433,0.25399428606033325,-0.04790019616484642,0.43123185634613037,0.33465009927749634,-0.047651685774326324,0.49907147884368896,0.3931633532047272,-0.02410188503563404,0.4658604562282562,0.22612929344177246,-0.012791432440280914,0.3905510902404785,0.1515696942806244,-0.040977396070957184,0.33258819580078125,0.12797066569328308,-0.044058166444301605,0.2714998722076416,0.11210453510284424,-0.03520047664642334,Love you
0.6578847169876099,0.4828050434589386,-1.0210950449618394e-06,0.54853755235672,0.5969247221946716,-0.005160356406122446,0.4282720386981964,0.6522965431213379,-0.006149213295429945,0.34391871094703674,0.6582674980163574,-0.01841769367456436,0.2958596646785736,0.646941602230072,-0.02376582846045494,0.3842456042766571,0.45638853311538696,0.04697411507368088,0.3266966640949249,0.43824151158332825,0.0002027046139119193,0.38570255041122437,0.4781266152858734,-0.03145894408226013,0.44313153624534607,0.5083422660827637,-0.04123825579881668,0.4042094647884369,0.37565311789512634,0.0329313799738884,0.33285805583000183,0.34082579612731934,-0.03600449860095978,0.41498881578445435,0.4059675931930542,-0.06718450784683228,0.4846019446849823,0.45348215103149414,-0.06594140082597733,0.4320604205131531,0.29944613575935364,0.010934306308627129,0.35606661438941956,0.2607927918434143,-0.0477566160261631,0.43515512347221375,0.3411031663417816,-0.04814840108156204,0.503881573677063,0.39891496300697327,-0.024177033454179764,0.46800410747528076,0.23184801638126373,-0.01241434458643198,0.39211276173591614,0.15470385551452637,-0.04148160666227341,0.33310362696647644,0.12910673022270203,-0.044977713376283646,0.27155226469039917,0.11146017909049988,-0.035949792712926865,Love you
0.658778727054596,0.483863890171051,-1.007806872621586e-06,0.5524598956108093,0.5933994054794312,-0.008294915780425072,0.4296012222766876,0.6465272903442383,-0.011256624013185501,0.3441564440727234,0.6531679630279541,-0.02513563074171543,0.29521626234054565,0.6450296640396118,-0.03183816000819206,0.3843448758125305,0.4488091766834259,0.04419410228729248,0.3245999813079834,0.42958566546440125,-0.0036081294529139996,0.38650164008140564,0.4708443880081177,-0.036142148077487946,0.4447889029979706,0.5020207762718201,-0.046542782336473465,0.4038345217704773,0.3694150745868683,0.031183462589979172,0.33303743600845337,0.3336668610572815,-0.037997741252183914,0.41584512591362,0.3987787961959839,-0.06920832395553589,0.4855078458786011,0.4461410641670227,-0.06795358657836914,0.43163591623306274,0.29540038108825684,0.009828503243625164,0.3564600348472595,0.2566283941268921,-0.048198092728853226,0.4355463981628418,0.33776426315307617,-0.04798927903175354,0.503857433795929,0.39660966396331787,-0.023795614019036293,0.4675934612751007,0.22985567152500153,-0.013315973803400993,0.39190542697906494,0.1549270749092102,-0.04104376956820488,0.3335955739021301,0.12997585535049438,-0.04381893202662468,0.2725371718406677,0.11271390318870544,-0.03444511815905571,Love you
0.6617228388786316,0.4857671558856964,-9.874949000732158e-07,0.5547606945037842,0.5946280360221863,-0.010808506049215794,0.432451993227005,0.6505451202392578,-0.01591855101287365,0.345990926027298,0.6594144105911255,-0.03164022043347359,0.2985766530036926,0.6399069428443909,-0.0396706759929657,0.38815373182296753,0.45012494921684265,0.041727159172296524,0.32638880610466003,0.4321458637714386,-0.008856059983372688,0.38684868812561035,0.47407931089401245,-0.04319556802511215,0.447963148355484,0.5047771334648132,-0.05424904823303223,0.4071677625179291,0.3714665174484253,0.029606038704514503,0.3340286314487457,0.3362419307231903,-0.04174521192908287,0.4161527454853058,0.4031764268875122,-0.07340776175260544,0.4877791702747345,0.4487927556037903,-0.0720735639333725,0.43481266498565674,0.297336220741272,0.008700525388121605,0.3565579056739807,0.25805214047431946,-0.05059878155589104,0.43479499220848083,0.3395093083381653,-0.050391457974910736,0.505578339099884,0.3957647979259491,-0.025774994865059853,0.4703218936920166,0.23168519139289856,-0.014312409795820713,0.39426562190055847,0.15212616324424744,-0.042683739215135574,0.3338213264942169,0.12787511944770813,-0.045812662690877914,0.2727493643760681,0.11127519607543945,-0.03637088090181351,Love you
0.6580226421356201,0.4834463894367218,-1.0130150940312888e-06,0.5494266748428345,0.5944579839706421,-0.005623245146125555,0.42866137623786926,0.6476064324378967,-0.006870458368211985,0.3450135588645935,0.6541730761528015,-0.019535431638360023,0.29861125349998474,0.6384217739105225,-0.0248953215777874,0.38734081387519836,0.44752079248428345,0.048471126705408096,0.326326847076416,0.42947784066200256,0.0006308996235020459,0.3873525857925415,0.4690712094306946,-0.033057574182748795,0.4481548070907593,0.4990004599094391,-0.04397106543183327,0.4068012535572052,0.36883100867271423,0.03530367463827133,0.3345239758491516,0.33316516876220703,-0.033435333520174026,0.4153321087360382,0.3972483277320862,-0.0657339096069336,0.4858628511428833,0.4436555504798889,-0.06527195125818253,0.4339430034160614,0.2944851815700531,0.013972586952149868,0.3562421202659607,0.25475257635116577,-0.04257120564579964,0.4343346357345581,0.3361102342605591,-0.04272947087883949,0.5041584968566895,0.3930304944515228,-0.018934737890958786,0.469022274017334,0.2282421737909317,-0.009035863913595676,0.3948773741722107,0.1515253782272339,-0.03609917685389519,0.3354596197605133,0.12788930535316467,-0.03933821618556976,0.27375084161758423,0.11063805222511292,-0.03018060140311718,Love you
0.6629688143730164,0.484830379486084,-1.0541782557993429e-06,0.5520094037055969,0.5978256464004517,-0.005216820631176233,0.42746391892433167,0.6499234437942505,-0.0056664240546524525,0.3406555652618408,0.6522644758224487,-0.0174257829785347,0.2952524423599243,0.6380999684333801,-0.021662728860974312,0.3871057331562042,0.44862794876098633,0.04875704273581505,0.3258940577507019,0.43137264251708984,0.0013537744525820017,0.3887765407562256,0.4729973077774048,-0.03172629699110985,0.44923698902130127,0.5032709836959839,-0.04250035807490349,0.4069346785545349,0.36910444498062134,0.0353272408246994,0.334747850894928,0.33512216806411743,-0.03291180357336998,0.4189179539680481,0.40244653820991516,-0.06424775719642639,0.48890095949172974,0.44887930154800415,-0.06323686242103577,0.4348311722278595,0.2946283221244812,0.013694900088012218,0.35637038946151733,0.2541133463382721,-0.04252232238650322,0.4354192614555359,0.33792924880981445,-0.04172097519040108,0.5052595138549805,0.39575621485710144,-0.017488449811935425,0.47056758403778076,0.22813592851161957,-0.009671923704445362,0.3937847912311554,0.15014761686325073,-0.03679371997714043,0.3335554003715515,0.1256210207939148,-0.03980389982461929,0.2713768482208252,0.10675281286239624,-0.03064880520105362,Love you
0.6607003808021545,0.48355361819267273,-1.057045437846682e-06,0.5514416098594666,0.5966423749923706,-0.006643747910857201,0.42665737867355347,0.6469277143478394,-0.007140494417399168,0.3407406806945801,0.6500793099403381,-0.018455885350704193,0.29275667667388916,0.6440248489379883,-0.02223273552954197,0.38610801100730896,0.4459145665168762,0.046276167035102844,0.3262466788291931,0.4290347397327423,-0.001181083614937961,0.389354407787323,0.4713568687438965,-0.03392835706472397,0.4490717649459839,0.5014357566833496,-0.044562727212905884,0.4057096242904663,0.366990864276886,0.03380269557237625,0.3340064287185669,0.33480116724967957,-0.03454671427607536,0.4185551404953003,0.4024302363395691,-0.06521079689264297,0.4875352382659912,0.4469403028488159,-0.06374002248048782,0.43392571806907654,0.2934468984603882,0.013096597976982594,0.35704314708709717,0.2549630105495453,-0.043299850076436996,0.4368799924850464,0.33995550870895386,-0.04179111868143082,0.5059165954589844,0.39683619141578674,-0.01706574112176895,0.47028598189353943,0.22696807980537415,-0.009458852931857109,0.3937182128429413,0.15027070045471191,-0.03743531182408333,0.33389902114868164,0.12611714005470276,-0.04065530002117157,0.2714974880218506,0.10622522234916687,-0.03146374598145485,Love you
0.6626749038696289,0.48417213559150696,-9.91035108199867e-07,0.5515714883804321,0.5994659662246704,-0.0077078561298549175,0.4288233518600464,0.6549398303031921,-0.010250640101730824,0.34293168783187866,0.6592995524406433,-0.02361469529569149,0.29397016763687134,0.6425293684005737,-0.02938149683177471,0.38605979084968567,0.45760998129844666,0.04647957906126976,0.3287266790866852,0.43985244631767273,-0.0003038157883565873,0.38935166597366333,0.47987380623817444,-0.03307610750198364,0.44865694642066956,0.511454701423645,-0.0438031442463398,0.40572673082351685,0.3764262795448303,0.03338967636227608,0.3346250355243683,0.34159815311431885,-0.035145312547683716,0.41707879304885864,0.4073192775249481,-0.06751994043588638,0.48806074261665344,0.4556138813495636,-0.06746428459882736,0.43428462743759155,0.3001541793346405,0.012081976979970932,0.3583819270133972,0.2614084482192993,-0.04445331543684006,0.43647247552871704,0.3437700867652893,-0.04475994408130646,0.5060933232307434,0.4032207131385803,-0.021501649171113968,0.4713073670864105,0.23246048390865326,-0.01110767386853695,0.39441636204719543,0.1530197262763977,-0.037689030170440674,0.3333209455013275,0.12637671828269958,-0.04048645868897438,0.2701466679573059,0.10746735334396362,-0.03159821406006813,Love you
0.6647273302078247,0.48501256108283997,-1.0234664387098746e-06,0.5539109706878662,0.5950723886489868,-0.004608388990163803,0.4297351539134979,0.6474576592445374,-0.004882452078163624,0.34404850006103516,0.6535242199897766,-0.016480635851621628,0.29463696479797363,0.6449819803237915,-0.02071509137749672,0.3853881061077118,0.4503746032714844,0.050150271505117416,0.32658547163009644,0.4311183989048004,0.0030290591530501842,0.3901784121990204,0.4726577699184418,-0.03029628098011017,0.45057061314582825,0.5052151679992676,-0.041190411895513535,0.4053229093551636,0.37074899673461914,0.03586318716406822,0.33356043696403503,0.3333902955055237,-0.032195206731557846,0.4166245460510254,0.39815080165863037,-0.06421185284852982,0.48737257719039917,0.44716233015060425,-0.0636797621846199,0.43421319127082825,0.29668959975242615,0.013316133059561253,0.35988759994506836,0.2571719288825989,-0.04343358427286148,0.43807196617126465,0.339345246553421,-0.04360867664217949,0.5064029097557068,0.39946669340133667,-0.01996093988418579,0.47133123874664307,0.23096618056297302,-0.010830323211848736,0.3945636451244354,0.15405288338661194,-0.038055624812841415,0.3348383903503418,0.12758216261863708,-0.04110981523990631,0.2729165852069855,0.10866621136665344,-0.03213762864470482,Love you
0.665897011756897,0.4854793846607208,-9.947420949174557e-07,0.560932993888855,0.5970144271850586,-0.011240359395742416,0.4395439624786377,0.6512115001678467,-0.01692165620625019,0.35225123167037964,0.6575577855110168,-0.0329434908926487,0.2934863865375519,0.6525362133979797,-0.04170442745089531,0.3915502429008484,0.45945680141448975,0.03827338293194771,0.3314513862133026,0.4407643675804138,-0.010885165072977543,0.38999778032302856,0.48140135407447815,-0.043139029294252396,0.44898220896720886,0.512523353099823,-0.053269822150468826,0.4100627303123474,0.3776286840438843,0.02529572695493698,0.3359995186328888,0.342391699552536,-0.04574380815029144,0.4190436601638794,0.40981319546699524,-0.07698683440685272,0.4908061921596527,0.4572667181491852,-0.0758562907576561,0.43806931376457214,0.30107271671295166,0.00394800491631031,0.360681414604187,0.2613585591316223,-0.05608376860618591,0.4395650029182434,0.34354010224342346,-0.05565645545721054,0.5090687870979309,0.401883065700531,-0.031418099999427795,0.47458940744400024,0.2331271916627884,-0.019424336031079292,0.3957265615463257,0.15466350317001343,-0.04962504282593727,0.3342439830303192,0.12774595618247986,-0.05311634764075279,0.2720687985420227,0.10917031764984131,-0.044250067323446274,Love you
0.6692906022071838,0.4874221682548523,-9.995047776101273e-07,0.564391016960144,0.5970836877822876,-0.009151322767138481,0.4396364092826843,0.6503012180328369,-0.01271839626133442,0.3511034846305847,0.6560878753662109,-0.026731234043836594,0.2952299118041992,0.6487623453140259,-0.03323964774608612,0.39136379957199097,0.45566773414611816,0.04219125583767891,0.33053261041641235,0.4360930025577545,-0.00627419026568532,0.39131253957748413,0.4759300947189331,-0.039035648107528687,0.4517093598842621,0.5052230358123779,-0.0496583916246891,0.41049009561538696,0.3749319911003113,0.029189320281147957,0.33589407801628113,0.3392999470233917,-0.040930066257715225,0.4193781614303589,0.40483856201171875,-0.07249178737401962,0.492077499628067,0.4509381055831909,-0.07150281220674515,0.43849611282348633,0.2996286153793335,0.007846611551940441,0.3608757555484772,0.2600938081741333,-0.05038248375058174,0.4385885000228882,0.3421367406845093,-0.05020378530025482,0.5082547664642334,0.40066346526145935,-0.026424754410982132,0.47466734051704407,0.23204006254673004,-0.015428056940436363,0.3963656425476074,0.15547847747802734,-0.04410495236515999,0.3350740373134613,0.12970411777496338,-0.047785647213459015,0.2729736864566803,0.11114895343780518,-0.0392894446849823,Love you
0.6651860475540161,0.4849323034286499,-1.0415860742796212e-06,0.5592980980873108,0.596419095993042,-0.007547014392912388,0.43584346771240234,0.6483983993530273,-0.0096079520881176,0.34958380460739136,0.6530082821846008,-0.021886751055717468,0.29686564207077026,0.6440644264221191,-0.02680927887558937,0.3898165822029114,0.45267242193222046,0.04023133963346481,0.3312637209892273,0.433536171913147,-0.006420244928449392,0.3947690427303314,0.4771248698234558,-0.036670390516519547,0.4551061689853668,0.5073193311691284,-0.04586413502693176,0.4097611904144287,0.37251392006874084,0.02698379009962082,0.33646881580352783,0.33895859122276306,-0.040533438324928284,0.42157620191574097,0.40707311034202576,-0.06882752478122711,0.49371862411499023,0.4511585533618927,-0.06608416885137558,0.4388701319694519,0.29829856753349304,0.005720869638025761,0.36463356018066406,0.2624048590660095,-0.05120856314897537,0.4438019096851349,0.34564512968063354,-0.0490180104970932,0.5121355056762695,0.40186649560928345,-0.024263795465230942,0.47648483514785767,0.2323644608259201,-0.017265597358345985,0.39893266558647156,0.15432581305503845,-0.046297553926706314,0.339028537273407,0.12781623005867004,-0.0494789183139801,0.27747011184692383,0.10804241895675659,-0.04061179235577583,Love you
0.6637866497039795,0.48229730129241943,-1.0187108046011417e-06,0.5575109124183655,0.5949486494064331,-0.010314022190868855,0.4360761344432831,0.6486043930053711,-0.01493337843567133,0.3499569296836853,0.6537755727767944,-0.029291128739714622,0.2970544695854187,0.6377426385879517,-0.03602013364434242,0.3893609046936035,0.45096975564956665,0.03611542284488678,0.33209753036499023,0.43370360136032104,-0.011381887830793858,0.39513683319091797,0.4770284593105316,-0.04166455566883087,0.45449337363243103,0.5075088143348694,-0.050982728600502014,0.40940770506858826,0.37096714973449707,0.023698747158050537,0.33680960536003113,0.3382492959499359,-0.04506032541394234,0.4220225214958191,0.4067360758781433,-0.07373850792646408,0.4932593107223511,0.45151999592781067,-0.07142233103513718,0.4388766586780548,0.2970926761627197,0.0032614595256745815,0.36456429958343506,0.26114344596862793,-0.054941680282354355,0.44373413920402527,0.3442077040672302,-0.052603140473365784,0.5118730068206787,0.40074872970581055,-0.0277375690639019,0.47682279348373413,0.2317884862422943,-0.019093025475740433,0.3988402485847473,0.15344950556755066,-0.048888735473155975,0.33906611800193787,0.1260375678539276,-0.05184732377529144,0.27752476930618286,0.1049366295337677,-0.042784810066223145,Love you
0.6636548042297363,0.48744744062423706,-9.894163213175489e-07,0.5596565008163452,0.5955095291137695,-0.015335346572101116,0.4378528892993927,0.6494754552841187,-0.025127854198217392,0.3499373197555542,0.6549022197723389,-0.04472649469971657,0.29484713077545166,0.6340938806533813,-0.05651206895709038,0.3896947503089905,0.44612282514572144,0.032623786479234695,0.33076369762420654,0.4309979975223541,-0.016923202201724052,0.39471298456192017,0.4745467007160187,-0.04835303872823715,0.45424512028694153,0.5062033534049988,-0.05809187889099121,0.409110426902771,0.3668261766433716,0.02073274552822113,0.33931660652160645,0.3342016935348511,-0.050571028143167496,0.4243306815624237,0.40320906043052673,-0.08106518536806107,0.4951484799385071,0.45134997367858887,-0.07950897514820099,0.4386778771877289,0.29392749071121216,0.00028863377519883215,0.36636680364608765,0.25826990604400635,-0.05986713618040085,0.4448124170303345,0.34093210101127625,-0.05899694189429283,0.5117260217666626,0.4002794027328491,-0.03441530838608742,0.47610247135162354,0.23086372017860413,-0.02252492494881153,0.39794379472732544,0.15212664008140564,-0.05160555988550186,0.3386646807193756,0.12472224235534668,-0.05391902104020119,0.2776237726211548,0.10623592138290405,-0.044251274317502975,Love you
0.6656278967857361,0.4900965988636017,-1.0313564189345925e-06,0.5585753321647644,0.60004061460495,-0.01336262933909893,0.4361342191696167,0.6522248983383179,-0.020873596891760826,0.3482869267463684,0.656305193901062,-0.0386040061712265,0.2954437732696533,0.6372390389442444,-0.048480115830898285,0.38923683762550354,0.4508879780769348,0.03547307103872299,0.33188527822494507,0.4363958537578583,-0.013575769029557705,0.3960879147052765,0.47978705167770386,-0.04391030967235565,0.4552113115787506,0.5106873512268066,-0.052947089076042175,0.40826472640037537,0.37035486102104187,0.02327769808471203,0.33851391077041626,0.34013649821281433,-0.048098985105752945,0.4262963533401489,0.4108123481273651,-0.07720522582530975,0.4965951442718506,0.45715731382369995,-0.07445131987333298,0.4381483495235443,0.2958167791366577,0.0025092228315770626,0.36355826258659363,0.25941890478134155,-0.058364249765872955,0.4447597861289978,0.34328266978263855,-0.056340090930461884,0.5125524401664734,0.40115886926651,-0.030722055584192276,0.47668731212615967,0.23163007199764252,-0.020455997437238693,0.3995071351528168,0.1508801281452179,-0.05111424997448921,0.3401961326599121,0.12477195262908936,-0.054036833345890045,0.2774783968925476,0.10677260160446167,-0.044492583721876144,Love you
0.6681346297264099,0.49191907048225403,-1.0341069582864293e-06,0.5595232248306274,0.6027321815490723,-0.009849252179265022,0.43835875391960144,0.6527044773101807,-0.014579982496798038,0.3502333462238312,0.6563087701797485,-0.0298297218978405,0.29205039143562317,0.647637665271759,-0.037288814783096313,0.392747163772583,0.4580678343772888,0.040363430976867676,0.3337981104850769,0.44403037428855896,-0.007179650478065014,0.39630651473999023,0.4833717346191406,-0.03749943897128105,0.4553009271621704,0.5121154189109802,-0.046608712524175644,0.41154247522354126,0.3779091238975525,0.02753637544810772,0.33763977885246277,0.34863904118537903,-0.04139980301260948,0.4239529073238373,0.41458967328071594,-0.07016575336456299,0.4942113757133484,0.45767515897750854,-0.06796742230653763,0.44026055932044983,0.30322131514549255,0.0063812281005084515,0.36231857538223267,0.2683925926685333,-0.0527704618871212,0.4429700970649719,0.34888407588005066,-0.05027882754802704,0.5124894380569458,0.40297335386276245,-0.02495931088924408,0.47804704308509827,0.23580102622509003,-0.01679108291864395,0.4009864032268524,0.1539415717124939,-0.0469818115234375,0.34008079767227173,0.12900415062904358,-0.05003432556986809,0.2761753797531128,0.11232569813728333,-0.04094552621245384,Love you
0.666916012763977,0.490810751914978,-1.004000750981504e-06,0.5586057901382446,0.6000460386276245,-0.011130777187645435,0.43752849102020264,0.6505024433135986,-0.017098721116781235,0.3501806855201721,0.6561594605445862,-0.0332312136888504,0.2927273213863373,0.6456705331802368,-0.041503388434648514,0.39230799674987793,0.452713280916214,0.03758390620350838,0.3336200714111328,0.4387865364551544,-0.009937825612723827,0.39648640155792236,0.4802955090999603,-0.0402257964015007,0.4545033872127533,0.5088953971862793,-0.04946400970220566,0.41132521629333496,0.37404388189315796,0.02527075633406639,0.33790600299835205,0.3445742130279541,-0.04371776804327965,0.423961341381073,0.4130115211009979,-0.07269137352705002,0.4942038655281067,0.45632731914520264,-0.07055386155843735,0.44022613763809204,0.30075526237487793,0.004785010125488043,0.3635544180870056,0.26578012108802795,-0.053558461368083954,0.4438006579875946,0.34862446784973145,-0.0506356805562973,0.5129483938217163,0.40364131331443787,-0.025107311084866524,0.4778052568435669,0.23513561487197876,-0.017819123342633247,0.3996388018131256,0.15481451153755188,-0.04633721709251404,0.33957618474960327,0.12937316298484802,-0.04815181717276573,0.27695125341415405,0.11070999503135681,-0.03825431317090988,Love you
0.665891170501709,0.4915265142917633,-1.0253986602037912e-06,0.5596806406974792,0.6009271144866943,-0.011797516606748104,0.43807825446128845,0.6514551639556885,-0.018121963366866112,0.34969156980514526,0.6545324921607971,-0.03448033332824707,0.2938937544822693,0.642496645450592,-0.042857490479946136,0.3926357924938202,0.4529154598712921,0.035840366035699844,0.33253517746925354,0.43618813157081604,-0.012983772903680801,0.3966123163700104,0.47769686579704285,-0.04362642019987106,0.45642080903053284,0.5061228275299072,-0.05288519710302353,0.4113212823867798,0.37447354197502136,0.023713532835245132,0.33862924575805664,0.3438601493835449,-0.0460941381752491,0.4259519875049591,0.41137731075286865,-0.07428953796625137,0.4967131018638611,0.45322951674461365,-0.07141390442848206,0.44000014662742615,0.3012528717517853,0.0031967340037226677,0.3635905683040619,0.2652429938316345,-0.055837757885456085,0.44381412863731384,0.3472689688205719,-0.05225619301199913,0.5125835537910461,0.4014957547187805,-0.02612297236919403,0.47757014632225037,0.23602426052093506,-0.01954083889722824,0.40010949969291687,0.15539142489433289,-0.04912292957305908,0.3398566246032715,0.13021472096443176,-0.05127033591270447,0.27714213728904724,0.11204519867897034,-0.04138116538524628,Love you
0.668534517288208,0.4918811023235321,-1.0344822385377483e-06,0.5610710978507996,0.6020416021347046,-0.010061904788017273,0.4363398849964142,0.6518709659576416,-0.014345495030283928,0.34722375869750977,0.6527425050735474,-0.028733493760228157,0.293351411819458,0.6400943994522095,-0.03532762825489044,0.3920167088508606,0.4540345072746277,0.03780198469758034,0.3310655951499939,0.4344697892665863,-0.010386131703853607,0.3947206139564514,0.47761431336402893,-0.04137115553021431,0.4553038775920868,0.5091027021408081,-0.05070845037698746,0.41192835569381714,0.3746197819709778,0.025435740128159523,0.33810266852378845,0.3406451344490051,-0.043698087334632874,0.42282503843307495,0.40842458605766296,-0.07260482013225555,0.4946538507938385,0.4538310468196869,-0.06999574601650238,0.44114404916763306,0.3006674349308014,0.0048837726935744286,0.3649619519710541,0.26264163851737976,-0.05245932191610336,0.4430732727050781,0.34466755390167236,-0.05008722469210625,0.5117088556289673,0.40173712372779846,-0.02499775029718876,0.4788643717765808,0.23427468538284302,-0.017761535942554474,0.40204566717147827,0.1557844579219818,-0.04609861597418785,0.34172409772872925,0.13164350390434265,-0.04866015166044235,0.27975350618362427,0.11516404151916504,-0.039253246039152145,Love you
0.6687333583831787,0.4912961721420288,-1.023189383886347e-06,0.5601943135261536,0.6023317575454712,-0.010447518900036812,0.43518322706222534,0.6523047685623169,-0.01480504497885704,0.3460145592689514,0.6539189219474792,-0.029206769540905952,0.29323288798332214,0.6398196816444397,-0.03571963682770729,0.39094653725624084,0.45473161339759827,0.03881024941802025,0.33140310645103455,0.43604451417922974,-0.009198599494993687,0.3946213722229004,0.4786548912525177,-0.040289394557476044,0.4544316232204437,0.5101222991943359,-0.04974818602204323,0.41123154759407043,0.37486550211906433,0.02673943340778351,0.3382072448730469,0.3413833975791931,-0.04241073504090309,0.4229300618171692,0.40935808420181274,-0.07163701206445694,0.4941425621509552,0.45544955134391785,-0.06921978294849396,0.4408748745918274,0.3008795380592346,0.006397427525371313,0.36493009328842163,0.2627851366996765,-0.0513111911714077,0.44323602318763733,0.3450838029384613,-0.04907575249671936,0.5120793581008911,0.40270689129829407,-0.023867877200245857,0.479020893573761,0.2343684434890747,-0.01603277027606964,0.4018630385398865,0.15611863136291504,-0.044308796525001526,0.341574490070343,0.13193464279174805,-0.04667096585035324,0.27944546937942505,0.1152433454990387,-0.03703546151518822,Love you
0.6682701110839844,0.48949313163757324,-1.0203256124441396e-06,0.5614941716194153,0.5995675325393677,-0.011223917827010155,0.4389020502567291,0.6497117877006531,-0.01751832105219364,0.34964853525161743,0.6497664451599121,-0.03381268307566643,0.29517197608947754,0.6386325359344482,-0.042247217148542404,0.3931654691696167,0.44985640048980713,0.037216294556856155,0.3318520784378052,0.43068093061447144,-0.01250096969306469,0.3958829641342163,0.4736569821834564,-0.04556102305650711,0.4567940831184387,0.5049514770507812,-0.05634216219186783,0.41311073303222656,0.3710300922393799,0.024844884872436523,0.33868861198425293,0.336448073387146,-0.04480229690670967,0.42425912618637085,0.4058745205402374,-0.0749945119023323,0.4961909353733063,0.4521411955356598,-0.07349085807800293,0.4421137273311615,0.2986506223678589,0.004115362651646137,0.36603662371635437,0.2595115900039673,-0.053602185100317,0.4448237121105194,0.34333544969558716,-0.051417142152786255,0.5139925479888916,0.40080124139785767,-0.026529181748628616,0.4797215163707733,0.23351985216140747,-0.01885327510535717,0.40181785821914673,0.15521657466888428,-0.04648539051413536,0.3412286043167114,0.1302374005317688,-0.048411086201667786,0.278713583946228,0.11172577738761902,-0.03872834891080856,Love you
0.6707141399383545,0.48956629633903503,-1.0195606137131108e-06,0.5609498023986816,0.5993474125862122,-0.00938663724809885,0.4363628327846527,0.6477031707763672,-0.013576454482972622,0.3494625985622406,0.6487354040145874,-0.028304435312747955,0.29363423585891724,0.6372923851013184,-0.035379476845264435,0.3935341238975525,0.4517742395401001,0.04053527116775513,0.33171892166137695,0.43389537930488586,-0.005677468609064817,0.39465630054473877,0.47630050778388977,-0.03556935861706734,0.4532420337200165,0.5060054063796997,-0.04459286108613014,0.41272470355033875,0.3720506429672241,0.02753673680126667,0.34053555130958557,0.34063419699668884,-0.03975425660610199,0.4258890748023987,0.4094042479991913,-0.0687679797410965,0.4965146780014038,0.45454856753349304,-0.06670986115932465,0.44201144576072693,0.2979597747325897,0.006351934280246496,0.3670351207256317,0.26085519790649414,-0.0502045713365078,0.44477489590644836,0.3442539572715759,-0.048962924629449844,0.5119674205780029,0.40206417441368103,-0.024871330708265305,0.4799457788467407,0.23212836682796478,-0.01675768941640854,0.4022674560546875,0.15288129448890686,-0.04387668892741203,0.3420298099517822,0.12760001420974731,-0.04634040966629982,0.28009623289108276,0.11073759198188782,-0.037148796021938324,Love you
0.6711771488189697,0.49225518107414246,-1.011500330605486e-06,0.5619215965270996,0.6021526455879211,-0.007774293422698975,0.4368934631347656,0.6491796374320984,-0.011074097827076912,0.3502919375896454,0.6506110429763794,-0.02509968727827072,0.2924894094467163,0.6408208608627319,-0.031561583280563354,0.3939734697341919,0.45352280139923096,0.0414339080452919,0.33205360174179077,0.4379218518733978,-0.004038114566355944,0.3949625492095947,0.4786030054092407,-0.034008946269750595,0.4545460641384125,0.5071929097175598,-0.04333972558379173,0.4131391644477844,0.37407156825065613,0.0279255174100399,0.3399287760257721,0.3451831042766571,-0.03821767494082451,0.42437589168548584,0.41091424226760864,-0.0674206092953682,0.49606165289878845,0.45367592573165894,-0.06604646146297455,0.4423057436943054,0.29949241876602173,0.006442314945161343,0.3663204610347748,0.2641006112098694,-0.04837845265865326,0.44338303804397583,0.3465234041213989,-0.04715731739997864,0.5111982822418213,0.40351927280426025,-0.023899255320429802,0.4800739288330078,0.2319343388080597,-0.016954001039266586,0.4028935432434082,0.15222397446632385,-0.043439172208309174,0.34273821115493774,0.12704655528068542,-0.04629720002412796,0.2807418704032898,0.11048662662506104,-0.03783128038048744,Love you
0.6683347225189209,0.48875629901885986,-1.0539445156609872e-06,0.5589228272438049,0.59916090965271,-0.00645303912460804,0.4307889938354492,0.6468623876571655,-0.007603769190609455,0.341574102640152,0.645659863948822,-0.019084276631474495,0.294373095035553,0.6276817321777344,-0.023072613403201103,0.3915790915489197,0.4490821063518524,0.04093911126255989,0.33293312788009644,0.4324166178703308,-0.0030797298531979322,0.395925909280777,0.47363659739494324,-0.030750438570976257,0.4553920030593872,0.5030419230461121,-0.038695402443408966,0.4124161899089813,0.3706710934638977,0.02795800380408764,0.34068605303764343,0.34201669692993164,-0.03771500661969185,0.424559623003006,0.4086041748523712,-0.06501249969005585,0.4958386719226837,0.4523484408855438,-0.062070541083812714,0.44230151176452637,0.29709911346435547,0.007335846312344074,0.36769530177116394,0.26233193278312683,-0.04790402576327324,0.44497790932655334,0.34441232681274414,-0.045841459184885025,0.5128787755966187,0.4016474187374115,-0.021762749180197716,0.4801519215106964,0.23073448240756989,-0.014942091889679432,0.403860479593277,0.1532667577266693,-0.043352238833904266,0.34389376640319824,0.12804308533668518,-0.04738230258226395,0.2818053364753723,0.11043000221252441,-0.03948647901415825,Love you
0.6683058142662048,0.4885922372341156,-1.0306888498234912e-06,0.5598483681678772,0.5997923612594604,-0.009126683697104454,0.4325428903102875,0.6487350463867188,-0.012351088225841522,0.3433624505996704,0.6469967365264893,-0.0257433969527483,0.2934141159057617,0.6320075988769531,-0.03169425204396248,0.3916381299495697,0.449866384267807,0.03931901976466179,0.332577645778656,0.43219107389450073,-0.005966761615127325,0.39568108320236206,0.4736638069152832,-0.03475216403603554,0.4545336067676544,0.5025275945663452,-0.04339556023478508,0.41204607486724854,0.37086227536201477,0.026733776554465294,0.34058550000190735,0.3414616882801056,-0.039977170526981354,0.42588940262794495,0.4089834690093994,-0.06781522929668427,0.49727529287338257,0.4522029161453247,-0.06510318070650101,0.4418567419052124,0.29713737964630127,0.006113768555223942,0.36747676134109497,0.2612208127975464,-0.050153736025094986,0.44500458240509033,0.3437328338623047,-0.048285678029060364,0.5126754641532898,0.40097466111183167,-0.024049928411841393,0.47990745306015015,0.2308853566646576,-0.016409847885370255,0.40291914343833923,0.15357446670532227,-0.04445161670446396,0.3431108891963959,0.12808024883270264,-0.04778800159692764,0.28142061829566956,0.11005404591560364,-0.03935205563902855,Love you
0.668491542339325,0.4887620806694031,-1.0370030167905497e-06,0.5599794983863831,0.5997241735458374,-0.00873074121773243,0.43179506063461304,0.6484522819519043,-0.011608890257775784,0.34234264492988586,0.6466245651245117,-0.024699216708540916,0.293941855430603,0.6288039088249207,-0.03035191260278225,0.39201682806015015,0.44910794496536255,0.03950876370072365,0.33250895142555237,0.43127232789993286,-0.0052559869363904,0.39559197425842285,0.4735463261604309,-0.03346949815750122,0.4545138478279114,0.50267094373703,-0.041805677115917206,0.41231343150138855,0.3704633116722107,0.026891250163316727,0.3404882848262787,0.34106385707855225,-0.03936127945780754,0.4256944954395294,0.4090616703033447,-0.06677290052175522,0.4972318708896637,0.4523667097091675,-0.06378842890262604,0.4419676661491394,0.29692891240119934,0.006321995053440332,0.36712780594825745,0.2618333101272583,-0.04950527101755142,0.44460153579711914,0.34443092346191406,-0.0474548414349556,0.5123354196548462,0.4014452397823334,-0.023186344653367996,0.47973963618278503,0.23101748526096344,-0.01610182225704193,0.4026108384132385,0.1537187099456787,-0.04384666308760643,0.34286484122276306,0.128280907869339,-0.04707909747958183,0.28148260712623596,0.11035594344139099,-0.03863817825913429,Love you
0.6667404174804688,0.4892646372318268,-1.0449969067849452e-06,0.5582091808319092,0.6015809178352356,-0.009619060903787613,0.4315698444843292,0.6518414616584778,-0.012836489826440811,0.3424336314201355,0.6499178409576416,-0.025811750441789627,0.29414916038513184,0.6322817802429199,-0.031053077429533005,0.3903124928474426,0.45640525221824646,0.03756548464298248,0.33265256881713867,0.4394682049751282,-0.006870676297694445,0.39646828174591064,0.48147425055503845,-0.03425416722893715,0.45448848605155945,0.5118103623390198,-0.04197686165571213,0.41146692633628845,0.37595561146736145,0.025532275438308716,0.3420420289039612,0.34819296002388,-0.0409708209335804,0.42791301012039185,0.4154500365257263,-0.0682867020368576,0.49820953607559204,0.4592760503292084,-0.06546682119369507,0.44187283515930176,0.30098778009414673,0.005654206499457359,0.3677123188972473,0.26468610763549805,-0.051034070551395416,0.44523876905441284,0.346994549036026,-0.04872797429561615,0.5125937461853027,0.40476304292678833,-0.02418571338057518,0.4809214770793915,0.2333579957485199,-0.01599607989192009,0.4024416506290436,0.15590551495552063,-0.044365111738443375,0.34263578057289124,0.13046008348464966,-0.04721027985215187,0.28039786219596863,0.1127011775970459,-0.03836967796087265,Love you
0.6663285493850708,0.49171221256256104,-1.060084628079494e-06,0.5601052045822144,0.5996370911598206,-0.007455004379153252,0.43496692180633545,0.6473762392997742,-0.009662153199315071,0.34646090865135193,0.6448999047279358,-0.02218518778681755,0.29197582602500916,0.6346807479858398,-0.027052603662014008,0.3921363651752472,0.4499642848968506,0.04076017066836357,0.33223727345466614,0.4318913221359253,-0.0048176501877605915,0.39655601978302,0.4752742648124695,-0.033983513712882996,0.45708489418029785,0.5063074231147766,-0.04256528243422508,0.41263848543167114,0.37199896574020386,0.027323944494128227,0.3400469422340393,0.3408907353878021,-0.039844807237386703,0.4250665605068207,0.409171462059021,-0.06818922609090805,0.49710914492607117,0.45435774326324463,-0.06564516574144363,0.4420575201511383,0.29891109466552734,0.005996886175125837,0.36644771695137024,0.2614659070968628,-0.050464436411857605,0.4448564052581787,0.34455060958862305,-0.047845449298620224,0.5134056210517883,0.4021335542201996,-0.023019295185804367,0.47989800572395325,0.23274299502372742,-0.01711398921906948,0.40242820978164673,0.1556251347064972,-0.04541397839784622,0.3430001139640808,0.13021275401115417,-0.04799655079841614,0.28125083446502686,0.11180832982063293,-0.038860831409692764,Love you
0.6658215522766113,0.49239784479141235,-1.0681410458346363e-06,0.5579593181610107,0.6038064360618591,-0.010330277495086193,0.4310346245765686,0.6513605117797852,-0.013972347602248192,0.34300634264945984,0.6501073241233826,-0.02738485485315323,0.29144173860549927,0.6340006589889526,-0.03299282491207123,0.38948431611061096,0.45430001616477966,0.034944161772727966,0.3317568302154541,0.4387139678001404,-0.012216499075293541,0.39528384804725647,0.4817136228084564,-0.040775664150714874,0.45341476798057556,0.5120320916175842,-0.0488155223429203,0.41022753715515137,0.3743800222873688,0.022863345220685005,0.3375171422958374,0.345066100358963,-0.04640180245041847,0.4245489239692688,0.41530096530914307,-0.07348967343568802,0.4952056407928467,0.4595128297805786,-0.06961631029844284,0.4412580728530884,0.29997050762176514,0.002736443653702736,0.36555343866348267,0.2655102610588074,-0.05648038536310196,0.44572046399116516,0.35004228353500366,-0.053619254380464554,0.5138868093490601,0.40675339102745056,-0.027781592682003975,0.4804728329181671,0.23320330679416656,-0.01926569454371929,0.4021989405155182,0.15352389216423035,-0.050445105880498886,0.3415561318397522,0.13078168034553528,-0.05438004434108734,0.27862221002578735,0.1157473623752594,-0.04555860161781311,Love you
0.6654860973358154,0.49259495735168457,-1.0578673936834093e-06,0.5586003661155701,0.6028454899787903,-0.010865353979170322,0.4342842996120453,0.6507198810577393,-0.015371810644865036,0.3467731177806854,0.6502547860145569,-0.02969214878976345,0.2920900881290436,0.6370528936386108,-0.0362958125770092,0.39036232233047485,0.4538891315460205,0.035191360861063004,0.3324381709098816,0.4384083151817322,-0.011786739341914654,0.3959784209728241,0.48126935958862305,-0.040614210069179535,0.4535449147224426,0.5112209320068359,-0.04896131157875061,0.4112505316734314,0.37403982877731323,0.022944262251257896,0.3393179774284363,0.34406235814094543,-0.046040602028369904,0.42575564980506897,0.4136600196361542,-0.07387308031320572,0.49558791518211365,0.458346426486969,-0.07088416069746017,0.44191357493400574,0.29987871646881104,0.0026499463710933924,0.3665933609008789,0.26417624950408936,-0.05630376189947128,0.445984423160553,0.34809181094169617,-0.05383734032511711,0.5133050084114075,0.4054446220397949,-0.028578080236911774,0.480285108089447,0.23336395621299744,-0.019590236246585846,0.4023064076900482,0.15389308333396912,-0.05029434710741043,0.34192943572998047,0.1292392611503601,-0.05393969640135765,0.27863919734954834,0.11233896017074585,-0.04513680934906006,Love you
0.6682525873184204,0.49460893869400024,-1.0456616337251035e-06,0.5590587854385376,0.6014648079872131,-0.01074171531945467,0.4338732063770294,0.6467751264572144,-0.01576407626271248,0.3457256555557251,0.6449090838432312,-0.03084394708275795,0.29050910472869873,0.6341988444328308,-0.03803801164031029,0.39211753010749817,0.4482835531234741,0.037900689989328384,0.33119016885757446,0.4322476387023926,-0.00979086197912693,0.39528462290763855,0.47666090726852417,-0.040232982486486435,0.45240211486816406,0.5075362920761108,-0.04965038225054741,0.41294217109680176,0.37010306119918823,0.025360414758324623,0.33981654047966003,0.34100836515426636,-0.043574776500463486,0.4264567792415619,0.41179078817367554,-0.07255961745977402,0.49571365118026733,0.456326425075531,-0.0702892318367958,0.443508505821228,0.29798030853271484,0.004555352497845888,0.36863386631011963,0.26274266839027405,-0.053792476654052734,0.4470941424369812,0.34845679998397827,-0.0514041893184185,0.5136657953262329,0.40643686056137085,-0.02617194876074791,0.48227521777153015,0.23319567739963531,-0.01828042045235634,0.4047314524650574,0.15475785732269287,-0.04694988578557968,0.3446474075317383,0.1300235092639923,-0.049215517938137054,0.2815763056278229,0.11252731084823608,-0.03952973708510399,Love you
0.66943359375,0.4933369755744934,-1.010833443615411e-06,0.5606327652931213,0.6019452810287476,-0.011920197866857052,0.43753910064697266,0.6500871181488037,-0.017936481162905693,0.3496416211128235,0.650407075881958,-0.03363998606801033,0.2892613410949707,0.6399101614952087,-0.04139498248696327,0.39172106981277466,0.45760515332221985,0.03499045968055725,0.3327459692955017,0.4437854588031769,-0.011394206434488297,0.3957907557487488,0.4831197261810303,-0.040437471121549606,0.4529869854450226,0.5125781297683716,-0.04906244948506355,0.4110569357872009,0.37702876329421997,0.023029742762446404,0.34022974967956543,0.35276561975479126,-0.04405513405799866,0.42685502767562866,0.41866543889045715,-0.07226861268281937,0.49545609951019287,0.45983126759529114,-0.07043035328388214,0.44165512919425964,0.30148762464523315,0.003010999411344528,0.36778703331947327,0.2685193419456482,-0.05456826090812683,0.44701018929481506,0.35111525654792786,-0.05224037170410156,0.5139662027359009,0.40749746561050415,-0.027765842154622078,0.48145630955696106,0.2339888960123062,-0.019058652222156525,0.4040510058403015,0.15518984198570251,-0.048008039593696594,0.34386754035949707,0.1290452480316162,-0.050397131592035294,0.280800998210907,0.11027464270591736,-0.04107164219021797,Love you
0.5751264095306396,0.6505902409553528,-3.8191618045857467e-07,0.5149585604667664,0.6516650915145874,-0.012484364211559296,0.4641098976135254,0.628765344619751,-0.02121732197701931,0.4288957417011261,0.5987986922264099,-0.03252996504306793,0.40252619981765747,0.5723882913589478,-0.04010004177689552,0.49203017354011536,0.5367756485939026,0.0026994028594344854,0.47590962052345276,0.5028822422027588,-0.019384127110242844,0.4896351397037506,0.5428152084350586,-0.03224034234881401,0.5023782849311829,0.5733144283294678,-0.036344561725854874,0.5182685852050781,0.5205686092376709,6.213078449945897e-05,0.5021454095840454,0.4887925088405609,-0.027899090200662613,0.5131914615631104,0.5398717522621155,-0.03878900408744812,0.5227488279342651,0.5737998485565186,-0.039420682936906815,0.5447524189949036,0.5094460248947144,-0.006450236309319735,0.5296252965927124,0.4794479012489319,-0.03207877278327942,0.5348153710365295,0.5306230783462524,-0.03145933151245117,0.5406472086906433,0.5662478804588318,-0.022635160014033318,0.5708394050598145,0.5025315284729004,-0.014170639216899872,0.5657249093055725,0.4450383186340332,-0.027262989431619644,0.5569974184036255,0.409787118434906,-0.02815813012421131,0.5452165603637695,0.37531009316444397,-0.024890610948204994,Love you
0.5751683115959167,0.6503427028656006,-3.846089953185583e-07,0.5151765942573547,0.6517517566680908,-0.012327245436608791,0.4642661511898041,0.6287340521812439,-0.02105286531150341,0.4291495084762573,0.5990256667137146,-0.03235325589776039,0.4027540981769562,0.5726507306098938,-0.0400276742875576,0.4920335114002228,0.5365101099014282,0.0025493025314062834,0.476034939289093,0.5034132599830627,-0.01957090198993683,0.48942846059799194,0.5428391695022583,-0.03256215900182724,0.5024787783622742,0.5732885003089905,-0.036743614822626114,0.5183586478233337,0.5202622413635254,-0.00017637090058997273,0.5021651983261108,0.4885070323944092,-0.028172912076115608,0.5128846764564514,0.5395107865333557,-0.03920986130833626,0.5229886174201965,0.5738899111747742,-0.03987108916044235,0.5448744297027588,0.509006142616272,-0.006717229261994362,0.5300915241241455,0.4789479374885559,-0.032343074679374695,0.5350140333175659,0.5302628874778748,-0.031825754791498184,0.5409438610076904,0.5662137269973755,-0.023017732426524162,0.5710548758506775,0.5019044876098633,-0.01443488523364067,0.5654776096343994,0.4447101950645447,-0.027462413534522057,0.5566546320915222,0.40956684947013855,-0.028280505910515785,0.5451197028160095,0.37509697675704956,-0.024928897619247437,Love you
0.5762030482292175,0.6529239416122437,-3.809090287631989e-07,0.5169134736061096,0.6526045799255371,-0.012895666062831879,0.46541735529899597,0.6289111971855164,-0.022238774225115776,0.4297214448451996,0.5985599160194397,-0.03412136808037758,0.40297216176986694,0.5716696381568909,-0.04228372499346733,0.4928925633430481,0.5369852781295776,0.0017515345243737102,0.47689175605773926,0.501579999923706,-0.021195199340581894,0.4903407096862793,0.5408393740653992,-0.034731488674879074,0.5033776164054871,0.5728607177734375,-0.03917623311281204,0.5193207859992981,0.5209370255470276,-0.0009998530149459839,0.5033111572265625,0.48728108406066895,-0.030450763180851936,0.5147985816001892,0.5385366678237915,-0.04209286719560623,0.5251358151435852,0.5749419927597046,-0.04272628203034401,0.5459765791893005,0.5099623203277588,-0.00767467450350523,0.5312356352806091,0.47730088233947754,-0.033930838108062744,0.5366084575653076,0.5278881192207336,-0.033666834235191345,0.542472243309021,0.5648679137229919,-0.024836642667651176,0.5724115967750549,0.5031816363334656,-0.015591262839734554,0.5667769312858582,0.446076363325119,-0.02893747203052044,0.5581727623939514,0.41070646047592163,-0.03016149066388607,0.5464826226234436,0.37642085552215576,-0.027025505900382996,Love you
0.5758813619613647,0.6527819037437439,-3.8094657384135644e-07,0.5162605047225952,0.6525769829750061,-0.012747926637530327,0.4649769961833954,0.6288664937019348,-0.022021975368261337,0.4297305941581726,0.5988200902938843,-0.033825360238552094,0.403501033782959,0.5717904567718506,-0.04185766354203224,0.49322009086608887,0.5368126034736633,0.0015515597769990563,0.47663816809654236,0.5012789368629456,-0.021240079775452614,0.4900071918964386,0.5414077043533325,-0.03457312285900116,0.5029513835906982,0.5730225443840027,-0.03893270716071129,0.5195435285568237,0.5208942890167236,-0.0011416791239753366,0.5034540295600891,0.48776957392692566,-0.030091553926467896,0.5145085453987122,0.5397114157676697,-0.04120459035038948,0.5246307849884033,0.5750473141670227,-0.04169473052024841,0.5460692048072815,0.5101968050003052,-0.007745941169559956,0.5311728119850159,0.477444052696228,-0.03359866142272949,0.5359947681427002,0.5287169218063354,-0.032790716737508774,0.5418040156364441,0.5653790235519409,-0.023788005113601685,0.572371780872345,0.5037553310394287,-0.015619654208421707,0.567081093788147,0.4462963938713074,-0.02887352742254734,0.5584667921066284,0.4110170006752014,-0.02994493395090103,0.5470187067985535,0.37642061710357666,-0.026751689612865448,Love you
0.5759386420249939,0.6548280119895935,-3.79198070277198e-07,0.5165507793426514,0.6539718508720398,-0.012020272202789783,0.4659767746925354,0.6294239163398743,-0.02059262990951538,0.4312959611415863,0.5988407135009766,-0.03188324719667435,0.4051309823989868,0.5714741945266724,-0.039655350148677826,0.494102418422699,0.538690984249115,0.00370280840434134,0.4777195453643799,0.5031756162643433,-0.01842353492975235,0.4900662899017334,0.5412431359291077,-0.03201834857463837,0.5031648278236389,0.5730633735656738,-0.036601025611162186,0.5203701853752136,0.5226495265960693,0.0006944757769815624,0.5040870904922485,0.4871397018432617,-0.02782522700726986,0.5143323540687561,0.5371819138526917,-0.03981759771704674,0.5249323844909668,0.5741553902626038,-0.04071410000324249,0.5469490885734558,0.5114700198173523,-0.006107519846409559,0.5321059226989746,0.47750332951545715,-0.031128736212849617,0.5367098450660706,0.5271791219711304,-0.030936148017644882,0.5429568886756897,0.564190149307251,-0.022319482639431953,0.5734503269195557,0.5046318769454956,-0.014169326983392239,0.5680800676345825,0.44830650091171265,-0.026622029021382332,0.5590378642082214,0.4130392074584961,-0.02751494012773037,0.5475079417228699,0.37903493642807007,-0.024222251027822495,Love you
0.5753079652786255,0.6537591218948364,-3.791600420299801e-07,0.5164276361465454,0.6536732912063599,-0.013022931292653084,0.46586430072784424,0.6294822692871094,-0.022001393139362335,0.4309955835342407,0.5986677408218384,-0.033550698310136795,0.40461304783821106,0.5709649920463562,-0.041434742510318756,0.4941227436065674,0.5389963388442993,0.002443115459755063,0.47779789566993713,0.5024084448814392,-0.020010123029351234,0.4908263385295868,0.5417008399963379,-0.03341326117515564,0.503694474697113,0.5734547972679138,-0.037733644247055054,0.5204305052757263,0.5226686000823975,-4.846301089855842e-05,0.5044521689414978,0.48793089389801025,-0.02860097959637642,0.514936089515686,0.538582444190979,-0.040241971611976624,0.5247302055358887,0.5744838118553162,-0.040974583476781845,0.5470161437988281,0.5114591717720032,-0.0064350925385952,0.5320212841033936,0.47785019874572754,-0.03184233605861664,0.5367423295974731,0.5280518531799316,-0.031432144343853,0.5425534248352051,0.5647909641265869,-0.022594165056943893,0.5736232995986938,0.5045931935310364,-0.014131726697087288,0.5677916407585144,0.44717270135879517,-0.026935383677482605,0.5585792660713196,0.4117805063724518,-0.02783430740237236,0.5467607975006104,0.3779110312461853,-0.024459358304739,Love you
0.5767958760261536,0.6545754075050354,-3.8432335713878274e-07,0.5170422196388245,0.6538365483283997,-0.012676319107413292,0.46553656458854675,0.6303159594535828,-0.021812375634908676,0.4306991398334503,0.6006073951721191,-0.03354424983263016,0.4055759310722351,0.5727819800376892,-0.041467245668172836,0.4946447014808655,0.5376445651054382,0.0023759263567626476,0.4773142635822296,0.5028974413871765,-0.020301908254623413,0.48980218172073364,0.5429448485374451,-0.03361881896853447,0.5030810236930847,0.5742707252502441,-0.03785335645079613,0.5205556750297546,0.5220765471458435,-0.00036446013837121427,0.5032249689102173,0.489184707403183,-0.02895665541291237,0.5139039158821106,0.5408135652542114,-0.039866771548986435,0.5248936414718628,0.5752280950546265,-0.04014119505882263,0.5467951893806458,0.5112256407737732,-0.0070862858556210995,0.5307103395462036,0.47876352071762085,-0.03267154097557068,0.5353882908821106,0.5304087400436401,-0.03160713613033295,0.5422205924987793,0.5667269825935364,-0.022307781502604485,0.5729944705963135,0.5046794414520264,-0.015133645385503769,0.5667286515235901,0.4466938376426697,-0.028298305347561836,0.5569061636924744,0.4108940362930298,-0.029140880331397057,0.5451648831367493,0.37594395875930786,-0.025642653927206993,Love you
0.5769755840301514,0.6549056172370911,-3.8472177266157814e-07,0.5178074836730957,0.6544937491416931,-0.012450341135263443,0.4659198820590973,0.6303319931030273,-0.021396026015281677,0.4309665560722351,0.6000248789787292,-0.0328139029443264,0.405256986618042,0.5730440616607666,-0.04042752459645271,0.49392709136009216,0.5384628772735596,0.0014079532120376825,0.4771980345249176,0.5021703839302063,-0.020919732749462128,0.4902287423610687,0.5421955585479736,-0.03390124812722206,0.5035808086395264,0.574556291103363,-0.03796471282839775,0.5200191140174866,0.5226249098777771,-0.0012944471091032028,0.5032624006271362,0.4889865517616272,-0.0294758602976799,0.5144408345222473,0.5397968888282776,-0.040180277079343796,0.5253073573112488,0.5752125978469849,-0.040465209633111954,0.5465296506881714,0.5116941928863525,-0.007825297303497791,0.5307505130767822,0.4792332053184509,-0.032881755381822586,0.5358209013938904,0.5299519896507263,-0.03192291036248207,0.5424420237541199,0.5665539503097534,-0.022956637665629387,0.5730689167976379,0.5049657821655273,-0.01562872901558876,0.5670723915100098,0.4469377100467682,-0.028604304417967796,0.5575690269470215,0.41110479831695557,-0.029627839103341103,0.5455493330955505,0.3766055107116699,-0.026429757475852966,Love you
0.5770276784896851,0.6568092107772827,-3.9252682881851797e-07,0.5172327160835266,0.6550646424293518,-0.01260425802320242,0.4659087359905243,0.6306019425392151,-0.02187352068722248,0.43062663078308105,0.6007556915283203,-0.03375103697180748,0.4043547511100769,0.5731974840164185,-0.04182899743318558,0.4937891364097595,0.5379732251167297,0.001901349169202149,0.4764300584793091,0.5018574595451355,-0.021122466772794724,0.4901108145713806,0.5417148470878601,-0.034591659903526306,0.503097653388977,0.5736153721809387,-0.03884195536375046,0.5201109647750854,0.522385835647583,-0.000954593881033361,0.5032493472099304,0.488883912563324,-0.03023531846702099,0.5145371556282043,0.5409690141677856,-0.04167025908827782,0.5243703126907349,0.5769314765930176,-0.042054593563079834,0.5468484163284302,0.5118057727813721,-0.007716784719377756,0.5315399765968323,0.4795406460762024,-0.033897820860147476,0.5363916754722595,0.5306574106216431,-0.03356699272990227,0.5417794585227966,0.5676124691963196,-0.02452758699655533,0.5733450055122375,0.5054124593734741,-0.01568044349551201,0.5666216015815735,0.4478279650211334,-0.029191475361585617,0.5568844079971313,0.41240811347961426,-0.030424054712057114,0.544391393661499,0.3784725069999695,-0.027044180780649185,Love you
0.5772672295570374,0.6567426323890686,-3.8438224692072254e-07,0.5173690915107727,0.6550294160842896,-0.012868811376392841,0.465798944234848,0.6308000087738037,-0.022228943184018135,0.4305017292499542,0.6006814241409302,-0.0341283455491066,0.40446650981903076,0.5728673934936523,-0.04222967475652695,0.49366897344589233,0.5382034778594971,0.0015604272484779358,0.4762086868286133,0.5016233921051025,-0.02123100869357586,0.48990747332572937,0.5409032106399536,-0.034721218049526215,0.5031934380531311,0.5733404755592346,-0.03898762911558151,0.5200490951538086,0.5226258635520935,-0.0011758632026612759,0.5031038522720337,0.48911285400390625,-0.030141985043883324,0.5145766139030457,0.5400535464286804,-0.04171185567975044,0.5248019695281982,0.5762729048728943,-0.04229259490966797,0.546764075756073,0.5121066570281982,-0.00780726270750165,0.5314611196517944,0.48048824071884155,-0.033513180911540985,0.5362797379493713,0.5304787158966064,-0.033523108810186386,0.5419314503669739,0.567263662815094,-0.024903925135731697,0.5733193159103394,0.5056619048118591,-0.015683146193623543,0.5666457414627075,0.44791144132614136,-0.028867026790976524,0.5568687915802002,0.4121434986591339,-0.030194325372576714,0.5444930195808411,0.37842994928359985,-0.027025610208511353,Love you
0.5758429169654846,0.6566137671470642,-3.8553656622752897e-07,0.5175115466117859,0.6554216742515564,-0.012793933041393757,0.46634864807128906,0.6309343576431274,-0.022079644724726677,0.43140023946762085,0.6008235812187195,-0.03379702568054199,0.40596821904182434,0.5727291107177734,-0.041831471025943756,0.49364161491394043,0.5387802124023438,0.0010593883926048875,0.47722235321998596,0.5044007897377014,-0.021988756954669952,0.4903067350387573,0.5436146855354309,-0.03579235449433327,0.5032823085784912,0.5759052634239197,-0.04031246155500412,0.5201259851455688,0.5227782726287842,-0.0016645250143483281,0.5035102367401123,0.48865726590156555,-0.030868079513311386,0.5139532685279846,0.5393978953361511,-0.042596761137247086,0.5239272117614746,0.5768693089485168,-0.043262653052806854,0.5469117164611816,0.5120353102684021,-0.008207118138670921,0.5325249433517456,0.4810386896133423,-0.03392520546913147,0.5369462370872498,0.5314978361129761,-0.03390952944755554,0.5420486927032471,0.5688543319702148,-0.025332923978567123,0.5734503269195557,0.5055874586105347,-0.016007794067263603,0.56763756275177,0.4489438533782959,-0.029016638174653053,0.5585476756095886,0.41346126794815063,-0.03029664233326912,0.5464100241661072,0.37964311242103577,-0.0272569227963686,Love you
0.5752043724060059,0.6552513241767883,-3.887947457315022e-07,0.5166746973991394,0.6550140976905823,-0.013134980574250221,0.46580126881599426,0.6308059096336365,-0.02231326885521412,0.4311258792877197,0.6004362106323242,-0.033975452184677124,0.40586528182029724,0.5724430084228516,-0.04187149927020073,0.49377721548080444,0.5393161773681641,0.0012709402944892645,0.4773561358451843,0.5045289993286133,-0.021867970004677773,0.4906248450279236,0.5446922779083252,-0.035397060215473175,0.5036543607711792,0.576538622379303,-0.03958180919289589,0.520233154296875,0.5232457518577576,-0.0011617080308496952,0.503643810749054,0.4900171160697937,-0.030146673321723938,0.5144112706184387,0.5413576364517212,-0.041274335235357285,0.5243469476699829,0.5773853063583374,-0.04156172275543213,0.5469409823417664,0.5122936367988586,-0.007551238406449556,0.5317514538764954,0.48116928339004517,-0.03356210142374039,0.5365630984306335,0.5323324799537659,-0.033082444220781326,0.5422102212905884,0.5691548585891724,-0.024017227813601494,0.5734797120094299,0.5054630637168884,-0.015238272957503796,0.5675321817398071,0.44785359501838684,-0.028436899185180664,0.5581786632537842,0.41234469413757324,-0.029544232413172722,0.545951247215271,0.37832969427108765,-0.02625363878905773,Love you
0.5754556059837341,0.6563460230827332,-3.75088518467237e-07,0.5162538886070251,0.6546052694320679,-0.012848354876041412,0.4657632112503052,0.6307364702224731,-0.022064002230763435,0.43076449632644653,0.6007131934165955,-0.03396536409854889,0.4050479531288147,0.5719572901725769,-0.042149994522333145,0.4940536320209503,0.5391937494277954,0.003348233876749873,0.47706112265586853,0.503687858581543,-0.019057901576161385,0.4900224506855011,0.5425178408622742,-0.03264033421874046,0.5032787322998047,0.573699414730072,-0.037206802517175674,0.5202949047088623,0.5233128666877747,0.0006740162498317659,0.503645658493042,0.48864543437957764,-0.028181863948702812,0.5143520832061768,0.5396884679794312,-0.040031321346759796,0.524745523929596,0.5761724710464478,-0.04081442207098007,0.5468713045120239,0.5125182867050171,-0.0059815943241119385,0.5314923524856567,0.48019710183143616,-0.03163766860961914,0.5360937714576721,0.5307649970054626,-0.03154982998967171,0.5423136353492737,0.5677672624588013,-0.022842006757855415,0.5735132694244385,0.5060696601867676,-0.013956373557448387,0.567960798740387,0.44831958413124084,-0.02700032852590084,0.5582584738731384,0.4120755195617676,-0.028365537524223328,0.5461076498031616,0.3776390552520752,-0.025341033935546875,Love you
0.5754013061523438,0.656438410282135,-3.781260318191926e-07,0.5160945057868958,0.654481828212738,-0.012538843788206577,0.46564263105392456,0.6307038068771362,-0.021781444549560547,0.4308869242668152,0.6007707118988037,-0.0337638258934021,0.40507572889328003,0.572269082069397,-0.042123518884181976,0.4941757917404175,0.5389874577522278,0.0031111123971641064,0.4770374000072479,0.5038692951202393,-0.019275469705462456,0.4898776710033417,0.5423712134361267,-0.03297257050871849,0.5030786991119385,0.573707103729248,-0.037634607404470444,0.5203824043273926,0.5231122970581055,0.00022892284323461354,0.5035783648490906,0.48855069279670715,-0.02860836498439312,0.5142010450363159,0.5393823981285095,-0.04061861336231232,0.5246081948280334,0.5760841369628906,-0.041544824838638306,0.5469704270362854,0.5123704075813293,-0.006536641623824835,0.531611979007721,0.48005369305610657,-0.03197988122701645,0.5361180901527405,0.5304451584815979,-0.031941551715135574,0.5422441959381104,0.5675466060638428,-0.023354627192020416,0.5736278891563416,0.5060088634490967,-0.01460479386150837,0.5678325891494751,0.4483632445335388,-0.02750314772129059,0.5579963326454163,0.4120979309082031,-0.028795568272471428,0.545782744884491,0.3777039051055908,-0.025752540677785873,Love you
0.5769720077514648,0.65730881690979,-3.816222999830643e-07,0.5171314477920532,0.655333936214447,-0.012574071064591408,0.4662841260433197,0.6305845975875854,-0.021441858261823654,0.43176060914993286,0.6000684499740601,-0.03295518830418587,0.40612930059432983,0.5722823739051819,-0.040742840617895126,0.49404919147491455,0.5403485298156738,0.0026840248610824347,0.4766107499599457,0.5047175884246826,-0.019907673820853233,0.4909931421279907,0.543689489364624,-0.03330307826399803,0.5047994256019592,0.5754179954528809,-0.03750398010015488,0.5204261541366577,0.5239915251731873,5.019421223551035e-05,0.5031884908676147,0.4894965589046478,-0.028849966824054718,0.5152379870414734,0.5402628779411316,-0.04049854725599289,0.5261068940162659,0.5765554308891296,-0.04103952273726463,0.5472704172134399,0.5128002762794495,-0.006454930640757084,0.5318440198898315,0.479837030172348,-0.03198455646634102,0.5371289849281311,0.5297651886940002,-0.03190596401691437,0.5433531999588013,0.5665296912193298,-0.023161495104432106,0.5739673376083374,0.5059542059898376,-0.014214860275387764,0.5678757429122925,0.4484136402606964,-0.026802578940987587,0.5586506724357605,0.4121379256248474,-0.027931779623031616,0.5467150807380676,0.37751513719558716,-0.024736400693655014,Love you
0.5776060223579407,0.6567435264587402,-3.7949968145767343e-07,0.5171136856079102,0.6558259129524231,-0.012142430990934372,0.4661797881126404,0.6313139796257019,-0.020567553117871284,0.4314819276332855,0.6000586748123169,-0.03173803165555,0.4056108593940735,0.5718439817428589,-0.03907333314418793,0.49448010325431824,0.5410303473472595,0.004188324324786663,0.47733771800994873,0.5041791796684265,-0.018308237195014954,0.491186261177063,0.5437314510345459,-0.03154759854078293,0.5047916173934937,0.5755080580711365,-0.035689182579517365,0.5208204388618469,0.5248650908470154,0.0013401360483840108,0.5036430954933167,0.48937010765075684,-0.02762163057923317,0.5152272582054138,0.540685772895813,-0.039086852222681046,0.5259441137313843,0.5768011808395386,-0.03941116854548454,0.5475261807441711,0.5135712623596191,-0.005493936128914356,0.5317487716674805,0.4800683557987213,-0.031177081167697906,0.5369056463241577,0.5306869745254517,-0.030661795288324356,0.5432501435279846,0.5675814747810364,-0.021557724103331566,0.5742840766906738,0.5065835118293762,-0.0135868014767766,0.5688166618347168,0.4492008090019226,-0.026414787396788597,0.5597387552261353,0.4134187698364258,-0.027474334463477135,0.5477921366691589,0.3789486885070801,-0.024176593869924545,Love you
0.5778082013130188,0.65854811668396,-3.867633324716735e-07,0.5170341730117798,0.6559993624687195,-0.011307508684694767,0.46579062938690186,0.6309718489646912,-0.019403383135795593,0.43075335025787354,0.6005371809005737,-0.03038972243666649,0.40482768416404724,0.5725101828575134,-0.03762928768992424,0.49518170952796936,0.5389330387115479,0.005722019821405411,0.4782050549983978,0.5036128163337708,-0.01613621786236763,0.49098432064056396,0.5434612035751343,-0.02938692457973957,0.5043360590934753,0.5754647850990295,-0.03375393897294998,0.5213925838470459,0.5230762362480164,0.0024556347634643316,0.5041478872299194,0.4884193241596222,-0.025918124243617058,0.5151079297065735,0.5400757193565369,-0.03741464391350746,0.5256271958351135,0.5766218304634094,-0.03790156915783882,0.5480372309684753,0.5123903751373291,-0.004745009355247021,0.5319952964782715,0.4805975556373596,-0.02985324338078499,0.5371509790420532,0.5311275720596313,-0.02946029044687748,0.5436606407165527,0.5678670406341553,-0.020620960742235184,0.5746280550956726,0.5062144994735718,-0.01317073404788971,0.5690789222717285,0.4489155113697052,-0.02578406035900116,0.5598474740982056,0.4133278727531433,-0.026850128546357155,0.5478423833847046,0.37909042835235596,-0.023627575486898422,Love you
0.5763195753097534,0.6568092703819275,-3.881724524035235e-07,0.5160154104232788,0.6546395421028137,-0.011838791891932487,0.46538469195365906,0.6307615041732788,-0.02040821500122547,0.43105483055114746,0.6001710891723633,-0.03183866664767265,0.4052579700946808,0.5723531246185303,-0.039593134075403214,0.49497532844543457,0.5390767455101013,0.004511794075369835,0.4777502715587616,0.5041235685348511,-0.0174243301153183,0.4907495081424713,0.5438818335533142,-0.03075355663895607,0.5041061043739319,0.5758582949638367,-0.03507109358906746,0.5210545063018799,0.5230129361152649,0.0015421772841364145,0.5038941502571106,0.48917603492736816,-0.026810528710484505,0.5150607228279114,0.5405993461608887,-0.03831881657242775,0.5257710814476013,0.5767934918403625,-0.038873687386512756,0.5475032329559326,0.5120686888694763,-0.0053078061901032925,0.5316131711006165,0.4800431728363037,-0.030358392745256424,0.5368111729621887,0.5303595066070557,-0.030036503449082375,0.5435722470283508,0.5670449733734131,-0.021238502115011215,0.5740599632263184,0.5054250359535217,-0.013416627421975136,0.5683466196060181,0.4477350115776062,-0.025812070816755295,0.5587161779403687,0.41202497482299805,-0.026743194088339806,0.5465036630630493,0.3779776096343994,-0.023427754640579224,Love you
0.5774617791175842,0.657257616519928,-3.792539757796476e-07,0.5177130103111267,0.6556125283241272,-0.013301936909556389,0.4662342965602875,0.6316378712654114,-0.022603660821914673,0.4309346675872803,0.6002444624900818,-0.03445003181695938,0.4049973785877228,0.5718210935592651,-0.04235198721289635,0.4940321743488312,0.541179358959198,0.002498186891898513,0.47666648030281067,0.5035203695297241,-0.02017844468355179,0.4902702867984772,0.5436485409736633,-0.03352782502770424,0.503584086894989,0.5757725834846497,-0.03772430866956711,0.5206190943717957,0.524604082107544,0.0001467247202526778,0.504044234752655,0.4894295036792755,-0.02893567830324173,0.5154386162757874,0.540962278842926,-0.04045649990439415,0.5261325240135193,0.5775238275527954,-0.0409478023648262,0.5474855899810791,0.5132133960723877,-0.006241268012672663,0.5322443842887878,0.478873074054718,-0.03209173306822777,0.5366589426994324,0.5294735431671143,-0.03199999779462814,0.5426763296127319,0.5671321749687195,-0.023229623213410378,0.574245035648346,0.5060749053955078,-0.01394527219235897,0.5685334205627441,0.4480287730693817,-0.026881959289312363,0.5586681365966797,0.41198694705963135,-0.028325621038675308,0.5463840365409851,0.37794455885887146,-0.02535109594464302,Love you
0.578261137008667,0.6570701599121094,-3.8014368897165696e-07,0.5178899168968201,0.6557744741439819,-0.012633639387786388,0.466332346200943,0.6315029859542847,-0.021502992138266563,0.4309309124946594,0.6006046533584595,-0.03300805389881134,0.40441423654556274,0.5731110572814941,-0.04065759852528572,0.4947419762611389,0.5408068895339966,0.0034489857498556376,0.47695204615592957,0.5037491917610168,-0.019023198634386063,0.4900467097759247,0.5436767935752869,-0.03233223035931587,0.5033147931098938,0.5753761529922485,-0.03655851632356644,0.5211666226387024,0.524772584438324,0.0007716022664681077,0.5042698979377747,0.48950475454330444,-0.027945514768362045,0.5151488184928894,0.5406863689422607,-0.039386820048093796,0.525725781917572,0.5767232179641724,-0.03986632078886032,0.5477981567382812,0.5135356187820435,-0.005895975045859814,0.5325300693511963,0.4800664484500885,-0.0313546396791935,0.5371277332305908,0.5307653546333313,-0.030870452523231506,0.5432687997817993,0.568016529083252,-0.021910622715950012,0.5743619203567505,0.5063243508338928,-0.013867679983377457,0.5686105489730835,0.44905245304107666,-0.026494139805436134,0.5592890381813049,0.4136599898338318,-0.027434751391410828,0.5474846363067627,0.37982451915740967,-0.02410057559609413,Love you
0.5768104791641235,0.6556181311607361,-3.802112189532636e-07,0.5175067186355591,0.6550487875938416,-0.012836775742471218,0.4662300944328308,0.6314989328384399,-0.021866988390684128,0.4310173988342285,0.6005204916000366,-0.033418040722608566,0.4048963785171509,0.5724126100540161,-0.04116359353065491,0.49475350975990295,0.5404186844825745,0.002848267089575529,0.4776188135147095,0.5034008622169495,-0.019388411194086075,0.49058547616004944,0.5433450937271118,-0.032609518617391586,0.5037329196929932,0.5756371021270752,-0.03692216798663139,0.52116459608078,0.5240767598152161,0.00041571041219867766,0.5043935179710388,0.4890267848968506,-0.02817814238369465,0.5152362585067749,0.5395179390907288,-0.03978252038359642,0.5256671905517578,0.5761241912841797,-0.040544431656599045,0.5479480624198914,0.5126349329948425,-0.005910393316298723,0.532525360584259,0.4789043068885803,-0.031203819438815117,0.5373106002807617,0.5289895534515381,-0.03080710396170616,0.5432877540588379,0.5663756132125854,-0.022101087495684624,0.574815571308136,0.5054313540458679,-0.013523804023861885,0.569118082523346,0.44891229271888733,-0.026214096695184708,0.5599746108055115,0.41372883319854736,-0.02735312283039093,0.548037052154541,0.3798866271972656,-0.024282176047563553,Love you
0.5769420266151428,0.6561517119407654,-3.807838027114485e-07,0.5171790719032288,0.6550425887107849,-0.012352341786026955,0.46637800335884094,0.6315657496452332,-0.02142956294119358,0.4316534996032715,0.6010515093803406,-0.03317902982234955,0.4060274362564087,0.5728437304496765,-0.04119117930531502,0.494933545589447,0.5403704047203064,0.0029802736826241016,0.4772951304912567,0.5040299892425537,-0.019254324957728386,0.4904700517654419,0.5436052680015564,-0.03257278352975845,0.5037221908569336,0.5751933455467224,-0.03696119412779808,0.5212629437446594,0.5242531895637512,0.0002647077781148255,0.5040662884712219,0.48927199840545654,-0.02834216132760048,0.5151047706604004,0.5399417877197266,-0.03996526077389717,0.5257886052131653,0.5760849118232727,-0.040740616619586945,0.5480473637580872,0.5129204988479614,-0.0062749506905674934,0.5325606465339661,0.47885531187057495,-0.03146173432469368,0.5370869040489197,0.5293169617652893,-0.030971091240644455,0.5430257320404053,0.5667256116867065,-0.02220901846885681,0.5748509764671326,0.5057593584060669,-0.014078469946980476,0.5689919590950012,0.44897422194480896,-0.02661207690834999,0.5596196055412292,0.41352617740631104,-0.02760663628578186,0.5476964116096497,0.3792627453804016,-0.02442821115255356,Love you
0.7688880562782288,0.5997617840766907,-4.0448571780871134e-07,0.7004621624946594,0.5724231004714966,-0.02306191436946392,0.6422427296638489,0.5257045030593872,-0.035903919488191605,0.6049190759658813,0.4708745777606964,-0.04907643795013428,0.5824856758117676,0.424721896648407,-0.05672460049390793,0.6921098828315735,0.43523719906806946,-0.006787160877138376,0.6980623006820679,0.37253156304359436,-0.031297631561756134,0.701984167098999,0.42113620042800903,-0.044554997235536575,0.7006914615631104,0.4634718596935272,-0.04915224760770798,0.7302454113960266,0.4287169575691223,-0.004700902383774519,0.7336110472679138,0.3762069344520569,-0.036237116903066635,0.7301568388938904,0.4359321594238281,-0.04933136701583862,0.7248448133468628,0.4781706631183624,-0.05161508172750473,0.7649412155151367,0.4273759722709656,-0.007079492788761854,0.770096480846405,0.3744026720523834,-0.03732263669371605,0.7609689831733704,0.4294333755970001,-0.037502240389585495,0.7522532939910889,0.47293880581855774,-0.028409330174326897,0.7972453832626343,0.4329527020454407,-0.011095788329839706,0.8065658807754517,0.36773431301116943,-0.028071967884898186,0.8089094758033752,0.32625049352645874,-0.03021630272269249,0.8080002069473267,0.2843807339668274,-0.02702667936682701,Love you
0.7818742990493774,0.6036028265953064,-4.023952726583957e-07,0.7140916585922241,0.5759033560752869,-0.02352331019937992,0.6565805673599243,0.5298432111740112,-0.036972660571336746,0.6175402402877808,0.4730859696865082,-0.0511077344417572,0.5954697132110596,0.4233977794647217,-0.05962224677205086,0.705752432346344,0.43950194120407104,-0.004039929248392582,0.7126772999763489,0.3780790865421295,-0.029397806152701378,0.7162502408027649,0.4276973307132721,-0.04367959499359131,0.7150716781616211,0.47045907378196716,-0.04924982413649559,0.7447600960731506,0.43200698494911194,-0.002323926892131567,0.7481814622879028,0.3817909061908722,-0.03359457105398178,0.7451968193054199,0.44222259521484375,-0.046455834060907364,0.7405170798301697,0.48257017135620117,-0.049046728760004044,0.7805976867675781,0.4299899637699127,-0.005677637178450823,0.7865840196609497,0.3778626024723053,-0.037014205008745193,0.777553379535675,0.43368473649024963,-0.03666288033127785,0.7683228850364685,0.4758823812007904,-0.02724939025938511,0.8139277100563049,0.4355906546115875,-0.010754999704658985,0.825453519821167,0.37146055698394775,-0.028816647827625275,0.8285412788391113,0.33170801401138306,-0.03085649386048317,0.8274402618408203,0.2903740704059601,-0.027592455968260765,Love you
0.7812440395355225,0.6026086211204529,-4.089624496828037e-07,0.7134626507759094,0.5754114985466003,-0.023292388767004013,0.656014621257782,0.5294188261032104,-0.03657485544681549,0.6172385215759277,0.4728012979030609,-0.05054128170013428,0.5951783657073975,0.4231357276439667,-0.058933354914188385,0.7057976126670837,0.4393235445022583,-0.004266673699021339,0.7125803828239441,0.37870490550994873,-0.0295094083994627,0.7156995534896851,0.4287649691104889,-0.04369904100894928,0.7143255472183228,0.4710710942745209,-0.049260448664426804,0.7448536157608032,0.4321736693382263,-0.0026863955426961184,0.7481096386909485,0.3820318579673767,-0.03400952368974686,0.7446258068084717,0.44245973229408264,-0.046915702521800995,0.739733099937439,0.4826425313949585,-0.04956240952014923,0.7807576060295105,0.4303373396396637,-0.0060859061777591705,0.7865672707557678,0.3783365786075592,-0.037352029234170914,0.7773661017417908,0.4341045618057251,-0.036961160600185394,0.768101155757904,0.4759073853492737,-0.027559563517570496,0.8143421411514282,0.43591320514678955,-0.011188245378434658,0.8256857395172119,0.37153688073158264,-0.02916211262345314,0.8286168575286865,0.3318122327327728,-0.031127939000725746,0.8273177742958069,0.2903009057044983,-0.027840279042720795,Love you
0.7823864817619324,0.607519268989563,-4.179749453214754e-07,0.7149873971939087,0.5798472166061401,-0.024036308750510216,0.6581010222434998,0.5309109687805176,-0.03804246336221695,0.6194932460784912,0.47248753905296326,-0.052601296454668045,0.5964688062667847,0.42306220531463623,-0.0614929236471653,0.7071503400802612,0.4389943480491638,-0.006094014272093773,0.7133256196975708,0.37719300389289856,-0.032095156610012054,0.7146844863891602,0.4274039566516876,-0.04614197462797165,0.7128447890281677,0.47082656621932983,-0.05142300948500633,0.7458369135856628,0.43195459246635437,-0.004436335526406765,0.7490564584732056,0.38258206844329834,-0.036684125661849976,0.7444482445716858,0.4447496235370636,-0.04933229461312294,0.739827036857605,0.4844917058944702,-0.05151517689228058,0.781563937664032,0.43071067333221436,-0.007790199480950832,0.7881078124046326,0.37784817814826965,-0.039806101471185684,0.7778117060661316,0.4348134398460388,-0.03900657594203949,0.7681279182434082,0.47713610529899597,-0.029191486537456512,0.8148012757301331,0.43697401881217957,-0.012906472198665142,0.8263736367225647,0.3723262548446655,-0.031585488468408585,0.8289079666137695,0.3324139714241028,-0.03361290320754051,0.8276296854019165,0.2903844714164734,-0.030186204239726067,Love you
0.781788170337677,0.6064051389694214,-4.175743129053444e-07,0.7140707969665527,0.5793795585632324,-0.023499194532632828,0.6571004986763,0.5307527184486389,-0.03714606538414955,0.6191829442977905,0.4718640446662903,-0.05138371139764786,0.5964299440383911,0.421969473361969,-0.06001748889684677,0.7072210907936096,0.4390392005443573,-0.005441855639219284,0.7124203443527222,0.37873825430870056,-0.03103019669651985,0.7144696116447449,0.42937859892845154,-0.045315396040678024,0.7134091854095459,0.47203296422958374,-0.05096328631043434,0.7456920146942139,0.4321501851081848,-0.0040600113570690155,0.7480258941650391,0.38261038064956665,-0.03580646961927414,0.7436611652374268,0.4441292881965637,-0.04864006116986275,0.7391588687896729,0.4847875237464905,-0.05115734040737152,0.7813342213630676,0.43111303448677063,-0.007646263111382723,0.7862444519996643,0.37895554304122925,-0.038968171924352646,0.7768464088439941,0.4355810880661011,-0.03829868510365486,0.7681703567504883,0.47767913341522217,-0.028853096067905426,0.8149870038032532,0.437538206577301,-0.013014917261898518,0.8264097571372986,0.3730018138885498,-0.0312938392162323,0.8287127614021301,0.3334476947784424,-0.03346918150782585,0.8272077441215515,0.2918756306171417,-0.030390609055757523,Love you
0.7818029522895813,0.6064766645431519,-4.2537459421509993e-07,0.7133405804634094,0.5785747766494751,-0.02219197154045105,0.6554178595542908,0.528854250907898,-0.034511249512434006,0.6177058815956116,0.4700706899166107,-0.04754016548395157,0.5942680835723877,0.4223237633705139,-0.05496210977435112,0.7066667079925537,0.44017985463142395,-0.0040906392969191074,0.7125222086906433,0.38083431124687195,-0.02894219383597374,0.7153884768486023,0.43160179257392883,-0.042322348803281784,0.7141507267951965,0.47324714064598083,-0.04732223600149155,0.7451332807540894,0.43320298194885254,-0.0029288700316101313,0.7477675080299377,0.38406968116760254,-0.033749502152204514,0.7438013553619385,0.4455459415912628,-0.04558093100786209,0.7389045357704163,0.48500484228134155,-0.047655120491981506,0.7805459499359131,0.4318247139453888,-0.006659750826656818,0.7853173613548279,0.3803451657295227,-0.03747682645916939,0.7759206891059875,0.43760818243026733,-0.03625984117388725,0.766815185546875,0.479392945766449,-0.026576029136776924,0.8137266635894775,0.43783628940582275,-0.012072309851646423,0.8256418108940125,0.37315067648887634,-0.029903288930654526,0.8285028338432312,0.33332252502441406,-0.03184991329908371,0.827010989189148,0.2910345196723938,-0.028756743296980858,Love you
0.7823360562324524,0.608819842338562,-4.210499753298791e-07,0.7146177887916565,0.5801022052764893,-0.023054219782352448,0.6568763852119446,0.5298938155174255,-0.03580665960907936,0.6183125972747803,0.471418172121048,-0.04910091310739517,0.5944439172744751,0.42292824387550354,-0.056740958243608475,0.70755934715271,0.43946129083633423,-0.004910685122013092,0.7135854959487915,0.37895309925079346,-0.03005538508296013,0.7166004180908203,0.43047696352005005,-0.04368332400918007,0.7156960964202881,0.4727664589881897,-0.048767466098070145,0.7458620071411133,0.4327748119831085,-0.0032282096799463034,0.7488892078399658,0.3830789029598236,-0.0349273681640625,0.7447055578231812,0.4451174736022949,-0.04756203666329384,0.7397946715354919,0.48572561144828796,-0.049863800406455994,0.7810811996459961,0.4318828582763672,-0.006423138082027435,0.7865933179855347,0.37996214628219604,-0.03764396533370018,0.7766176462173462,0.4366109371185303,-0.037194035947322845,0.7669983506202698,0.47856956720352173,-0.027781952172517776,0.8142004013061523,0.4381553828716278,-0.011286458000540733,0.8254844546318054,0.3730107247829437,-0.029212702065706253,0.828136146068573,0.3333364725112915,-0.031425923109054565,0.8266496658325195,0.29148390889167786,-0.02835410088300705,Love you
0.7816615700721741,0.6073578596115112,-4.103033290903113e-07,0.713595986366272,0.5796383023262024,-0.02308136597275734,0.6561152338981628,0.5304751992225647,-0.03588470071554184,0.6182205080986023,0.4715101718902588,-0.04914332926273346,0.5944238305091858,0.4231210947036743,-0.05647232010960579,0.7060123682022095,0.43841660022735596,-0.005304278805851936,0.7125510573387146,0.3772670328617096,-0.02951842173933983,0.7162977457046509,0.4292936325073242,-0.04182033613324165,0.7153952121734619,0.47192931175231934,-0.046034324914216995,0.7445291876792908,0.4320942759513855,-0.003396846354007721,0.7475012540817261,0.38278642296791077,-0.03464276343584061,0.7442731857299805,0.44440457224845886,-0.04655769094824791,0.7392222881317139,0.4847926199436188,-0.048370957374572754,0.7800636291503906,0.4312400221824646,-0.00629101088270545,0.7842257618904114,0.37982675433158875,-0.03686773031949997,0.7757965326309204,0.43611299991607666,-0.035754792392253876,0.7672109007835388,0.47771701216697693,-0.02609575167298317,0.8135350942611694,0.43734756112098694,-0.010890566743910313,0.825158953666687,0.3728976249694824,-0.028500687330961227,0.8278002142906189,0.33367887139320374,-0.03064289502799511,0.8258579969406128,0.29176217317581177,-0.027615534141659737,Love you
0.7813535928726196,0.6049824953079224,-4.224494887239416e-07,0.7131468057632446,0.5788211226463318,-0.022937310859560966,0.6556462645530701,0.5302963256835938,-0.03582623228430748,0.6180689930915833,0.47143667936325073,-0.049243226647377014,0.5945813655853271,0.4230874180793762,-0.056832268834114075,0.7066020369529724,0.43842893838882446,-0.00508248433470726,0.7121236324310303,0.3779364228248596,-0.029746361076831818,0.7149019837379456,0.429765909910202,-0.0424557663500309,0.7140383720397949,0.47226738929748535,-0.04697057604789734,0.7450677752494812,0.43224188685417175,-0.003484620712697506,0.7473939657211304,0.3829561173915863,-0.034780874848365784,0.7430674433708191,0.4447636902332306,-0.046698275953531265,0.7381906509399414,0.4843767583370209,-0.04862958937883377,0.7805287837982178,0.43128371238708496,-0.006741666235029697,0.7852369546890259,0.37968456745147705,-0.037799231708049774,0.7752813696861267,0.4369242787361145,-0.036640167236328125,0.7660006284713745,0.47885388135910034,-0.026931457221508026,0.8139186501502991,0.43726930022239685,-0.011679312214255333,0.82538241147995,0.37335872650146484,-0.029808687046170235,0.8275426030158997,0.33393555879592896,-0.03198098763823509,0.8256267309188843,0.29183176159858704,-0.028934570029377937,Love you
0.7810713052749634,0.6054990291595459,-4.1531623651280825e-07,0.7129098176956177,0.5780771970748901,-0.022639429196715355,0.6551439762115479,0.5296131372451782,-0.03521236032247543,0.6171627044677734,0.4714634120464325,-0.04850185662508011,0.5950037837028503,0.422324538230896,-0.05618977174162865,0.7064909338951111,0.43880072236061096,-0.0028235975187271833,0.7111623287200928,0.3783644437789917,-0.027324508875608444,0.7132004499435425,0.4289887249469757,-0.04144836589694023,0.7118110656738281,0.47063636779785156,-0.04713096469640732,0.7446658611297607,0.43211033940315247,-0.0013157468056306243,0.7464538216590881,0.38223394751548767,-0.03183216229081154,0.7420869469642639,0.442277729511261,-0.04457222297787666,0.7373338937759399,0.4827335774898529,-0.04724046587944031,0.7798335552215576,0.4307841956615448,-0.0048018344677984715,0.7841885089874268,0.37886685132980347,-0.03494938835501671,0.774803638458252,0.4346676468849182,-0.03447985649108887,0.7662301659584045,0.47660303115844727,-0.025338035076856613,0.8133044838905334,0.4365796744823456,-0.010044540278613567,0.8246220350265503,0.3721940815448761,-0.027256419882178307,0.8271723985671997,0.3326469957828522,-0.029376564547419548,0.8257904648780823,0.29100847244262695,-0.02643633261322975,Love you
0.7811630368232727,0.6065561771392822,-4.162550339970039e-07,0.7133006453514099,0.5792611837387085,-0.023495305329561234,0.6554062962532043,0.5307633280754089,-0.03651827201247215,0.6169829368591309,0.47217512130737305,-0.0501367524266243,0.5948951840400696,0.4221988916397095,-0.05807109177112579,0.706131637096405,0.4387681782245636,-0.003383805276826024,0.7120420336723328,0.3784275949001312,-0.028393248096108437,0.7141167521476746,0.4295654892921448,-0.04277912154793739,0.7124746441841125,0.47174617648124695,-0.04854793846607208,0.7446685433387756,0.4319693446159363,-0.0015045759500935674,0.7471935749053955,0.3821426033973694,-0.03268968686461449,0.7427239418029785,0.44293320178985596,-0.04582171514630318,0.7377151250839233,0.4835280478000641,-0.04858778044581413,0.7800738215446472,0.4306819438934326,-0.0046897768042981625,0.7850772142410278,0.3784145712852478,-0.03548812493681908,0.7754635810852051,0.4343984127044678,-0.035290151834487915,0.7664067149162292,0.47639232873916626,-0.026105819270014763,0.8135865926742554,0.43659037351608276,-0.009640045464038849,0.824629545211792,0.3721824884414673,-0.027244187891483307,0.8270841836929321,0.33281803131103516,-0.029498012736439705,0.8254896998405457,0.2912275493144989,-0.026487596333026886,Love you
0.7819523811340332,0.6048256754875183,-4.0574883541921736e-07,0.7133514285087585,0.5776512026786804,-0.023952702060341835,0.6555094718933105,0.5284889936447144,-0.037170764058828354,0.6174002885818481,0.4687741994857788,-0.05080617591738701,0.5924733877182007,0.4197186827659607,-0.058773163706064224,0.7055768966674805,0.43644359707832336,-0.005384582560509443,0.7132275104522705,0.3761962056159973,-0.030399810522794724,0.7172197103500366,0.42625799775123596,-0.04388946667313576,0.7164956331253052,0.4688824415206909,-0.04873628541827202,0.7442318797111511,0.4298849403858185,-0.003252949332818389,0.7480334639549255,0.38067394495010376,-0.034515637904405594,0.7450063824653625,0.4414849281311035,-0.04687841236591339,0.7402231693267822,0.48302745819091797,-0.04891558736562729,0.7796220779418945,0.4288925528526306,-0.0061409990303218365,0.7845161557197571,0.37976014614105225,-0.03731602057814598,0.7759568691253662,0.4360232651233673,-0.037090566009283066,0.7672970294952393,0.478061318397522,-0.027686120942234993,0.8130099177360535,0.435074120759964,-0.01073781680315733,0.824306845664978,0.37065476179122925,-0.02865256927907467,0.8265292048454285,0.33100855350494385,-0.030944084748625755,0.8242506980895996,0.28957030177116394,-0.02785666659474373,Love you
0.7816709876060486,0.6045229434967041,-4.094247856301081e-07,0.7136618494987488,0.577533483505249,-0.023537376895546913,0.6559044122695923,0.5284648537635803,-0.03665414825081825,0.6178531646728516,0.4700210392475128,-0.050208620727062225,0.5931522250175476,0.42084527015686035,-0.05800522118806839,0.7056888937950134,0.4358544647693634,-0.004667396657168865,0.7121370434761047,0.3763613700866699,-0.029638322070240974,0.7147719860076904,0.42680108547210693,-0.04318747669458389,0.7137414216995239,0.46910086274147034,-0.04820755124092102,0.7442359328269958,0.42954206466674805,-0.0028465744107961655,0.7468942999839783,0.3805132508277893,-0.033755652606487274,0.7430055141448975,0.4412602484226227,-0.04589767009019852,0.7385411262512207,0.48193177580833435,-0.047916851937770844,0.7796920537948608,0.42855122685432434,-0.006083903834223747,0.7843140363693237,0.3785337209701538,-0.0370599702000618,0.7747899889945984,0.43518489599227905,-0.0364987887442112,0.7657443284988403,0.47734013199806213,-0.027047641575336456,0.8132210969924927,0.43476903438568115,-0.011025691404938698,0.8244057893753052,0.3706892132759094,-0.02899557165801525,0.8266475200653076,0.33104750514030457,-0.031229784712195396,0.824647068977356,0.2895405888557434,-0.02815833128988743,Love you
0.7805824279785156,0.6060911417007446,-4.1417399643250974e-07,0.7116944193840027,0.5772554278373718,-0.021733757108449936,0.6544550061225891,0.5269426107406616,-0.03354860469698906,0.6172699928283691,0.46884357929229736,-0.04621092975139618,0.594290018081665,0.4207096993923187,-0.053256046026945114,0.705406665802002,0.4369478225708008,-0.0024543320760130882,0.7104596495628357,0.37645745277404785,-0.026957832276821136,0.7133651375770569,0.42708244919776917,-0.04044604301452637,0.7128589749336243,0.46944135427474976,-0.045455824583768845,0.7438902854919434,0.43106213212013245,-0.0013423825148493052,0.7452415823936462,0.38072043657302856,-0.032067958265542984,0.7414035797119141,0.4414249360561371,-0.04426589608192444,0.7373558878898621,0.48241063952445984,-0.04628276079893112,0.7791506052017212,0.43003326654434204,-0.005214659031480551,0.782982587814331,0.37789058685302734,-0.035727109760046005,0.7735084891319275,0.4344381093978882,-0.03509364277124405,0.7649781703948975,0.4771636128425598,-0.025661032646894455,0.8124814629554749,0.4359695017337799,-0.010741841979324818,0.8242692947387695,0.371552050113678,-0.028325451537966728,0.8265633583068848,0.3320156931877136,-0.030573710799217224,0.8247743844985962,0.2906678020954132,-0.027598027139902115,Love you
0.7802918553352356,0.6045300960540771,-4.1179205823027587e-07,0.7107956409454346,0.5763028264045715,-0.021490441635251045,0.6539543867111206,0.5264127254486084,-0.03308749571442604,0.6172785758972168,0.46847906708717346,-0.04566240683197975,0.594200611114502,0.42065078020095825,-0.05276142805814743,0.705633282661438,0.4373287260532379,-0.002042989246547222,0.7104994654655457,0.3764720857143402,-0.026439299806952477,0.7135829329490662,0.42635560035705566,-0.04011429101228714,0.7132019996643066,0.46898263692855835,-0.045201852917671204,0.7440398335456848,0.43143221735954285,-0.0010458609322085977,0.7451337575912476,0.38064044713974,-0.031892549246549606,0.7415955662727356,0.44068998098373413,-0.044662006199359894,0.7376575469970703,0.4825584292411804,-0.046975277364254,0.7791720628738403,0.4301168918609619,-0.0049718520604074,0.7825851440429688,0.377875417470932,-0.03531205281615257,0.7734752297401428,0.4340599775314331,-0.03512165695428848,0.7652876973152161,0.47702348232269287,-0.025953510776162148,0.8123904466629028,0.43570148944854736,-0.01055176742374897,0.8240596652030945,0.37153804302215576,-0.02785404399037361,0.8262509703636169,0.3320424556732178,-0.03019300289452076,0.824331521987915,0.2908725142478943,-0.02732319012284279,Love you
0.7797301411628723,0.6046401858329773,-4.228222678648308e-07,0.7108175754547119,0.5759347081184387,-0.022198230028152466,0.6535793542861938,0.5269334316253662,-0.03447370231151581,0.6169492602348328,0.4682580232620239,-0.047319650650024414,0.5929532647132874,0.4208526909351349,-0.05427594110369682,0.7046610116958618,0.4372854232788086,-0.003849393455311656,0.709750235080719,0.3773929476737976,-0.028583340346813202,0.7123011350631714,0.4289533495903015,-0.04171005263924599,0.7105733752250671,0.47046926617622375,-0.04652053490281105,0.7433043718338013,0.43061500787734985,-0.0025406961794942617,0.7452417612075806,0.38196027278900146,-0.03322862833738327,0.7410523295402527,0.4427984356880188,-0.0450681708753109,0.7358201146125793,0.48122867941856384,-0.04720302298665047,0.7788398265838623,0.429464191198349,-0.00611839210614562,0.7831934690475464,0.37872806191444397,-0.03659600391983986,0.7733258008956909,0.43576595187187195,-0.03521706908941269,0.7637937664985657,0.4772590696811676,-0.025550175458192825,0.8121832013130188,0.43568703532218933,-0.011391664855182171,0.8236725330352783,0.3721655607223511,-0.029075466096401215,0.8260207176208496,0.33309051394462585,-0.030982322990894318,0.8238567113876343,0.29136261343955994,-0.027828399091959,Love you
0.780080258846283,0.6056029200553894,-4.216994113903638e-07,0.7110629081726074,0.5768458247184753,-0.02219877950847149,0.6538161635398865,0.5273721814155579,-0.03434067592024803,0.6171863079071045,0.4684129059314728,-0.04707968980073929,0.5929188132286072,0.42109745740890503,-0.053955234587192535,0.704675555229187,0.43765172362327576,-0.003299908246845007,0.7101178169250488,0.3774881064891815,-0.02781703881919384,0.7124924063682556,0.4291071593761444,-0.04098840430378914,0.7105279564857483,0.4706827998161316,-0.045891035348176956,0.7433490753173828,0.43074819445610046,-0.0018991148099303246,0.7454643845558167,0.3818560838699341,-0.03246638551354408,0.7413110136985779,0.442844957113266,-0.04446667432785034,0.7359670400619507,0.48140767216682434,-0.04668134078383446,0.778923749923706,0.4294583797454834,-0.005388324148952961,0.7834430932998657,0.37809112668037415,-0.03572451323270798,0.773708701133728,0.4352063238620758,-0.03445448726415634,0.7641566395759583,0.4769664406776428,-0.024837957695126534,0.8122886419296265,0.43554794788360596,-0.010565042495727539,0.8235883712768555,0.3719814121723175,-0.02808653563261032,0.8259177803993225,0.3328496813774109,-0.02998487465083599,0.8237748742103577,0.2911440432071686,-0.02681535668671131,Love you
0.7796099781990051,0.6071044206619263,-4.257116472672351e-07,0.7112129926681519,0.578413188457489,-0.02187260240316391,0.6535946130752563,0.5288926362991333,-0.03391766920685768,0.6164829730987549,0.4703202545642853,-0.046706076711416245,0.5932679176330566,0.42260709404945374,-0.053737252950668335,0.7043381929397583,0.4378781318664551,-0.0024442970752716064,0.7100542187690735,0.37930598855018616,-0.027151240035891533,0.7122556567192078,0.43092969059944153,-0.04058368131518364,0.7106894850730896,0.4726238548755646,-0.04558828845620155,0.7426980137825012,0.43131014704704285,-0.0012679353822022676,0.745060384273529,0.38354241847991943,-0.03163185715675354,0.7406212091445923,0.44483619928359985,-0.04345768317580223,0.7355358600616455,0.48309022188186646,-0.04553663358092308,0.7781325578689575,0.43018782138824463,-0.005099097732454538,0.7826187014579773,0.38011881709098816,-0.03548456355929375,0.7727774977684021,0.43706968426704407,-0.03418220207095146,0.7634918093681335,0.4781109392642975,-0.024537064135074615,0.8115473389625549,0.4363209009170532,-0.010621489956974983,0.823086678981781,0.37227579951286316,-0.02821732684969902,0.8257473707199097,0.33312487602233887,-0.030017223209142685,0.8242711424827576,0.2914198935031891,-0.026746632531285286,Love you
0.7791375517845154,0.6058504581451416,-4.2094879404430685e-07,0.7107515335083008,0.5778729915618896,-0.022335859015583992,0.6531298756599426,0.5293123722076416,-0.034874409437179565,0.6155426502227783,0.4713650643825531,-0.04823480173945427,0.5929375290870667,0.42254573106765747,-0.05605095997452736,0.7048928737640381,0.437405526638031,-0.002546604722738266,0.7103347182273865,0.37855589389801025,-0.027755998075008392,0.7117993831634521,0.4296107292175293,-0.04222489148378372,0.7102206945419312,0.47181129455566406,-0.04786662012338638,0.7431756854057312,0.43108069896698,-0.0013152706669643521,0.7454227805137634,0.3833315670490265,-0.03249601647257805,0.7404301762580872,0.44416993856430054,-0.04544149339199066,0.735525906085968,0.484072208404541,-0.04798081889748573,0.7783934473991394,0.4301054775714874,-0.005135906394571066,0.7828615307807922,0.3806867003440857,-0.036069970577955246,0.7728986740112305,0.43707647919654846,-0.03577108308672905,0.763880729675293,0.4784151613712311,-0.026474416255950928,0.8117756843566895,0.4363141357898712,-0.010639519430696964,0.8229436874389648,0.3721272051334381,-0.028392376378178596,0.8252415060997009,0.3328816294670105,-0.030423512682318687,0.8236874341964722,0.2913805842399597,-0.0271775983273983,Love you
0.7782156467437744,0.6070141792297363,-4.215006299546076e-07,0.7092300057411194,0.5792561769485474,-0.02310512401163578,0.6515482068061829,0.5297204852104187,-0.03592316061258316,0.6146926879882812,0.4705871641635895,-0.04922379180788994,0.5921849012374878,0.4218347668647766,-0.056715644896030426,0.7025501728057861,0.43834349513053894,-0.004636434838175774,0.7090551853179932,0.37896865606307983,-0.029210316017270088,0.7118107080459595,0.4306437373161316,-0.04262210428714752,0.7096526622772217,0.4722130000591278,-0.047872595489025116,0.7414177060127258,0.43164098262786865,-0.0029713257681578398,0.7441034317016602,0.38324442505836487,-0.03348618745803833,0.740324854850769,0.4446782171726227,-0.04551813751459122,0.7346133589744568,0.4836602509021759,-0.047970615327358246,0.7770507335662842,0.43070128560066223,-0.006203413009643555,0.7819424867630005,0.37861114740371704,-0.036682963371276855,0.7729558944702148,0.4363155663013458,-0.03514012321829796,0.7633907794952393,0.47845691442489624,-0.025444045662879944,0.8104274272918701,0.4374139904975891,-0.011195003055036068,0.8218045234680176,0.3736427426338196,-0.028973735868930817,0.8247812390327454,0.3351208567619324,-0.03068052977323532,0.8231850266456604,0.2935178875923157,-0.027409611269831657,Love you
0.7762012481689453,0.6046566963195801,-4.170483691723348e-07,0.706559419631958,0.5772514939308167,-0.02154582552611828,0.6497901082038879,0.5283952355384827,-0.03361787274479866,0.6138153076171875,0.470221608877182,-0.04670354723930359,0.5909011960029602,0.42213666439056396,-0.05439525470137596,0.703749418258667,0.43919637799263,-0.0019545091781765223,0.706946849822998,0.3797006607055664,-0.026554560288786888,0.7086400389671326,0.429947167634964,-0.040923114866018295,0.7077076435089111,0.47225284576416016,-0.046711623668670654,0.7417090535163879,0.43296706676483154,-0.0012490322114899755,0.7413424849510193,0.3834902346134186,-0.031981512904167175,0.7370803952217102,0.44313934445381165,-0.04498834162950516,0.7335451245307922,0.48418405652046204,-0.04780986160039902,0.776662290096283,0.43185558915138245,-0.005503613501787186,0.7791845202445984,0.3797972798347473,-0.03571664169430733,0.7693837881088257,0.4361366927623749,-0.03523728996515274,0.7613117098808289,0.47894203662872314,-0.02618705853819847,0.8098694086074829,0.43781113624572754,-0.01150468923151493,0.8213706016540527,0.37381047010421753,-0.028991304337978363,0.8234112858772278,0.33371174335479736,-0.03132391348481178,0.8218634128570557,0.2919185757637024,-0.02862725220620632,Love you
0.7739230394363403,0.6104526519775391,-4.2359923213552975e-07,0.7033705711364746,0.5814077854156494,-0.020285625010728836,0.646381676197052,0.5322740077972412,-0.03163597360253334,0.6108311414718628,0.4734514355659485,-0.044104572385549545,0.5872206687927246,0.42626503109931946,-0.05095462128520012,0.6981514096260071,0.44251495599746704,-0.001500424463301897,0.7042197585105896,0.38160115480422974,-0.025835070759058,0.7066464424133301,0.433402419090271,-0.03905360773205757,0.7050437927246094,0.47594404220581055,-0.04390447586774826,0.7369832396507263,0.4358411431312561,-0.0011693009873852134,0.7390981912612915,0.3853206932544708,-0.03178875520825386,0.7345221638679504,0.4465704560279846,-0.04379209876060486,0.7292588353157043,0.4864194691181183,-0.0458684042096138,0.7725335359573364,0.4348009526729584,-0.005632916931062937,0.7763904929161072,0.38346239924430847,-0.03582922741770744,0.7668272256851196,0.4406019449234009,-0.03447220101952553,0.758053183555603,0.4824684262275696,-0.024745365604758263,0.8060876727104187,0.44087478518486023,-0.011705728247761726,0.818673849105835,0.37607818841934204,-0.02897963486611843,0.821199357509613,0.3366163372993469,-0.030642293393611908,0.8194369673728943,0.29479819536209106,-0.02733772061765194,Love you
0.7718595266342163,0.6201863288879395,-4.065324219482136e-07,0.7034885883331299,0.5901785492897034,-0.022621463984251022,0.6456271409988403,0.541374146938324,-0.03620550036430359,0.6081687211990356,0.4838225841522217,-0.05064905807375908,0.5883857607841492,0.4337528347969055,-0.05907854437828064,0.6948604583740234,0.4449298083782196,-0.0029076971113681793,0.7000002861022949,0.3831881284713745,-0.029200436547398567,0.7037506103515625,0.43622294068336487,-0.04409370943903923,0.7044142484664917,0.4810467064380646,-0.049792516976594925,0.7335816621780396,0.4370666742324829,-0.0021042462904006243,0.7358732223510742,0.38556939363479614,-0.033535830676555634,0.7326405644416809,0.44766995310783386,-0.04592767730355263,0.7286779880523682,0.4889579713344574,-0.04794878140091896,0.7694873213768005,0.4358362555503845,-0.006647936534136534,0.7740791440010071,0.3819761276245117,-0.037145696580410004,0.765430748462677,0.43820858001708984,-0.03610721603035927,0.7570909857749939,0.4806470274925232,-0.026590140536427498,0.8031768202781677,0.442751944065094,-0.013089511543512344,0.8161177635192871,0.3768662214279175,-0.030881764367222786,0.8199524283409119,0.3369114398956299,-0.03317595645785332,0.8197268843650818,0.2954021394252777,-0.030206674709916115,Love you
0.7718282341957092,0.6199451684951782,-4.166192013599357e-07,0.701319694519043,0.589527428150177,-0.02093941532075405,0.6438877582550049,0.5409359931945801,-0.03351500630378723,0.6081668138504028,0.48269933462142944,-0.04732699692249298,0.5877048373222351,0.4337553381919861,-0.05543822795152664,0.6946520209312439,0.4463772773742676,-0.0020381545182317495,0.7001562118530273,0.38401204347610474,-0.02714717946946621,0.702305257320404,0.43639299273490906,-0.04149223491549492,0.7011622190475464,0.48066696524620056,-0.047139640897512436,0.7327003479003906,0.4386974573135376,-0.0020197981502860785,0.7349851727485657,0.3870026469230652,-0.033110346645116806,0.7307485938072205,0.4495023488998413,-0.04569413140416145,0.7259206175804138,0.4912774860858917,-0.047903019934892654,0.7682473063468933,0.4371871054172516,-0.0070248497650027275,0.7725755572319031,0.3819889724254608,-0.03714780509471893,0.7635862231254578,0.4390369653701782,-0.0362977497279644,0.7552528977394104,0.48201656341552734,-0.026940593495965004,0.8021173477172852,0.44389912486076355,-0.013791082426905632,0.8150634169578552,0.37755876779556274,-0.03138184919953346,0.8184140920639038,0.33720651268959045,-0.03369953855872154,0.8177623152732849,0.2951277494430542,-0.03077523037791252,Love you
0.7723714709281921,0.6355096101760864,-1.6558061588511919e-07,0.7051681876182556,0.6071388125419617,-0.029873153194785118,0.645844578742981,0.5576961636543274,-0.048055004328489304,0.6041951179504395,0.4986443817615509,-0.06548173725605011,0.5795577764511108,0.44648128747940063,-0.07667253166437149,0.6855066418647766,0.45139622688293457,-0.013072113506495953,0.6908966302871704,0.37318095564842224,-0.038822442293167114,0.7042320370674133,0.4015716314315796,-0.051959529519081116,0.7092191576957703,0.4479624629020691,-0.05595681443810463,0.7240328788757324,0.4403795301914215,-0.010290749371051788,0.7270087599754333,0.35980936884880066,-0.04316478222608566,0.7365712523460388,0.4144258499145508,-0.05544375628232956,0.7343105673789978,0.46644774079322815,-0.055204447358846664,0.7605512738227844,0.43796467781066895,-0.012867680750787258,0.7604014277458191,0.36140793561935425,-0.04099809378385544,0.766447126865387,0.40144282579421997,-0.04129670932888985,0.7659050822257996,0.44497185945510864,-0.03315752372145653,0.7959287166595459,0.44835808873176575,-0.01813427358865738,0.8099035024642944,0.3835430443286896,-0.03601754456758499,0.8176158666610718,0.34630635380744934,-0.040323611348867416,0.818443238735199,0.31176090240478516,-0.03885549306869507,Love you
0.7709185481071472,0.6450706720352173,4.671662878763527e-08,0.7059611678123474,0.6248997449874878,-0.023590033873915672,0.6477561593055725,0.5781158208847046,-0.03965307027101517,0.6050065755844116,0.5308183431625366,-0.05607981979846954,0.577357292175293,0.48671114444732666,-0.06838826835155487,0.6799805164337158,0.4530375301837921,-0.007126708049327135,0.6787436008453369,0.36589908599853516,-0.03406838700175285,0.6934931874275208,0.3657236397266388,-0.054113101214170456,0.7045168280601501,0.3982854187488556,-0.06242517754435539,0.7186448574066162,0.4413124620914459,-0.007664357777684927,0.7206307649612427,0.34789571166038513,-0.0383230559527874,0.7315531969070435,0.36659181118011475,-0.05689439922571182,0.7344492077827454,0.4117012619972229,-0.06177879869937897,0.7547423839569092,0.43944603204727173,-0.013041863217949867,0.7532723546028137,0.3574517071247101,-0.03617418184876442,0.7596712112426758,0.3682211935520172,-0.04384181275963783,0.7625629305839539,0.3983127474784851,-0.04258428514003754,0.7909085154533386,0.4504801034927368,-0.02080490253865719,0.8033452033996582,0.38196638226509094,-0.03496979549527168,0.8097137212753296,0.339690625667572,-0.041295018047094345,0.8128116130828857,0.3079082667827606,-0.04221184551715851,Love you
0.7721161246299744,0.6453576683998108,3.3855489078860046e-08,0.7065427303314209,0.6246914863586426,-0.02417859248816967,0.6484419703483582,0.5800358653068542,-0.040229540318250656,0.6069396734237671,0.5325369238853455,-0.05663171783089638,0.5806634426116943,0.4882436990737915,-0.06904458999633789,0.6797538995742798,0.4520466923713684,-0.006185492035001516,0.6760013103485107,0.36707454919815063,-0.03355027362704277,0.6901494264602661,0.36671167612075806,-0.05444446578621864,0.7020726799964905,0.39635011553764343,-0.06387169659137726,0.7181079387664795,0.43765634298324585,-0.006923227105289698,0.7182267308235168,0.34399718046188354,-0.03817595914006233,0.7286746501922607,0.36294645071029663,-0.05756816640496254,0.7329338788986206,0.4077168107032776,-0.06315218657255173,0.7545323371887207,0.43495988845825195,-0.012707564048469067,0.7526201605796814,0.3519588112831116,-0.03695191815495491,0.7579643726348877,0.3639066815376282,-0.045087527483701706,0.7606824636459351,0.394074410200119,-0.04417070746421814,0.7905787825584412,0.4476716220378876,-0.021002421155571938,0.8043304681777954,0.3819500207901001,-0.036476366221904755,0.8110231757164001,0.339754581451416,-0.043668728321790695,0.8148645162582397,0.3063203692436218,-0.045281507074832916,Love you
0.7864954471588135,0.632386326789856,-2.610055105378706e-07,0.7188747525215149,0.6208662390708923,-0.03587600588798523,0.6564670205116272,0.5837202668190002,-0.05678792670369148,0.606590747833252,0.5405110120773315,-0.07598245143890381,0.566767156124115,0.509713351726532,-0.08917843550443649,0.6880750060081482,0.46283331513404846,-0.02403130941092968,0.6963510513305664,0.39316174387931824,-0.053100500255823135,0.714897096157074,0.42916542291641235,-0.0660281628370285,0.7237158417701721,0.4714805483818054,-0.06848379224538803,0.7265241146087646,0.4445189833641052,-0.017282621935009956,0.7303763031959534,0.3829595446586609,-0.055286601185798645,0.7442728281021118,0.4488939642906189,-0.06668203324079514,0.7487491965293884,0.504594624042511,-0.06422854959964752,0.7617479562759399,0.43639180064201355,-0.015853475779294968,0.7633501887321472,0.3845154345035553,-0.05158635601401329,0.7712587714195251,0.4440029263496399,-0.0517243817448616,0.7735519409179688,0.4935778081417084,-0.03983067721128464,0.7945308089256287,0.4389091730117798,-0.016894210129976273,0.8014745712280273,0.371420681476593,-0.03617075830698013,0.8053510189056396,0.3315829336643219,-0.03806617110967636,0.8042817711830139,0.2920149564743042,-0.03335769474506378,Love you
0.7854065895080566,0.636191189289093,-2.728993706568872e-07,0.7170437574386597,0.6212690472602844,-0.03055170737206936,0.6540998816490173,0.5827374458312988,-0.0492633692920208,0.6052575707435608,0.5399020910263062,-0.067716583609581,0.566972017288208,0.5087344646453857,-0.08085823804140091,0.6890595555305481,0.4643579423427582,-0.017291277647018433,0.694963276386261,0.3931015431880951,-0.046408604830503464,0.7106325626373291,0.42173147201538086,-0.06029903516173363,0.7196171283721924,0.4608018100261688,-0.06353314220905304,0.72679203748703,0.4458160400390625,-0.013679754920303822,0.7296388149261475,0.3847230076789856,-0.051794301718473434,0.7430199980735779,0.4494675099849701,-0.06319304555654526,0.7481642365455627,0.505061686038971,-0.06067364662885666,0.761569619178772,0.43720221519470215,-0.015365633182227612,0.760958194732666,0.3842393159866333,-0.051342979073524475,0.7700526118278503,0.4441515803337097,-0.050645798444747925,0.7743068337440491,0.494831383228302,-0.038107071071863174,0.7945119738578796,0.4398760199546814,-0.019273092970252037,0.8024203777313232,0.37157973647117615,-0.03901198133826256,0.8065211176872253,0.33144569396972656,-0.04047750309109688,0.8057249188423157,0.2921818494796753,-0.03540734946727753,Love you
0.7844582200050354,0.6241182684898376,-2.6964013954966504e-07,0.718140184879303,0.612011730670929,-0.03785119950771332,0.6564070582389832,0.5793567895889282,-0.060699257999658585,0.6063022017478943,0.537894070148468,-0.08108580857515335,0.567192554473877,0.5053566694259644,-0.09482674300670624,0.6875213980674744,0.45582297444343567,-0.03039422817528248,0.699452817440033,0.3874429762363434,-0.05811726301908493,0.7156795263290405,0.4281105399131775,-0.06780774146318436,0.72001713514328,0.47206437587738037,-0.06850157678127289,0.72700035572052,0.4387284815311432,-0.022542212158441544,0.7325788140296936,0.38084283471107483,-0.05916411057114601,0.7438046932220459,0.45045727491378784,-0.06750539690256119,0.7444728016853333,0.5038613080978394,-0.06376007944345474,0.7626786231994629,0.4309018850326538,-0.019742123782634735,0.7651089429855347,0.37737226486206055,-0.05460087209939957,0.7715076804161072,0.4379212558269501,-0.052246611565351486,0.7710743546485901,0.4871867895126343,-0.039524488151073456,0.7951696515083313,0.4336320161819458,-0.019530754536390305,0.8032014966011047,0.36744987964630127,-0.039292071014642715,0.807813286781311,0.3290366530418396,-0.04072550684213638,0.8069943785667419,0.2901145815849304,-0.03578958287835121,Love you
0.7837218642234802,0.6262137293815613,-2.793178168758459e-07,0.7163758277893066,0.6118879318237305,-0.0341733917593956,0.6552924513816833,0.579466700553894,-0.055726055055856705,0.6066585779190063,0.5377169251441956,-0.07616671174764633,0.5677493810653687,0.5050430297851562,-0.09078537672758102,0.6887645125389099,0.4576306939125061,-0.022974345833063126,0.6983678936958313,0.38980063796043396,-0.05206438899040222,0.713465690612793,0.4247381091117859,-0.06520464271306992,0.7194705009460449,0.4653870165348053,-0.06823940575122833,0.72712242603302,0.43942227959632874,-0.01750442013144493,0.7316915988922119,0.38124382495880127,-0.05480517819523811,0.7430137991905212,0.44836094975471497,-0.06527262181043625,0.7452171444892883,0.502540647983551,-0.06296592950820923,0.7621386051177979,0.4306802749633789,-0.01735418476164341,0.7631875276565552,0.3792669177055359,-0.05302936211228371,0.7706326246261597,0.4396313726902008,-0.051846593618392944,0.7728692293167114,0.4896159768104553,-0.039586231112480164,0.7945506572723389,0.4326494336128235,-0.01964605413377285,0.8032665252685547,0.3660130798816681,-0.03939644619822502,0.8077143430709839,0.3274402618408203,-0.040817949920892715,0.8069226145744324,0.28937679529190063,-0.03593732416629791,Love you
0.7833888530731201,0.6202051639556885,-2.910840919412294e-07,0.7151355743408203,0.6081675887107849,-0.03423236310482025,0.6539654731750488,0.5736000537872314,-0.055037971585989,0.6048904061317444,0.5315738320350647,-0.07458383589982986,0.5657709836959839,0.5007064938545227,-0.08778204023838043,0.6875050067901611,0.45181456208229065,-0.02295106276869774,0.6956897974014282,0.3827352523803711,-0.05107758939266205,0.712223470211029,0.4245772063732147,-0.06271934509277344,0.7188584208488464,0.46863654255867004,-0.06490452587604523,0.7258731722831726,0.4346982538700104,-0.017118355259299278,0.7288420796394348,0.3786088526248932,-0.05411740392446518,0.7403225302696228,0.44606173038482666,-0.06453967839479446,0.7429959774017334,0.4975447654724121,-0.06249280273914337,0.7613025307655334,0.42643725872039795,-0.016514547169208527,0.7617542743682861,0.3730345666408539,-0.05158234015107155,0.7676761150360107,0.4341079890727997,-0.04985842481255531,0.7686809301376343,0.4832833409309387,-0.03765857219696045,0.7941620349884033,0.42846211791038513,-0.018396086990833282,0.8023256659507751,0.36215195059776306,-0.03816964849829674,0.8061425089836121,0.32372862100601196,-0.039826635271310806,0.8049843907356262,0.28456777334213257,-0.03520100191235542,Love you
0.7822443842887878,0.6204877495765686,-2.899995195093652e-07,0.7132235765457153,0.6063504219055176,-0.031178299337625504,0.6526340246200562,0.5738834738731384,-0.05143844708800316,0.6049680113792419,0.5334033370018005,-0.07167203724384308,0.5676581859588623,0.5007611513137817,-0.08638360351324081,0.6884921193122864,0.4534357190132141,-0.017740869894623756,0.694660484790802,0.3828345239162445,-0.0475132018327713,0.7081650495529175,0.4183450937271118,-0.062184855341911316,0.7150053381919861,0.45922499895095825,-0.06630080193281174,0.7261849045753479,0.4363101124763489,-0.014051487669348717,0.728670060634613,0.3780868351459503,-0.052742231637239456,0.7388371825218201,0.44537055492401123,-0.06473022699356079,0.7422252297401428,0.49873408675193787,-0.06321627646684647,0.7608292102813721,0.4280152916908264,-0.015777047723531723,0.7606967687606812,0.37402963638305664,-0.0521819069981575,0.7666695713996887,0.43615013360977173,-0.05098773166537285,0.7695240378379822,0.4872243404388428,-0.038470108062028885,0.7933231592178345,0.43023398518562317,-0.019878380000591278,0.80214923620224,0.36342042684555054,-0.04008207842707634,0.8060159683227539,0.32433825731277466,-0.041656721383333206,0.8057854175567627,0.28511834144592285,-0.03677907958626747,Love you
0.7849806547164917,0.6157211065292358,-2.912709362590249e-07,0.7158078551292419,0.6037836074829102,-0.032475609332323074,0.6546405553817749,0.5707497000694275,-0.052450861781835556,0.6062384843826294,0.5297287106513977,-0.07161930948495865,0.5682561993598938,0.4991298019886017,-0.08461233973503113,0.6871657967567444,0.45258021354675293,-0.021343903616070747,0.6936574578285217,0.3809055984020233,-0.04951874166727066,0.7108545303344727,0.41962334513664246,-0.061195794492959976,0.7194041013717651,0.46191343665122986,-0.0632052794098854,0.7251327633857727,0.4349113702774048,-0.016190074384212494,0.7281864881515503,0.3774465322494507,-0.05346396937966347,0.740754246711731,0.4432262182235718,-0.06410619616508484,0.7444021701812744,0.4954065978527069,-0.06215458735823631,0.7599889039993286,0.42525652050971985,-0.016202742233872414,0.7597346305847168,0.37225496768951416,-0.05118074640631676,0.7668225169181824,0.4320698380470276,-0.050018902868032455,0.7693314552307129,0.4810280203819275,-0.03818626329302788,0.7928453683853149,0.42509379982948303,-0.018594689667224884,0.8013016581535339,0.35835132002830505,-0.0379231795668602,0.8046824336051941,0.31989073753356934,-0.039899010211229324,0.8027477264404297,0.28141602873802185,-0.035686373710632324,Love you
0.7860474586486816,0.6152200102806091,-3.0170971854204254e-07,0.7165775895118713,0.6041199564933777,-0.03341921418905258,0.6535800099372864,0.5709155797958374,-0.05320822075009346,0.6046319007873535,0.5288190841674805,-0.07203643023967743,0.5660829544067383,0.49755555391311646,-0.08474159240722656,0.6872846484184265,0.45381245017051697,-0.02113945223391056,0.6944776773452759,0.38052061200141907,-0.05027136579155922,0.7116866707801819,0.4191349148750305,-0.06300108134746552,0.7193419933319092,0.4620054364204407,-0.06567641347646713,0.7253745794296265,0.4358106255531311,-0.015691764652729034,0.730167031288147,0.3761085569858551,-0.05330029875040054,0.7430272102355957,0.441898375749588,-0.06422901153564453,0.7461256980895996,0.4947178363800049,-0.06248565390706062,0.7598912119865417,0.4261491894721985,-0.015642136335372925,0.7614409923553467,0.3718293309211731,-0.051241058856248856,0.7690739035606384,0.43207675218582153,-0.049881841987371445,0.7714447975158691,0.4817241430282593,-0.037694018334150314,0.792570173740387,0.4262935519218445,-0.018078241497278214,0.8003768920898438,0.35964149236679077,-0.03808397799730301,0.8044549226760864,0.3209535479545593,-0.03986208140850067,0.8035058975219727,0.2824288606643677,-0.03527495265007019,Love you
0.7850669622421265,0.6099881529808044,-2.7029153670810047e-07,0.7160670757293701,0.5995316505432129,-0.03386461362242699,0.6532345414161682,0.5683273077011108,-0.05391419306397438,0.6033952236175537,0.527494490146637,-0.07262969017028809,0.564906895160675,0.4965648055076599,-0.08526160567998886,0.6866286396980286,0.45205965638160706,-0.02378620021045208,0.6925352811813354,0.3795117139816284,-0.051252126693725586,0.709369957447052,0.41426557302474976,-0.06220763549208641,0.7164041996002197,0.4557143747806549,-0.06398433446884155,0.7245798110961914,0.4329703450202942,-0.018087387084960938,0.7280348539352417,0.3731260299682617,-0.05445512384176254,0.7391457557678223,0.4363997280597687,-0.06480241566896439,0.7408810257911682,0.48884716629981995,-0.0630711019039154,0.7590005993843079,0.4224780797958374,-0.01747949980199337,0.7600691318511963,0.37024611234664917,-0.05246185511350632,0.7662369608879089,0.42983829975128174,-0.05170532315969467,0.7671999335289001,0.47969502210617065,-0.04032142832875252,0.7911810278892517,0.4224572777748108,-0.019307931885123253,0.7990518808364868,0.35589832067489624,-0.03955243155360222,0.802718460559845,0.31647127866744995,-0.042091041803359985,0.8013311624526978,0.27787092328071594,-0.03828451409935951,Love you
0.7850913405418396,0.6100517511367798,-2.898573541187943e-07,0.7154844403266907,0.5985654592514038,-0.03252188861370087,0.652372419834137,0.5676168203353882,-0.0520150288939476,0.603131890296936,0.5273963212966919,-0.07067251950502396,0.5648792386054993,0.49645906686782837,-0.08348124474287033,0.6879926323890686,0.4516724944114685,-0.021143866702914238,0.6939571499824524,0.37926965951919556,-0.04960077628493309,0.7099316120147705,0.41406309604644775,-0.06199571490287781,0.7171123027801514,0.454656183719635,-0.06465107202529907,0.7259102463722229,0.4322817325592041,-0.016254330053925514,0.7296451926231384,0.3727359175682068,-0.053326744586229324,0.7408544421195984,0.4369528889656067,-0.06406071037054062,0.7434225678443909,0.4892925024032593,-0.06235693022608757,0.7599502801895142,0.4219088852405548,-0.016592590138316154,0.7615772485733032,0.3706417679786682,-0.052054718136787415,0.7681229710578918,0.4307231605052948,-0.05101512372493744,0.7699264883995056,0.4804729223251343,-0.039121560752391815,0.7917531132698059,0.4220519959926605,-0.01933559589087963,0.7991234660148621,0.3558620810508728,-0.03942206874489784,0.8029160499572754,0.3162132501602173,-0.04136020317673683,0.8021620512008667,0.27732932567596436,-0.03700563684105873,Love you
0.7832011580467224,0.6092007160186768,-2.9495859621420095e-07,0.7141703963279724,0.5978057980537415,-0.032418206334114075,0.6518480777740479,0.5660701394081116,-0.05183719843626022,0.6019799709320068,0.5255793333053589,-0.07042829692363739,0.5631152987480164,0.49488648772239685,-0.08302798122167587,0.6844913959503174,0.4490281939506531,-0.0203850194811821,0.6898561716079712,0.37949633598327637,-0.04803675413131714,0.7073947191238403,0.4159248471260071,-0.05992183834314346,0.7157629132270813,0.4560718238353729,-0.062406595796346664,0.7223316431045532,0.42988476157188416,-0.01534824725240469,0.7244147062301636,0.37276726961135864,-0.05164365842938423,0.7373079061508179,0.43576475977897644,-0.06254292279481888,0.7413007616996765,0.4867914915084839,-0.06127956509590149,0.7569989562034607,0.4194657504558563,-0.01552199013531208,0.7566624879837036,0.36959025263786316,-0.05080176889896393,0.7639211416244507,0.4292573928833008,-0.05052473023533821,0.76652991771698,0.47817522287368774,-0.03929004818201065,0.7897604703903198,0.41911977529525757,-0.018001995980739594,0.7971542477607727,0.3523992896080017,-0.03788486495614052,0.8003143668174744,0.3133627772331238,-0.04036716744303703,0.7983989119529724,0.27516865730285645,-0.0365774892270565,Love you
0.7826103568077087,0.6088190674781799,-2.999030641603895e-07,0.7132629752159119,0.5964804291725159,-0.03155741095542908,0.6508313417434692,0.5654657483100891,-0.050644855946302414,0.6014077067375183,0.5256438255310059,-0.0690593495965004,0.5629850625991821,0.4946308434009552,-0.08166997134685516,0.6847115755081177,0.44857776165008545,-0.0189238078892231,0.6907837986946106,0.37982064485549927,-0.046497609466314316,0.7068420052528381,0.415840744972229,-0.05891737341880798,0.7141071557998657,0.4553297162055969,-0.061969198286533356,0.7225660681724548,0.42977002263069153,-0.014343434013426304,0.725044846534729,0.3727594017982483,-0.0504288487136364,0.7369265556335449,0.43617695569992065,-0.06142723932862282,0.7404731512069702,0.487004816532135,-0.060349445790052414,0.7570449113845825,0.4198303818702698,-0.014932735823094845,0.7571058869361877,0.36947280168533325,-0.05006694421172142,0.7638005614280701,0.4296101927757263,-0.04932064190506935,0.7661813497543335,0.47873455286026,-0.0378083735704422,0.7895697951316833,0.420200914144516,-0.017788127064704895,0.7969332337379456,0.3536079525947571,-0.03766588866710663,0.8004520535469055,0.3143013119697571,-0.03966401889920235,0.7992324233055115,0.27546554803848267,-0.035519249737262726,Love you
0.7822123765945435,0.6069937348365784,-2.8901803261760506e-07,0.7132457494735718,0.5943190455436707,-0.031235281378030777,0.6513939499855042,0.5630298852920532,-0.05059686303138733,0.601251482963562,0.523467481136322,-0.06954675912857056,0.5616154670715332,0.4953638017177582,-0.08288510888814926,0.6838933229446411,0.4476136565208435,-0.017966024577617645,0.6876912713050842,0.3796877861022949,-0.046177659183740616,0.7055838108062744,0.4162242114543915,-0.060150258243083954,0.7149726748466492,0.4566502571105957,-0.06418348848819733,0.7211515307426453,0.42912203073501587,-0.013739394955337048,0.7223326563835144,0.3711376190185547,-0.05040157213807106,0.7355852127075195,0.431728720664978,-0.0633235052227974,0.7399117946624756,0.4837191104888916,-0.06354190409183502,0.7556588649749756,0.418738454580307,-0.014671891927719116,0.7546257972717285,0.36799225211143494,-0.049509041011333466,0.7626203894615173,0.4257451593875885,-0.05038261413574219,0.7659565806388855,0.474636435508728,-0.04010734707117081,0.7886145114898682,0.4180656969547272,-0.01785701885819435,0.7952079772949219,0.35128095746040344,-0.03682255372405052,0.7980419397354126,0.3120480179786682,-0.03924597054719925,0.7956483960151672,0.2741537094116211,-0.035684309899806976,Love you
0.7823656797409058,0.6069088578224182,-3.0205868029042904e-07,0.713432788848877,0.5952925682067871,-0.03140859305858612,0.6516127586364746,0.5633981823921204,-0.05078446492552757,0.6017513871192932,0.5235471129417419,-0.06960237771272659,0.5620622038841248,0.4955010414123535,-0.08271864056587219,0.6836948394775391,0.44693464040756226,-0.018971994519233704,0.6879060864448547,0.37884435057640076,-0.04701333865523338,0.7056381702423096,0.417234867811203,-0.060392580926418304,0.7147974967956543,0.45862042903900146,-0.0641154795885086,0.721060037612915,0.4285680055618286,-0.014650463126599789,0.7226747870445251,0.37094831466674805,-0.05099405720829964,0.7358470559120178,0.4325684905052185,-0.06322174519300461,0.740088701248169,0.4842568039894104,-0.06312456727027893,0.7555826902389526,0.41880762577056885,-0.015446220524609089,0.7549003958702087,0.3691307306289673,-0.05027902126312256,0.7627878785133362,0.42837023735046387,-0.0505702868103981,0.7660152912139893,0.47734904289245605,-0.03998769447207451,0.7886078953742981,0.4187828004360199,-0.018496626988053322,0.7951030731201172,0.35209983587265015,-0.037881817668676376,0.7983413934707642,0.3126695156097412,-0.040274590253829956,0.796487033367157,0.27416878938674927,-0.03666200488805771,Love you
0.7815990447998047,0.6001863479614258,-2.9653756428160705e-07,0.7124576568603516,0.5914607048034668,-0.0311618372797966,0.6498581171035767,0.5622982382774353,-0.04999365285038948,0.5992826223373413,0.5233437418937683,-0.06820785254240036,0.5596889853477478,0.49578285217285156,-0.08075852692127228,0.6817653179168701,0.4460521340370178,-0.017446469515562057,0.6844605207443237,0.3818925619125366,-0.0444919615983963,0.7037088871002197,0.4192841351032257,-0.05758991092443466,0.7146227359771729,0.4607481062412262,-0.06099298596382141,0.718540608882904,0.42663103342056274,-0.012510768137872219,0.7190003395080566,0.37024348974227905,-0.047362495213747025,0.7340853214263916,0.43012431263923645,-0.05926057696342468,0.7401587963104248,0.4822496473789215,-0.05913731828331947,0.7525805234909058,0.41569775342941284,-0.012680507265031338,0.7519145011901855,0.36775368452072144,-0.0460699088871479,0.7617108821868896,0.42510634660720825,-0.04662929102778435,0.7667284607887268,0.473310261964798,-0.03646882623434067,0.7855678200721741,0.4140554666519165,-0.015092761255800724,0.7923352122306824,0.34823405742645264,-0.03288310021162033,0.7952457070350647,0.3098776340484619,-0.035017531365156174,0.7927672863006592,0.27281084656715393,-0.03149443864822388,Love you
0.780550479888916,0.5989193916320801,-3.114487014954648e-07,0.7119469046592712,0.5908981561660767,-0.03226752579212189,0.6499155163764954,0.5624505281448364,-0.051935985684394836,0.5997216701507568,0.5232234001159668,-0.07088687270879745,0.5594934821128845,0.4952000081539154,-0.0842297226190567,0.681527316570282,0.44538190960884094,-0.019462259486317635,0.6859255433082581,0.3805418908596039,-0.047918159514665604,0.704031229019165,0.4189786911010742,-0.0616784431040287,0.7137143015861511,0.4608253538608551,-0.06550078094005585,0.719226062297821,0.4270569980144501,-0.014459244906902313,0.721172034740448,0.3717811405658722,-0.05096536874771118,0.7349960207939148,0.43365389108657837,-0.06302367150783539,0.7404292225837708,0.485798180103302,-0.0628792941570282,0.7535940408706665,0.4169255197048187,-0.01465989276766777,0.7539973855018616,0.36855119466781616,-0.050110191106796265,0.7623463273048401,0.42873916029930115,-0.05000875145196915,0.7665269374847412,0.47848010063171387,-0.0389602892100811,0.786465585231781,0.41607940196990967,-0.017138443887233734,0.7925151586532593,0.35047173500061035,-0.03661394864320755,0.7954939603805542,0.3114108741283417,-0.03853912651538849,0.793893575668335,0.2731764316558838,-0.034512948244810104,Love you
0.7785511016845703,0.5969676375389099,-3.2432754437650146e-07,0.7103086113929749,0.5872880220413208,-0.031609032303094864,0.6475931406021118,0.5589794516563416,-0.05074705928564072,0.5965471863746643,0.521571934223175,-0.06885626167058945,0.5564926862716675,0.49595749378204346,-0.08108740299940109,0.679747998714447,0.4455376863479614,-0.019215060397982597,0.6845563650131226,0.38587257266044617,-0.045613404363393784,0.7024092674255371,0.42686834931373596,-0.0576077476143837,0.7105385065078735,0.4676307737827301,-0.06083957850933075,0.7170550227165222,0.4261381924152374,-0.013868385925889015,0.7178916931152344,0.37368088960647583,-0.04796498268842697,0.7321502566337585,0.4350731372833252,-0.05857202783226967,0.7365363836288452,0.4839800000190735,-0.05831899493932724,0.7514779567718506,0.41565272212028503,-0.013470055535435677,0.7509108185768127,0.3697075843811035,-0.04678257554769516,0.7595603466033936,0.42774343490600586,-0.046117424964904785,0.7629289627075195,0.47484421730041504,-0.03558686375617981,0.7842386960983276,0.4142187535762787,-0.015264732763171196,0.790701150894165,0.3483603596687317,-0.03341537341475487,0.7933950424194336,0.3100582957267761,-0.035270806401968,0.7902182340621948,0.2726283073425293,-0.03178293630480766,Love you
0.7796831727027893,0.5991252064704895,-3.3187211556651164e-07,0.7093889117240906,0.5891548991203308,-0.029656650498509407,0.6471313238143921,0.5594152808189392,-0.04769930616021156,0.5975754261016846,0.5203514099121094,-0.06528294086456299,0.557517409324646,0.4956660568714142,-0.07723947614431381,0.6789355278015137,0.44475656747817993,-0.01567108929157257,0.6847711801528931,0.38475173711776733,-0.04201856628060341,0.7023482322692871,0.4262380599975586,-0.05453627184033394,0.7104815244674683,0.4679059088230133,-0.057897474616765976,0.7166840434074402,0.42615780234336853,-0.011219588108360767,0.7179986834526062,0.37467437982559204,-0.045491479337215424,0.7314369678497314,0.4365951120853424,-0.05686412379145622,0.735864520072937,0.4860698878765106,-0.05685091391205788,0.7514333128929138,0.4161425232887268,-0.01166702900081873,0.7510091066360474,0.3703233599662781,-0.04517345130443573,0.7589194178581238,0.42955532670021057,-0.04462575167417526,0.7622171640396118,0.4776121973991394,-0.033800847828388214,0.7845350503921509,0.4150722622871399,-0.014158329926431179,0.7905406951904297,0.34835779666900635,-0.03194301575422287,0.7928149700164795,0.3097067177295685,-0.03313269093632698,0.7897951006889343,0.2718544006347656,-0.028953740373253822,Love you
0.7779735922813416,0.5930668115615845,-3.563139614470856e-07,0.7092766761779785,0.5857832431793213,-0.02854788489639759,0.6474656462669373,0.5570812821388245,-0.04635358974337578,0.5981059670448303,0.520130455493927,-0.06385043263435364,0.5574713945388794,0.4983982443809509,-0.07602212578058243,0.6803608536720276,0.4448004961013794,-0.016454415395855904,0.6847562789916992,0.38693076372146606,-0.04348209127783775,0.7019883394241333,0.4294506907463074,-0.056683942675590515,0.7109084725379944,0.472614586353302,-0.06023088097572327,0.7171482443809509,0.42638537287712097,-0.012354584410786629,0.7180346250534058,0.37695807218551636,-0.046388570219278336,0.7324425578117371,0.4382016360759735,-0.057569459080696106,0.7383211255073547,0.4883982837200165,-0.05756789445877075,0.7510315775871277,0.4155590534210205,-0.013058443553745747,0.7503239512443542,0.3730352520942688,-0.046176690608263016,0.7589098811149597,0.4316539764404297,-0.04621723294258118,0.7631689310073853,0.4788530170917511,-0.03600430488586426,0.7833240628242493,0.41293206810951233,-0.015678133815526962,0.7891415953636169,0.3474467992782593,-0.033084046095609665,0.7910591959953308,0.3093867301940918,-0.03464064002037048,0.7875553369522095,0.27239707112312317,-0.030962135642766953,Love you
0.7772786617279053,0.5926429629325867,-3.5259432706880034e-07,0.7089112401008606,0.5848612785339355,-0.029137015342712402,0.6468082666397095,0.5565615892410278,-0.0472857803106308,0.5972038507461548,0.5202676653862,-0.06510984152555466,0.5564731359481812,0.4982203245162964,-0.07762427628040314,0.680054247379303,0.4442424476146698,-0.016512593254446983,0.6852526068687439,0.3868478536605835,-0.04432597756385803,0.7023533582687378,0.4299341142177582,-0.05842774733901024,0.7111931443214417,0.4732706546783447,-0.06252944469451904,0.7171545028686523,0.4262775182723999,-0.012307785451412201,0.7187843918800354,0.3762447237968445,-0.0473792739212513,0.7327963709831238,0.43821948766708374,-0.05925825238227844,0.7385420799255371,0.48903346061706543,-0.059431374073028564,0.7511215209960938,0.4157724678516388,-0.01300814189016819,0.7509248852729797,0.3729429244995117,-0.04675218090415001,0.75909024477005,0.43187618255615234,-0.047035399824380875,0.763099730014801,0.4794146418571472,-0.03673794865608215,0.7833150029182434,0.41340088844299316,-0.01567787490785122,0.7890954613685608,0.3479253947734833,-0.03326515480875969,0.7909298539161682,0.30954208970069885,-0.03482522442936897,0.7875320911407471,0.27211350202560425,-0.031051572412252426,Love you
0.7756963968276978,0.5911843180656433,-3.6454724750001333e-07,0.7092229127883911,0.5843220353126526,-0.02955368533730507,0.6481024622917175,0.5554129481315613,-0.048164695501327515,0.5988710522651672,0.5209372043609619,-0.06621666252613068,0.5577590465545654,0.5019719004631042,-0.07905182987451553,0.6795560121536255,0.441963255405426,-0.019120626151561737,0.6856358051300049,0.38762661814689636,-0.04661814123392105,0.7025300860404968,0.4317339360713959,-0.059891216456890106,0.7114108204841614,0.47484633326530457,-0.06358606368303299,0.7166416049003601,0.4244336187839508,-0.014846338890492916,0.7191786766052246,0.3765893876552582,-0.04923718795180321,0.7318881154060364,0.43947747349739075,-0.06037250533699989,0.7365818619728088,0.4892270863056183,-0.06043854355812073,0.75091552734375,0.41472142934799194,-0.015280649997293949,0.7518965005874634,0.3726063668727875,-0.04903262481093407,0.7591452598571777,0.4332110285758972,-0.04882353916764259,0.7621286511421204,0.48061585426330566,-0.038440752774477005,0.7834813594818115,0.4136604368686676,-0.01765066757798195,0.7888339161872864,0.3483864665031433,-0.03557005152106285,0.7910715937614441,0.309759259223938,-0.03704705089330673,0.788143515586853,0.2712135910987854,-0.03333073481917381,Love you
0.7742822766304016,0.5906860828399658,-3.585306558306911e-07,0.7081493735313416,0.5829194784164429,-0.029492342844605446,0.6473422050476074,0.5546714067459106,-0.048291176557540894,0.5979270339012146,0.5209376215934753,-0.06659092009067535,0.5568398237228394,0.5016815662384033,-0.0797250047326088,0.6803404092788696,0.4414801001548767,-0.018428798764944077,0.6857044696807861,0.3882707953453064,-0.04593111574649811,0.702401340007782,0.43170487880706787,-0.05955708771944046,0.7116085290908813,0.47467732429504395,-0.06344123929738998,0.7170926332473755,0.4243517518043518,-0.014030156657099724,0.7189182043075562,0.37732604146003723,-0.04877188801765442,0.7318800687789917,0.43957433104515076,-0.060456283390522,0.7371199727058411,0.48956966400146484,-0.06072790175676346,0.7510857582092285,0.4146692156791687,-0.014336236752569675,0.751182496547699,0.37341344356536865,-0.04805048927664757,0.7587189674377441,0.43323662877082825,-0.04825255647301674,0.7622440457344055,0.4803824722766876,-0.03804244473576546,0.7834022045135498,0.41323378682136536,-0.016564849764108658,0.789036214351654,0.3480127453804016,-0.03419828787446022,0.791143000125885,0.30964040756225586,-0.03577384352684021,0.7878768444061279,0.27150559425354004,-0.03212151303887367,Love you
0.7756760716438293,0.5923753976821899,-3.5087740002381906e-07,0.7089897990226746,0.5821741819381714,-0.029175538569688797,0.6483204960823059,0.5521406531333923,-0.04740048944950104,0.598402738571167,0.5201760530471802,-0.06495696306228638,0.5574133396148682,0.5076174139976501,-0.07749240845441818,0.679344654083252,0.44016069173812866,-0.01819985918700695,0.6877438426017761,0.38705962896347046,-0.04462254047393799,0.7050232291221619,0.4318236708641052,-0.0576847642660141,0.7126413583755493,0.47642457485198975,-0.06119147688150406,0.7164967656135559,0.42321541905403137,-0.013429547660052776,0.7205451130867004,0.37688103318214417,-0.04694974422454834,0.7335963249206543,0.43933746218681335,-0.0587882362306118,0.7371146082878113,0.4898735284805298,-0.059393394738435745,0.7511431574821472,0.4142703711986542,-0.013105093501508236,0.7524564862251282,0.37500569224357605,-0.045830223709344864,0.7593546509742737,0.43503108620643616,-0.04694042354822159,0.761123538017273,0.4829311966896057,-0.03743954002857208,0.7836940288543701,0.4137016236782074,-0.014536970295011997,0.7896655201911926,0.34786468744277954,-0.030921965837478638,0.7920920252799988,0.3089994192123413,-0.0323210246860981,0.7883909344673157,0.2711678743362427,-0.028720922768115997,Love you
0.7753048539161682,0.5903633236885071,-3.476099266208621e-07,0.708788275718689,0.5818949937820435,-0.030009927228093147,0.6478683948516846,0.5526840090751648,-0.0486932210624218,0.5978392362594604,0.5202526450157166,-0.06655769795179367,0.5563191771507263,0.5069987177848816,-0.0793367251753807,0.6793262958526611,0.4409947395324707,-0.01961352862417698,0.687686026096344,0.3873463571071625,-0.04633064195513725,0.705061137676239,0.43191319704055786,-0.05924786999821663,0.7129905819892883,0.47596481442451477,-0.06262767314910889,0.7165984511375427,0.4241495430469513,-0.014525024220347404,0.7209276556968689,0.3773961067199707,-0.048335395753383636,0.7339885830879211,0.44004449248313904,-0.059771567583084106,0.7377685308456421,0.4905499517917633,-0.06008085235953331,0.7510820031166077,0.4150063991546631,-0.013954422436654568,0.7530204057693481,0.3755563199520111,-0.046955790370702744,0.760019063949585,0.4354991316795349,-0.047730471938848495,0.7619978189468384,0.4831063747406006,-0.03801078349351883,0.7835071682929993,0.4138184189796448,-0.015213923528790474,0.7897360920906067,0.3481370806694031,-0.03185847029089928,0.7920334935188293,0.30938011407852173,-0.03323090076446533,0.7882677316665649,0.2714427709579468,-0.02960984595119953,Love you
0.7738103866577148,0.5878124833106995,-3.5550718280319415e-07,0.7069416642189026,0.578344464302063,-0.027719249948859215,0.6464672088623047,0.5498621463775635,-0.04559441655874252,0.5964486598968506,0.5205784440040588,-0.06309682130813599,0.5549383163452148,0.5114726424217224,-0.0759708434343338,0.6802448034286499,0.4394201934337616,-0.018302230164408684,0.6890004873275757,0.3849816918373108,-0.04471563547849655,0.7051118016242981,0.43036210536956787,-0.057988326996564865,0.7124355435371399,0.47573837637901306,-0.06172144412994385,0.7175425887107849,0.42334258556365967,-0.014201566576957703,0.7219948768615723,0.377903014421463,-0.04678414389491081,0.7333191633224487,0.43984711170196533,-0.05824277922511101,0.736416220664978,0.48891371488571167,-0.059172362089157104,0.7519763112068176,0.4147227108478546,-0.014361778274178505,0.7547667026519775,0.37645450234413147,-0.04628545790910721,0.759766697883606,0.43653035163879395,-0.046798549592494965,0.7604391574859619,0.483759343624115,-0.037479858845472336,0.7842007875442505,0.41435837745666504,-0.01620618812739849,0.7899842858314514,0.3496362566947937,-0.03223862871527672,0.7925122380256653,0.31090593338012695,-0.03294133394956589,0.7898474335670471,0.27281418442726135,-0.029099754989147186,Love you
0.7743724584579468,0.589599609375,-3.543343325418391e-07,0.7084913849830627,0.5790016055107117,-0.030159765854477882,0.6484773755073547,0.5507635474205017,-0.04911716654896736,0.5980425477027893,0.5212297439575195,-0.0671362429857254,0.5570061206817627,0.5114213824272156,-0.0802384614944458,0.6795969605445862,0.4398910403251648,-0.021424096077680588,0.6906599998474121,0.38382184505462646,-0.048317503184080124,0.7062091827392578,0.4302889406681061,-0.061108026653528214,0.7113084197044373,0.4765157401561737,-0.06439127773046494,0.7174886465072632,0.42332661151885986,-0.016084549948573112,0.723608672618866,0.377411425113678,-0.049147721379995346,0.7347003221511841,0.44042450189590454,-0.06020825728774071,0.7360390424728394,0.4885939955711365,-0.06076950579881668,0.7523648142814636,0.4144323766231537,-0.015114332549273968,0.7564965486526489,0.3759739100933075,-0.047904837876558304,0.7611798048019409,0.43675509095191956,-0.04830624908208847,0.7603943943977356,0.48418283462524414,-0.03859305754303932,0.7847155332565308,0.4138357937335968,-0.01593967154622078,0.7900189161300659,0.34929072856903076,-0.03248283267021179,0.7929807305335999,0.3106860816478729,-0.033189740031957626,0.7902209758758545,0.27254751324653625,-0.029138226062059402,Love you
0.7749507427215576,0.590890645980835,-3.393800227513566e-07,0.7097612023353577,0.5770958065986633,-0.028056586161255836,0.6494197249412537,0.5477458834648132,-0.046784281730651855,0.5979945063591003,0.520473301410675,-0.06513656675815582,0.556022584438324,0.5126798152923584,-0.07888828963041306,0.6830249428749084,0.4374215006828308,-0.018988845869898796,0.69293612241745,0.3805055618286133,-0.04600430652499199,0.7070112228393555,0.42458516359329224,-0.060468632727861404,0.7120524644851685,0.4705143868923187,-0.06535707414150238,0.720640242099762,0.4220001995563507,-0.015237662941217422,0.7255542874336243,0.373504102230072,-0.04886208102107048,0.7361645102500916,0.435249388217926,-0.06137543544173241,0.7388356328010559,0.48572614789009094,-0.06284116953611374,0.7550947666168213,0.4141910970211029,-0.015725377947092056,0.7589367032051086,0.36984479427337646,-0.04783958941698074,0.763407826423645,0.4276109039783478,-0.04867897555232048,0.7627238035202026,0.4753926992416382,-0.03956244885921478,0.7867459058761597,0.41535744071006775,-0.01801285520195961,0.7929620742797852,0.35027533769607544,-0.03458891808986664,0.797156572341919,0.31069791316986084,-0.03575804457068443,0.7965167760848999,0.272658109664917,-0.032097965478897095,Love you
0.7741644978523254,0.5906742811203003,-3.3667748766674777e-07,0.7079698443412781,0.5766160488128662,-0.027378570288419724,0.6471805572509766,0.5468676686286926,-0.04565620422363281,0.5954153537750244,0.5187985897064209,-0.06374749541282654,0.553857147693634,0.5110263228416443,-0.07728118449449539,0.6837660670280457,0.4375236928462982,-0.017316119745373726,0.6929603219032288,0.3809851408004761,-0.04385387524962425,0.7063344120979309,0.42321085929870605,-0.05799192562699318,0.7117047905921936,0.46804389357566833,-0.06247621774673462,0.7211930155754089,0.4226088523864746,-0.013852273114025593,0.7250621914863586,0.37426820397377014,-0.04729242995381355,0.7352986335754395,0.4350561201572418,-0.05975775793194771,0.7383626699447632,0.4850218892097473,-0.060975756496191025,0.7554661631584167,0.41479381918907166,-0.014640321023762226,0.7581191658973694,0.37267717719078064,-0.046472497284412384,0.7627997398376465,0.43028929829597473,-0.04740902781486511,0.7632803320884705,0.477460652589798,-0.038169022649526596,0.7870907783508301,0.4153625965118408,-0.017212573438882828,0.7936620712280273,0.3504980802536011,-0.03292368724942207,0.7968126535415649,0.31118109822273254,-0.03368872404098511,0.7949395775794983,0.27309679985046387,-0.029848093166947365,Love you
0.7816779613494873,0.5897514224052429,-3.2772393865343474e-07,0.7147047519683838,0.5702219009399414,-0.029199138283729553,0.6536184549331665,0.5406608581542969,-0.049159519374370575,0.6000046133995056,0.5141956806182861,-0.06841053813695908,0.557568371295929,0.5081866979598999,-0.08278771489858627,0.6925666928291321,0.43046149611473083,-0.021616291254758835,0.7053030729293823,0.3759463131427765,-0.047584280371665955,0.7187113761901855,0.42004165053367615,-0.0603802353143692,0.7209914922714233,0.4664783775806427,-0.06434659659862518,0.7327641248703003,0.41543734073638916,-0.017255684360861778,0.739425778388977,0.3671867251396179,-0.04908015578985214,0.7497888207435608,0.4295456111431122,-0.059716254472732544,0.7510917782783508,0.47734546661376953,-0.06061267480254173,0.7693309783935547,0.40893450379371643,-0.01692722924053669,0.7754287719726562,0.36512890458106995,-0.04823850095272064,0.7787607908248901,0.42426586151123047,-0.04714905098080635,0.7760708928108215,0.4723677933216095,-0.03713320195674896,0.8018065690994263,0.4123854339122772,-0.018534816801548004,0.8107519745826721,0.34867000579833984,-0.03443756699562073,0.8170687556266785,0.3098296523094177,-0.034106310456991196,0.8178115487098694,0.27119654417037964,-0.029624715447425842,Love you
0.7827712297439575,0.589861273765564,-3.236281429508381e-07,0.7158181667327881,0.5721891522407532,-0.03126329183578491,0.6548851728439331,0.541792631149292,-0.05208577960729599,0.6007356643676758,0.5128116011619568,-0.07183729112148285,0.5573732852935791,0.5053229928016663,-0.08642542362213135,0.6924254298210144,0.43140748143196106,-0.023461105301976204,0.7062906622886658,0.37613028287887573,-0.049786411225795746,0.7199900150299072,0.4220237135887146,-0.062028925865888596,0.7216646671295166,0.4681028723716736,-0.06552617251873016,0.7328705191612244,0.41645723581314087,-0.01824561320245266,0.7398794889450073,0.36666664481163025,-0.05071788281202316,0.7491855621337891,0.429176926612854,-0.0612192340195179,0.7487386465072632,0.47647643089294434,-0.0618775375187397,0.7697308659553528,0.4097956418991089,-0.01723426952958107,0.7756485342979431,0.36510029435157776,-0.049388837069272995,0.7789833545684814,0.42476335167884827,-0.04814571887254715,0.7760674953460693,0.4725334644317627,-0.03779859095811844,0.8026103973388672,0.412861704826355,-0.01828751154243946,0.811621904373169,0.34912601113319397,-0.03468669578433037,0.8176653981208801,0.310150682926178,-0.034495722502470016,0.8179476857185364,0.27124452590942383,-0.0300290510058403,Love you
0.7823159098625183,0.5893955230712891,-3.180929013524292e-07,0.7160906791687012,0.5719912052154541,-0.032542407512664795,0.6557048559188843,0.5419832468032837,-0.05373884364962578,0.6012909412384033,0.5134709477424622,-0.07370629906654358,0.5579765439033508,0.5049154758453369,-0.0883624404668808,0.6935194730758667,0.4318506121635437,-0.024283530190587044,0.7072380781173706,0.37497881054878235,-0.05114705488085747,0.7213325500488281,0.4203266203403473,-0.06355543434619904,0.7234176993370056,0.4664878845214844,-0.06708325445652008,0.7337251901626587,0.4171672761440277,-0.01849387213587761,0.740363597869873,0.36675938963890076,-0.052283477038145065,0.749591052532196,0.43009644746780396,-0.06319840252399445,0.7494786977767944,0.4789404273033142,-0.06379586458206177,0.7700813412666321,0.41035616397857666,-0.017092863097786903,0.7754936814308167,0.3636283278465271,-0.050158582627773285,0.7786324620246887,0.42283299565315247,-0.04923215135931969,0.7760854363441467,0.4710898995399475,-0.03882228955626488,0.8025122284889221,0.41298022866249084,-0.017885202541947365,0.8116788268089294,0.3490273356437683,-0.03499217703938484,0.817499577999115,0.3101860284805298,-0.03544238209724426,0.8178301453590393,0.27168381214141846,-0.031271692365407944,Love you
0.7820671796798706,0.5885191559791565,-3.172783351601538e-07,0.7153921723365784,0.5712109208106995,-0.03037455677986145,0.6547426581382751,0.5408589243888855,-0.05067995563149452,0.6014122366905212,0.5113560557365417,-0.07009871304035187,0.5585334897041321,0.5021134614944458,-0.0844232589006424,0.6928024291992188,0.4324570894241333,-0.0235282052308321,0.7055372595787048,0.3757438659667969,-0.04922143369913101,0.7214546799659729,0.41944071650505066,-0.06087420508265495,0.7253623008728027,0.46457841992378235,-0.06405778229236603,0.7332844734191895,0.41759154200553894,-0.018747583031654358,0.7395376563072205,0.36759594082832336,-0.051874563097953796,0.7506618499755859,0.42944175004959106,-0.06278596073389053,0.7521633505821228,0.4786761403083801,-0.0634707659482956,0.7700191140174866,0.41077157855033875,-0.017955411225557327,0.7755380272865295,0.36498233675956726,-0.04989589750766754,0.7793346047401428,0.4234802722930908,-0.049002137035131454,0.7772105932235718,0.47169622778892517,-0.03895159810781479,0.8030769228935242,0.41339752078056335,-0.019186105579137802,0.8123682141304016,0.34952399134635925,-0.035678911954164505,0.8186579346656799,0.31009340286254883,-0.03612106293439865,0.8194249868392944,0.2708932161331177,-0.03215572610497475,Love you
0.7821525931358337,0.5880572199821472,-3.2979761499518645e-07,0.7159391641616821,0.571314811706543,-0.030154291540384293,0.6549326777458191,0.5408158898353577,-0.05017852038145065,0.6017186045646667,0.5113672614097595,-0.06931957602500916,0.5593705177307129,0.5017929077148438,-0.0833030566573143,0.692542314529419,0.43150103092193604,-0.023788457736372948,0.705276608467102,0.37528735399246216,-0.04946078732609749,0.7212733030319214,0.41993123292922974,-0.06080838292837143,0.7252402901649475,0.46519383788108826,-0.06376564502716064,0.7332213521003723,0.4168225824832916,-0.01911696046590805,0.739425003528595,0.3674062490463257,-0.05233089253306389,0.7505390644073486,0.43007004261016846,-0.06291977316141129,0.7520581483840942,0.47976505756378174,-0.0633384957909584,0.770093560218811,0.4099968671798706,-0.018411656841635704,0.7754055261611938,0.36442792415618896,-0.05047912150621414,0.7792619466781616,0.42351406812667847,-0.049389149993658066,0.777226984500885,0.4720899760723114,-0.039174169301986694,0.8032404184341431,0.41257596015930176,-0.019695477560162544,0.8124561905860901,0.3489331007003784,-0.036316849291324615,0.8186831474304199,0.31001007556915283,-0.03675301373004913,0.8192376494407654,0.27120792865753174,-0.03274525701999664,Love you
0.7816063761711121,0.5887108445167542,-3.481457611087535e-07,0.7148542404174805,0.5720178484916687,-0.03079270012676716,0.6546359062194824,0.5414583086967468,-0.05066974088549614,0.6025518178939819,0.5117565989494324,-0.06958459317684174,0.5606756806373596,0.501032292842865,-0.08338236063718796,0.6936595439910889,0.4286366403102875,-0.02247883379459381,0.7076511383056641,0.3788485527038574,-0.04881942272186279,0.7213819622993469,0.4254802167415619,-0.06129381060600281,0.7247104644775391,0.47087523341178894,-0.06521962583065033,0.7339980006217957,0.41422367095947266,-0.017672894522547722,0.7395989298820496,0.3670461177825928,-0.0515260249376297,0.7490715980529785,0.4321156144142151,-0.06230311468243599,0.7511656284332275,0.4824979305267334,-0.06288043409585953,0.7704628705978394,0.40853554010391235,-0.017169760540127754,0.7751272916793823,0.3643019199371338,-0.05036409571766853,0.7779122591018677,0.4260452389717102,-0.049184251576662064,0.776315450668335,0.4759542644023895,-0.03870510682463646,0.8032196164131165,0.413083016872406,-0.01875959150493145,0.8124969601631165,0.34970301389694214,-0.03629894554615021,0.8186076879501343,0.3110119700431824,-0.037102632224559784,0.8195964694023132,0.27172255516052246,-0.03332940489053726,Love you
0.7814435958862305,0.5881943702697754,-3.1594862548445235e-07,0.7147912383079529,0.5714191794395447,-0.030424460768699646,0.6546011567115784,0.5411602854728699,-0.05023234710097313,0.6022140979766846,0.5118746161460876,-0.06920451670885086,0.56062912940979,0.5010614395141602,-0.08317175507545471,0.6923916339874268,0.43012455105781555,-0.022068893536925316,0.7060968279838562,0.37973183393478394,-0.047771330922842026,0.7207157611846924,0.4225827157497406,-0.059606585651636124,0.7247545719146729,0.466069757938385,-0.0628788024187088,0.7327132821083069,0.4159061312675476,-0.01739790290594101,0.7379781007766724,0.3677102327346802,-0.05116787180304527,0.7483609914779663,0.43118101358413696,-0.06202791631221771,0.7505189180374146,0.4817347526550293,-0.062324218451976776,0.7692470550537109,0.40984275937080383,-0.016955213621258736,0.7731478214263916,0.3654407858848572,-0.050334829837083817,0.7776129245758057,0.4264085292816162,-0.04981047660112381,0.7772478461265564,0.4758102595806122,-0.03940834105014801,0.8022832274436951,0.41346997022628784,-0.018487513065338135,0.8122423887252808,0.34913724660873413,-0.035551801323890686,0.8182137608528137,0.31001654267311096,-0.03632454574108124,0.8187775611877441,0.2705650329589844,-0.032496511936187744,Love you
0.7813443541526794,0.5886246562004089,-3.1883809015198494e-07,0.7152289748191833,0.5719030499458313,-0.03172561153769493,0.6545186638832092,0.540936291217804,-0.052022095769643784,0.6012129783630371,0.5111558437347412,-0.07118291407823563,0.5586345791816711,0.5019925236701965,-0.08532167226076126,0.6922852993011475,0.4305811822414398,-0.023217976093292236,0.706893265247345,0.37994199991226196,-0.049296118319034576,0.7222456932067871,0.42410197854042053,-0.06153668463230133,0.7264304161071777,0.4684531092643738,-0.06520296633243561,0.7330554723739624,0.41611912846565247,-0.01796650141477585,0.7390411496162415,0.366940438747406,-0.05196188762784004,0.7492778897285461,0.430808424949646,-0.0630389079451561,0.7511712312698364,0.48224693536758423,-0.06356638669967651,0.769734799861908,0.4101480543613434,-0.017002778127789497,0.7745956182479858,0.3645387887954712,-0.050567544996738434,0.7784059643745422,0.42557358741760254,-0.05003472417593002,0.777263879776001,0.47562476992607117,-0.03969527408480644,0.8025826215744019,0.41417986154556274,-0.01811804063618183,0.8119152784347534,0.3502264618873596,-0.03547753766179085,0.8180276155471802,0.31102389097213745,-0.036364126950502396,0.8189796209335327,0.27176040410995483,-0.03263615444302559,Love you
0.7820160388946533,0.5887780785560608,-3.180715282269375e-07,0.7152311205863953,0.5718711614608765,-0.03263362869620323,0.654979407787323,0.5406322479248047,-0.05369340628385544,0.6010115146636963,0.5108104944229126,-0.07350649684667587,0.5567732453346252,0.5029195547103882,-0.08837143331766129,0.6930617094039917,0.4295368790626526,-0.02370125614106655,0.7071155905723572,0.3785862922668457,-0.05028955265879631,0.7221543192863464,0.42314964532852173,-0.06350294500589371,0.7255681753158569,0.4681227207183838,-0.06783315539360046,0.7335651516914368,0.41566357016563416,-0.018055573105812073,0.7399119138717651,0.3687974512577057,-0.05205731838941574,0.7500920295715332,0.4311254918575287,-0.0641433522105217,0.7514761686325073,0.4802878499031067,-0.06558632105588913,0.7702932953834534,0.41011324524879456,-0.01674514077603817,0.7759488821029663,0.36606019735336304,-0.05020966753363609,0.7791079878807068,0.4251479506492615,-0.05040875822305679,0.7766128778457642,0.4732764959335327,-0.04069877788424492,0.8034533262252808,0.41391247510910034,-0.017565038055181503,0.8122180104255676,0.3495577275753021,-0.03498692438006401,0.8183417916297913,0.3098335266113281,-0.03592788428068161,0.819054126739502,0.2700048089027405,-0.0321657769382,Love you
0.5715091228485107,0.5671589374542236,-4.709715710760065e-07,0.49772220849990845,0.5645846128463745,-0.013999909162521362,0.43811503052711487,0.5405347347259521,-0.028782406821846962,0.3883048892021179,0.5178551077842712,-0.04801707714796066,0.3472999334335327,0.5143651962280273,-0.06386738270521164,0.4791809320449829,0.40957531332969666,0.001982655841857195,0.455096572637558,0.3661520183086395,-0.025499705225229263,0.47027015686035156,0.4160563051700592,-0.04429590702056885,0.48810359835624695,0.4610312581062317,-0.05254586786031723,0.514251172542572,0.3887905478477478,-0.00422943290323019,0.49085885286331177,0.34568729996681213,-0.040346838533878326,0.5025050044059753,0.4135587513446808,-0.057744745165109634,0.5184654593467712,0.4675486087799072,-0.06223197653889656,0.5513696670532227,0.37469470500946045,-0.014692745171487331,0.531712532043457,0.3228451609611511,-0.045102402567863464,0.5313288569450378,0.38759931921958923,-0.0464300662279129,0.5375445485115051,0.44010984897613525,-0.03880980610847473,0.5895259976387024,0.36901605129241943,-0.026992997154593468,0.595041036605835,0.294578492641449,-0.04189888760447502,0.5915098786354065,0.2473248541355133,-0.044657010585069656,0.584521472454071,0.2007150799036026,-0.043612830340862274,Love you
0.5725782513618469,0.5683065056800842,-4.6610009007963527e-07,0.49858900904655457,0.5644394159317017,-0.013674457557499409,0.43859750032424927,0.539928674697876,-0.028123756870627403,0.388805627822876,0.5175229907035828,-0.04696880280971527,0.34747201204299927,0.514161229133606,-0.06252560019493103,0.4787440001964569,0.40904346108436584,0.0018850689521059394,0.45541417598724365,0.3675459027290344,-0.025693871080875397,0.4710283577442169,0.4174404740333557,-0.04465136677026749,0.4889090061187744,0.462532639503479,-0.052972372621297836,0.5135794281959534,0.3873554468154907,-0.004391086753457785,0.48984089493751526,0.34475743770599365,-0.040125828236341476,0.5023854970932007,0.41258543729782104,-0.05731324106454849,0.5186823606491089,0.4666650891304016,-0.06172258406877518,0.5508710741996765,0.3733810782432556,-0.014896845445036888,0.5310536623001099,0.3244442343711853,-0.04520166292786598,0.5309984683990479,0.38870590925216675,-0.046817511320114136,0.5370211005210876,0.44053715467453003,-0.0393805205821991,0.5892302989959717,0.36836570501327515,-0.027171334251761436,0.5947955846786499,0.2934248745441437,-0.04185687005519867,0.5917832255363464,0.24656549096107483,-0.04449784755706787,0.584709644317627,0.20055191218852997,-0.043417539447546005,Love you
0.5726053714752197,0.5660687685012817,-4.844478098675609e-07,0.4994591176509857,0.5625010132789612,-0.013452770188450813,0.43934252858161926,0.5384087562561035,-0.027719318866729736,0.38933759927749634,0.51686030626297,-0.04639710485935211,0.3479407727718353,0.512588620185852,-0.061500053852796555,0.48024454712867737,0.40864086151123047,0.0020395442843437195,0.45668327808380127,0.3657795488834381,-0.025613615289330482,0.47216418385505676,0.41739755868911743,-0.04432029277086258,0.49015796184539795,0.46299439668655396,-0.05241093412041664,0.5147261619567871,0.3866850733757019,-0.004172407556325197,0.4911476671695709,0.3441600799560547,-0.03985106572508812,0.5034713745117188,0.4135856032371521,-0.0565161295235157,0.5199589133262634,0.4672914147377014,-0.060526762157678604,0.5517514944076538,0.3723612427711487,-0.014616621658205986,0.5319553017616272,0.3230991065502167,-0.0443178229033947,0.5320795178413391,0.38799506425857544,-0.04495217651128769,0.5386974811553955,0.4394743740558624,-0.037038978189229965,0.5900099277496338,0.3671169877052307,-0.02689129114151001,0.5962302684783936,0.29215002059936523,-0.04109857231378555,0.5918994545936584,0.24567165970802307,-0.04326940327882767,0.5835626721382141,0.2002391517162323,-0.04192578047513962,Love you
0.5723885297775269,0.5665106773376465,-4.799209136763238e-07,0.49944230914115906,0.5635520815849304,-0.013759022578597069,0.4395831525325775,0.5389986038208008,-0.028350677341222763,0.389485239982605,0.5165285468101501,-0.04722030460834503,0.34794819355010986,0.5129253268241882,-0.06255082786083221,0.48004770278930664,0.40888512134552,0.0007883338257670403,0.456597238779068,0.3657605051994324,-0.026307590305805206,0.47184377908706665,0.4167438745498657,-0.0443480983376503,0.48931145668029785,0.4622476100921631,-0.052120085805654526,0.5147818922996521,0.38730794191360474,-0.005312065593898296,0.4915517568588257,0.3455449640750885,-0.04055499657988548,0.5033267140388489,0.4142867922782898,-0.056951895356178284,0.5195017457008362,0.46789830923080444,-0.06102409213781357,0.5519042015075684,0.37322038412094116,-0.015532652847468853,0.5323302745819092,0.3245656490325928,-0.045207493007183075,0.5322250127792358,0.3892472982406616,-0.04601679742336273,0.538771390914917,0.44060832262039185,-0.038392066955566406,0.5902500152587891,0.3680265545845032,-0.027553964406251907,0.5968137979507446,0.29296305775642395,-0.041990429162979126,0.5928740501403809,0.24603524804115295,-0.044481322169303894,0.5851274728775024,0.19996687769889832,-0.04348074644804001,Love you
0.574434757232666,0.5698450803756714,-4.785508735949406e-07,0.5007863640785217,0.5660966038703918,-0.012609337456524372,0.44083213806152344,0.5411943197250366,-0.02694430761039257,0.39155519008636475,0.5191767811775208,-0.04584294557571411,0.3509600758552551,0.5147246718406677,-0.06123994663357735,0.48000288009643555,0.4083893299102783,0.001987916650250554,0.4559202194213867,0.36641213297843933,-0.025136355310678482,0.4720507562160492,0.41808849573135376,-0.04348168522119522,0.49005284905433655,0.46375975012779236,-0.05148240178823471,0.514538049697876,0.38760706782341003,-0.004734151531010866,0.48986172676086426,0.3472658693790436,-0.04036760330200195,0.5028871297836304,0.4165668785572052,-0.057130053639411926,0.520035982131958,0.46992945671081543,-0.06132376566529274,0.5518007874488831,0.37419185042381287,-0.015515449456870556,0.5309710502624512,0.3241882920265198,-0.04524792358279228,0.531143844127655,0.3888295590877533,-0.04633312299847603,0.5378384590148926,0.4401893615722656,-0.03888026997447014,0.590429961681366,0.369358092546463,-0.027989184483885765,0.5964729189872742,0.29360222816467285,-0.04240386560559273,0.5929881930351257,0.24566754698753357,-0.045090217143297195,0.5857759714126587,0.19829832017421722,-0.044181860983371735,Love you
0.5748429894447327,0.5698625445365906,-4.727614282273862e-07,0.5013077259063721,0.5670386552810669,-0.013576867990195751,0.4415031373500824,0.541792094707489,-0.028541628271341324,0.3916856646537781,0.5191563367843628,-0.04783020168542862,0.34987953305244446,0.5141278505325317,-0.0635531023144722,0.4803885519504547,0.40853434801101685,0.0005747870309278369,0.45540159940719604,0.36727380752563477,-0.026657287031412125,0.4713754951953888,0.4192267060279846,-0.045052558183670044,0.48933491110801697,0.4645387828350067,-0.05328994616866112,0.5145314931869507,0.38778090476989746,-0.005824888590723276,0.4892982542514801,0.3473299443721771,-0.04171884432435036,0.5022130012512207,0.41683846712112427,-0.05857471376657486,0.5192039012908936,0.4702061414718628,-0.06301920115947723,0.5517101287841797,0.3744562864303589,-0.01631794311106205,0.5305477976799011,0.3238986134529114,-0.04656142368912697,0.5304874181747437,0.38876378536224365,-0.04786083847284317,0.5368671417236328,0.4404580295085907,-0.04073090851306915,0.5902756452560425,0.3695887625217438,-0.028527986258268356,0.5958868861198425,0.29393285512924194,-0.04375035688281059,0.5929679870605469,0.24578067660331726,-0.04697159677743912,0.5864360928535461,0.197851300239563,-0.046533599495887756,Love you
0.5746977925300598,0.5700139999389648,-4.845759349336731e-07,0.500637412071228,0.5672917366027832,-0.014363880269229412,0.43988102674484253,0.5409829020500183,-0.029360037297010422,0.3893476724624634,0.5174866914749146,-0.04855165630578995,0.34768128395080566,0.5124748349189758,-0.06406249105930328,0.4789623022079468,0.407481849193573,0.0006796983652748168,0.4543522298336029,0.36739134788513184,-0.027556035667657852,0.46938982605934143,0.4211190342903137,-0.04660350829362869,0.48749488592147827,0.46817904710769653,-0.054947204887866974,0.5137380957603455,0.38658303022384644,-0.005383302923291922,0.48950517177581787,0.34678536653518677,-0.042070645838975906,0.5010784864425659,0.4179286062717438,-0.05912484973669052,0.5172151327133179,0.47304072976112366,-0.06337713450193405,0.5512229204177856,0.3737146854400635,-0.015785416588187218,0.5307480692863464,0.32382509112358093,-0.046668365597724915,0.5297867655754089,0.3901965618133545,-0.04798420891165733,0.5357145071029663,0.4432237148284912,-0.04052259400486946,0.589726448059082,0.36941903829574585,-0.02800438366830349,0.5956547856330872,0.2939298748970032,-0.043755944818258286,0.5922398567199707,0.24589447677135468,-0.04728791490197182,0.5853404998779297,0.1985052227973938,-0.04680534452199936,Love you
0.5743094682693481,0.5701439380645752,-4.905152763967635e-07,0.5001358389854431,0.5665013194084167,-0.014207263477146626,0.4394006133079529,0.540729284286499,-0.029253771528601646,0.38893574476242065,0.5174504518508911,-0.048529669642448425,0.3475106954574585,0.5124112963676453,-0.06403141468763351,0.4788498878479004,0.40704160928726196,0.0009735118946991861,0.4547160267829895,0.3669908940792084,-0.02763015776872635,0.46990054845809937,0.4208570718765259,-0.04706353694200516,0.4880619943141937,0.4680514633655548,-0.055515483021736145,0.5136858820915222,0.386259526014328,-0.00515473959967494,0.489821195602417,0.34747248888015747,-0.04170161485671997,0.5016852021217346,0.4176652133464813,-0.058833327144384384,0.5178170800209045,0.4721880257129669,-0.06319288164377213,0.5511118173599243,0.3734292984008789,-0.015659108757972717,0.530978262424469,0.3261527717113495,-0.046091027557849884,0.5305233001708984,0.3920661509037018,-0.04728958383202553,0.536649763584137,0.4444074034690857,-0.03981049358844757,0.5894882678985596,0.3691866993904114,-0.028051797300577164,0.595464825630188,0.2936744689941406,-0.043219663202762604,0.5916496515274048,0.24552451074123383,-0.04643240198493004,0.5840837359428406,0.198249951004982,-0.04576905816793442,Love you
