0.7371479868888855,0.3087500035762787,-5.664484206135967e-07,0.7030444741249084,0.39906632900238037,-0.027464233338832855,0.6527280211448669,0.4859166145324707,-0.04852203279733658,0.6126176714897156,0.5565800666809082,-0.0710834413766861,0.5873898267745972,0.6192526817321777,-0.08980904519557953,0.5670446157455444,0.4046574831008911,-0.012786172330379486,0.5312802195549011,0.4097164571285248,-0.04997697472572327,0.5839449763298035,0.39718425273895264,-0.0748671367764473,0.6279579401016235,0.3865698575973511,-0.0863870307803154,0.5653676390647888,0.34032952785491943,-0.014384666457772255,0.5297384858131409,0.3454531729221344,-0.05688062310218811,0.5952731966972351,0.343860387802124,-0.07255135476589203,0.6399712562561035,0.34161576628685,-0.07374253123998642,0.573648989200592,0.2796172499656677,-0.02138327620923519,0.5398145914077759,0.2811896800994873,-0.05993594229221344,0.6000203490257263,0.29327481985092163,-0.055336691439151764,0.64173424243927,0.3014632761478424,-0.041421327739953995,0.5878822207450867,0.2207387238740921,-0.030414128676056862,0.5535293817520142,0.22405579686164856,-0.05030803009867668,0.5940737128257751,0.2449796497821808,-0.03997822105884552,0.6246426701545715,0.25883975625038147,-0.026098202913999557,No
0.7332425117492676,0.30542847514152527,-5.764358093074406e-07,0.7003144025802612,0.3974638879299164,-0.028162486851215363,0.6492015719413757,0.48417389392852783,-0.0494786836206913,0.6084085702896118,0.5532594323158264,-0.07229448854923248,0.5829142332077026,0.6168743371963501,-0.09117195755243301,0.5644004344940186,0.40230128169059753,-0.01453485805541277,0.5254201889038086,0.4081577658653259,-0.053414568305015564,0.5780735611915588,0.3958691358566284,-0.07929005473852158,0.6226073503494263,0.38489851355552673,-0.09126601368188858,0.5626391768455505,0.3373703062534332,-0.01636509783565998,0.5252866148948669,0.3398716449737549,-0.060078296810388565,0.5918231010437012,0.33980947732925415,-0.075897216796875,0.6370192766189575,0.3399679660797119,-0.07695324718952179,0.5716056823730469,0.27597659826278687,-0.02379896678030491,0.5369162559509277,0.27491816878318787,-0.06332910805940628,0.597559928894043,0.2876488268375397,-0.058586928993463516,0.6393433213233948,0.29790812730789185,-0.044437579810619354,0.5870588421821594,0.21656739711761475,-0.03341367095708847,0.5523435473442078,0.21692799031734467,-0.05443388596177101,0.5922039747238159,0.2385721653699875,-0.044588904827833176,0.6223905086517334,0.2545549273490906,-0.03091895394027233,No
0.7327248454093933,0.2998116612434387,-5.887742418053676e-07,0.7015102505683899,0.3910045623779297,-0.02868577651679516,0.6506574749946594,0.4782121777534485,-0.04961397498846054,0.6098006367683411,0.5484983921051025,-0.07184344530105591,0.5835403203964233,0.6116895079612732,-0.09011302143335342,0.5660396814346313,0.3985840678215027,-0.013650200329720974,0.5295076966285706,0.40348806977272034,-0.05229116231203079,0.5822608470916748,0.3903561234474182,-0.07838001102209091,0.6265819072723389,0.3796098530292511,-0.09063959866762161,0.5635793209075928,0.33282166719436646,-0.015312365256249905,0.5283845067024231,0.33499377965927124,-0.05881543830037117,0.5956011414527893,0.3339948356151581,-0.07504240423440933,0.6401752829551697,0.3345198631286621,-0.07655036449432373,0.5721759796142578,0.2704333961009979,-0.02263174206018448,0.5385602712631226,0.2687095105648041,-0.06251958757638931,0.6000210642814636,0.280408650636673,-0.05770712345838547,0.641128659248352,0.29073095321655273,-0.043535202741622925,0.5875030159950256,0.21075713634490967,-0.03212293982505798,0.5540031790733337,0.21007445454597473,-0.05349411442875862,0.5945913791656494,0.23069684207439423,-0.04348133131861687,0.6240054965019226,0.24626776576042175,-0.02972765639424324,No
0.7333850264549255,0.29922521114349365,-5.84968802286312e-07,0.7006106972694397,0.3888683319091797,-0.02894054539501667,0.649528980255127,0.4746224582195282,-0.05043026804924011,0.6073269248008728,0.5445362329483032,-0.07316461950540543,0.5798917412757874,0.6067280769348145,-0.09167943149805069,0.5659295916557312,0.3935554623603821,-0.015263917855918407,0.5264757871627808,0.3964520990848541,-0.0537208616733551,0.5801992416381836,0.3850337266921997,-0.07876637578010559,0.6249867081642151,0.37609702348709106,-0.09026265889406204,0.5649775862693787,0.3285347819328308,-0.016609802842140198,0.527107834815979,0.33112505078315735,-0.060472168028354645,0.5941216349601746,0.3306087851524353,-0.07599709928035736,0.6387351751327515,0.330851674079895,-0.07690288871526718,0.5740848183631897,0.2676262855529785,-0.0235278382897377,0.5395495295524597,0.26605525612831116,-0.06331638246774673,0.5997116565704346,0.27857455611228943,-0.05819045379757881,0.6405315399169922,0.28937843441963196,-0.043849390000104904,0.5889039635658264,0.20885206758975983,-0.0326383039355278,0.5547510385513306,0.20773132145404816,-0.05379969999194145,0.5950921773910522,0.2291054129600525,-0.043819207698106766,0.6249787211418152,0.2457858771085739,-0.03014642372727394,No
0.7391741871833801,0.3001962900161743,-5.982516881886113e-07,0.7048177123069763,0.3907339572906494,-0.027775751426815987,0.6506298780441284,0.47658771276474,-0.04801670089364052,0.6086058616638184,0.5466532111167908,-0.06977168470621109,0.5834957361221313,0.6116123199462891,-0.08766418695449829,0.5686225891113281,0.3969007134437561,-0.011974552646279335,0.5285180807113647,0.3995189368724823,-0.050007641315460205,0.5822892785072327,0.3879735767841339,-0.07540206611156464,0.6288657188415527,0.3792160153388977,-0.08688274025917053,0.5672866106033325,0.3316895365715027,-0.013410806655883789,0.5303510427474976,0.3339993953704834,-0.05615435168147087,0.5966024398803711,0.33316895365715027,-0.07228311896324158,0.6440403461456299,0.33424919843673706,-0.07365171611309052,0.5762343406677246,0.2702599763870239,-0.02045968919992447,0.543026864528656,0.26873403787612915,-0.05988343805074692,0.6034430861473083,0.28172820806503296,-0.05616225674748421,0.6471261978149414,0.2939673662185669,-0.04259732365608215,0.5908026099205017,0.2109917253255844,-0.029509883373975754,0.556033194065094,0.21157371997833252,-0.05100239813327789,0.5976477861404419,0.23291310667991638,-0.04162291809916496,0.6309000849723816,0.2501392364501953,-0.02812275104224682,No
0.7401061654090881,0.3033800423145294,-5.880880848962988e-07,0.70578932762146,0.3925241231918335,-0.028297701850533485,0.6524603366851807,0.4777364730834961,-0.04885467514395714,0.6107983589172363,0.546891450881958,-0.07092248648405075,0.5833564400672913,0.6089227199554443,-0.08898428082466125,0.5688400268554688,0.39828845858573914,-0.011864586733281612,0.5299035310745239,0.3987444043159485,-0.05088824778795242,0.5830018520355225,0.38783982396125793,-0.07715944945812225,0.6285253763198853,0.37960267066955566,-0.0891721174120903,0.5680182576179504,0.33300256729125977,-0.013522708788514137,0.5307611227035522,0.3325158953666687,-0.05752277374267578,0.597392737865448,0.3331875801086426,-0.07403070479631424,0.6439023613929749,0.334941029548645,-0.07526738196611404,0.5772246718406677,0.27157917618751526,-0.02103264443576336,0.5434601306915283,0.2678138315677643,-0.061629004776477814,0.6039798259735107,0.28185901045799255,-0.0578581839799881,0.6466001272201538,0.2942330241203308,-0.043809402734041214,0.592254102230072,0.21247735619544983,-0.030612878501415253,0.5570797324180603,0.2110971361398697,-0.05256640538573265,0.5979870557785034,0.23251546919345856,-0.04302477836608887,0.6297382712364197,0.24976316094398499,-0.02920328639447689,No
0.7316632866859436,0.3004160523414612,-5.791970352220233e-07,0.6989141702651978,0.3899090588092804,-0.029539618641138077,0.6476365327835083,0.4755828380584717,-0.05116402730345726,0.6052945256233215,0.5451768636703491,-0.07394080609083176,0.5772046446800232,0.6069145202636719,-0.09253660589456558,0.5628271698951721,0.39328551292419434,-0.014355790801346302,0.5259992480278015,0.3952186107635498,-0.052757490426301956,0.5798036456108093,0.38518834114074707,-0.07799152284860611,0.6241087913513184,0.3771066963672638,-0.08969492465257645,0.5619532465934753,0.32763928174972534,-0.015472747385501862,0.5260086059570312,0.32960477471351624,-0.05957772210240364,0.5939940214157104,0.33086103200912476,-0.07550173997879028,0.6387660503387451,0.3316284120082855,-0.07653632014989853,0.5714887380599976,0.26654472947120667,-0.022278502583503723,0.5388526320457458,0.2646642327308655,-0.06258704513311386,0.6003241539001465,0.2788466811180115,-0.05773453786969185,0.6410383582115173,0.29013291001319885,-0.04336678981781006,0.5872243046760559,0.20789094269275665,-0.03129450976848602,0.5549528002738953,0.20707806944847107,-0.05284012854099274,0.5959745049476624,0.22954000532627106,-0.043074317276477814,0.6251599192619324,0.24629873037338257,-0.029455184936523438,No
0.7332816123962402,0.3043312430381775,-5.887637826162972e-07,0.6990222334861755,0.3935788571834564,-0.029888078570365906,0.6471574902534485,0.4788939356803894,-0.051407281309366226,0.6044074892997742,0.5475772023200989,-0.07394623011350632,0.5751964449882507,0.6075190305709839,-0.09234582632780075,0.5621726512908936,0.3966415524482727,-0.015163278207182884,0.5257100462913513,0.3988932967185974,-0.05391469970345497,0.5797722935676575,0.387486070394516,-0.07956791669130325,0.6252267956733704,0.3783673346042633,-0.09137019515037537,0.56193608045578,0.33116012811660767,-0.016175003722310066,0.5247352123260498,0.3327794373035431,-0.0604795478284359,0.5911482572555542,0.33337852358818054,-0.07696997374296188,0.6380205750465393,0.3345943093299866,-0.07841343432664871,0.5718097686767578,0.26992177963256836,-0.02287997491657734,0.5377590656280518,0.2676117718219757,-0.06408556550741196,0.5979822874069214,0.2821185886859894,-0.06031724438071251,0.6410201191902161,0.2945810854434967,-0.046348508447408676,0.5875276327133179,0.21121282875537872,-0.03173784166574478,0.5521356463432312,0.21041367948055267,-0.054626621305942535,0.5931613445281982,0.23240113258361816,-0.045432258397340775,0.625544548034668,0.24992302060127258,-0.031860049813985825,No
0.7340019941329956,0.303428590297699,-5.881947799935006e-07,0.6993399858474731,0.3921312689781189,-0.029168322682380676,0.6464409828186035,0.47698524594306946,-0.05040045827627182,0.6034448146820068,0.546403706073761,-0.0728381797671318,0.5749486684799194,0.6084325909614563,-0.09111112356185913,0.5642778873443604,0.3937344253063202,-0.014611679129302502,0.5255974531173706,0.39631229639053345,-0.052948642522096634,0.5796170830726624,0.3866519629955292,-0.07781743258237839,0.6247448921203613,0.37933677434921265,-0.08907422423362732,0.5639669895172119,0.32872214913368225,-0.015622143633663654,0.5263318419456482,0.3308655619621277,-0.05933221057057381,0.593080461025238,0.33186930418014526,-0.0751912072300911,0.6384812593460083,0.3333214819431305,-0.07629484683275223,0.5736256837844849,0.2678099274635315,-0.022217273712158203,0.5400592684745789,0.2663041055202484,-0.06259819865226746,0.6006153225898743,0.28072473406791687,-0.05827663838863373,0.6421247720718384,0.2930441200733185,-0.04419608786702156,0.5891210436820984,0.20936690270900726,-0.030924933031201363,0.554703950881958,0.20879824459552765,-0.05291031673550606,0.5956771969795227,0.23118557035923004,-0.04343201965093613,0.6266362071037292,0.248553067445755,-0.029883965849876404,No
0.742768406867981,0.31102603673934937,-5.887482643629482e-07,0.7052456736564636,0.398616224527359,-0.02914755418896675,0.6506611108779907,0.48155486583709717,-0.050026241689920425,0.6071627140045166,0.5479800701141357,-0.07224244624376297,0.5769767761230469,0.6071783900260925,-0.09029881656169891,0.5662305355072021,0.39783865213394165,-0.012186205014586449,0.5311158299446106,0.39813876152038574,-0.051038533449172974,0.5848397016525269,0.38949963450431824,-0.07710697501897812,0.6298479437828064,0.3834051191806793,-0.08903896063566208,0.5671311020851135,0.33295515179634094,-0.013290725648403168,0.5320788621902466,0.33454081416130066,-0.057073090225458145,0.5982699394226074,0.3371547758579254,-0.07364939153194427,0.6442184448242188,0.3393705487251282,-0.07505316287279129,0.5779247879981995,0.27222728729248047,-0.020320255309343338,0.5454272627830505,0.27030691504478455,-0.06091088056564331,0.6046178936958313,0.28673040866851807,-0.05757364258170128,0.6467170119285583,0.299946665763855,-0.04378838092088699,0.594872772693634,0.21374428272247314,-0.02947896346449852,0.5598202347755432,0.21382959187030792,-0.05145646259188652,0.5997291207313538,0.23768247663974762,-0.042294155806303024,0.6315308213233948,0.25641006231307983,-0.02866562269628048,No
0.7366613745689392,0.312174916267395,-5.872585120414442e-07,0.7021475434303284,0.3993005156517029,-0.029536470770835876,0.6476935744285583,0.48381948471069336,-0.05117597058415413,0.6055356860160828,0.5519343614578247,-0.0736120268702507,0.5775908827781677,0.6137856245040894,-0.09183869510889053,0.5651428699493408,0.40124866366386414,-0.01657819002866745,0.5284308791160583,0.40416622161865234,-0.05493313446640968,0.5818341374397278,0.395754873752594,-0.07952158898115158,0.6265977621078491,0.38957080245018005,-0.09049177169799805,0.5654745697975159,0.3363640606403351,-0.01735071651637554,0.531845211982727,0.3388264775276184,-0.0597875751554966,0.5979582071304321,0.3416305184364319,-0.07464083284139633,0.642104983329773,0.3441762626171112,-0.07551681995391846,0.5762204527854919,0.2755718529224396,-0.023734018206596375,0.545194149017334,0.27445894479751587,-0.0630313828587532,0.604766309261322,0.29044049978256226,-0.05817844346165657,0.6453441977500916,0.30331817269325256,-0.04420563578605652,0.5928691625595093,0.21725694835186005,-0.03226103633642197,0.5585283041000366,0.21701155602931976,-0.05350388586521149,0.5987507700920105,0.2403465211391449,-0.04363096132874489,0.6292063593864441,0.2586595416069031,-0.03000081144273281,No
0.7369614243507385,0.3149729073047638,-5.897196047044417e-07,0.7001075744628906,0.40365543961524963,-0.027678588405251503,0.6451470255851746,0.4863213300704956,-0.04700472205877304,0.6016116738319397,0.5516596436500549,-0.06787645071744919,0.5730400085449219,0.6106433868408203,-0.0847950428724289,0.5640063881874084,0.40361037850379944,-0.010545354336500168,0.5260080099105835,0.40671345591545105,-0.04814063757658005,0.5791237354278564,0.3957539498806,-0.0731586366891861,0.6231627464294434,0.38677605986595154,-0.08455564826726913,0.5633886456489563,0.3395790457725525,-0.012044470757246017,0.527860701084137,0.34087637066841125,-0.05492672696709633,0.5943361520767212,0.3427801728248596,-0.07104068994522095,0.6396961808204651,0.34471073746681213,-0.07218237966299057,0.5734745860099792,0.2795925736427307,-0.019297141581773758,0.5409713983535767,0.2780662178993225,-0.05930155888199806,0.6012222766876221,0.2933572828769684,-0.05560838431119919,0.6429963111877441,0.3055492639541626,-0.041663758456707,0.5899510383605957,0.22199474275112152,-0.028579624369740486,0.5555061101913452,0.2213299572467804,-0.05064510181546211,0.5957910418510437,0.24383221566677094,-0.041535958647727966,0.6270847916603088,0.26131558418273926,-0.02795204520225525,No
0.7365062236785889,0.314167320728302,-5.751086291638785e-07,0.7009304761886597,0.40120425820350647,-0.028919745236635208,0.6463549137115479,0.48653489351272583,-0.04873842000961304,0.60448157787323,0.5553556084632874,-0.0696306824684143,0.5758440494537354,0.6142779588699341,-0.08648671209812164,0.56572026014328,0.40652620792388916,-0.012334320694208145,0.5276386737823486,0.40911221504211426,-0.05021842196583748,0.5803511738777161,0.39822348952293396,-0.07524295896291733,0.6249321699142456,0.38968169689178467,-0.08656197041273117,0.5647615194320679,0.34166932106018066,-0.013068502768874168,0.529098629951477,0.3421115577220917,-0.05607816204428673,0.5953232049942017,0.34330224990844727,-0.07198284566402435,0.6409267783164978,0.34531593322753906,-0.07296475768089294,0.5744380950927734,0.2810782492160797,-0.019611703231930733,0.5425077676773071,0.2783856689929962,-0.05943776294589043,0.6020616292953491,0.29253071546554565,-0.055705633014440536,0.643589198589325,0.3046073615550995,-0.04185386747121811,0.5902316570281982,0.2231496125459671,-0.028272045776247978,0.5570129752159119,0.22248829901218414,-0.0499391034245491,0.5971009731292725,0.24403582513332367,-0.040866557508707047,0.6278669834136963,0.2609235346317291,-0.02748165838420391,No
0.7401490211486816,0.3163248598575592,-5.98444955812738e-07,0.7041429281234741,0.40365612506866455,-0.028802314773201942,0.6495657563209534,0.4885213375091553,-0.04960768297314644,0.6070266366004944,0.5556740760803223,-0.07158104330301285,0.5787323713302612,0.6165882349014282,-0.08959992974996567,0.5674850344657898,0.4049863815307617,-0.012574344873428345,0.5322080850601196,0.4083103537559509,-0.051173873245716095,0.5854846239089966,0.3981250822544098,-0.0777047872543335,0.6310946941375732,0.3902503550052643,-0.09005402773618698,0.5665284395217896,0.3401896059513092,-0.013600913807749748,0.534233033657074,0.34330272674560547,-0.05562755465507507,0.5996878147125244,0.34463003277778625,-0.0720406249165535,0.6461829543113708,0.3471076488494873,-0.0740981325507164,0.5763335824012756,0.27953389286994934,-0.020472902804613113,0.547421932220459,0.27864134311676025,-0.059454381465911865,0.6064862608909607,0.29417991638183594,-0.05605531483888626,0.6493399739265442,0.308091938495636,-0.04303116351366043,0.5924599170684814,0.22126376628875732,-0.029535701498389244,0.5605153441429138,0.2219044715166092,-0.050633225589990616,0.6009496450424194,0.24501925706863403,-0.041420139372348785,0.6333782076835632,0.26424795389175415,-0.02821311168372631,No
0.7358136177062988,0.32007795572280884,-5.762789214713848e-07,0.7000614404678345,0.40862396359443665,-0.02760271169245243,0.6459125280380249,0.4916926622390747,-0.0478561669588089,0.6035176515579224,0.5576242804527283,-0.06967999786138535,0.575595498085022,0.6177999377250671,-0.08771708607673645,0.565021276473999,0.40816450119018555,-0.011392354033887386,0.5274189710617065,0.41282919049263,-0.04929361492395401,0.5791195631027222,0.401737779378891,-0.07480493187904358,0.6237297654151917,0.3933604955673218,-0.08635847270488739,0.5650759339332581,0.34374475479125977,-0.013159801252186298,0.5307871103286743,0.34713903069496155,-0.05581352859735489,0.5962968468666077,0.3484899401664734,-0.07202714681625366,0.6419486999511719,0.3506181538105011,-0.07339669018983841,0.5752995610237122,0.28349438309669495,-0.02060643956065178,0.5434011220932007,0.2833218574523926,-0.06018548086285591,0.6032070517539978,0.29841890931129456,-0.05626672878861427,0.6456030607223511,0.31082800030708313,-0.042343586683273315,0.5913743376731873,0.22579504549503326,-0.030074255540966988,0.5568017959594727,0.22718726098537445,-0.05142945423722267,0.5971110463142395,0.24945181608200073,-0.04155879095196724,0.6287973523139954,0.2664124667644501,-0.027542084455490112,No
0.7473016977310181,0.3219291865825653,-5.975778663014353e-07,0.7112231254577637,0.4086218774318695,-0.029534384608268738,0.6547209620475769,0.4935542345046997,-0.049683231860399246,0.6100552678108215,0.5609416365623474,-0.07099231332540512,0.5792484283447266,0.6201008558273315,-0.08831144124269485,0.5738623142242432,0.41162341833114624,-0.011405316181480885,0.5377264022827148,0.4162895679473877,-0.050438810139894485,0.5907191634178162,0.40401074290275574,-0.07732070237398148,0.635197103023529,0.3936173617839813,-0.08994759619235992,0.5722715258598328,0.3461558520793915,-0.012278059497475624,0.5386228561401367,0.348640114068985,-0.05530616641044617,0.6043906807899475,0.34990638494491577,-0.07204734534025192,0.6506351232528687,0.3517923653125763,-0.07393026351928711,0.5820422768592834,0.28482434153556824,-0.01927589438855648,0.551543116569519,0.2837761640548706,-0.05959785729646683,0.6110464334487915,0.2996552884578705,-0.05656838417053223,0.6535394787788391,0.3126832842826843,-0.043251994997262955,0.5984132289886475,0.22595389187335968,-0.028518792241811752,0.5662340521812439,0.22661414742469788,-0.05086124315857887,0.6063788533210754,0.2492571473121643,-0.04236392676830292,0.6381280422210693,0.2669459581375122,-0.0293626319617033,No
0.7482492923736572,0.3239619731903076,-5.972249823571474e-07,0.7126772403717041,0.40937477350234985,-0.030267393216490746,0.654749870300293,0.4943017065525055,-0.05056222528219223,0.6093739867210388,0.5614606142044067,-0.07162270694971085,0.5778984427452087,0.6190066337585449,-0.08837868273258209,0.5757171511650085,0.41356411576271057,-0.013933545909821987,0.5387153625488281,0.4177906811237335,-0.05280119180679321,0.5929349660873413,0.40682515501976013,-0.07836700230836868,0.6376913189888,0.39781391620635986,-0.09009077399969101,0.5751132965087891,0.3471604585647583,-0.014538710005581379,0.5419562458992004,0.349288672208786,-0.0582551509141922,0.6093392372131348,0.35247018933296204,-0.07406429201364517,0.6538983583450317,0.35479849576950073,-0.07500740885734558,0.5860651731491089,0.2851523160934448,-0.02113448455929756,0.5543748736381531,0.28329887986183167,-0.061957795172929764,0.6158539652824402,0.3001525402069092,-0.05740337818861008,0.6568652987480164,0.31300315260887146,-0.04290689155459404,0.6037548184394836,0.22580434381961823,-0.029974356293678284,0.5722905993461609,0.2257334142923355,-0.052403029054403305,0.6126602292060852,0.24956516921520233,-0.04317338764667511,0.6418181657791138,0.2672269344329834,-0.029605738818645477,No
0.7454392313957214,0.32764148712158203,-5.811832579638576e-07,0.7078046798706055,0.41332414746284485,-0.029550131410360336,0.651719868183136,0.49611011147499084,-0.050038211047649384,0.6060525178909302,0.5625421404838562,-0.0717327818274498,0.574198842048645,0.6204699277877808,-0.08922099322080612,0.5726519823074341,0.4128947854042053,-0.012009701691567898,0.5369862914085388,0.4151259660720825,-0.05047561228275299,0.590401828289032,0.4042825698852539,-0.07643504440784454,0.6356244683265686,0.39686715602874756,-0.0883961096405983,0.5729442238807678,0.3474310636520386,-0.012870893813669682,0.5395023226737976,0.3489796817302704,-0.05615253746509552,0.6052792072296143,0.35156506299972534,-0.07293930649757385,0.6510925889015198,0.35501450300216675,-0.07473519444465637,0.5838669538497925,0.2862844467163086,-0.019672639667987823,0.5527629256248474,0.2839442491531372,-0.06010261923074722,0.6126085519790649,0.30065783858299255,-0.05660930275917053,0.6550846099853516,0.31507349014282227,-0.04284999519586563,0.6012469530105591,0.22819273173809052,-0.028712276369333267,0.5689488649368286,0.22628337144851685,-0.051032714545726776,0.6084674596786499,0.25002187490463257,-0.04224492609500885,0.6393476128578186,0.26943743228912354,-0.02895352803170681,No
0.7386038303375244,0.3266453146934509,-6.117570592323318e-07,0.6998202204704285,0.4126504957675934,-0.027826420962810516,0.6425169110298157,0.49458047747612,-0.046909984201192856,0.5971526503562927,0.5574246644973755,-0.06713816523551941,0.5641464591026306,0.6102544665336609,-0.08306252956390381,0.5620884299278259,0.4067107141017914,-0.011142883449792862,0.5281617641448975,0.4103332757949829,-0.048103079199790955,0.5829915404319763,0.40243250131607056,-0.07277879118919373,0.627979040145874,0.39492538571357727,-0.0841994360089302,0.5629242062568665,0.3412856161594391,-0.012378288432955742,0.5303148627281189,0.34491950273513794,-0.05471720173954964,0.5982723832130432,0.3497379720211029,-0.07027019560337067,0.6434367895126343,0.352023720741272,-0.07120153307914734,0.5750197768211365,0.2809833884239197,-0.0192200168967247,0.5439981818199158,0.28084176778793335,-0.058567360043525696,0.604924738407135,0.2989584803581238,-0.05388421192765236,0.6463594436645508,0.3119649887084961,-0.039579350501298904,0.5938696265220642,0.2239210605621338,-0.02813270501792431,0.5626939535140991,0.22430270910263062,-0.04993082210421562,0.6028398871421814,0.25080159306526184,-0.04058052599430084,0.632513165473938,0.27039897441864014,-0.026947317644953728,No
0.7350976467132568,0.3267998695373535,-6.074695875213365e-07,0.6963813900947571,0.41499602794647217,-0.026662493124604225,0.6393874287605286,0.49763181805610657,-0.04529733955860138,0.593766450881958,0.5602607131004333,-0.06518329679965973,0.5617011785507202,0.6137909889221191,-0.08082389086484909,0.560011088848114,0.40866681933403015,-0.011094741523265839,0.5231832265853882,0.4119546711444855,-0.04658498242497444,0.575913667678833,0.40370696783065796,-0.06959804892539978,0.6205555200576782,0.39767947793006897,-0.0799252837896347,0.5610582232475281,0.34370243549346924,-0.012952051125466824,0.5266287922859192,0.3468674123287201,-0.055056191980838776,0.5939313173294067,0.35044968128204346,-0.07038310170173645,0.6398864388465881,0.35325267910957336,-0.07099414616823196,0.5728094577789307,0.28343093395233154,-0.020094528794288635,0.5407061576843262,0.28378933668136597,-0.05944691598415375,0.6011726260185242,0.3004346191883087,-0.05506255850195885,0.6433194279670715,0.3134227991104126,-0.0408208966255188,0.5912781357765198,0.22681961953639984,-0.029064970090985298,0.5566779971122742,0.22679752111434937,-0.05131607875227928,0.5963897109031677,0.25123119354248047,-0.041955236345529556,0.6268023252487183,0.2700032889842987,-0.02813154086470604,No
0.4453597068786621,0.29392004013061523,-5.195896619625273e-07,0.4233713448047638,0.38693562150001526,-0.023116514086723328,0.38343220949172974,0.4718847870826721,-0.037932902574539185,0.35019445419311523,0.5403057336807251,-0.055558595806360245,0.33475974202156067,0.6021847724914551,-0.06971125304698944,0.3046231269836426,0.4093012511730194,-0.0008170559303835034,0.26181137561798096,0.4209117293357849,-0.032271385192871094,0.30552223324775696,0.4008515477180481,-0.05399908125400543,0.3439403474330902,0.3837319612503052,-0.06339447945356369,0.29488977789878845,0.35304370522499084,-0.002589653944596648,0.2501426339149475,0.3629938066005707,-0.03861872851848602,0.3083499073982239,0.35132092237472534,-0.05320032685995102,0.35176903009414673,0.3413805067539215,-0.05430028215050697,0.29514721035957336,0.2990818917751312,-0.009775134734809399,0.25081706047058105,0.3018452227115631,-0.04321892559528351,0.3059993088245392,0.3032248318195343,-0.04041167348623276,0.35002627968788147,0.30255767703056335,-0.02805306576192379,0.3012283742427826,0.24634110927581787,-0.018922464922070503,0.25786617398262024,0.24744576215744019,-0.03642169013619423,0.2930077910423279,0.25936630368232727,-0.027971936389803886,0.32697173953056335,0.2681131660938263,-0.015775155276060104,No
0.4528234004974365,0.2967384159564972,-5.530984594770416e-07,0.4300229549407959,0.39179304242134094,-0.020704928785562515,0.3892410397529602,0.4764711558818817,-0.03375539556145668,0.35529717803001404,0.5447952747344971,-0.05000457912683487,0.3404780924320221,0.6064776182174683,-0.0631827861070633,0.3130378723144531,0.41043052077293396,0.0010018766624853015,0.2691224217414856,0.42540666460990906,-0.028492126613855362,0.31249934434890747,0.40660741925239563,-0.0485340915620327,0.3504617214202881,0.38876259326934814,-0.05712154880166054,0.3029975891113281,0.3539041578769684,-0.0017909714952111244,0.25677549839019775,0.3658236861228943,-0.036803100258111954,0.31598255038261414,0.35430943965911865,-0.050581272691488266,0.3587372303009033,0.34282806515693665,-0.05097144842147827,0.30360326170921326,0.29925277829170227,-0.00959091354161501,0.2597816586494446,0.30559393763542175,-0.04269722104072571,0.31593701243400574,0.3048621416091919,-0.03952113166451454,0.3582550883293152,0.3013242483139038,-0.02687508799135685,0.31075170636177063,0.24496400356292725,-0.019032267853617668,0.26534318923950195,0.24843110144138336,-0.03640332072973251,0.3001427948474884,0.26082101464271545,-0.027359139174222946,0.3327159881591797,0.2694905400276184,-0.014833405613899231,No
0.4546014070510864,0.2972714304924011,-5.454033953355975e-07,0.4329164922237396,0.39197054505348206,-0.022168640047311783,0.39173266291618347,0.47737473249435425,-0.03639448434114456,0.3577810525894165,0.5443804860115051,-0.05334774777293205,0.3416781723499298,0.6055310368537903,-0.06703241169452667,0.31158289313316345,0.40907490253448486,-0.0014105445006862283,0.2705892026424408,0.4237777888774872,-0.031155984848737717,0.31512460112571716,0.4058048129081726,-0.05168726295232773,0.3535105884075165,0.3883553743362427,-0.0607527457177639,0.30278775095939636,0.3523949384689331,-0.00363560882396996,0.2586180567741394,0.3663262128829956,-0.03840620815753937,0.3168490529060364,0.35526248812675476,-0.052408698946237564,0.36023783683776855,0.34338027238845825,-0.053406067192554474,0.30386897921562195,0.2978358268737793,-0.010908573865890503,0.25991395115852356,0.3058328628540039,-0.04377612844109535,0.3157360255718231,0.3059108257293701,-0.040811676532030106,0.3591631054878235,0.3029805123806,-0.02870115637779236,0.3107486665248871,0.24315200746059418,-0.019950419664382935,0.26661190390586853,0.24885010719299316,-0.0378580205142498,0.30217891931533813,0.2614765167236328,-0.02935693971812725,0.33571699261665344,0.2698802053928375,-0.017238929867744446,No
0.4523541033267975,0.29971981048583984,-5.528098654394853e-07,0.4316366910934448,0.3948013186454773,-0.020666036754846573,0.3914634585380554,0.4799487590789795,-0.033909719437360764,0.3574123680591583,0.5458579063415527,-0.05010977014899254,0.34165069460868835,0.6055316925048828,-0.06345532834529877,0.3126247823238373,0.4130932092666626,-0.00047791170072741807,0.2712673544883728,0.4276614785194397,-0.029950052499771118,0.3150811493396759,0.4092566668987274,-0.0503072552382946,0.35318008065223694,0.3916589021682739,-0.059292662888765335,0.30286067724227905,0.3555513620376587,-0.003511968534439802,0.25888368487358093,0.3669808804988861,-0.03831138461828232,0.3182823061943054,0.35664382576942444,-0.05217006802558899,0.3613993525505066,0.34600740671157837,-0.052838560193777084,0.30386146903038025,0.30006715655326843,-0.011382173746824265,0.26146045327186584,0.30596432089805603,-0.04438398405909538,0.31857889890670776,0.30639350414276123,-0.04083292931318283,0.36111980676651,0.3042254149913788,-0.02820592187345028,0.31171199679374695,0.2443815916776657,-0.020858554169535637,0.26830315589904785,0.24955129623413086,-0.03872675076127052,0.30538851022720337,0.2625955641269684,-0.029336655512452126,0.33835554122924805,0.2720186412334442,-0.01653985306620598,No
0.4580067992210388,0.29776787757873535,-5.501155442289019e-07,0.4346402883529663,0.39366859197616577,-0.021768780425190926,0.39373457431793213,0.478850394487381,-0.03631757199764252,0.35773587226867676,0.5447186827659607,-0.05371662974357605,0.33985039591789246,0.6050416231155396,-0.06771329790353775,0.3135490417480469,0.41170722246170044,-0.0020511106122285128,0.2697471082210541,0.4276101589202881,-0.03260987624526024,0.31465867161750793,0.40864992141723633,-0.053177982568740845,0.3539537191390991,0.3910995125770569,-0.06203348934650421,0.30380335450172424,0.3545457422733307,-0.004711398854851723,0.2594009041786194,0.36729130148887634,-0.04005634784698486,0.31910425424575806,0.3561656177043915,-0.05395069345831871,0.36224472522735596,0.3456084728240967,-0.054690197110176086,0.3052264153957367,0.298755943775177,-0.012329963967204094,0.2614746689796448,0.30597302317619324,-0.04554877430200577,0.3191167414188385,0.3060532212257385,-0.04135690629482269,0.3626585304737091,0.3040112257003784,-0.028340565040707588,0.3137053847312927,0.2423250377178192,-0.021710583940148354,0.26899850368499756,0.2474132478237152,-0.03969321399927139,0.30580225586891174,0.2610223591327667,-0.029973775148391724,0.3395281732082367,0.27067816257476807,-0.016834456473588943,No
0.4611736834049225,0.30293217301368713,-5.440758172881033e-07,0.43777668476104736,0.3974848985671997,-0.021695641800761223,0.39629513025283813,0.4831823706626892,-0.035932689905166626,0.36278215050697327,0.5488684177398682,-0.05284412205219269,0.3468424379825592,0.609356164932251,-0.0666322112083435,0.31851211190223694,0.4169425070285797,-0.0032692723907530308,0.2762087881565094,0.43077564239501953,-0.03410310298204422,0.3201186954975128,0.4112710952758789,-0.055340010672807693,0.36026838421821594,0.3940412700176239,-0.0646267831325531,0.30976632237434387,0.35906291007995605,-0.006027083843946457,0.2660443186759949,0.3703899085521698,-0.041419994086027145,0.32350945472717285,0.35989344120025635,-0.055889349430799484,0.3687954246997833,0.3508972227573395,-0.057234298437833786,0.3110180199146271,0.30253854393959045,-0.013708950020372868,0.26815682649612427,0.3092101216316223,-0.047253601253032684,0.3243758976459503,0.30948594212532043,-0.04445132240653038,0.3697601556777954,0.3086158037185669,-0.03240416571497917,0.31871867179870605,0.24645695090293884,-0.023088576272130013,0.2758926749229431,0.2515629827976227,-0.042418595403432846,0.3127535879611969,0.2637549638748169,-0.03414248302578926,0.34828612208366394,0.2730444669723511,-0.021883515641093254,No
0.4686862826347351,0.303324431180954,-5.356797032618488e-07,0.4446084499359131,0.3975343704223633,-0.02238382026553154,0.4019632637500763,0.48166799545288086,-0.03691651299595833,0.36783644556999207,0.5467357635498047,-0.05413688346743584,0.35222959518432617,0.6079007387161255,-0.06819940358400345,0.32397300004959106,0.417240709066391,-0.0023742488119751215,0.28306442499160767,0.4279865622520447,-0.034021832048892975,0.3272264301776886,0.4088635742664337,-0.05595913156867027,0.36737164855003357,0.39233431220054626,-0.0655762180685997,0.3159099221229553,0.35901594161987305,-0.005062249023467302,0.27411192655563354,0.36835265159606934,-0.041525647044181824,0.33297213912010193,0.35741516947746277,-0.05635393410921097,0.37802666425704956,0.3486229181289673,-0.05742765963077545,0.31777119636535645,0.3023952841758728,-0.012936471030116081,0.2760366201400757,0.30678591132164,-0.04790972173213959,0.33326172828674316,0.30693820118904114,-0.04521818831562996,0.378667414188385,0.3071143329143524,-0.032588083297014236,0.32627007365226746,0.246273010969162,-0.02252047508955002,0.2841360569000244,0.24968336522579193,-0.04257552698254585,0.32118725776672363,0.26193153858184814,-0.034304145723581314,0.35619786381721497,0.27310776710510254,-0.021666528657078743,No
0.4738231301307678,0.3057909607887268,-5.708104708901374e-07,0.4500843584537506,0.3992648124694824,-0.024385666474699974,0.4059147238731384,0.4817221462726593,-0.03990818187594414,0.3700753152370453,0.5473856329917908,-0.05779255926609039,0.35296693444252014,0.6100711822509766,-0.07220786064863205,0.3290494382381439,0.41721290349960327,-0.004852896556258202,0.28743547201156616,0.42906755208969116,-0.0379701666533947,0.3342651128768921,0.40935590863227844,-0.06001907214522362,0.37594500184059143,0.3920702338218689,-0.06935867667198181,0.3212966024875641,0.3596676290035248,-0.006625053472816944,0.27925050258636475,0.36910417675971985,-0.044182538986206055,0.3390721380710602,0.3580431044101715,-0.05891675874590874,0.38455140590667725,0.34951937198638916,-0.060017120093107224,0.322834849357605,0.3036767542362213,-0.013846766203641891,0.27982109785079956,0.30877506732940674,-0.04967048019170761,0.3370945155620575,0.30982714891433716,-0.04644881188869476,0.3825922906398773,0.31033292412757874,-0.03352883830666542,0.33055317401885986,0.2485620677471161,-0.022985117509961128,0.28836140036582947,0.25201576948165894,-0.044097911566495895,0.32592910528182983,0.2639848589897156,-0.036214184015989304,0.3618011176586151,0.2743496000766754,-0.023767676204442978,No
0.4833347499370575,0.30293163657188416,-5.433576575342158e-07,0.460216224193573,0.3937056362628937,-0.022406864911317825,0.4157717823982239,0.47534632682800293,-0.036704711616039276,0.37947437167167664,0.5394692420959473,-0.05348539724946022,0.3635322153568268,0.6003965139389038,-0.06703785061836243,0.3383774757385254,0.41397953033447266,-0.0037535515148192644,0.297532320022583,0.4257626235485077,-0.035116929560899734,0.34360596537590027,0.4055371582508087,-0.056050922721624374,0.38303226232528687,0.38923096656799316,-0.06483719497919083,0.3302713632583618,0.35652515292167664,-0.005983521696180105,0.2887606620788574,0.365423321723938,-0.04224340617656708,0.3484450578689575,0.35464170575141907,-0.05599106103181839,0.3925422728061676,0.3462483882904053,-0.05627080798149109,0.33260923624038696,0.300949364900589,-0.01320541650056839,0.28996580839157104,0.304478257894516,-0.04739503934979439,0.34683629870414734,0.3056733012199402,-0.04376041516661644,0.39078110456466675,0.30604416131973267,-0.030681751668453217,0.3410789668560028,0.2466496080160141,-0.022128330543637276,0.2988916039466858,0.24830850958824158,-0.04129629582166672,0.3355104327201843,0.260933518409729,-0.0326748825609684,0.36910513043403625,0.27136629819869995,-0.019921710714697838,No
0.4950135052204132,0.30093395709991455,-5.771373707830207e-07,0.47273796796798706,0.3940452039241791,-0.02044725976884365,0.4272322654724121,0.4777565598487854,-0.03237375617027283,0.3905535340309143,0.5371772646903992,-0.046799108386039734,0.37263837456703186,0.5901244282722473,-0.05779610946774483,0.3478981554508209,0.4140697419643402,-0.002821659902110696,0.30517467856407166,0.4276028871536255,-0.03276168555021286,0.35321053862571716,0.4095241129398346,-0.051820479333400726,0.393825888633728,0.3948729634284973,-0.05930362269282341,0.3396516442298889,0.35581648349761963,-0.005617198068648577,0.2975499629974365,0.36686787009239197,-0.04080444574356079,0.3589591979980469,0.3561100363731384,-0.052596185356378555,0.4033111333847046,0.3472987413406372,-0.05126148462295532,0.34149399399757385,0.2994212508201599,-0.013373635709285736,0.2989630103111267,0.30486688017845154,-0.04687314108014107,0.3578706383705139,0.3057006001472473,-0.04228543862700462,0.4024965763092041,0.30578407645225525,-0.028486967086791992,0.3497348427772522,0.24342814087867737,-0.022708645090460777,0.3081037104129791,0.24721914529800415,-0.042386144399642944,0.3457998037338257,0.2603650689125061,-0.03396867960691452,0.37930038571357727,0.2713855504989624,-0.02106003649532795,No
0.5227301120758057,0.3015928864479065,-5.556473752221791e-07,0.5027872323989868,0.38673341274261475,-0.02487402968108654,0.4647310674190521,0.46571239829063416,-0.040145114064216614,0.4333176016807556,0.5202112197875977,-0.056291889399290085,0.41614532470703125,0.5620370507240295,-0.06848964095115662,0.37664794921875,0.40822339057922363,-0.010514676570892334,0.3385050296783447,0.4172744154930115,-0.04133674502372742,0.387469083070755,0.39945361018180847,-0.06024111434817314,0.42789193987846375,0.38574278354644775,-0.06763765215873718,0.3702071011066437,0.347550630569458,-0.011721508577466011,0.3301394581794739,0.3556360602378845,-0.04692139849066734,0.3910640776157379,0.34667783975601196,-0.057941194623708725,0.43421369791030884,0.3411846458911896,-0.0562494620680809,0.3729325234889984,0.2899002432823181,-0.018134387210011482,0.33187711238861084,0.29425445199012756,-0.05147816613316536,0.3881843388080597,0.2967700660228729,-0.04608965292572975,0.430517315864563,0.2992851734161377,-0.03212517127394676,0.3824514150619507,0.2333168089389801,-0.026493003591895103,0.34165531396865845,0.23583273589611053,-0.04649219289422035,0.3800806403160095,0.24997279047966003,-0.03787841275334358,0.41378694772720337,0.2622447609901428,-0.02486645057797432,No
0.531863272190094,0.299435555934906,-5.75834917526663e-07,0.5099783539772034,0.3929443657398224,-0.02399231679737568,0.4651119112968445,0.4780040979385376,-0.03680381551384926,0.42645108699798584,0.5351685285568237,-0.05085661634802818,0.40007731318473816,0.57738196849823,-0.0605631023645401,0.3809199333190918,0.41471028327941895,-0.0056366827338933945,0.340468168258667,0.42395690083503723,-0.034401651471853256,0.38848140835762024,0.40400493144989014,-0.05160514637827873,0.4304350018501282,0.38921505212783813,-0.05791911110281944,0.3743945062160492,0.35429495573043823,-0.006753801368176937,0.3351304531097412,0.36204442381858826,-0.04209881275892258,0.3967052698135376,0.35056114196777344,-0.054291583597660065,0.4427390694618225,0.3435664772987366,-0.052896201610565186,0.37788039445877075,0.2963710427284241,-0.012927090749144554,0.3394142687320709,0.3006918132305145,-0.047447118908166885,0.3976591229438782,0.3011958599090576,-0.04351397231221199,0.4427088797092438,0.30334270000457764,-0.029714595526456833,0.3884180188179016,0.23982705175876617,-0.02080058678984642,0.34777864813804626,0.24403417110443115,-0.04218799248337746,0.3858864903450012,0.2561274766921997,-0.034332070499658585,0.4208260774612427,0.26760244369506836,-0.021270010620355606,No
0.5287189483642578,0.29694271087646484,-5.777172304988198e-07,0.5063925981521606,0.39014625549316406,-0.023830555379390717,0.4611987769603729,0.4746091961860657,-0.03702951967716217,0.4221741855144501,0.5324002504348755,-0.0513872429728508,0.3971850275993347,0.5749760270118713,-0.06129756197333336,0.3767237663269043,0.4099701941013336,-0.0063872188329696655,0.33827969431877136,0.4184407889842987,-0.03419627249240875,0.38656482100486755,0.39797306060791016,-0.05044997110962868,0.42760249972343445,0.3835048973560333,-0.05643843859434128,0.37065351009368896,0.3489968478679657,-0.007623037789016962,0.3332594037055969,0.35542142391204834,-0.04223461449146271,0.3950331211090088,0.34410226345062256,-0.0536176860332489,0.44020989537239075,0.3381756544113159,-0.05203727260231972,0.37479913234710693,0.2915063202381134,-0.013739919289946556,0.3374650180339813,0.2945275902748108,-0.047202277928590775,0.39494654536247253,0.2956269383430481,-0.04274754971265793,0.43896740674972534,0.2987256646156311,-0.029135048389434814,0.38601458072662354,0.23576423525810242,-0.021577075123786926,0.34620335698127747,0.2387009859085083,-0.04198431223630905,0.3842143416404724,0.251291960477829,-0.033874426037073135,0.41833335161209106,0.2638840079307556,-0.02105063758790493,No
0.7819687128067017,0.515231728553772,-5.3723596238342e-07,0.7512216567993164,0.5972589254379272,-0.02008439414203167,0.7045477628707886,0.675646960735321,-0.03448846563696861,0.6706560850143433,0.735197901725769,-0.051057279109954834,0.6485911011695862,0.7870006561279297,-0.06448416411876678,0.626798152923584,0.605127215385437,0.0005764582892879844,0.6017459034919739,0.6208839416503906,-0.03067569062113762,0.6453263759613037,0.6059151887893677,-0.054114870727062225,0.6828121542930603,0.5917083621025085,-0.06545718759298325,0.622503399848938,0.5499558448791504,-0.002318902174010873,0.5991207361221313,0.5676538944244385,-0.036077335476875305,0.655954897403717,0.5603470802307129,-0.04994838684797287,0.6963778138160706,0.5520392656326294,-0.05155773088335991,0.629490315914154,0.49599048495292664,-0.010518212802708149,0.6064512133598328,0.5088990926742554,-0.0418204627931118,0.6604185700416565,0.5147979259490967,-0.037610143423080444,0.6987548470497131,0.5169703960418701,-0.025574123486876488,0.6439831256866455,0.44294893741607666,-0.020635223016142845,0.6196348667144775,0.4553837776184082,-0.037022992968559265,0.6570024490356445,0.47383174300193787,-0.028161514550447464,0.6853184103965759,0.4843065142631531,-0.01621013693511486,No
0.7802233099937439,0.516562819480896,-5.343918019207194e-07,0.7497897148132324,0.6018527150154114,-0.01960361748933792,0.7034532427787781,0.680794358253479,-0.034025371074676514,0.6692163944244385,0.7393327355384827,-0.0505855530500412,0.6489502787590027,0.7917551398277283,-0.064198337495327,0.623009204864502,0.6084657311439514,0.0018775725038722157,0.6028836369514465,0.6245448589324951,-0.029512617737054825,0.6463379263877869,0.6092462539672852,-0.05406460538506508,0.6841477155685425,0.5946552753448486,-0.0662727877497673,0.6189863085746765,0.5525544285774231,-0.0014594069216400385,0.5978711247444153,0.5734220743179321,-0.03441284969449043,0.6532666087150574,0.5650472044944763,-0.0486818328499794,0.694112241268158,0.5552551746368408,-0.050838712602853775,0.6262876987457275,0.4973258376121521,-0.0101764015853405,0.6070117950439453,0.5142267942428589,-0.040259432047605515,0.6592329144477844,0.519264280796051,-0.03646757826209068,0.6966108083724976,0.5201489329338074,-0.025128008797764778,0.641085147857666,0.442511647939682,-0.020845679566264153,0.6196275949478149,0.4609181582927704,-0.035663049668073654,0.6557705402374268,0.4780328571796417,-0.026530487462878227,0.682569682598114,0.48576706647872925,-0.014738211408257484,No
0.782130241394043,0.5295891165733337,-5.621319019155635e-07,0.7533878087997437,0.6153070330619812,-0.019855735823512077,0.7081534266471863,0.6938625574111938,-0.03432025760412216,0.6734892725944519,0.7506106495857239,-0.05069173499941826,0.6502987742424011,0.8010594844818115,-0.06382202357053757,0.6236079335212708,0.6226842999458313,0.0019429628737270832,0.6079498529434204,0.6416414976119995,-0.028969310224056244,0.651957631111145,0.6271704435348511,-0.053221579641103745,0.6894065737724304,0.6117145419120789,-0.06518567353487015,0.6184676885604858,0.5677944421768188,-0.0011912565678358078,0.6014613509178162,0.5903005599975586,-0.03334351256489754,0.6558852195739746,0.5817583799362183,-0.04726286977529526,0.6968027949333191,0.5703721046447754,-0.04925220087170601,0.6253390908241272,0.5129128694534302,-0.009687156416475773,0.6092438697814941,0.5337546467781067,-0.038852568715810776,0.6602669358253479,0.5374761819839478,-0.03538549318909645,0.6975583434104919,0.5349979400634766,-0.02454075962305069,0.639995813369751,0.45787668228149414,-0.020222781226038933,0.6209946274757385,0.48067671060562134,-0.03525605425238609,0.6571637392044067,0.4977002739906311,-0.026933539658784866,0.6850952506065369,0.5028058290481567,-0.015517252497375011,No
0.7875112891197205,0.5245599150657654,-5.177849402571155e-07,0.7625744938850403,0.6109632849693298,-0.02101847715675831,0.7228519320487976,0.6950939893722534,-0.037286728620529175,0.6978635787963867,0.7622377872467041,-0.055301085114479065,0.6863652467727661,0.8201998472213745,-0.07060014456510544,0.6353908777236938,0.6279476284980774,-0.00381438247859478,0.6178902387619019,0.6474143266677856,-0.033993352204561234,0.6616585850715637,0.6290215849876404,-0.057268738746643066,0.6964409947395325,0.6123191714286804,-0.06931786239147186,0.6275737285614014,0.5707000494003296,-0.006326315924525261,0.6153165698051453,0.5904136300086975,-0.038895245641469955,0.6705681085586548,0.5804446339607239,-0.052736539393663406,0.7067577242851257,0.5711333751678467,-0.05543907359242439,0.6324073672294617,0.5150653123855591,-0.013726429082453251,0.6212055683135986,0.5306607484817505,-0.04193395376205444,0.6716682314872742,0.5337396860122681,-0.03810642287135124,0.7048641443252563,0.5339800715446472,-0.028125209733843803,0.644511342048645,0.46142715215682983,-0.023342445492744446,0.6323029398918152,0.47754979133605957,-0.035878319293260574,0.669287383556366,0.4945752024650574,-0.026784628629684448,0.6936768293380737,0.5023907423019409,-0.016034429892897606,No
0.777824878692627,0.5240887999534607,-5.06915682763065e-07,0.7510109543800354,0.6145477294921875,-0.016789058223366737,0.7179193496704102,0.6997307538986206,-0.032658860087394714,0.7023837566375732,0.7698823809623718,-0.051602836698293686,0.700534462928772,0.8273002505302429,-0.06867378950119019,0.6333264708518982,0.6268846988677979,-0.003243818646296859,0.6110422611236572,0.650532066822052,-0.032390836626291275,0.6528209447860718,0.6350312829017639,-0.05463710427284241,0.6888372302055359,0.6178843975067139,-0.06596477329730988,0.6272732019424438,0.5707501173019409,-0.007871314883232117,0.6080952882766724,0.5946738719940186,-0.039782412350177765,0.6610586643218994,0.5873599052429199,-0.05377240851521492,0.6994317770004272,0.5768045783042908,-0.05711756646633148,0.6315557956695557,0.5158296227455139,-0.01671205647289753,0.6127656102180481,0.5364899039268494,-0.04382479563355446,0.6636872887611389,0.5401037931442261,-0.03982516750693321,0.7000236511230469,0.5376350283622742,-0.03010188601911068,0.6429562568664551,0.4619728624820709,-0.027360938489437103,0.6215649247169495,0.4824060797691345,-0.03842950612306595,0.6582092642784119,0.49957969784736633,-0.02773335948586464,0.6861521601676941,0.5049206614494324,-0.016405628994107246,No
0.7792683839797974,0.5281808972358704,-5.067891493126808e-07,0.75262850522995,0.6177619695663452,-0.01635574921965599,0.7188037037849426,0.7016459107398987,-0.03171183168888092,0.7015884518623352,0.7715401649475098,-0.05023650452494621,0.7019616365432739,0.8280237317085266,-0.0670674592256546,0.6335805058479309,0.628967821598053,-0.0019658191595226526,0.6139547824859619,0.651187539100647,-0.030158739537000656,0.6538406014442444,0.6365653276443481,-0.0519527904689312,0.6893748044967651,0.6202420592308044,-0.06319187581539154,0.6267189979553223,0.5728082060813904,-0.006729086395353079,0.6095534563064575,0.5965180397033691,-0.03769807144999504,0.6611989140510559,0.5892423391342163,-0.05153591185808182,0.6996892690658569,0.5785182118415833,-0.05495155230164528,0.6305453777313232,0.5177567601203918,-0.015671320259571075,0.6158497929573059,0.5382696390151978,-0.0417926162481308,0.6653034687042236,0.5419536232948303,-0.038456596434116364,0.7011818885803223,0.5397064685821533,-0.029442772269248962,0.6417685747146606,0.4638254940509796,-0.02650165744125843,0.6242358684539795,0.4838745594024658,-0.036696650087833405,0.6600983142852783,0.5011969804763794,-0.026638902723789215,0.6874231696128845,0.5073031783103943,-0.016012828797101974,No
0.7773809432983398,0.5281469225883484,-5.131058742335881e-07,0.7509850263595581,0.6172077059745789,-0.01695980131626129,0.716884970664978,0.7007426023483276,-0.03268073499202728,0.6998729109764099,0.7705138325691223,-0.051366232335567474,0.6984522938728333,0.8284256458282471,-0.06820828467607498,0.6294425129890442,0.6289201378822327,-0.003042838303372264,0.6118491291999817,0.6504702568054199,-0.03229787200689316,0.6526658535003662,0.6349033117294312,-0.05488704890012741,0.6880477070808411,0.6179807782173157,-0.06662272661924362,0.6227043271064758,0.5722939372062683,-0.007730699144303799,0.6081147193908691,0.5952636003494263,-0.03927435725927353,0.6604146361351013,0.5875540971755981,-0.0531780868768692,0.6978885531425476,0.5770160555839539,-0.056659478694200516,0.627214789390564,0.5168349146842957,-0.01671917736530304,0.6147961020469666,0.5364639759063721,-0.043646108359098434,0.6645753979682922,0.5406224727630615,-0.040329255163669586,0.6993458867073059,0.5394558310508728,-0.031296804547309875,0.6392427086830139,0.46260738372802734,-0.027629917487502098,0.6234124302864075,0.4814906716346741,-0.0386560820043087,0.6594085693359375,0.4997449219226837,-0.028880823403596878,0.6859393119812012,0.5073947906494141,-0.01831865683197975,No
0.7797031998634338,0.5294385552406311,-5.065538744020159e-07,0.7524861693382263,0.619495689868927,-0.01602078229188919,0.7182382345199585,0.7037078738212585,-0.03132256865501404,0.6998642683029175,0.7722936868667603,-0.04977980628609657,0.6950470209121704,0.8296536803245544,-0.06641120463609695,0.633747398853302,0.6291871666908264,-0.0023339674808084965,0.6148978471755981,0.652168869972229,-0.031076116487383842,0.6544612646102905,0.6367493867874146,-0.05330342799425125,0.6892270445823669,0.6196035742759705,-0.06484955549240112,0.6278046369552612,0.5732316970825195,-0.00724379438906908,0.6109314560890198,0.5982422828674316,-0.03899472579360008,0.6619175672531128,0.5904112458229065,-0.053215447813272476,0.699560284614563,0.579148530960083,-0.056878991425037384,0.6323109865188599,0.5184730887413025,-0.01629614643752575,0.6169079542160034,0.5403903722763062,-0.04321269690990448,0.6658344864845276,0.5440176725387573,-0.03980204463005066,0.7010135650634766,0.5418017506599426,-0.030622826889157295,0.6439462900161743,0.46478399634361267,-0.027153966948390007,0.6258743405342102,0.48505550622940063,-0.038392990827560425,0.6607998609542847,0.5027161240577698,-0.02861173450946808,0.687330424785614,0.5093409419059753,-0.017932137474417686,No
0.7856619954109192,0.5318331122398376,-5.214149609855667e-07,0.7579413056373596,0.6205817461013794,-0.018966855481266975,0.720985472202301,0.7048196196556091,-0.03549964353442192,0.6985570192337036,0.7748280167579651,-0.05444130301475525,0.6902164816856384,0.8338768482208252,-0.07120729237794876,0.63644939661026,0.6322103142738342,-0.005167542491108179,0.6169968843460083,0.6547733545303345,-0.03444972261786461,0.6577302813529968,0.6379042267799377,-0.056909602135419846,0.6929550170898438,0.62053382396698,-0.06864365935325623,0.6298703551292419,0.5760661363601685,-0.008838399313390255,0.6139307618141174,0.5984413027763367,-0.04089953377842903,0.6665109992027283,0.5904196500778198,-0.054934125393629074,0.7039451003074646,0.5811624526977539,-0.058641742914915085,0.6348713636398315,0.5207821726799011,-0.01682744361460209,0.6195202469825745,0.5382623076438904,-0.04461146891117096,0.669776976108551,0.5422552824020386,-0.04051277041435242,0.7050946950912476,0.5421158671379089,-0.030972586944699287,0.647308349609375,0.4668937921524048,-0.02680462971329689,0.6287053823471069,0.4837390184402466,-0.03881780058145523,0.665138840675354,0.5013481378555298,-0.028538204729557037,0.6920055747032166,0.508568286895752,-0.01750599965453148,No
0.786982536315918,0.5348832607269287,-5.301359919940296e-07,0.7592872381210327,0.6243137121200562,-0.01767837256193161,0.7215127944946289,0.7084143161773682,-0.03342752531170845,0.6982291340827942,0.7763615846633911,-0.051939696073532104,0.6886858940124512,0.8349730372428894,-0.06845570355653763,0.6342583894729614,0.6344687342643738,-0.0016966729890555143,0.617617130279541,0.6560336947441101,-0.03158930316567421,0.6585448980331421,0.6409010887145996,-0.05582951009273529,0.6943876147270203,0.6249241232872009,-0.06874929368495941,0.6274236440658569,0.5771510601043701,-0.005986657924950123,0.6133394241333008,0.6007684469223022,-0.03725864738225937,0.6655946373939514,0.5938357710838318,-0.051756277680397034,0.7042635083198547,0.5852458477020264,-0.05579417571425438,0.6325868368148804,0.521272599697113,-0.014844556339085102,0.6209014058113098,0.5407442450523376,-0.04175147786736488,0.6704387068748474,0.5454977750778198,-0.03833288326859474,0.7061333656311035,0.546363890171051,-0.02926444076001644,0.6456395387649536,0.4670449495315552,-0.02571904845535755,0.6310175657272339,0.48545366525650024,-0.037010688334703445,0.6665781140327454,0.5032781362533569,-0.027271060273051262,0.692898154258728,0.5116119384765625,-0.01657424308359623,No
0.781370997428894,0.5357171893119812,-5.366644586501934e-07,0.7541540861129761,0.624362587928772,-0.017560860142111778,0.7156721353530884,0.7076998949050903,-0.032977376133203506,0.6892446279525757,0.773533821105957,-0.05121894180774689,0.6788744330406189,0.8308320641517639,-0.06737545132637024,0.6336452960968018,0.6334669589996338,-0.0017835800535976887,0.6132656931877136,0.6588762998580933,-0.03193074092268944,0.6534526348114014,0.6430115103721619,-0.05567486584186554,0.6886589527130127,0.6247193813323975,-0.06796219199895859,0.6277346014976501,0.577126681804657,-0.006115426775068045,0.6096966862678528,0.6033616662025452,-0.037934597581624985,0.6610459089279175,0.5946402549743652,-0.0518413707613945,0.6990350484848022,0.5833559632301331,-0.055157046765089035,0.6327018737792969,0.5216491222381592,-0.015060684643685818,0.6160398125648499,0.5427970886230469,-0.04276895523071289,0.6653698682785034,0.5457396507263184,-0.03855573758482933,0.7011896967887878,0.5438729524612427,-0.028575818985700607,0.6448187232017517,0.4667266011238098,-0.025956973433494568,0.6256774067878723,0.48773515224456787,-0.03789696842432022,0.6610574126243591,0.5043707489967346,-0.02773689478635788,0.6880491375923157,0.5099985599517822,-0.016578679904341698,No
0.7858344316482544,0.5363327860832214,-5.459993417389342e-07,0.7580364346504211,0.6251099705696106,-0.01908634416759014,0.7186018228530884,0.7070316076278687,-0.03520163893699646,0.692048192024231,0.7716178894042969,-0.053648147732019424,0.6783726215362549,0.8288424611091614,-0.06969911605119705,0.6305882930755615,0.6349267959594727,-0.0026566835585981607,0.6150967478752136,0.6608403325080872,-0.032974351197481155,0.6575145721435547,0.6438400149345398,-0.057414013892412186,0.6928335428237915,0.6260399222373962,-0.07032305747270584,0.6246265172958374,0.578374981880188,-0.006302223540842533,0.61234050989151,0.6053623557090759,-0.037943173199892044,0.6650687456130981,0.5962419509887695,-0.052283965051174164,0.703097403049469,0.585853099822998,-0.056074827909469604,0.6306169629096985,0.522542417049408,-0.014672551304101944,0.6183634996414185,0.545029878616333,-0.0422772578895092,0.6678401827812195,0.5477920174598694,-0.0384039506316185,0.7032986283302307,0.5463100075721741,-0.028799831867218018,0.6440266370773315,0.46776264905929565,-0.025143040344119072,0.6281137466430664,0.48973625898361206,-0.0375240258872509,0.6635118126869202,0.50650554895401,-0.0278707817196846,0.6897459626197815,0.5122876763343811,-0.016849108040332794,No
0.7938188314437866,0.536445140838623,-5.568316510107252e-07,0.764600396156311,0.6246793866157532,-0.01926502212882042,0.7238380312919617,0.7085223197937012,-0.03509272634983063,0.6960634589195251,0.7749416828155518,-0.05313434079289436,0.6831774711608887,0.8332043886184692,-0.06877679377794266,0.634912371635437,0.635780930519104,-0.0019682818092405796,0.6211716532707214,0.6596378087997437,-0.031992197036743164,0.6634846329689026,0.6420039534568787,-0.05622151494026184,0.6985113620758057,0.6245043277740479,-0.06916552037000656,0.6279966235160828,0.5782062411308289,-0.005295589566230774,0.6175227165222168,0.6043316125869751,-0.03635634481906891,0.6704601049423218,0.5949991941452026,-0.05042564496397972,0.7077345848083496,0.5848538279533386,-0.054321836680173874,0.6340322494506836,0.5217118263244629,-0.013391975313425064,0.6239104866981506,0.5428587794303894,-0.04074283689260483,0.6735737919807434,0.5467214584350586,-0.036752887070178986,0.7086279392242432,0.546690046787262,-0.027303749695420265,0.6483606696128845,0.4668009877204895,-0.023644721135497093,0.6340073943138123,0.48705488443374634,-0.035964276641607285,0.6702539324760437,0.5050677061080933,-0.026389218866825104,0.6967011094093323,0.5126543045043945,-0.015608008950948715,No
0.7938922047615051,0.5341259837150574,-5.583439133260981e-07,0.7648912668228149,0.62285315990448,-0.019927041605114937,0.7249138355255127,0.7049905061721802,-0.0365741103887558,0.6964969038963318,0.7707255482673645,-0.05545634403824806,0.6822006106376648,0.8288465142250061,-0.07171756774187088,0.633114218711853,0.6334527730941772,-0.0012987586669623852,0.6205967664718628,0.6568712592124939,-0.03176766261458397,0.6644589900970459,0.640001118183136,-0.05632985383272171,0.6989232897758484,0.622672438621521,-0.06947772949934006,0.6263430118560791,0.5768642425537109,-0.004641226027160883,0.6175251007080078,0.6027622818946838,-0.0366605743765831,0.6720914244651794,0.592793345451355,-0.051114048808813095,0.7089025974273682,0.5816928148269653,-0.05466191843152046,0.6323569416999817,0.5210165977478027,-0.012883773073554039,0.6245370507240295,0.5426233410835266,-0.0411241315305233,0.6756497025489807,0.5458061099052429,-0.03713555634021759,0.709985077381134,0.5449104309082031,-0.027063876390457153,0.6462484002113342,0.46608829498291016,-0.02334759384393692,0.6337785720825195,0.48805922269821167,-0.03585618734359741,0.6710067391395569,0.5057520866394043,-0.026044799014925957,0.6967777013778687,0.5126180052757263,-0.014640032313764095,No
0.7458121180534363,0.34658947587013245,-4.2191695115434413e-07,0.7275057435035706,0.4261394739151001,-0.026460472494363785,0.6985540390014648,0.516646146774292,-0.04674411565065384,0.6829357743263245,0.5932323336601257,-0.06717205792665482,0.683427631855011,0.654381513595581,-0.08507655560970306,0.6105959415435791,0.45691734552383423,-0.016836125403642654,0.583669900894165,0.4619998335838318,-0.047699104994535446,0.6240925192832947,0.44401049613952637,-0.07011022418737411,0.6580390334129333,0.4340897500514984,-0.08137640357017517,0.6009119749069214,0.3982296288013458,-0.016260918229818344,0.5767185091972351,0.40389230847358704,-0.04791193827986717,0.6261272430419922,0.3932175934314728,-0.06082305312156677,0.6599457263946533,0.3910726010799408,-0.06451219320297241,0.6013212203979492,0.3425653576850891,-0.020218500867486,0.5799786448478699,0.34078437089920044,-0.04875829070806503,0.6270630359649658,0.3438986539840698,-0.04584769904613495,0.659746527671814,0.3503144383430481,-0.03750821575522423,0.6076415777206421,0.2905089259147644,-0.026302486658096313,0.5859605073928833,0.2899452745914459,-0.03928513079881668,0.6226229071617126,0.3004551827907562,-0.03059166483581066,0.6481116414070129,0.3109566271305084,-0.02099088579416275,No
0.7454274892807007,0.34580492973327637,-5.086163241685426e-07,0.7236260771751404,0.42952194809913635,-0.021816439926624298,0.6908926963806152,0.5158060789108276,-0.0374135747551918,0.6704707741737366,0.5867829918861389,-0.05483163893222809,0.6642348766326904,0.6422437429428101,-0.06926682591438293,0.6039533019065857,0.46006420254707336,-0.00512657081708312,0.5776158571243286,0.4664267301559448,-0.036479201167821884,0.6206091046333313,0.4471908211708069,-0.058227479457855225,0.6576441526412964,0.4318988621234894,-0.06827686727046967,0.5959792137145996,0.40297701954841614,-0.007395675405859947,0.5674547553062439,0.40974247455596924,-0.0444161519408226,0.6242346167564392,0.39860689640045166,-0.058884311467409134,0.6634467840194702,0.38982751965522766,-0.060046061873435974,0.5982140898704529,0.3475690186023712,-0.0145749906077981,0.5736414194107056,0.34903791546821594,-0.04707852751016617,0.6251601576805115,0.3515608012676239,-0.04443936422467232,0.6606561541557312,0.3529810607433319,-0.03318006172776222,0.6071172952651978,0.2938278913497925,-0.02360573410987854,0.5800343751907349,0.2954845428466797,-0.03862141817808151,0.616649329662323,0.30893468856811523,-0.029961999505758286,0.6434932947158813,0.3175804018974304,-0.01859680749475956,No
0.7400674819946289,0.34652483463287354,-5.030574925513065e-07,0.7208384871482849,0.4291800260543823,-0.022478651255369186,0.6876752972602844,0.5128722190856934,-0.03943159431219101,0.6660085320472717,0.5819281935691833,-0.0578322671353817,0.6577776074409485,0.6389220952987671,-0.07311195880174637,0.601525604724884,0.4553685188293457,-0.010342564433813095,0.5719439387321472,0.4642774164676666,-0.04028233885765076,0.6154119372367859,0.44578486680984497,-0.06006873771548271,0.6513155102729797,0.4310443103313446,-0.06924864649772644,0.5952607989311218,0.3988698124885559,-0.012488466687500477,0.5656765103340149,0.4079224765300751,-0.047688599675893784,0.6218571066856384,0.39651674032211304,-0.06026525795459747,0.6596131324768066,0.3879769444465637,-0.060968853533267975,0.5986902713775635,0.34395328164100647,-0.01911415159702301,0.5705770254135132,0.34731608629226685,-0.050614386796951294,0.6215963959693909,0.34953176975250244,-0.04660322144627571,0.6563244462013245,0.3510274887084961,-0.03518497943878174,0.6077120304107666,0.2901371419429779,-0.027523433789610863,0.5781700015068054,0.29363512992858887,-0.043028708547353745,0.6146465539932251,0.30738720297813416,-0.03389256075024605,0.6420326232910156,0.31614595651626587,-0.022401588037610054,No
0.7500428557395935,0.35507893562316895,-4.90370098304993e-07,0.726982831954956,0.43520206212997437,-0.023425526916980743,0.689877986907959,0.5163771510124207,-0.04059172049164772,0.6636061072349548,0.582547664642334,-0.05911839008331299,0.6514384746551514,0.6386229991912842,-0.07451210170984268,0.6093382835388184,0.45527806878089905,-0.009939252398908138,0.5768945217132568,0.46019116044044495,-0.042667023837566376,0.6199637651443481,0.4432525038719177,-0.06491467356681824,0.6592773795127869,0.4309947192668915,-0.07491635531187057,0.604137659072876,0.398343563079834,-0.011734867468476295,0.5718708634376526,0.40037110447883606,-0.04865789785981178,0.6281272768974304,0.39336177706718445,-0.06276996433734894,0.6691625714302063,0.39019671082496643,-0.06388634443283081,0.6092698574066162,0.34372279047966003,-0.018403876572847366,0.5814855694770813,0.3406040072441101,-0.05122072622179985,0.6322337985038757,0.3463490307331085,-0.04808690398931503,0.6685478091239929,0.3525054454803467,-0.036601826548576355,0.6206994652748108,0.2908323407173157,-0.026943104341626167,0.5917588472366333,0.28837132453918457,-0.042909298092126846,0.626702606678009,0.30179041624069214,-0.03402560576796532,0.6531769633293152,0.31240779161453247,-0.02239023894071579,No
0.7638875246047974,0.3664590120315552,-5.241116127763235e-07,0.7376389503479004,0.4478950798511505,-0.02338593825697899,0.697486400604248,0.5299422740936279,-0.040585339069366455,0.667794406414032,0.5945530533790588,-0.05914061516523361,0.6512137651443481,0.648672878742218,-0.07422202080488205,0.6166388988494873,0.4592157304286957,-0.010746000334620476,0.5844233632087708,0.4661124050617218,-0.04222838580608368,0.6301695108413696,0.4507324993610382,-0.06375706195831299,0.6692659258842468,0.43840357661247253,-0.07381613552570343,0.6131970882415771,0.40203824639320374,-0.01227868814021349,0.5815580487251282,0.40909937024116516,-0.04772988334298134,0.6387280821800232,0.4032594859600067,-0.06123119592666626,0.6797950267791748,0.39860546588897705,-0.0627826377749443,0.6201070547103882,0.34785395860671997,-0.01848556101322174,0.5914844274520874,0.34861549735069275,-0.04981880635023117,0.6426904201507568,0.35629168152809143,-0.0459568127989769,0.6798187494277954,0.36201363801956177,-0.03474251925945282,0.6332513689994812,0.29531604051589966,-0.026664873585104942,0.6018655300140381,0.2942291796207428,-0.04230057820677757,0.6366686224937439,0.31144025921821594,-0.03349798172712326,0.665044903755188,0.32414430379867554,-0.02225515805184841,No
0.7690427303314209,0.36851173639297485,-5.302312615640403e-07,0.7422985434532166,0.44988754391670227,-0.02244454249739647,0.7019608616828918,0.5311768651008606,-0.038878634572029114,0.673318088054657,0.5958805084228516,-0.056861892342567444,0.6572016477584839,0.6498426198959351,-0.07138803601264954,0.6196988821029663,0.46147656440734863,-0.008216138929128647,0.5882480144500732,0.4699326157569885,-0.03981126844882965,0.6335709691047668,0.45581597089767456,-0.06067186966538429,0.6710701584815979,0.4424751102924347,-0.07026777416467667,0.6159138679504395,0.4046247601509094,-0.010265810415148735,0.5867373943328857,0.41173505783081055,-0.046815283596515656,0.6458168625831604,0.4065566658973694,-0.05963953584432602,0.6848469376564026,0.40042760968208313,-0.059888288378715515,0.6223861575126648,0.35025209188461304,-0.017227966338396072,0.5974293351173401,0.35289478302001953,-0.04921693727374077,0.6496506929397583,0.3610343933105469,-0.04466965049505234,0.6838593482971191,0.36504796147346497,-0.03252787888050079,0.6352936625480652,0.2968906760215759,-0.02618219144642353,0.6075717806816101,0.2985379695892334,-0.041441645473241806,0.6434032917022705,0.31641656160354614,-0.03208776190876961,0.6689591407775879,0.32701557874679565,-0.020273426547646523,No
0.7791460156440735,0.38291311264038086,-5.115445560477383e-07,0.7520130276679993,0.46484529972076416,-0.022842608392238617,0.7111350297927856,0.5458638668060303,-0.039933767169713974,0.6795966029167175,0.6104210615158081,-0.05850027874112129,0.6625234484672546,0.6649920344352722,-0.07398052513599396,0.6285498142242432,0.4729859232902527,-0.007897311821579933,0.6016973853111267,0.48005926609039307,-0.038719892501831055,0.6456303000450134,0.4653448760509491,-0.060634221881628036,0.6827985048294067,0.45320233702659607,-0.07132089883089066,0.6252034306526184,0.4159837067127228,-0.009694008156657219,0.5967602133750916,0.42510268092155457,-0.04538435488939285,0.6540199518203735,0.41977834701538086,-0.059269048273563385,0.6951189637184143,0.4133627414703369,-0.06076310947537422,0.632192075252533,0.36194247007369995,-0.016218865290284157,0.6087178587913513,0.3644031286239624,-0.048140231519937515,0.6609165668487549,0.37267249822616577,-0.04449693113565445,0.6982498168945312,0.3780460059642792,-0.03314357250928879,0.6454988121986389,0.3093852996826172,-0.024720506742596626,0.6184665560722351,0.31021350622177124,-0.04079843685030937,0.6550316214561462,0.32895079255104065,-0.03205033391714096,0.6833693981170654,0.34224796295166016,-0.020678644999861717,No
0.769031286239624,0.3799745440483093,-5.259788622424821e-07,0.745305061340332,0.46144649386405945,-0.023212330415844917,0.7067080736160278,0.5419213771820068,-0.040632981806993484,0.6760175228118896,0.6073662638664246,-0.05929037928581238,0.6589022874832153,0.6611964106559753,-0.0746498629450798,0.6250743269920349,0.47027990221977234,-0.00936096627265215,0.5976949334144592,0.4809955656528473,-0.03922686353325844,0.6427355408668518,0.4662662744522095,-0.05931791663169861,0.6790148615837097,0.4525849223136902,-0.06872598826885223,0.6210375428199768,0.4139536917209625,-0.010666856542229652,0.5952083468437195,0.42378735542297363,-0.04535938426852226,0.6535072326660156,0.41792237758636475,-0.05813493952155113,0.6904606223106384,0.4109490215778351,-0.059181880205869675,0.6270633339881897,0.3604035973548889,-0.016462169587612152,0.6025391817092896,0.3649437129497528,-0.047221072018146515,0.65431809425354,0.3728097081184387,-0.04246697574853897,0.6877636313438416,0.37613147497177124,-0.030828436836600304,0.6389765739440918,0.3087150752544403,-0.024200960993766785,0.6112966537475586,0.3120003938674927,-0.03896178677678108,0.6481836438179016,0.3299531936645508,-0.029069485142827034,0.6741941571235657,0.3399199843406677,-0.017126116901636124,No
0.7731842994689941,0.38257652521133423,-5.154911377758253e-07,0.7485623359680176,0.46617695689201355,-0.022395705804228783,0.7097123861312866,0.5456854701042175,-0.03937279433012009,0.678761899471283,0.6089869737625122,-0.05797700211405754,0.661048412322998,0.6624916195869446,-0.07353489100933075,0.6307715773582458,0.4733753204345703,-0.008328281342983246,0.6010087728500366,0.4833846986293793,-0.03866809606552124,0.6450861096382141,0.4675734341144562,-0.05955865979194641,0.6815303564071655,0.45330601930618286,-0.06953959912061691,0.6266698241233826,0.41611671447753906,-0.01048342976719141,0.5969982743263245,0.4234524369239807,-0.04570186138153076,0.6540879011154175,0.4185391664505005,-0.05926976352930069,0.6922576427459717,0.4129451513290405,-0.060814663767814636,0.6323765516281128,0.36179110407829285,-0.017208091914653778,0.6045629978179932,0.36334118247032166,-0.048591144382953644,0.6559747457504272,0.37185192108154297,-0.04456569626927376,0.6909146904945374,0.37639325857162476,-0.03331678360700607,0.6439038515090942,0.3089643716812134,-0.02582288160920143,0.6141550540924072,0.310581237077713,-0.041322458535432816,0.6502875685691833,0.3286840319633484,-0.03198724985122681,0.6769782900810242,0.3394513428211212,-0.02042650245130062,No
0.7791085839271545,0.3796117901802063,-5.159446345714969e-07,0.7541729211807251,0.4612357020378113,-0.024250561371445656,0.714226245880127,0.5417075157165527,-0.041909102350473404,0.6833746433258057,0.6076344847679138,-0.06082695350050926,0.6652000546455383,0.6620188355445862,-0.07640621811151505,0.6326202750205994,0.47342705726623535,-0.009214874356985092,0.6041456460952759,0.4805420935153961,-0.041339997202157974,0.6491881012916565,0.4649485647678375,-0.06317149102687836,0.6859223246574402,0.45167121291160583,-0.07353425025939941,0.6278126239776611,0.41642919182777405,-0.010819382034242153,0.59771329164505,0.4222366213798523,-0.04792582616209984,0.6572909355163574,0.4170142114162445,-0.06152709946036339,0.6960861682891846,0.4115065336227417,-0.062400609254837036,0.63327556848526,0.3618067800998688,-0.017397606745362282,0.6080102324485779,0.36209577322006226,-0.05097565799951553,0.6613507866859436,0.3701781630516052,-0.046989671885967255,0.6961967349052429,0.3753693699836731,-0.0349750816822052,0.6450216770172119,0.30894631147384644,-0.025987420231103897,0.61758953332901,0.3091074228286743,-0.042639344930648804,0.6548902988433838,0.3264411687850952,-0.033413175493478775,0.6811217069625854,0.33819887042045593,-0.021546024829149246,No
0.7761765718460083,0.37641656398773193,-5.295515848047216e-07,0.7523537278175354,0.4580156207084656,-0.024063438177108765,0.7118017077445984,0.538928747177124,-0.04158316180109978,0.6802405118942261,0.6040606498718262,-0.06014588475227356,0.6626139879226685,0.6577278971672058,-0.0752733051776886,0.6306641101837158,0.46932047605514526,-0.01117581408470869,0.6009496450424194,0.4762425720691681,-0.042581379413604736,0.6469049453735352,0.46091917157173157,-0.06304048746824265,0.683636486530304,0.4483172595500946,-0.07253517210483551,0.6265844702720642,0.4118088483810425,-0.012726892717182636,0.5975195169448853,0.4170328676700592,-0.04921988770365715,0.6577460169792175,0.4120827615261078,-0.06184810400009155,0.6949794888496399,0.4072283208370209,-0.06225632131099701,0.632476270198822,0.3570365607738495,-0.01902599446475506,0.6064485907554626,0.3566160202026367,-0.05173944681882858,0.6598400473594666,0.3656729459762573,-0.046836260706186295,0.6930026412010193,0.3711642324924469,-0.03460020571947098,0.6443488001823425,0.30393266677856445,-0.027274280786514282,0.6168582439422607,0.30446475744247437,-0.04295184090733528,0.654302716255188,0.3225572109222412,-0.03308882191777229,0.6790872812271118,0.333834171295166,-0.021065987646579742,No
0.7837948799133301,0.37763601541519165,-5.42941052117385e-07,0.7583674192428589,0.4603353440761566,-0.02289826050400734,0.7157634496688843,0.5415178537368774,-0.03899816796183586,0.6844240427017212,0.6073962450027466,-0.05670372024178505,0.6670364737510681,0.6623274683952332,-0.07111840695142746,0.6347396373748779,0.46993255615234375,-0.00654138857498765,0.6051381230354309,0.47935751080513,-0.03760845214128494,0.6515374183654785,0.4634147584438324,-0.05891616642475128,0.6885965466499329,0.449704647064209,-0.06907722353935242,0.6302547454833984,0.4124230146408081,-0.008575010113418102,0.6003660559654236,0.41956251859664917,-0.04488968104124069,0.660578727722168,0.41445276141166687,-0.058488015085458755,0.6993305087089539,0.40880441665649414,-0.05940820276737213,0.6365556716918945,0.3573656678199768,-0.015496809966862202,0.6109085083007812,0.35907846689224243,-0.04804525151848793,0.6643659472465515,0.36723995208740234,-0.04391724616289139,0.6990461945533752,0.37162625789642334,-0.03195583075284958,0.6492832899093628,0.30420130491256714,-0.02437879890203476,0.621704638004303,0.3054858446121216,-0.040061105042696,0.658631443977356,0.3232828676700592,-0.0306138526648283,0.6848104000091553,0.3337351083755493,-0.01875595562160015,No
0.7881470918655396,0.2620397210121155,-4.939041673424072e-07,0.7666571140289307,0.3364786207675934,-0.027865732088685036,0.7288799285888672,0.4125068783760071,-0.047862354665994644,0.6983199119567871,0.47616541385650635,-0.06761202961206436,0.679491400718689,0.5300338268280029,-0.08397038280963898,0.6436951160430908,0.34889107942581177,-0.019799398258328438,0.6250221729278564,0.34368976950645447,-0.05110633000731468,0.6680433750152588,0.3291609585285187,-0.07064995169639587,0.7013379335403442,0.32134273648262024,-0.07982602715492249,0.6420609951019287,0.2892332673072815,-0.020248599350452423,0.6174297332763672,0.2832181751728058,-0.05655395984649658,0.6745648980140686,0.2835429012775421,-0.06918264180421829,0.7121683955192566,0.286918967962265,-0.07018814235925674,0.6506456136703491,0.23479461669921875,-0.025028375908732414,0.6315845251083374,0.22510454058647156,-0.05940960347652435,0.6826364398002625,0.23757845163345337,-0.05556679889559746,0.7159440517425537,0.250320166349411,-0.04402472451329231,0.6658974289894104,0.185225710272789,-0.031804800033569336,0.6412976384162903,0.1741781383752823,-0.05033385381102562,0.6776934266090393,0.19187873601913452,-0.041468460112810135,0.7041551470756531,0.20967796444892883,-0.029834045097231865,No
0.7875712513923645,0.28440743684768677,-5.140096277500561e-07,0.7647625207901001,0.36039096117019653,-0.02687768265604973,0.725668728351593,0.43622928857803345,-0.04577577859163284,0.6937633752822876,0.49930644035339355,-0.06487049907445908,0.6740649938583374,0.5542677640914917,-0.08084780722856522,0.6404494643211365,0.368843138217926,-0.01395470555871725,0.6277101039886475,0.36631321907043457,-0.044051848351955414,0.670271635055542,0.35225510597229004,-0.06432735919952393,0.7021422982215881,0.34310823678970337,-0.0744752436876297,0.6377479434013367,0.3105323910713196,-0.014589255675673485,0.6201577186584473,0.30709874629974365,-0.0497332401573658,0.6773423552513123,0.30733224749565125,-0.0634051039814949,0.7132293581962585,0.3088771104812622,-0.06563332676887512,0.6466339826583862,0.2566295266151428,-0.019689297303557396,0.6307603716850281,0.2492271065711975,-0.053264208137989044,0.6817502975463867,0.2616085112094879,-0.05003651976585388,0.7145361304283142,0.27248212695121765,-0.03919653967022896,0.6623761653900146,0.20790119469165802,-0.026797009631991386,0.6396572589874268,0.1995290070772171,-0.044709526002407074,0.6758356094360352,0.2175542712211609,-0.03593815863132477,0.7014984488487244,0.23339185118675232,-0.024516602978110313,No
0.7904888391494751,0.28503885865211487,-5.084014560452488e-07,0.7665753364562988,0.3600228726863861,-0.02648884244263172,0.7257670164108276,0.4351017475128174,-0.04535147175192833,0.693018913269043,0.49747753143310547,-0.06450384110212326,0.672515332698822,0.5522841811180115,-0.08054801821708679,0.6422058343887329,0.3706240653991699,-0.013781428337097168,0.6260955333709717,0.36823442578315735,-0.04541338235139847,0.6681802868843079,0.3548721969127655,-0.06675700098276138,0.7011653184890747,0.3459365665912628,-0.07725417613983154,0.6395328044891357,0.31251275539398193,-0.014872594736516476,0.6186376214027405,0.3087335526943207,-0.05136328190565109,0.6759656667709351,0.30892065167427063,-0.06524229049682617,0.7130120396614075,0.3106457591056824,-0.06694602221250534,0.6482858657836914,0.2580668330192566,-0.020616410300135612,0.6312589645385742,0.2507008910179138,-0.05488915741443634,0.6826179027557373,0.26257747411727905,-0.051559943705797195,0.7153793573379517,0.2731807231903076,-0.040257781744003296,0.6637211441993713,0.20770131051540375,-0.028331508859992027,0.6410391330718994,0.20118799805641174,-0.04628583416342735,0.6774822473526001,0.2190103381872177,-0.037363167852163315,0.7023583650588989,0.2342960238456726,-0.025700543075799942,No
0.7920696139335632,0.283133327960968,-5.192240450924146e-07,0.7680502533912659,0.36238041520118713,-0.024505792185664177,0.7251638770103455,0.4381348490715027,-0.04156734049320221,0.6916256546974182,0.49891501665115356,-0.0591760091483593,0.6721049547195435,0.5538979768753052,-0.0736989974975586,0.6434540152549744,0.37126824259757996,-0.010989055968821049,0.627302348613739,0.3692725896835327,-0.040309514850378036,0.6705599427223206,0.35528987646102905,-0.059914130717515945,0.7038723230361938,0.3459342420101166,-0.06940589845180511,0.6417726278305054,0.3124021291732788,-0.01256803423166275,0.6208676099777222,0.3085744380950928,-0.04636724665760994,0.6781760454177856,0.3076360523700714,-0.05920490249991417,0.7139835953712463,0.3088880181312561,-0.06078178435564041,0.6511900424957275,0.2573924958705902,-0.018537310883402824,0.6311684846878052,0.249200701713562,-0.05085410922765732,0.6824185848236084,0.2604619562625885,-0.04680381715297699,0.7146457433700562,0.27096983790397644,-0.035560645163059235,0.6673367619514465,0.20711392164230347,-0.026276741176843643,0.640878438949585,0.19910061359405518,-0.04302028939127922,0.6777001619338989,0.21738076210021973,-0.0332212969660759,0.7032057642936707,0.23327764868736267,-0.02123696729540825,No
0.7990720868110657,0.29097750782966614,-4.875040531260311e-07,0.7696568965911865,0.37090161442756653,-0.023680666461586952,0.725618839263916,0.4455196261405945,-0.041044533252716064,0.6910175681114197,0.50697261095047,-0.05958353728055954,0.6705490350723267,0.562558650970459,-0.0750310868024826,0.6518208384513855,0.37219080328941345,-0.01008189469575882,0.627253532409668,0.37549352645874023,-0.04040220379829407,0.6699230074882507,0.3637728989124298,-0.060996901243925095,0.7062991261482239,0.35487234592437744,-0.07081061601638794,0.651599645614624,0.3138692378997803,-0.011894362978637218,0.6233281493186951,0.3158918023109436,-0.04694865271449089,0.6787274479866028,0.31568774580955505,-0.060624126344919205,0.7166661024093628,0.3156490623950958,-0.06271323561668396,0.6609755754470825,0.2593930959701538,-0.018206089735031128,0.6326533555984497,0.2543002665042877,-0.05056583881378174,0.6831030249595642,0.2667468786239624,-0.04657481983304024,0.718559205532074,0.276913046836853,-0.03540126234292984,0.6765481233596802,0.2087220698595047,-0.02636120095849037,0.6476935148239136,0.20250475406646729,-0.04329851269721985,0.6818280816078186,0.22217461466789246,-0.03427467495203018,0.7078568935394287,0.23766377568244934,-0.02287624403834343,No
0.7947976589202881,0.2939402461051941,-5.03080173075432e-07,0.7671265602111816,0.3731240928173065,-0.023442575708031654,0.723177433013916,0.4473579227924347,-0.04067876189947128,0.6886827945709229,0.5073230862617493,-0.05902162939310074,0.6686316728591919,0.5621217489242554,-0.07424509525299072,0.6477044224739075,0.3778553009033203,-0.011345566250383854,0.6221816539764404,0.37925395369529724,-0.040711380541324615,0.6657972931861877,0.36704808473587036,-0.060251086950302124,0.7008901238441467,0.35918834805488586,-0.06955309212207794,0.6477240324020386,0.3197923004627228,-0.013164102099835873,0.6204285621643066,0.3192669451236725,-0.04720764979720116,0.6761110424995422,0.3185005187988281,-0.06002141535282135,0.7129158973693848,0.3189592957496643,-0.06170335039496422,0.6571567058563232,0.26527196168899536,-0.019336530938744545,0.6310213208198547,0.2586825489997864,-0.050281308591365814,0.6811644434928894,0.27042466402053833,-0.04593199864029884,0.7148537039756775,0.2802361249923706,-0.03496648743748665,0.672385573387146,0.21384811401367188,-0.027355801314115524,0.6423649191856384,0.20627431571483612,-0.04283061996102333,0.6766125559806824,0.22547610104084015,-0.033291131258010864,0.7023215293884277,0.24075911939144135,-0.021879976615309715,No
0.7944698333740234,0.2955307960510254,-5.355229291126307e-07,0.7677344679832458,0.37472447752952576,-0.024257740005850792,0.7231698632240295,0.45021528005599976,-0.04147101938724518,0.688113272190094,0.5103090405464172,-0.059648532420396805,0.6668084859848022,0.5643136501312256,-0.07466477155685425,0.6429781913757324,0.37694287300109863,-0.010190676897764206,0.6225065588951111,0.37597787380218506,-0.04047360271215439,0.6673643589019775,0.3652111291885376,-0.06112261116504669,0.7012551426887512,0.35766860842704773,-0.07130736857652664,0.6432669758796692,0.3178800940513611,-0.0122040044516325,0.6198439598083496,0.3156493902206421,-0.04707060754299164,0.6777558922767639,0.3180561363697052,-0.06043962016701698,0.7136068344116211,0.32018035650253296,-0.062250468879938126,0.6538447141647339,0.2630902826786041,-0.018847115337848663,0.6311607360839844,0.2567896544933319,-0.05183578282594681,0.6828980445861816,0.2711242139339447,-0.0478774756193161,0.7155740857124329,0.282321572303772,-0.03651575371623039,0.6705913543701172,0.21240852773189545,-0.027295948937535286,0.6416983008384705,0.20559251308441162,-0.04447532072663307,0.6776377558708191,0.22619248926639557,-0.03488919883966446,0.7031674385070801,0.24271050095558167,-0.022942891344428062,No
0.7571324110031128,0.45186758041381836,-4.923851406601898e-07,0.7403481602668762,0.5302391052246094,-0.02317442186176777,0.7104718089103699,0.6090326905250549,-0.04113699495792389,0.6880801916122437,0.67548668384552,-0.06040197238326073,0.6785074472427368,0.7319103479385376,-0.07731769233942032,0.6276700496673584,0.5527947545051575,-0.010608862154185772,0.6055245995521545,0.561931848526001,-0.04153406620025635,0.6460081338882446,0.5462954640388489,-0.06382738053798676,0.6805045008659363,0.5324648022651672,-0.07488669455051422,0.6205403804779053,0.5012420415878296,-0.012324454262852669,0.600272536277771,0.5061830282211304,-0.047050997614860535,0.653930127620697,0.4975115954875946,-0.06143752858042717,0.6917456984519958,0.49169397354125977,-0.06392805278301239,0.6235945224761963,0.45030033588409424,-0.01854611188173294,0.6056922078132629,0.4503939747810364,-0.050346098840236664,0.6569469571113586,0.4534452259540558,-0.04760674387216568,0.6920710802078247,0.4573489725589752,-0.03712993115186691,0.6332048773765564,0.40106526017189026,-0.026625944301486015,0.6116749048233032,0.40267425775527954,-0.042830709367990494,0.6482266783714294,0.41337743401527405,-0.03441368043422699,0.6743577718734741,0.4214881360530853,-0.023354239761829376,No
0.7631280422210693,0.45989128947257996,-5.027808924751298e-07,0.7448593974113464,0.5366009473800659,-0.023266343399882317,0.7123638391494751,0.6162089705467224,-0.040714703500270844,0.6885693073272705,0.6817600727081299,-0.05906911566853523,0.6764039993286133,0.7359647750854492,-0.0748865082859993,0.6286352276802063,0.5588014721870422,-0.010378583334386349,0.6088867783546448,0.5671120285987854,-0.0404910184442997,0.6503771543502808,0.5520651936531067,-0.062043387442827225,0.6848528981208801,0.538628339767456,-0.07285396754741669,0.6209444999694824,0.5058430433273315,-0.011749494820833206,0.6045098304748535,0.5112056732177734,-0.04589857533574104,0.6594871282577515,0.5031039714813232,-0.05969231203198433,0.696919858455658,0.4976254999637604,-0.06182107701897621,0.6248773336410522,0.4540479779243469,-0.01757727935910225,0.6123523116111755,0.45598694682121277,-0.049153827130794525,0.6643477082252502,0.46029025316238403,-0.04620032384991646,0.6980376243591309,0.46452975273132324,-0.0357409231364727,0.6359543204307556,0.4043043255805969,-0.025233058258891106,0.619491696357727,0.4077850878238678,-0.041515693068504333,0.6574660539627075,0.4201596677303314,-0.03322053328156471,0.6823832392692566,0.42871832847595215,-0.022299889475107193,No
0.7659645080566406,0.4653659462928772,-5.178391120352899e-07,0.7467028498649597,0.5409972667694092,-0.023387212306261063,0.7111482620239258,0.6198250651359558,-0.041173987090587616,0.6854751110076904,0.6847732067108154,-0.05978845804929733,0.6727413535118103,0.740692138671875,-0.0756731852889061,0.6291912198066711,0.5592285394668579,-0.012245642021298409,0.6079443097114563,0.5695740580558777,-0.0428474023938179,0.6505861878395081,0.5551407933235168,-0.06428992748260498,0.6855248212814331,0.5407223701477051,-0.0748571828007698,0.623275637626648,0.5064278244972229,-0.013709191232919693,0.6046937704086304,0.5120010375976562,-0.04811475798487663,0.6602699756622314,0.505278468132019,-0.061105288565158844,0.6985324621200562,0.4997433125972748,-0.06256496161222458,0.6282394528388977,0.45477035641670227,-0.01958196423947811,0.6138970255851746,0.45681336522102356,-0.050960540771484375,0.6659823656082153,0.46214163303375244,-0.04707205295562744,0.7001731395721436,0.4662102460861206,-0.03603001683950424,0.6397642493247986,0.404854416847229,-0.027321288362145424,0.620224118232727,0.4074453115463257,-0.04327234625816345,0.6579287648200989,0.42138057947158813,-0.0343700647354126,0.6837403178215027,0.4308396577835083,-0.023050548508763313,No
0.7335318922996521,0.3710326552391052,-4.6808006004539493e-07,0.7177519202232361,0.45581957697868347,-0.01849781908094883,0.6899387240409851,0.5343993902206421,-0.034334734082221985,0.6671297550201416,0.5968988537788391,-0.05280681699514389,0.6557300090789795,0.6525743007659912,-0.06878336519002914,0.6073426008224487,0.48207396268844604,-0.0025959524791687727,0.5792000889778137,0.504655659198761,-0.031412117183208466,0.6154835820198059,0.48527806997299194,-0.053015246987342834,0.6490374207496643,0.46455496549606323,-0.06336987018585205,0.5986139178276062,0.4328416585922241,-0.005932374391704798,0.5702179074287415,0.4549824297428131,-0.03786164149641991,0.6188235878944397,0.4405822455883026,-0.05190642178058624,0.6568333506584167,0.42523452639579773,-0.05406203866004944,0.5976935625076294,0.3823029696941376,-0.013728262856602669,0.5692541599273682,0.4006049931049347,-0.042487483471632004,0.6179826855659485,0.39569634199142456,-0.03950372710824013,0.6548014283180237,0.3879254460334778,-0.028950951993465424,0.6020447611808777,0.3291533887386322,-0.02317391149699688,0.569927990436554,0.34723469614982605,-0.038132231682538986,0.6041624546051025,0.355768620967865,-0.029265817254781723,0.6332160830497742,0.3565816879272461,-0.017574183642864227,No
0.7408193945884705,0.3786253035068512,-4.823374410989345e-07,0.7237306237220764,0.4640379250049591,-0.01829458959400654,0.692104160785675,0.542345404624939,-0.03230202570557594,0.6672508120536804,0.6027717590332031,-0.048961903899908066,0.6560245156288147,0.6573598980903625,-0.06279483437538147,0.6140187382698059,0.49019768834114075,-0.001147674978710711,0.5819094181060791,0.512042760848999,-0.029495056718587875,0.6190661787986755,0.4934198260307312,-0.04983813688158989,0.6537401080131531,0.473438560962677,-0.05892737954854965,0.6055436730384827,0.4417957067489624,-0.004290030337870121,0.5743000507354736,0.4624550938606262,-0.03600601106882095,0.624394953250885,0.44760555028915405,-0.0490100271999836,0.6635866165161133,0.4321393668651581,-0.04976022616028786,0.6047713756561279,0.39202484488487244,-0.012053519487380981,0.5754057765007019,0.4086504876613617,-0.04168243333697319,0.6249560713768005,0.40273961424827576,-0.03875194117426872,0.6632568836212158,0.3947376608848572,-0.02732272818684578,0.6095980405807495,0.33991336822509766,-0.021409913897514343,0.5749892592430115,0.35448622703552246,-0.037610363215208054,0.6082926988601685,0.3621652126312256,-0.029217932373285294,0.6390771269798279,0.364749014377594,-0.017237503081560135,No
0.7372624278068542,0.386840283870697,-4.995678750674415e-07,0.7165996432304382,0.47254201769828796,-0.01698765531182289,0.6812312006950378,0.5509883165359497,-0.030789794400334358,0.6541217565536499,0.611182451248169,-0.04760731756687164,0.6412802934646606,0.6667773127555847,-0.06183331087231636,0.6053506731987,0.4914148151874542,-0.0005863210535608232,0.5728591680526733,0.5155337452888489,-0.029088066890835762,0.6115078330039978,0.49876850843429565,-0.04955795407295227,0.6462194919586182,0.4798417091369629,-0.05892576649785042,0.5985173583030701,0.442000150680542,-0.004467464517802,0.5676560997962952,0.46399199962615967,-0.03663107380270958,0.6192325949668884,0.4517790973186493,-0.0496981181204319,0.6574689149856567,0.4374486207962036,-0.05065052583813667,0.5995593070983887,0.39152681827545166,-0.012801478616893291,0.5695566534996033,0.40887412428855896,-0.042435914278030396,0.6203656196594238,0.4064403474330902,-0.03901528939604759,0.6580978631973267,0.40006694197654724,-0.027530735358595848,0.605732798576355,0.33892494440078735,-0.022601336240768433,0.5724239349365234,0.35416606068611145,-0.038414936512708664,0.6070312261581421,0.36556485295295715,-0.029550563544034958,0.6371883153915405,0.36975935101509094,-0.01746332459151745,No
0.737105131149292,0.39288783073425293,-4.947808633914974e-07,0.7160257697105408,0.4772154986858368,-0.0182662270963192,0.6791815757751465,0.5562209486961365,-0.032476238906383514,0.6509028077125549,0.6158909797668457,-0.0492338128387928,0.6371893286705017,0.6711100935935974,-0.06318996101617813,0.6031375527381897,0.4972692131996155,-0.0014929315075278282,0.5718631744384766,0.5198978185653687,-0.03074275329709053,0.6110771298408508,0.5003342628479004,-0.05173375457525253,0.6457756161689758,0.4809977412223816,-0.0613165907561779,0.595655083656311,0.44742849469184875,-0.004709703382104635,0.5657419562339783,0.47054824233055115,-0.03702794015407562,0.617411196231842,0.45490798354148865,-0.050015710294246674,0.6554996371269226,0.43982622027397156,-0.050878677517175674,0.5960748791694641,0.3962728977203369,-0.012577841058373451,0.5663329362869263,0.4147054851055145,-0.04200759902596474,0.6175171136856079,0.4104181230068207,-0.038121018558740616,0.6552233695983887,0.40413978695869446,-0.026442687958478928,0.6018637418746948,0.3427175283432007,-0.02209176868200302,0.5711474418640137,0.36003345251083374,-0.03777516260743141,0.6065881252288818,0.3699418902397156,-0.029042880982160568,0.6357324719429016,0.37304842472076416,-0.017090408131480217,No
0.7339432239532471,0.38879451155662537,-4.794505343852506e-07,0.7135323882102966,0.4714304804801941,-0.02079658769071102,0.6795880794525146,0.5491582155227661,-0.03656923025846481,0.6513324975967407,0.6089420914649963,-0.05440294370055199,0.6358442902565002,0.6635890603065491,-0.06915461272001266,0.6014455556869507,0.4943663477897644,-0.004847394302487373,0.5697674751281738,0.5139660835266113,-0.034655436873435974,0.6106633543968201,0.4949272871017456,-0.05545000731945038,0.646264374256134,0.4763094484806061,-0.06483696401119232,0.5940057039260864,0.44388723373413086,-0.006930994801223278,0.5632049441337585,0.4641663730144501,-0.03960233926773071,0.6156541109085083,0.45021679997444153,-0.052262112498283386,0.6537580490112305,0.4356100857257843,-0.05303255468606949,0.5950822830200195,0.39254140853881836,-0.013828892260789871,0.5641570091247559,0.40879788994789124,-0.04418337717652321,0.6148759126663208,0.405246376991272,-0.040242746472358704,0.6526209712028503,0.3984677791595459,-0.028410131111741066,0.6016438603401184,0.3391597867012024,-0.022508490830659866,0.5677915811538696,0.35388922691345215,-0.03952447697520256,0.6031209826469421,0.3643397092819214,-0.031163034960627556,0.6336237192153931,0.36793023347854614,-0.019280917942523956,No
0.7343748807907104,0.38734692335128784,-4.959522925673809e-07,0.7131676077842712,0.4727226793766022,-0.017420560121536255,0.6772937178611755,0.5511348843574524,-0.030906010419130325,0.6484339237213135,0.6090264916419983,-0.047147754579782486,0.6323840618133545,0.6621471047401428,-0.060580845922231674,0.6002051830291748,0.4922829568386078,-0.0003448437782935798,0.5675105452537537,0.5126291513442993,-0.02956644631922245,0.607098400592804,0.4951816499233246,-0.05052466318011284,0.6426159739494324,0.47675445675849915,-0.05988748371601105,0.5930510759353638,0.44186708331108093,-0.0038715365808457136,0.5609517097473145,0.4636688828468323,-0.036194443702697754,0.6130116581916809,0.44979700446128845,-0.04907047376036644,0.6521849632263184,0.4340529441833496,-0.04963983595371246,0.5936405658721924,0.390374094247818,-0.012070974335074425,0.5628148317337036,0.40718168020248413,-0.041582513600587845,0.6134538054466248,0.4041106700897217,-0.0378139466047287,0.6515060663223267,0.3974798917770386,-0.025930577889084816,0.599687933921814,0.33673879504203796,-0.021838534623384476,0.565771222114563,0.35223889350891113,-0.03757133334875107,0.6008949875831604,0.3626956343650818,-0.0287005752325058,0.6311841011047363,0.36583754420280457,-0.016459496691823006,No
0.7381657361984253,0.40504753589630127,-5.220113052928355e-07,0.712218165397644,0.48880231380462646,-0.016468113288283348,0.6715920567512512,0.5667315125465393,-0.02925618551671505,0.6404201984405518,0.623860239982605,-0.04486161842942238,0.6231973767280579,0.676210343837738,-0.05800978094339371,0.5976384282112122,0.4994952976703644,0.0021677198819816113,0.5698445439338684,0.518106997013092,-0.02672581374645233,0.6103301048278809,0.502591073513031,-0.048061173409223557,0.6463528871536255,0.48688942193984985,-0.05772798880934715,0.5927581787109375,0.4481925070285797,-0.0016425985377281904,0.5632607340812683,0.4721120297908783,-0.033009354025125504,0.6152717471122742,0.46234577894210815,-0.04618966206908226,0.6551721096038818,0.44888582825660706,-0.04730461165308952,0.5957357287406921,0.3959091305732727,-0.010119435377418995,0.5653629899024963,0.4158135950565338,-0.03897613286972046,0.6164231300354004,0.41648778319358826,-0.03534149378538132,0.6546523571014404,0.4110288619995117,-0.023788269609212875,0.6041244268417358,0.34179607033729553,-0.02002686820924282,0.571278989315033,0.3623473048210144,-0.03491876646876335,0.6068832278251648,0.3748894929885864,-0.025679104030132294,0.6363963484764099,0.3759794235229492,-0.01341735478490591,No
0.7417144775390625,0.41024231910705566,-5.239311917648592e-07,0.7140206694602966,0.49574849009513855,-0.0150263961404562,0.6730943322181702,0.5734069347381592,-0.027476133778691292,0.6419178247451782,0.6294710636138916,-0.04305017739534378,0.6249567866325378,0.6815896034240723,-0.056181229650974274,0.5998895168304443,0.5043217539787292,0.003109293757006526,0.568916916847229,0.5241588354110718,-0.02590288408100605,0.6074562072753906,0.5113024115562439,-0.04751001298427582,0.6433020830154419,0.49678003787994385,-0.05731876567006111,0.5958627462387085,0.4538753926753998,-0.0013936186442151666,0.5665357708930969,0.4785674810409546,-0.031842853873968124,0.6167303323745728,0.4691846966743469,-0.04456409811973572,0.6557707190513611,0.4556419551372528,-0.04582742229104042,0.5989394187927246,0.4023551344871521,-0.010667827911674976,0.5682414770126343,0.4231647253036499,-0.03873691335320473,0.6179187893867493,0.42370590567588806,-0.03494863584637642,0.6561546325683594,0.4176076352596283,-0.023712798953056335,0.6075900793075562,0.34846222400665283,-0.02138497866690159,0.5746707916259766,0.37007078528404236,-0.03641229122877121,0.6096951961517334,0.3819248378276825,-0.027468513697385788,0.6398378014564514,0.3821341395378113,-0.015464836731553078,No
0.7451508641242981,0.41492724418640137,-5.349546654542792e-07,0.7177220582962036,0.5011978149414062,-0.01458079181611538,0.6742832660675049,0.5794711709022522,-0.02591392770409584,0.6422511339187622,0.6355770826339722,-0.040650445967912674,0.6256898641586304,0.6882226467132568,-0.0529165156185627,0.6030451655387878,0.5098994374275208,0.005255610682070255,0.5700016617774963,0.532678484916687,-0.023970739915966988,0.6095105409622192,0.5198670029640198,-0.04541877657175064,0.6456258893013,0.5040029287338257,-0.054905783385038376,0.5981706380844116,0.4607416093349457,0.000286382797639817,0.5653995275497437,0.48538047075271606,-0.030705353245139122,0.6175878047943115,0.47629663348197937,-0.043284106999635696,0.6569913625717163,0.4612126350402832,-0.04371970146894455,0.6005147695541382,0.40921610593795776,-0.009624814614653587,0.567119300365448,0.42919057607650757,-0.038118839263916016,0.6184365749359131,0.43036210536956787,-0.034126657992601395,0.6567412614822388,0.423434853553772,-0.02218441665172577,0.6087692975997925,0.35480526089668274,-0.02098233811557293,0.5729808807373047,0.3757949471473694,-0.03575741499662399,0.6083114743232727,0.3880717158317566,-0.026353688910603523,0.6388134360313416,0.38803207874298096,-0.013831747695803642,No
0.7462282180786133,0.41869956254959106,-5.341157134353125e-07,0.7166782021522522,0.5045323967933655,-0.015047204680740833,0.6727057695388794,0.5828880071640015,-0.026787344366312027,0.6411144733428955,0.6396710872650146,-0.041798897087574005,0.6252541542053223,0.6932117938995361,-0.05414699763059616,0.6009555459022522,0.5126751065254211,0.004478036426007748,0.5678144693374634,0.536275327205658,-0.024848200380802155,0.6083406805992126,0.522713303565979,-0.046154141426086426,0.6443033218383789,0.506123423576355,-0.05559612810611725,0.5963394641876221,0.4632011353969574,-0.0001809487002901733,0.5641288161277771,0.48844730854034424,-0.03165960684418678,0.6164478659629822,0.4779447317123413,-0.04432476684451103,0.6555837392807007,0.4627273678779602,-0.04471326991915703,0.5990757942199707,0.4115079939365387,-0.009742913767695427,0.5674939155578613,0.43205660581588745,-0.03810862824320793,0.6182087659835815,0.4322938024997711,-0.03401080518960953,0.6556932330131531,0.4252239167690277,-0.02205829694867134,0.6078811883926392,0.3572198450565338,-0.020845960825681686,0.5732166767120361,0.37789684534072876,-0.034987762570381165,0.6081793308258057,0.39083045721054077,-0.02542657032608986,0.6380404233932495,0.3916298747062683,-0.012884005904197693,No
0.4220665395259857,0.3488445281982422,-4.908379764856363e-07,0.4146680533885956,0.43651819229125977,-0.02213362418115139,0.38898199796676636,0.521252453327179,-0.037859831005334854,0.3664209842681885,0.588925302028656,-0.055864352732896805,0.352745920419693,0.6455122828483582,-0.07098498940467834,0.3019978702068329,0.4710448086261749,-0.0046143378131091595,0.26242509484291077,0.4992588460445404,-0.03625285252928734,0.3028624653816223,0.47557395696640015,-0.05710195004940033,0.33877629041671753,0.4529748558998108,-0.0657113641500473,0.28704822063446045,0.42204782366752625,-0.007177015766501427,0.24284538626670837,0.4494931697845459,-0.042128369212150574,0.2986252009868622,0.42717263102531433,-0.054952193051576614,0.3370981216430664,0.40801602602005005,-0.054279230535030365,0.28088730573654175,0.3704005777835846,-0.014958958141505718,0.24125120043754578,0.3926188349723816,-0.04598437249660492,0.29541975259780884,0.38035789132118225,-0.04120589792728424,0.33153337240219116,0.3688684403896332,-0.028358593583106995,0.28136977553367615,0.3155994415283203,-0.02476176619529724,0.24447107315063477,0.3362842798233032,-0.04128919541835785,0.2828029692173004,0.33913683891296387,-0.03182922303676605,0.3117977976799011,0.33619803190231323,-0.019068697467446327,No
0.41187071800231934,0.3493945002555847,-5.451952347357292e-07,0.40233778953552246,0.4400385618209839,-0.019930416718125343,0.38035663962364197,0.5240308046340942,-0.035754602402448654,0.35515356063842773,0.5947186946868896,-0.0541742742061615,0.34140896797180176,0.6512603163719177,-0.0696025863289833,0.29274410009384155,0.47025972604751587,-0.005852425005286932,0.2553986608982086,0.5040429830551147,-0.03440096974372864,0.29578790068626404,0.4813378155231476,-0.052982788532972336,0.3294338881969452,0.4574712812900543,-0.06129985302686691,0.27758538722991943,0.42204397916793823,-0.008932575583457947,0.23762322962284088,0.45488566160202026,-0.040875013917684555,0.29078710079193115,0.43516647815704346,-0.05246780067682266,0.3264249861240387,0.41409167647361755,-0.05321359261870384,0.27265769243240356,0.37204134464263916,-0.01647319458425045,0.2330200970172882,0.39774590730667114,-0.04530946910381317,0.28529053926467896,0.38891521096229553,-0.03953178972005844,0.32149574160575867,0.37551161646842957,-0.0275974590331316,0.27457574009895325,0.3188289701938629,-0.025891579687595367,0.23597842454910278,0.3418295979499817,-0.04231279715895653,0.2727682292461395,0.34800344705581665,-0.03299570083618164,0.3033412992954254,0.34375667572021484,-0.021040895953774452,No
0.4013179838657379,0.3609165549278259,-5.310208166520169e-07,0.3930114507675171,0.4491065740585327,-0.018387863412499428,0.3723447620868683,0.5333483815193176,-0.032975319772958755,0.35165902972221375,0.5995446443557739,-0.05074263736605644,0.33811500668525696,0.6524938344955444,-0.06585824489593506,0.28718405961990356,0.47382715344429016,-0.004146508406847715,0.24660979211330414,0.5096356272697449,-0.03351638466119766,0.28340280055999756,0.4941597580909729,-0.05272921547293663,0.31873899698257446,0.47202131152153015,-0.060653604567050934,0.2729417383670807,0.4273601770401001,-0.008016630075871944,0.2295154333114624,0.4624333381652832,-0.04025667905807495,0.28072622418403625,0.44660115242004395,-0.051878150552511215,0.31963422894477844,0.42316627502441406,-0.05174111947417259,0.26668715476989746,0.37844884395599365,-0.01658380776643753,0.22414764761924744,0.4080045223236084,-0.04514212906360626,0.2762061655521393,0.4003846049308777,-0.04043038934469223,0.31505173444747925,0.38353246450424194,-0.02857081964612007,0.2670555114746094,0.3250798285007477,-0.027111411094665527,0.227606400847435,0.3498161733150482,-0.04365023970603943,0.263412207365036,0.35737574100494385,-0.0354158878326416,0.2958579361438751,0.3517078161239624,-0.02384273335337639,No
0.3973126709461212,0.3585258722305298,-5.468881454362418e-07,0.38755565881729126,0.4484645128250122,-0.016428321599960327,0.36615467071533203,0.5293375253677368,-0.029299207031726837,0.3427359461784363,0.5930271148681641,-0.045744121074676514,0.3297032117843628,0.6447961330413818,-0.05990178883075714,0.27979719638824463,0.4665572941303253,0.0022311026696115732,0.24177685379981995,0.49665772914886475,-0.026075584813952446,0.2776569128036499,0.48023274540901184,-0.04651745781302452,0.31282809376716614,0.4592190682888031,-0.055623799562454224,0.26647675037384033,0.4185127019882202,-0.002500689821317792,0.22468683123588562,0.44750237464904785,-0.03538490831851959,0.27590450644493103,0.43427303433418274,-0.04950273409485817,0.3161851465702057,0.41574227809906006,-0.05058329924941063,0.26266950368881226,0.36855989694595337,-0.011862028390169144,0.2236935943365097,0.39175325632095337,-0.041590575128793716,0.2742548882961273,0.38733822107315063,-0.03965533524751663,0.31228700280189514,0.3755790591239929,-0.02893676422536373,0.26621827483177185,0.3147464394569397,-0.022775519639253616,0.22770583629608154,0.3367978036403656,-0.039478808641433716,0.2618784010410309,0.34575140476226807,-0.03204813599586487,0.29291394352912903,0.3437967300415039,-0.020775534212589264,No
0.397356241941452,0.3631816506385803,-5.195524295231735e-07,0.38571178913116455,0.448258638381958,-0.01894562877714634,0.36566871404647827,0.5263955593109131,-0.034826137125492096,0.3434595763683319,0.5885962247848511,-0.05392538756132126,0.3290545642375946,0.6397173404693604,-0.07075842469930649,0.2788983881473541,0.45866188406944275,-0.0036716510076075792,0.24078908562660217,0.48786455392837524,-0.03345793858170509,0.2781960964202881,0.47467654943466187,-0.05420203506946564,0.311918705701828,0.4555395841598511,-0.0634986162185669,0.26772767305374146,0.41089850664138794,-0.007432825397700071,0.22470441460609436,0.43971219658851624,-0.04072420671582222,0.27545517683029175,0.4311465919017792,-0.0541105791926384,0.3137814402580261,0.4127250909805298,-0.055090513080358505,0.2653792202472687,0.3621746599674225,-0.015833165496587753,0.22511044144630432,0.38420140743255615,-0.04590781033039093,0.27658045291900635,0.38449305295944214,-0.04291912168264389,0.31386762857437134,0.37373432517051697,-0.031707387417554855,0.26961550116539,0.30933183431625366,-0.026030004024505615,0.23033343255519867,0.32979103922843933,-0.042352065443992615,0.2652379870414734,0.3420675992965698,-0.03408113494515419,0.29576537013053894,0.3406192660331726,-0.022454336285591125,No
0.39682668447494507,0.3689185082912445,-5.353872438718099e-07,0.382095068693161,0.45413804054260254,-0.01654784195125103,0.3583899140357971,0.5309938788414001,-0.03045089729130268,0.33574843406677246,0.5910850763320923,-0.048280131071805954,0.32313793897628784,0.6418828964233398,-0.0641334280371666,0.2776012122631073,0.45898616313934326,-0.00040093407733365893,0.23571260273456573,0.4877021312713623,-0.02958952821791172,0.2744121551513672,0.4770876169204712,-0.05036827176809311,0.30993205308914185,0.46081697940826416,-0.05962498113512993,0.26741716265678406,0.41104984283447266,-0.0053335013799369335,0.2224886119365692,0.439799427986145,-0.03715520352125168,0.27314871549606323,0.4340548515319824,-0.05031972751021385,0.3126554489135742,0.41731297969818115,-0.051414184272289276,0.26502400636672974,0.3613660931587219,-0.014931291341781616,0.22195596992969513,0.38514745235443115,-0.04352348670363426,0.2731344997882843,0.3869428038597107,-0.04047948867082596,0.3118469715118408,0.3760262727737427,-0.029520384967327118,0.2692568600177765,0.3072185516357422,-0.02632184699177742,0.2284000813961029,0.3281340003013611,-0.04227345436811447,0.2625485360622406,0.3413468301296234,-0.03418505936861038,0.2942628860473633,0.3394373953342438,-0.022704435512423515,No
0.4186388850212097,0.41540244221687317,-5.280064669932472e-07,0.38476428389549255,0.4995434880256653,-0.01601397804915905,0.3440215289592743,0.5676243901252747,-0.030005307868123055,0.31393447518348694,0.619432806968689,-0.04823913425207138,0.298989474773407,0.6644649505615234,-0.06436515599489212,0.2676812410354614,0.46934327483177185,0.0020258419681340456,0.22418177127838135,0.48286673426628113,-0.02817840687930584,0.2695769667625427,0.48070743680000305,-0.04998455196619034,0.310964971780777,0.47566235065460205,-0.059623297303915024,0.2691041827201843,0.4152878522872925,-0.004190171603113413,0.22289463877677917,0.42841285467147827,-0.03904198482632637,0.27899661660194397,0.4382932782173157,-0.0536545068025589,0.3243444561958313,0.43744656443595886,-0.05439333617687225,0.2804848551750183,0.36376601457595825,-0.015237969346344471,0.23782789707183838,0.37142258882522583,-0.04649382084608078,0.29155033826828003,0.39053767919540405,-0.04413996636867523,0.3335685133934021,0.39730650186538696,-0.032472580671310425,0.2999550700187683,0.3113601803779602,-0.027886250987648964,0.25798696279525757,0.3165987730026245,-0.04499337822198868,0.2915562093257904,0.34276676177978516,-0.03653690218925476,0.3230462074279785,0.3560386896133423,-0.024145323783159256,No
0.4234553277492523,0.4162120223045349,-5.519463002201519e-07,0.38919705152511597,0.4992457628250122,-0.012565193697810173,0.3457333743572235,0.5654263496398926,-0.023918403312563896,0.31375637650489807,0.61612468957901,-0.04020589590072632,0.3005443513393402,0.6629498600959778,-0.05478736758232117,0.270199179649353,0.46926388144493103,0.0075195482932031155,0.2259787619113922,0.4814129173755646,-0.020665602758526802,0.27008020877838135,0.47926265001296997,-0.041442494839429855,0.31159093976020813,0.4741194248199463,-0.050666455179452896,0.2705164849758148,0.41569483280181885,-3.753462806344032e-05,0.22383075952529907,0.4277997314929962,-0.0327688530087471,0.2807181179523468,0.43721625208854675,-0.046403490006923676,0.3264242112636566,0.43533456325531006,-0.04649285972118378,0.28168439865112305,0.36404943466186523,-0.012310372665524483,0.23893511295318604,0.37067681550979614,-0.041479650884866714,0.2929004728794098,0.388917475938797,-0.03871816769242287,0.33412808179855347,0.3945561647415161,-0.02713713049888611,0.3015888035297394,0.31064432859420776,-0.025990650057792664,0.2592107057571411,0.3157503008842468,-0.04170028492808342,0.29278692603111267,0.3421635329723358,-0.0330243855714798,0.3237174153327942,0.35520195960998535,-0.020769905298948288,No
0.42686793208122253,0.41817012429237366,-5.53825202587177e-07,0.39243924617767334,0.5028668642044067,-0.01306737307459116,0.3504139482975006,0.5707793235778809,-0.0250818133354187,0.3196350634098053,0.6198712587356567,-0.041772421449422836,0.30545663833618164,0.6623209714889526,-0.05633216351270676,0.27615228295326233,0.4736080467700958,0.0036225321236997843,0.22772246599197388,0.48642703890800476,-0.026213716715574265,0.2728382647037506,0.4852747619152069,-0.04691842943429947,0.31511756777763367,0.4801836907863617,-0.055580105632543564,0.2771514058113098,0.42117589712142944,-0.0036760419607162476,0.22877603769302368,0.43415147066116333,-0.03699303790926933,0.2862163484096527,0.44288280606269836,-0.04934501647949219,0.33081281185150146,0.43984711170196533,-0.048677556216716766,0.2868698835372925,0.3700963854789734,-0.015806756913661957,0.2402382493019104,0.37800881266593933,-0.04529867693781853,0.2953001856803894,0.39598405361175537,-0.04084004834294319,0.3371797502040863,0.4006496071815491,-0.028173455968499184,0.3046029508113861,0.31692469120025635,-0.02949550375342369,0.2613329291343689,0.32388365268707275,-0.04593828693032265,0.29547151923179626,0.34898024797439575,-0.03688189014792442,0.32714393734931946,0.3599269688129425,-0.02416352927684784,No
0.42086753249168396,0.4263637661933899,-5.614020892608096e-07,0.38655248284339905,0.5090662837028503,-0.012716758996248245,0.34264034032821655,0.5738038420677185,-0.023650163784623146,0.30999135971069336,0.6204354763031006,-0.0392051562666893,0.2959218919277191,0.6635806560516357,-0.052714500576257706,0.27110719680786133,0.4764978587627411,0.005879577714949846,0.22532615065574646,0.48843327164649963,-0.022096510976552963,0.2696828246116638,0.48735547065734863,-0.04171372205018997,0.3107379376888275,0.48182913661003113,-0.04994586855173111,0.2723212242126465,0.42378124594688416,-0.0009993048151955009,0.22571712732315063,0.4371263384819031,-0.033000655472278595,0.28170835971832275,0.44608157873153687,-0.04525529593229294,0.32587864995002747,0.44263023138046265,-0.044639721512794495,0.2823280990123749,0.37293243408203125,-0.012562845833599567,0.23842793703079224,0.38196420669555664,-0.04124562442302704,0.29186463356018066,0.4003317952156067,-0.03717265650629997,0.33287885785102844,0.40476706624031067,-0.024815989658236504,0.3001353442668915,0.3199692368507385,-0.025621231645345688,0.2570910155773163,0.3272819519042969,-0.04139922931790352,0.2909335494041443,0.3530550003051758,-0.03241592273116112,0.3229219913482666,0.3643485903739929,-0.0198711846023798,No
0.4186001121997833,0.42431360483169556,-5.288259785629634e-07,0.38468748331069946,0.5075252056121826,-0.013736317865550518,0.3410145044326782,0.5739065408706665,-0.026031265035271645,0.30837398767471313,0.6207388043403625,-0.04261196032166481,0.2935025095939636,0.6634024977684021,-0.05715513974428177,0.2670367956161499,0.477497398853302,0.004036333411931992,0.21989047527313232,0.4902210235595703,-0.02506455034017563,0.26315057277679443,0.48925507068634033,-0.045737672597169876,0.305345356464386,0.48468413949012756,-0.05456790328025818,0.2684139311313629,0.4257158041000366,-0.0029959725216031075,0.21956397593021393,0.43986988067626953,-0.034304406493902206,0.27618148922920227,0.448076069355011,-0.04646184295415878,0.3223770260810852,0.4456196427345276,-0.04603653401136398,0.27914974093437195,0.3738410472869873,-0.014928712509572506,0.2317187488079071,0.38288581371307373,-0.043560691177845,0.28619518876075745,0.39963969588279724,-0.03931068256497383,0.3287409842014313,0.4035211205482483,-0.027090290561318398,0.29880857467651367,0.31862950325012207,-0.028433872386813164,0.25417953729629517,0.3263643980026245,-0.04486020654439926,0.28872230648994446,0.35070791840553284,-0.035940393805503845,0.32096341252326965,0.3608781099319458,-0.023514393717050552,No
0.4174167811870575,0.4171609580516815,-5.527201665245229e-07,0.3829008936882019,0.5007582902908325,-0.011456671170890331,0.3374681770801544,0.5671012997627258,-0.021559765562415123,0.305533230304718,0.6150116920471191,-0.03630911931395531,0.2929438352584839,0.6601940393447876,-0.049300193786621094,0.26519060134887695,0.4718283414840698,0.007099953480064869,0.22089526057243347,0.48534688353538513,-0.02061132714152336,0.2650492489337921,0.4823899269104004,-0.040467940270900726,0.3068491518497467,0.47760701179504395,-0.04888666421175003,0.2658793330192566,0.41974300146102905,-0.00048247596714645624,0.2192693054676056,0.43483996391296387,-0.03155571222305298,0.2756830155849457,0.44251003861427307,-0.04401613771915436,0.32120439410209656,0.440631628036499,-0.043654147535562515,0.27611374855041504,0.36836373805999756,-0.01262236014008522,0.23093020915985107,0.37801027297973633,-0.04095512628555298,0.2852261960506439,0.39512163400650024,-0.03731982409954071,0.3272079825401306,0.4006628394126892,-0.02534513734281063,0.2949817180633545,0.31485968828201294,-0.02605239674448967,0.2521129846572876,0.32322263717651367,-0.042235568165779114,0.2867504954338074,0.34755927324295044,-0.03334110230207443,0.3187475800514221,0.3589012026786804,-0.020798208191990852,No
0.4035622477531433,0.41541749238967896,-5.418267505774566e-07,0.3697723150253296,0.4935378432273865,-0.012696485035121441,0.3273347020149231,0.5570685267448425,-0.024652810767292976,0.2960444390773773,0.6045242547988892,-0.04105658829212189,0.28302979469299316,0.6503810286521912,-0.05588315427303314,0.25409623980522156,0.4619137942790985,0.004496795125305653,0.2110583782196045,0.47564104199409485,-0.023892080411314964,0.25365880131721497,0.47569090127944946,-0.04450501129031181,0.2938358187675476,0.47090327739715576,-0.05353135988116264,0.2557201087474823,0.4111270308494568,-0.0024742463137954473,0.21062670648097992,0.4252520799636841,-0.03435332700610161,0.26638391613960266,0.43579334020614624,-0.04723111540079117,0.31102925539016724,0.4344351291656494,-0.04710463061928749,0.2665110230445862,0.3607741892337799,-0.013949952088296413,0.22287395596504211,0.3693194091320038,-0.04256446659564972,0.2757548987865448,0.3881274461746216,-0.03905867412686348,0.31649646162986755,0.39299291372299194,-0.02714618109166622,0.2855203151702881,0.3079645037651062,-0.026770835742354393,0.2428034245967865,0.3161977529525757,-0.042069077491760254,0.27676165103912354,0.3407675623893738,-0.03279687464237213,0.3078799545764923,0.3499603867530823,-0.020183037966489792,No
0.39736515283584595,0.4086926281452179,-5.351355412130943e-07,0.3622058928012848,0.4917597770690918,-0.010253050364553928,0.3201919198036194,0.5573847889900208,-0.020469170063734055,0.28876233100891113,0.6034969687461853,-0.03595913574099541,0.27712175250053406,0.6483802795410156,-0.05003596097230911,0.2462160885334015,0.462307333946228,0.010909711010754108,0.20052224397659302,0.47206586599349976,-0.017087513580918312,0.24137631058692932,0.4707646071910858,-0.03801106661558151,0.28265202045440674,0.4661259055137634,-0.046834446489810944,0.24747313559055328,0.41102397441864014,0.0029390614945441484,0.2025238275527954,0.42292875051498413,-0.028628503903746605,0.2568458318710327,0.4320671558380127,-0.04241050034761429,0.30232104659080505,0.4301568865776062,-0.04248649999499321,0.25730282068252563,0.36046549677848816,-0.009803838096559048,0.21567732095718384,0.36856019496917725,-0.038023557513952255,0.26778852939605713,0.3865189254283905,-0.03550167754292488,0.30909398198127747,0.3907998204231262,-0.02387097105383873,0.27538567781448364,0.3070904612541199,-0.0237854216247797,0.2331220507621765,0.31576061248779297,-0.03866265341639519,0.26661843061447144,0.3397200107574463,-0.02975010871887207,0.2981396019458771,0.3485901951789856,-0.017134245485067368,No
0.3636796772480011,0.40125709772109985,-5.125058351040934e-07,0.3331407904624939,0.4834321439266205,-0.011797985062003136,0.2956744432449341,0.5484603643417358,-0.02398364245891571,0.26573672890663147,0.5950183272361755,-0.040745120495557785,0.2559719681739807,0.6416193246841431,-0.05610395967960358,0.22321809828281403,0.4558160603046417,0.002639675745740533,0.1776445508003235,0.46902522444725037,-0.025554072111845016,0.21811634302139282,0.46890145540237427,-0.04584437236189842,0.2571990489959717,0.46431025862693787,-0.05474119633436203,0.2238975167274475,0.406471312046051,-0.004547845106571913,0.17627006769180298,0.41875171661376953,-0.035543400794267654,0.22750495374202728,0.4287693202495575,-0.048272162675857544,0.2698974013328552,0.42710041999816895,-0.04879511892795563,0.2325165867805481,0.35727962851524353,-0.015935858711600304,0.188408762216568,0.3650672733783722,-0.04262508824467659,0.2371692657470703,0.3835059404373169,-0.03926517441868782,0.2759215831756592,0.3882473111152649,-0.0285152867436409,0.24807432293891907,0.30524978041648865,-0.02874791994690895,0.20623734593391418,0.313812792301178,-0.042297620326280594,0.23792588710784912,0.3382088243961334,-0.033131834119558334,0.2683511972427368,0.3476504385471344,-0.021392976865172386,No
0.34679922461509705,0.4063255786895752,-5.08934704157582e-07,0.3174465298652649,0.4903552234172821,-0.010059544816613197,0.2821625769138336,0.5570775270462036,-0.020776331424713135,0.2541614770889282,0.6034942865371704,-0.03629486262798309,0.24592919647693634,0.6464642286300659,-0.05046151578426361,0.2107241302728653,0.464604914188385,0.005282813683152199,0.16474446654319763,0.47761958837509155,-0.021719932556152344,0.20419824123382568,0.47663113474845886,-0.04171273112297058,0.2426971048116684,0.471223384141922,-0.05055365338921547,0.21116268634796143,0.4156014919281006,-0.002181827323511243,0.16271762549877167,0.4287775158882141,-0.031094608828425407,0.21328358352184296,0.4368789792060852,-0.043207935988903046,0.2555185556411743,0.4335446059703827,-0.043790701776742935,0.21846987307071686,0.3661748468875885,-0.013804588466882706,0.17267397046089172,0.3760015368461609,-0.038326624780893326,0.2215464562177658,0.392568439245224,-0.03440151736140251,0.2603893280029297,0.394980251789093,-0.02386920154094696,0.23275353014469147,0.3131018877029419,-0.02688504382967949,0.19047632813453674,0.3223862648010254,-0.03929881751537323,0.22147302329540253,0.3453321158885956,-0.03024899587035179,0.25090259313583374,0.35274505615234375,-0.01899910159409046,No
0.3514247238636017,0.41096219420433044,-5.26312987858546e-07,0.3208737075328827,0.49373477697372437,-0.009417709894478321,0.2852920591831207,0.5580297708511353,-0.019915953278541565,0.25784116983413696,0.6028496026992798,-0.03547431901097298,0.24727661907672882,0.6450669765472412,-0.049671720713377,0.2133265882730484,0.4674069881439209,0.0061570932157337666,0.16659078001976013,0.4820795953273773,-0.021401667967438698,0.20561277866363525,0.48186564445495605,-0.04159991443157196,0.24408139288425446,0.47611600160598755,-0.05036013200879097,0.21349328756332397,0.418766587972641,-0.001933376886881888,0.16410024464130402,0.43323850631713867,-0.03158852458000183,0.21416303515434265,0.4422830045223236,-0.044117897748947144,0.256790429353714,0.4390358328819275,-0.04463434964418411,0.2205824851989746,0.36919471621513367,-0.014253661036491394,0.1739846020936966,0.3799667954444885,-0.03992817550897598,0.22253106534481049,0.3970243036746979,-0.036732934415340424,0.262065052986145,0.39982736110687256,-0.02619672380387783,0.23463191092014313,0.3155493140220642,-0.02788333036005497,0.19161678850650787,0.32579827308654785,-0.04153625667095184,0.22180572152137756,0.34919363260269165,-0.033119820058345795,0.25204434990882874,0.35780447721481323,-0.021864235401153564,No
0.3549157977104187,0.41215944290161133,-5.213917688706715e-07,0.32445645332336426,0.49408504366874695,-0.01040688157081604,0.2873488664627075,0.560106635093689,-0.02114010415971279,0.2585598826408386,0.6056912541389465,-0.03664753586053848,0.24934834241867065,0.6481965780258179,-0.05082889273762703,0.21395771205425262,0.46868765354156494,0.005968261975795031,0.1680482178926468,0.48367175459861755,-0.02187693864107132,0.2075919806957245,0.483737587928772,-0.04245185852050781,0.24701857566833496,0.47839152812957764,-0.051382072269916534,0.21410343050956726,0.4201565980911255,-0.0016340595902875066,0.1649799346923828,0.4356708526611328,-0.03193093463778496,0.2156660407781601,0.4447086751461029,-0.04494701698422432,0.25963810086250305,0.4415220618247986,-0.04541606828570366,0.22157543897628784,0.37063470482826233,-0.013577139005064964,0.1749573051929474,0.3831033706665039,-0.04001094773411751,0.22386479377746582,0.3999677300453186,-0.0375262051820755,0.26465845108032227,0.4024674594402313,-0.027072535827755928,0.236228346824646,0.3170009255409241,-0.026885973289608955,0.19349220395088196,0.3289232850074768,-0.041459258645772934,0.22456327080726624,0.3520625829696655,-0.033753495663404465,0.2558344602584839,0.360073983669281,-0.02271147258579731,No
0.3553972542285919,0.4091629683971405,-5.356696988201293e-07,0.3242245018482208,0.4912346601486206,-0.009737381711602211,0.28781557083129883,0.5546526908874512,-0.020582202821969986,0.259880393743515,0.6008567214012146,-0.03666402027010918,0.24891483783721924,0.6446711421012878,-0.05142677575349808,0.21372102200984955,0.4616612195968628,0.008012432605028152,0.16871392726898193,0.4789472818374634,-0.020644567906856537,0.20742809772491455,0.480478435754776,-0.0424124114215374,0.245412677526474,0.4747924208641052,-0.05210833624005318,0.2134396880865097,0.41420260071754456,-0.00010832484986167401,0.16586634516716003,0.4306219816207886,-0.03155328705906868,0.2166772335767746,0.44141724705696106,-0.04526007920503616,0.25929734110832214,0.4379984140396118,-0.04590996727347374,0.2206421196460724,0.36556437611579895,-0.012678948231041431,0.17615020275115967,0.37822672724723816,-0.03964154049754143,0.22470912337303162,0.3967440128326416,-0.03717755153775215,0.26391172409057617,0.3991989195346832,-0.02648112364113331,0.23498642444610596,0.3130154609680176,-0.0266273133456707,0.19256362318992615,0.32363712787628174,-0.04055770859122276,0.22319145500659943,0.3481646776199341,-0.03206432983279228,0.2539246082305908,0.3568427562713623,-0.020334836095571518,No
0.35026490688323975,0.4026402533054352,-5.20245237112249e-07,0.3193243443965912,0.48565223813056946,-0.011250187642872334,0.28293150663375854,0.5520682334899902,-0.023512952029705048,0.25425663590431213,0.5999528765678406,-0.04057871922850609,0.24476173520088196,0.6441441774368286,-0.056019362062215805,0.21027889847755432,0.4598380923271179,0.0030486457981169224,0.161963552236557,0.47491246461868286,-0.02519148960709572,0.20438894629478455,0.4743955135345459,-0.045260392129421234,0.24421991407871246,0.46850141882896423,-0.053835105150938034,0.2108885794878006,0.4102399945259094,-0.0045546358451247215,0.1597636342048645,0.4259348213672638,-0.035090625286102295,0.21271444857120514,0.43417343497276306,-0.04728919640183449,0.2565295994281769,0.42955589294433594,-0.04749156907200813,0.21855643391609192,0.3600612282752991,-0.016398221254348755,0.170355886220932,0.37228840589523315,-0.042410317808389664,0.22053030133247375,0.38884007930755615,-0.038346629589796066,0.2613775134086609,0.39004161953926086,-0.027255207300186157,0.23303581774234772,0.30585333704948425,-0.02978377230465412,0.18828149139881134,0.3161886930465698,-0.04324626177549362,0.22016769647598267,0.3404913544654846,-0.03426702693104744,0.2519792914390564,0.34846171736717224,-0.02278538979589939,No
0.3515162467956543,0.3903685510158539,-5.109938001623959e-07,0.3211708068847656,0.47240525484085083,-0.013179379515349865,0.28477880358695984,0.5373894572257996,-0.02638036571443081,0.2552560269832611,0.5854061841964722,-0.044166918843984604,0.24451062083244324,0.6311797499656677,-0.060247115790843964,0.21078674495220184,0.4452682137489319,0.002746380865573883,0.16413557529449463,0.45928820967674255,-0.026509283110499382,0.2055618315935135,0.45806846022605896,-0.04783114790916443,0.24524839222431183,0.4522426426410675,-0.05730324611067772,0.21104484796524048,0.3956809341907501,-0.004206080920994282,0.16071955859661102,0.4091005027294159,-0.036174748092889786,0.21238096058368683,0.4179594814777374,-0.04970557987689972,0.2556973397731781,0.41531556844711304,-0.050480134785175323,0.21878758072853088,0.3459285497665405,-0.015628881752490997,0.17279112339019775,0.3555070161819458,-0.04303209111094475,0.22225870192050934,0.37235957384109497,-0.039925552904605865,0.2620251476764679,0.37542974948883057,-0.029012762010097504,0.23329856991767883,0.29259803891181946,-0.02866220660507679,0.1905168890953064,0.3023874759674072,-0.04240962862968445,0.2212657928466797,0.3251771628856659,-0.033435557037591934,0.25138136744499207,0.3327968716621399,-0.021689806133508682,No
0.3955248296260834,0.31764060258865356,-5.505181093212741e-07,0.36366337537765503,0.4000489413738251,-0.0143357515335083,0.32021570205688477,0.46825510263442993,-0.02648480050265789,0.2871133089065552,0.5182693600654602,-0.042685411870479584,0.27415624260902405,0.5672513246536255,-0.05679169297218323,0.2449316382408142,0.3777792155742645,0.0008895538630895317,0.199000746011734,0.3833012282848358,-0.02702345885336399,0.2436012178659439,0.37998348474502563,-0.04631451517343521,0.28467971086502075,0.37565523386001587,-0.0546816885471344,0.24534055590629578,0.3225683271884918,-0.004986682906746864,0.19859246909618378,0.3293793797492981,-0.036749981343746185,0.2538263499736786,0.3372006416320801,-0.049316924065351486,0.29731783270835876,0.33786970376968384,-0.04962645471096039,0.25451475381851196,0.26984575390815735,-0.015122776851058006,0.2090221643447876,0.27415451407432556,-0.043785884976387024,0.26240935921669006,0.2918388545513153,-0.039813220500946045,0.3039313852787018,0.2999473214149475,-0.02814193069934845,0.27083349227905273,0.2160601168870926,-0.026679258793592453,0.22726450860500336,0.21927793323993683,-0.042938847094774246,0.26080089807510376,0.24423441290855408,-0.034084253013134,0.29259514808654785,0.2588125169277191,-0.02197212353348732,No
0.4016301929950714,0.30682259798049927,-5.122702191329154e-07,0.3727457523345947,0.3901115655899048,-0.01995726488530636,0.33158960938453674,0.4595792889595032,-0.03564871847629547,0.2981477379798889,0.5114099979400635,-0.05443468689918518,0.28411954641342163,0.5602447390556335,-0.070744588971138,0.2534748911857605,0.36962851881980896,-0.004703003913164139,0.21037563681602478,0.3749150037765503,-0.03477500006556511,0.2563522458076477,0.3723549246788025,-0.05476298928260803,0.29615968465805054,0.3677918314933777,-0.06332116574048996,0.25407010316848755,0.31403204798698425,-0.008763287216424942,0.2054521143436432,0.3231948912143707,-0.04224659129977226,0.26243963837623596,0.3299178183078766,-0.054283563047647476,0.30594730377197266,0.3267979621887207,-0.0537438727915287,0.262783408164978,0.26104506850242615,-0.017662541940808296,0.21679651737213135,0.26503652334213257,-0.048742398619651794,0.2714931070804596,0.2817493677139282,-0.04406124725937843,0.313065767288208,0.28731974959373474,-0.031088560819625854,0.27848392724990845,0.20633992552757263,-0.028414299711585045,0.2334698736667633,0.21006537973880768,-0.045277759432792664,0.2684387266635895,0.23440513014793396,-0.03539180010557175,0.30107226967811584,0.24762210249900818,-0.02226547710597515,No
0.42439523339271545,0.29061445593833923,-5.15891485974862e-07,0.3960791826248169,0.37420323491096497,-0.019584428519010544,0.3551074266433716,0.44569137692451477,-0.035612910985946655,0.32318517565727234,0.49916577339172363,-0.05407749116420746,0.30977964401245117,0.5501186847686768,-0.06990211457014084,0.27591705322265625,0.3613413870334625,-0.008884310722351074,0.2334425151348114,0.36695894598960876,-0.038845907896757126,0.2787904441356659,0.3634610176086426,-0.05809156596660614,0.31838279962539673,0.3599086105823517,-0.06630539894104004,0.2764550447463989,0.3031374514102936,-0.012864131480455399,0.2314176857471466,0.3115127980709076,-0.04549368843436241,0.2878533601760864,0.3183364272117615,-0.056273870170116425,0.3298974931240082,0.31773826479911804,-0.05574020370841026,0.285523921251297,0.248308002948761,-0.021403541788458824,0.2425873875617981,0.250684529542923,-0.051201578229665756,0.2959076762199402,0.26846691966056824,-0.04591207951307297,0.33574357628822327,0.2762013375759125,-0.03362803906202316,0.3013712763786316,0.19295652210712433,-0.03165818378329277,0.26079830527305603,0.19606724381446838,-0.04804404079914093,0.2962172031402588,0.22108133137226105,-0.03857865929603577,0.3273065388202667,0.23489129543304443,-0.02636488899588585,No
0.49600446224212646,0.28783518075942993,-5.789696047031612e-07,0.46271824836730957,0.37491780519485474,-0.016048826277256012,0.4184536337852478,0.45166587829589844,-0.029031995683908463,0.38671573996543884,0.508902907371521,-0.04601695016026497,0.3713997006416321,0.5555066466331482,-0.06106206029653549,0.34302857518196106,0.36270102858543396,0.002957219025120139,0.3011624813079834,0.37265393137931824,-0.026699425652623177,0.3449978232383728,0.36733871698379517,-0.0490514375269413,0.3861486613750458,0.3607323467731476,-0.05939827486872673,0.34254395961761475,0.3047444224357605,-0.0031607472337782383,0.29928067326545715,0.3157389760017395,-0.03603169322013855,0.3543066382408142,0.31996268033981323,-0.05064074695110321,0.39908552169799805,0.31872066855430603,-0.052355170249938965,0.34996914863586426,0.2484581470489502,-0.014321626164019108,0.3082581162452698,0.253276526927948,-0.0439678393304348,0.36211922764778137,0.2697467803955078,-0.04146993160247803,0.40498751401901245,0.2782711088657379,-0.030530361458659172,0.364795058965683,0.19222469627857208,-0.02721794694662094,0.3245687484741211,0.19335255026817322,-0.043121062219142914,0.3590806722640991,0.21914663910865784,-0.03462981805205345,0.3911094069480896,0.23658889532089233,-0.022914739325642586,No
0.5335995554924011,0.3385690152645111,-5.665153821610147e-07,0.5022537112236023,0.43071573972702026,-0.016529137268662453,0.4596099555492401,0.5047255754470825,-0.02960566058754921,0.4236562252044678,0.5561139583587646,-0.04647370055317879,0.4060015082359314,0.5987976789474487,-0.061006393283605576,0.3803946375846863,0.410643994808197,0.002070399234071374,0.3386824131011963,0.4227617383003235,-0.02708573453128338,0.38160693645477295,0.4146742820739746,-0.048520807176828384,0.4205462634563446,0.4060218930244446,-0.0583709254860878,0.3804723918437958,0.3529897928237915,-0.0033522103913128376,0.3360689878463745,0.36802226305007935,-0.03573479875922203,0.39123281836509705,0.36876410245895386,-0.04893329739570618,0.4348599314689636,0.3646204173564911,-0.04981280863285065,0.38826823234558105,0.2968882918357849,-0.013733350671827793,0.3449796736240387,0.3077826499938965,-0.04266120120882988,0.3989759385585785,0.3206089437007904,-0.03855181112885475,0.4407249987125397,0.32514452934265137,-0.02672978676855564,0.4035089910030365,0.23755976557731628,-0.025957563892006874,0.3613346219062805,0.2466258704662323,-0.04122672602534294,0.3951528072357178,0.26914292573928833,-0.032133132219314575,0.4256691038608551,0.2805943489074707,-0.020059306174516678,No
0.6051235198974609,0.45265907049179077,-7.542546427430352e-07,0.5810417532920837,0.5584350824356079,-0.031402587890625,0.5382438898086548,0.6514274477958679,-0.05164721608161926,0.5059899687767029,0.7158035039901733,-0.0715574100613594,0.4856368899345398,0.7741909027099609,-0.08582410216331482,0.41554540395736694,0.5766302347183228,-0.012091794982552528,0.44349485635757446,0.6186331510543823,-0.05365380644798279,0.49657946825027466,0.5975334048271179,-0.08056461066007614,0.5215210318565369,0.571692168712616,-0.09435474872589111,0.4028381407260895,0.514498233795166,-0.01511753723025322,0.44533631205558777,0.5632687211036682,-0.060217633843421936,0.5080607533454895,0.5453878045082092,-0.07545313239097595,0.5268333554267883,0.5183547139167786,-0.07689361274242401,0.41078510880470276,0.4518973231315613,-0.02524758316576481,0.45269161462783813,0.4955795705318451,-0.06669000536203384,0.507701575756073,0.4903953969478607,-0.061295293271541595,0.5193931460380554,0.47101038694381714,-0.047900017350912094,0.42881497740745544,0.3898038864135742,-0.03928446024656296,0.45683303475379944,0.42604339122772217,-0.06183954328298569,0.49590665102005005,0.4349989891052246,-0.05509293079376221,0.5038713216781616,0.4258265197277069,-0.04356084018945694,No
0.6083264350891113,0.4531083106994629,-7.520850431319559e-07,0.583898663520813,0.5589611530303955,-0.029372919350862503,0.5435795187950134,0.6499385833740234,-0.04866398125886917,0.5132544040679932,0.7130208015441895,-0.06788861751556396,0.49200260639190674,0.7691838145256042,-0.08158421516418457,0.42237240076065063,0.5738760828971863,-0.010772762820124626,0.45132505893707275,0.6143322587013245,-0.04936577379703522,0.5042487382888794,0.5925455689430237,-0.0746205747127533,0.5284074544906616,0.5676363706588745,-0.08777451515197754,0.4091606140136719,0.5127456188201904,-0.013820326887071133,0.4508628249168396,0.5607120990753174,-0.05665072426199913,0.5135889053344727,0.5431567430496216,-0.07108068466186523,0.5336702466011047,0.5171372890472412,-0.07254298031330109,0.41620466113090515,0.4511575698852539,-0.023324524983763695,0.4560922086238861,0.49407434463500977,-0.06300327926874161,0.5122702717781067,0.4891761541366577,-0.056684259325265884,0.5271718502044678,0.4705360233783722,-0.0429859459400177,0.43382886052131653,0.39022910594940186,-0.036505378782749176,0.4597355127334595,0.424338698387146,-0.05822381377220154,0.49951601028442383,0.4352973699569702,-0.050564467906951904,0.5098036527633667,0.42794764041900635,-0.038490839302539825,No
0.6123764514923096,0.45420628786087036,-7.553131240456423e-07,0.5850732922554016,0.5610135197639465,-0.028623320162296295,0.5417421460151672,0.6532905697822571,-0.04795393720269203,0.5108308792114258,0.718496561050415,-0.06743351370096207,0.48885577917099,0.7734634876251221,-0.08101256191730499,0.4206293225288391,0.5732033848762512,-0.011935031041502953,0.4444636404514313,0.6180857419967651,-0.05103684216737747,0.49863946437835693,0.5982727408409119,-0.0745764672756195,0.5233708024024963,0.5765509009361267,-0.08634280413389206,0.4090230464935303,0.5114790797233582,-0.01573069766163826,0.44757044315338135,0.565593957901001,-0.061224836856126785,0.5140643119812012,0.5476943850517273,-0.07447518408298492,0.5332008600234985,0.5208199620246887,-0.07415606826543808,0.41728469729423523,0.4491272568702698,-0.02596219815313816,0.45514556765556335,0.496833860874176,-0.06774190068244934,0.5145655870437622,0.4920775890350342,-0.05978119745850563,0.5283370614051819,0.4727606773376465,-0.04429565370082855,0.43580397963523865,0.38792580366134644,-0.03966965526342392,0.4600330889225006,0.42478740215301514,-0.06209547817707062,0.5018455386161804,0.4370361268520355,-0.05330619215965271,0.5111348628997803,0.42889314889907837,-0.040095098316669464,No
0.6141563653945923,0.4564834535121918,-7.614552828272281e-07,0.5870323777198792,0.5631229281425476,-0.031079255044460297,0.5434862375259399,0.6571765542030334,-0.051025986671447754,0.5112134218215942,0.7233089208602905,-0.07056242972612381,0.4895336925983429,0.7770549654960632,-0.08369496464729309,0.41807103157043457,0.5756911635398865,-0.013079626485705376,0.44874775409698486,0.621082067489624,-0.05402468144893646,0.5041102170944214,0.6000684499740601,-0.0788012444972992,0.5292993783950806,0.5760750770568848,-0.0910925418138504,0.4082705080509186,0.5133642554283142,-0.01639757864177227,0.45074430108070374,0.5674574375152588,-0.062449708580970764,0.5160624980926514,0.5508016347885132,-0.07632460445165634,0.5350860953330994,0.5241407752037048,-0.07654237747192383,0.41865718364715576,0.4509392976760864,-0.026641711592674255,0.45931318402290344,0.4984378516674042,-0.06904567033052444,0.5171034336090088,0.4955677390098572,-0.061804112046957016,0.530093789100647,0.4765426516532898,-0.04670398309826851,0.43953925371170044,0.38978609442710876,-0.04074162617325783,0.4627157151699066,0.4257233738899231,-0.06375941634178162,0.5031798481941223,0.4388044476509094,-0.055636633187532425,0.512987494468689,0.4311991333961487,-0.04278497025370598,No
0.6226939558982849,0.457135945558548,-7.492596978408983e-07,0.5934785604476929,0.5646469593048096,-0.029798628762364388,0.5472375154495239,0.6561213135719299,-0.05015819892287254,0.5130336284637451,0.7176344394683838,-0.07025998830795288,0.491096556186676,0.7724464535713196,-0.08363644778728485,0.42027807235717773,0.5757229924201965,-0.015160264447331429,0.4385833144187927,0.6245266795158386,-0.05836610123515129,0.49355947971343994,0.6074010133743286,-0.08262256532907486,0.5182006359100342,0.5845302939414978,-0.09381335228681564,0.410675585269928,0.5135954022407532,-0.01898648403584957,0.45292720198631287,0.5689340829849243,-0.06821144372224808,0.520007848739624,0.5539906024932861,-0.08084440231323242,0.5360997915267944,0.5280089378356934,-0.07900739461183548,0.4221627712249756,0.45096200704574585,-0.029928753152489662,0.4679536521434784,0.497185081243515,-0.07295230031013489,0.5244551301002502,0.4951236844062805,-0.06385482847690582,0.5324734449386597,0.4769494831562042,-0.04729406163096428,0.4435352087020874,0.39037024974823,-0.044726788997650146,0.47359132766723633,0.42555564641952515,-0.0663144513964653,0.5128409266471863,0.43603596091270447,-0.05742749199271202,0.5167461633682251,0.42579716444015503,-0.044005751609802246,No
0.6574857831001282,0.3660426139831543,-7.9977985478763e-07,0.6250182390213013,0.4732632040977478,-0.03241890296339989,0.5760327577590942,0.5734872817993164,-0.05692950636148453,0.5459863543510437,0.6501561403274536,-0.08195361495018005,0.5325351357460022,0.7176856994628906,-0.10125076025724411,0.4385635256767273,0.48817944526672363,-0.01986839435994625,0.44095954298973083,0.5283673405647278,-0.06537581235170364,0.5067042708396912,0.5084505081176758,-0.09444497525691986,0.5421522855758667,0.48824542760849,-0.10922698676586151,0.42773276567459106,0.41675907373428345,-0.02375674620270729,0.46008360385894775,0.4626782536506653,-0.07466979324817657,0.5327965617179871,0.4506474435329437,-0.0918741375207901,0.5600936412811279,0.4294636845588684,-0.09340178221464157,0.43942221999168396,0.3456656336784363,-0.03439190611243248,0.47416365146636963,0.3844749927520752,-0.07822152227163315,0.5382341742515564,0.38981467485427856,-0.07251002639532089,0.5599455237388611,0.3807510435581207,-0.05818556621670723,0.46155840158462524,0.27709877490997314,-0.04893447458744049,0.48588475584983826,0.30641403794288635,-0.07148700952529907,0.5297878980636597,0.3255336880683899,-0.06347654014825821,0.5431638360023499,0.3247181177139282,-0.05054190009832382,No
0.6618120074272156,0.36455145478248596,-8.17889542759076e-07,0.6281710267066956,0.470547080039978,-0.032193347811698914,0.575950026512146,0.5717989206314087,-0.054754722863435745,0.5445136427879333,0.6480269432067871,-0.07778012007474899,0.5315606594085693,0.7137625217437744,-0.09452327340841293,0.44006210565567017,0.4853935241699219,-0.018968626856803894,0.4416923522949219,0.5256601572036743,-0.06514190882444382,0.5090699195861816,0.5063109993934631,-0.09219928830862045,0.5448738932609558,0.4858468770980835,-0.10448987782001495,0.4299964904785156,0.4127935469150543,-0.022124813869595528,0.46413788199424744,0.4624781608581543,-0.07327466458082199,0.5381985902786255,0.4502231180667877,-0.0876883938908577,0.5642523765563965,0.4279640316963196,-0.08648278564214706,0.44129806756973267,0.34123989939689636,-0.032454896718263626,0.4808766841888428,0.3841805160045624,-0.07710647583007812,0.5460898280143738,0.3884774446487427,-0.0701187327504158,0.5671514868736267,0.37877291440963745,-0.05408652871847153,0.462368905544281,0.272779643535614,-0.046670034527778625,0.4920424222946167,0.3067021071910858,-0.06868623942136765,0.5374864339828491,0.32486069202423096,-0.060149043798446655,0.5505512952804565,0.3225878179073334,-0.046395450830459595,No
0.6651178598403931,0.36324772238731384,-8.084475098257826e-07,0.6293330192565918,0.47118595242500305,-0.03342954069375992,0.5751774311065674,0.5741580128669739,-0.056159235537052155,0.5425592064857483,0.6521835923194885,-0.07940031588077545,0.5260090827941895,0.7179923057556152,-0.09604940563440323,0.4410074055194855,0.48777154088020325,-0.018339619040489197,0.4400985836982727,0.529492199420929,-0.06515168398618698,0.5064346790313721,0.510737419128418,-0.09249654412269592,0.5412627458572388,0.49089768528938293,-0.10514015704393387,0.43088778853416443,0.41481471061706543,-0.021620335057377815,0.46488088369369507,0.46563637256622314,-0.07455027103424072,0.5395114421844482,0.45334863662719727,-0.08995657414197922,0.5655127167701721,0.4306638836860657,-0.08898436278104782,0.4424184560775757,0.3422093987464905,-0.03248123824596405,0.4814980924129486,0.3867747187614441,-0.07911048084497452,0.5476760268211365,0.39028072357177734,-0.07256389409303665,0.5683622360229492,0.3784566819667816,-0.056307632476091385,0.4640275537967682,0.2718782424926758,-0.04743269085884094,0.49305838346481323,0.30705416202545166,-0.07156194001436234,0.5390579700469971,0.32627958059310913,-0.06394892930984497,0.5518448352813721,0.3238658607006073,-0.050478775054216385,No
0.664633572101593,0.36482977867126465,-8.033685503505694e-07,0.6297378540039062,0.47381070256233215,-0.031445179134607315,0.5780693292617798,0.5739837288856506,-0.05414867028594017,0.545065701007843,0.649760365486145,-0.07782750576734543,0.5273478031158447,0.7167506217956543,-0.09551583230495453,0.4447943866252899,0.4891713857650757,-0.01595042645931244,0.45051440596580505,0.5338147878646851,-0.06304309517145157,0.5156577825546265,0.5128998160362244,-0.09243506193161011,0.5493158102035522,0.49083182215690613,-0.10667945444583893,0.43447428941726685,0.41714227199554443,-0.020184911787509918,0.46906715631484985,0.4696228802204132,-0.07256199419498444,0.5410428643226624,0.45443984866142273,-0.08941652625799179,0.5673559904098511,0.4307682514190674,-0.08987737447023392,0.44481152296066284,0.3454182744026184,-0.031720973551273346,0.48401936888694763,0.3911550045013428,-0.07792157679796219,0.5486122965812683,0.39259201288223267,-0.07243695855140686,0.5697823762893677,0.3808461129665375,-0.057024966925382614,0.4650481343269348,0.27628636360168457,-0.047065369784832,0.49379855394363403,0.3135194778442383,-0.07088957726955414,0.5375943183898926,0.3287869989871979,-0.06349779665470123,0.5498907566070557,0.32381147146224976,-0.05021870136260986,No
0.6711522340774536,0.3623315393924713,-8.236329449573532e-07,0.6360589265823364,0.46951669454574585,-0.036170609295368195,0.5849259495735168,0.5721654891967773,-0.06186113879084587,0.5529929399490356,0.6512755155563354,-0.08708050101995468,0.5344290137290955,0.719651460647583,-0.10570380091667175,0.4473196864128113,0.4823817014694214,-0.023446017876267433,0.457989901304245,0.5282601118087769,-0.07149853557348251,0.5212888121604919,0.5136021971702576,-0.10006766021251678,0.5519537329673767,0.49324414134025574,-0.11417455971240997,0.43727320432662964,0.40968215465545654,-0.02641449123620987,0.47866091132164,0.4615561366081238,-0.08006007224321365,0.5496924519538879,0.45265883207321167,-0.09669952839612961,0.5703189969062805,0.43003588914871216,-0.0975128635764122,0.4493391215801239,0.33815231919288635,-0.036827728152275085,0.494627982378006,0.38342320919036865,-0.0844193696975708,0.5570736527442932,0.3880913555622101,-0.07831206172704697,0.5714851021766663,0.3748842775821686,-0.06323413550853729,0.471931517124176,0.26928889751434326,-0.05160753056406975,0.5039594769477844,0.30470430850982666,-0.07757768034934998,0.5479238033294678,0.3206929564476013,-0.07059375196695328,0.5567598938941956,0.31447863578796387,-0.05787031352519989,No
0.6802282929420471,0.3686385750770569,-7.679314535380399e-07,0.6400821208953857,0.48155516386032104,-0.03262599930167198,0.5885170102119446,0.5841995477676392,-0.05615198239684105,0.5571816563606262,0.662129282951355,-0.07980071753263474,0.5392197370529175,0.7280343770980835,-0.09784857928752899,0.45393356680870056,0.49198007583618164,-0.016227636486291885,0.4795120358467102,0.5458741188049316,-0.06231912598013878,0.537731409072876,0.5250792503356934,-0.0935702919960022,0.5625674724578857,0.49860453605651855,-0.11061422526836395,0.4437604546546936,0.4202549159526825,-0.020418940111994743,0.48828938603401184,0.48103123903274536,-0.07206561416387558,0.5553036332130432,0.46550682187080383,-0.09095985442399979,0.5770599842071533,0.43738627433776855,-0.09395244717597961,0.4557187259197235,0.3497573137283325,-0.03166835755109787,0.5016912221908569,0.400857150554657,-0.07636672258377075,0.5612330436706543,0.4020374119281769,-0.07126446813344955,0.5772693753242493,0.38672327995300293,-0.05733271315693855,0.4786691665649414,0.28189677000045776,-0.047334540635347366,0.5114865899085999,0.32051244378089905,-0.07069606333971024,0.552423894405365,0.33475959300994873,-0.06383442878723145,0.560634970664978,0.32702338695526123,-0.05175655335187912,No
0.6793929934501648,0.36424314975738525,-8.083376883405435e-07,0.6413776278495789,0.4775782823562622,-0.03377369046211243,0.5887287259101868,0.5812519788742065,-0.05717380717396736,0.5557165741920471,0.6571870446205139,-0.0807468444108963,0.5384858250617981,0.7219195365905762,-0.09752722084522247,0.45092660188674927,0.48764100670814514,-0.019191358238458633,0.46324753761291504,0.5351129770278931,-0.06695541739463806,0.5281933546066284,0.5159143805503845,-0.09562306851148605,0.5582901239395142,0.4908912479877472,-0.10949814319610596,0.4416545033454895,0.4142082929611206,-0.022503260523080826,0.48803839087486267,0.4709503948688507,-0.07630546391010284,0.5582107305526733,0.4580059349536896,-0.09260127693414688,0.5790308713912964,0.43134427070617676,-0.09246199578046799,0.4540899991989136,0.3433518707752228,-0.033372726291418076,0.5056211352348328,0.3938755393028259,-0.08002861589193344,0.5663713216781616,0.3960193395614624,-0.0741538554430008,0.5813456177711487,0.38123658299446106,-0.058595072478055954,0.4764953553676605,0.27608686685562134,-0.04861459136009216,0.5143073797225952,0.315796434879303,-0.07302165776491165,0.5556994676589966,0.3302355408668518,-0.06636149436235428,0.5636659264564514,0.32284408807754517,-0.05344066396355629,No
0.6782832741737366,0.3647869825363159,-8.32830153285613e-07,0.6423860192298889,0.4737103581428528,-0.031854309141635895,0.5887725353240967,0.5757538676261902,-0.05412351340055466,0.5547925233840942,0.6512890458106995,-0.07747315615415573,0.5344855189323425,0.7166379690170288,-0.09467159956693649,0.4545687139034271,0.48664090037345886,-0.01579124666750431,0.45301389694213867,0.5282144546508789,-0.06246252357959747,0.5183629989624023,0.513660728931427,-0.09138266742229462,0.5558350086212158,0.4943092167377472,-0.10503280907869339,0.44529855251312256,0.41363224387168884,-0.019760316237807274,0.4813757836818695,0.4638725519180298,-0.0710793137550354,0.5531796813011169,0.45278841257095337,-0.08849045634269714,0.5817473530769348,0.43098485469818115,-0.08955339342355728,0.45665672421455383,0.3416048288345337,-0.031187113374471664,0.4982093572616577,0.38650068640708923,-0.07614147663116455,0.561546266078949,0.3901251554489136,-0.0719500184059143,0.5846273899078369,0.37984296679496765,-0.05774163827300072,0.4773491621017456,0.27147340774536133,-0.046615418046712875,0.5051567554473877,0.3083893060684204,-0.0707004964351654,0.5488675832748413,0.3255231976509094,-0.0643732026219368,0.563557505607605,0.3227077126502991,-0.05169253796339035,No
0.6718147993087769,0.36413541436195374,-7.953786962389131e-07,0.6357719898223877,0.4775397777557373,-0.03556705266237259,0.5855444669723511,0.5784043073654175,-0.060973335057497025,0.5527783632278442,0.6546183228492737,-0.08597231656312943,0.5337351560592651,0.7220128178596497,-0.10465922951698303,0.4450313448905945,0.48321419954299927,-0.022573377937078476,0.46889087557792664,0.5355075597763062,-0.07081963121891022,0.5315974950790405,0.5126223564147949,-0.10172546654939651,0.5586863160133362,0.48584017157554626,-0.11767246574163437,0.43524453043937683,0.4109276533126831,-0.025260282680392265,0.4877665638923645,0.4717220962047577,-0.07857456803321838,0.5554677248001099,0.45616284012794495,-0.09653253853321075,0.5756420493125916,0.42997217178344727,-0.0986880362033844,0.4482095241546631,0.34120655059814453,-0.03518657386302948,0.5022059082984924,0.39339423179626465,-0.08202296495437622,0.5614827275276184,0.395785391330719,-0.07690740376710892,0.5770959854125977,0.38316023349761963,-0.06248488649725914,0.471588671207428,0.27606433629989624,-0.04957394301891327,0.5094430446624756,0.3146945536136627,-0.07500016689300537,0.5497909784317017,0.32823145389556885,-0.06885185092687607,0.5578907132148743,0.32115238904953003,-0.056523434817790985,No
0.6752515435218811,0.3828616738319397,-8.270375246866024e-07,0.6391432285308838,0.4954587519168854,-0.03163736313581467,0.5871576070785522,0.5981546640396118,-0.05305643752217293,0.5544258952140808,0.6728150844573975,-0.07497690618038177,0.533719539642334,0.7361893653869629,-0.09152211993932724,0.4557674527168274,0.5045580863952637,-0.015390670858323574,0.48223668336868286,0.5499282479286194,-0.0616564005613327,0.5423310995101929,0.5267410278320312,-0.09197010099887848,0.5701432824134827,0.501500129699707,-0.10712782293558121,0.4457211196422577,0.43068403005599976,-0.01931137964129448,0.4911491572856903,0.48444828391075134,-0.06977769732475281,0.5589928030967712,0.471595823764801,-0.08756659179925919,0.5841937065124512,0.44748327136039734,-0.08956819027662277,0.4558457136154175,0.3587470054626465,-0.03025157004594803,0.5008487701416016,0.40775543451309204,-0.07615121454000473,0.5631542801856995,0.4109533131122589,-0.07152005285024643,0.5850958824157715,0.3980364501476288,-0.05679035559296608,0.4762709438800812,0.28947073221206665,-0.04517194628715515,0.506097137928009,0.32850849628448486,-0.06998136639595032,0.5494679808616638,0.3448832631111145,-0.062777079641819,0.5635080933570862,0.33986562490463257,-0.04939825460314751,No
0.6821095943450928,0.3804544508457184,-7.948998472784297e-07,0.6451005935668945,0.4928492605686188,-0.03345198556780815,0.5954452157020569,0.5990726947784424,-0.056145887821912766,0.5626906752586365,0.6779676675796509,-0.07911926507949829,0.5409547090530396,0.74394690990448,-0.09715459495782852,0.4680979251861572,0.5061724185943604,-0.017230452969670296,0.48748505115509033,0.5609057545661926,-0.06574184447526932,0.542316198348999,0.5392909049987793,-0.09874256700277328,0.5715528130531311,0.5115623474121094,-0.11569084972143173,0.4555929899215698,0.4322091042995453,-0.020211316645145416,0.4980485439300537,0.4932566285133362,-0.07263737171888351,0.5643929243087769,0.4767674207687378,-0.09278564900159836,0.5908890962600708,0.44788306951522827,-0.0965600535273552,0.4643804430961609,0.36015987396240234,-0.030437037348747253,0.5089812278747559,0.4137967824935913,-0.07693717628717422,0.5689116716384888,0.41456297039985657,-0.07395055145025253,0.5901821851730347,0.3994264304637909,-0.060761597007513046,0.48463308811187744,0.29175853729248047,-0.04490534961223602,0.5160472393035889,0.334515243768692,-0.07058034837245941,0.5571379661560059,0.34664157032966614,-0.06542812287807465,0.5690129995346069,0.3379918932914734,-0.053978029638528824,No
0.684711754322052,0.3790607452392578,-7.868332545513113e-07,0.6466683149337769,0.4933030903339386,-0.03464363142848015,0.596133828163147,0.596872091293335,-0.058167994022369385,0.5622007250785828,0.6734227538108826,-0.08141253888607025,0.5408191680908203,0.7374662160873413,-0.09930932521820068,0.4637097120285034,0.4998883605003357,-0.019096149131655693,0.4926164150238037,0.5541063547134399,-0.06633563339710236,0.5506142973899841,0.5297015905380249,-0.09782724827528,0.5766982436180115,0.5006171464920044,-0.11416212469339371,0.4524174928665161,0.4247366189956665,-0.021684492006897926,0.5004685521125793,0.4878833591938019,-0.07293529808521271,0.5672447681427002,0.472793310880661,-0.09193550050258636,0.5906228423118591,0.44564446806907654,-0.09526550024747849,0.46340805292129517,0.352575421333313,-0.03132764622569084,0.5111896991729736,0.4098536968231201,-0.07733799517154694,0.5712022185325623,0.41199302673339844,-0.07360055297613144,0.5911648869514465,0.39791980385780334,-0.06010591238737106,0.48565736413002014,0.2848131060600281,-0.04533994942903519,0.5194560289382935,0.32958918809890747,-0.07084280252456665,0.5608057975769043,0.34453365206718445,-0.0651838555932045,0.5728387236595154,0.3379356265068054,-0.05324670299887657,No
0.6845232248306274,0.38136374950408936,-8.125080057652667e-07,0.6470946073532104,0.49479562044143677,-0.03379205986857414,0.5960650444030762,0.59772127866745,-0.05671883374452591,0.5624433159828186,0.6740898489952087,-0.07964033633470535,0.5424730181694031,0.7379107475280762,-0.09727055579423904,0.4648689329624176,0.4994466304779053,-0.01858196035027504,0.4892752766609192,0.5505068898200989,-0.06536777317523956,0.548279881477356,0.5276237726211548,-0.09710938483476639,0.5796726942062378,0.5009474158287048,-0.11335147172212601,0.4547935724258423,0.4257557988166809,-0.021259624511003494,0.4997944235801697,0.48493561148643494,-0.07203793525695801,0.5662683248519897,0.4706476926803589,-0.09186339378356934,0.5942685008049011,0.44550156593322754,-0.09574391692876816,0.46634185314178467,0.3546135127544403,-0.030820811167359352,0.5108919739723206,0.40561336278915405,-0.07528781145811081,0.5699097514152527,0.4091675877571106,-0.07194556295871735,0.5932512283325195,0.398151695728302,-0.05892019718885422,0.48925185203552246,0.28734439611434937,-0.044732410460710526,0.5191985368728638,0.32456159591674805,-0.06894884258508682,0.5591967701911926,0.34116131067276,-0.06316062808036804,0.5727158188819885,0.33853772282600403,-0.05136122182011604,No
0.6859747171401978,0.3765537738800049,-8.098242005871725e-07,0.6475376486778259,0.4910294711589813,-0.03208991140127182,0.5973150730133057,0.59641432762146,-0.054353225976228714,0.5633755922317505,0.6738252639770508,-0.07717932760715485,0.5413400530815125,0.7376101613044739,-0.0950050875544548,0.46719154715538025,0.4966634511947632,-0.014343482442200184,0.49050629138946533,0.5547370910644531,-0.06141616031527519,0.5459404587745667,0.5345929265022278,-0.09438543766736984,0.5741863250732422,0.506367564201355,-0.11192408204078674,0.45533132553100586,0.42432624101638794,-0.017945826053619385,0.49986496567726135,0.4881703555583954,-0.06933674216270447,0.5659034252166748,0.4716503620147705,-0.08985938876867294,0.591316819190979,0.44139978289604187,-0.09414464980363846,0.46528321504592896,0.3538218140602112,-0.02860065922141075,0.5110931992530823,0.408744752407074,-0.07294604927301407,0.5694888234138489,0.4098668098449707,-0.06986842304468155,0.5884498953819275,0.39408737421035767,-0.057294391095638275,0.4869714081287384,0.2866484224796295,-0.04370137304067612,0.519730806350708,0.32749563455581665,-0.0676078051328659,0.5592617392539978,0.3413246273994446,-0.06255345791578293,0.5692863464355469,0.3341938257217407,-0.051635388284921646,No
0.6893197298049927,0.37703144550323486,-8.131823960866313e-07,0.6486008763313293,0.4927578270435333,-0.033363111317157745,0.5974608659744263,0.5975257754325867,-0.057192180305719376,0.5636160969734192,0.6748466491699219,-0.08132337778806686,0.5434289574623108,0.7414506673812866,-0.09992684423923492,0.4596864581108093,0.49951064586639404,-0.01796419732272625,0.4851114749908447,0.553822934627533,-0.0669092908501625,0.5461266040802002,0.5279812216758728,-0.10022327303886414,0.5754507184028625,0.4990479648113251,-0.11751727014780045,0.4485079050064087,0.42540261149406433,-0.021525315940380096,0.4994857609272003,0.4889744818210602,-0.07475733011960983,0.5672565698623657,0.4715254306793213,-0.09531879425048828,0.5938435792922974,0.44484660029411316,-0.09922651201486588,0.4602139890193939,0.3536878526210785,-0.03225110471248627,0.5130805969238281,0.4115266501903534,-0.07921714335680008,0.5736094117164612,0.41181421279907227,-0.0763629600405693,0.5965453386306763,0.39880886673927307,-0.06305879354476929,0.4832272231578827,0.286545991897583,-0.047306325286626816,0.5214061737060547,0.3330196738243103,-0.07379782199859619,0.562825620174408,0.346474826335907,-0.06892352551221848,0.5764609575271606,0.34023934602737427,-0.05701985955238342,No
0.6906553506851196,0.3805011510848999,-8.207248356484342e-07,0.6530221104621887,0.49178779125213623,-0.03219377622008324,0.5989794731140137,0.5950674414634705,-0.05369080975651741,0.5651330947875977,0.673043966293335,-0.07544936239719391,0.5452175736427307,0.7405169010162354,-0.09208045899868011,0.4678800702095032,0.49999094009399414,-0.014741363003849983,0.49713513255119324,0.5519444942474365,-0.06118691712617874,0.555355429649353,0.5265007615089417,-0.09306182712316513,0.5810042023658752,0.496930867433548,-0.10977783054113388,0.4567927122116089,0.42589718103408813,-0.017964521422982216,0.5061349272727966,0.48688235878944397,-0.06739547848701477,0.5723072290420532,0.4700985550880432,-0.08579804748296738,0.5947660803794861,0.44257625937461853,-0.08918143808841705,0.4674210250377655,0.35380449891090393,-0.02825087308883667,0.5146585702896118,0.40869423747062683,-0.07269411534070969,0.5747439861297607,0.4103595018386841,-0.06849709153175354,0.5947533845901489,0.3968959450721741,-0.05507269874215126,0.4887946844100952,0.2849917411804199,-0.04274511709809303,0.5201489329338074,0.3271717131137848,-0.06709441542625427,0.5622233152389526,0.34428244829177856,-0.060854729264974594,0.5756221413612366,0.3405373692512512,-0.04870527982711792,No
0.6902061700820923,0.3798367381095886,-8.290489290629921e-07,0.6506919264793396,0.495788037776947,-0.03165147826075554,0.5986825227737427,0.6002945303916931,-0.053560663014650345,0.564728856086731,0.676170289516449,-0.07623586803674698,0.543683648109436,0.7407821416854858,-0.09395165741443634,0.4667041003704071,0.4980820119380951,-0.013279101811349392,0.49483752250671387,0.5551787614822388,-0.06143178045749664,0.5526931285858154,0.5337193608283997,-0.09615328907966614,0.5810525417327881,0.5048787593841553,-0.11460695415735245,0.45469942688941956,0.424350768327713,-0.017056439071893692,0.505143404006958,0.48966965079307556,-0.06823177635669708,0.5695793032646179,0.4740551710128784,-0.0897345095872879,0.5945547223091125,0.4458693265914917,-0.09510762989521027,0.4647026062011719,0.35327431559562683,-0.027996398508548737,0.5158177614212036,0.41220778226852417,-0.07306694239377975,0.5740073919296265,0.41372016072273254,-0.07131026685237885,0.5957134962081909,0.3992472290992737,-0.0594676174223423,0.48607879877090454,0.28639400005340576,-0.0433451384305954,0.5225154757499695,0.3328319787979126,-0.0688251331448555,0.562709391117096,0.34711629152297974,-0.06480853259563446,0.5758134722709656,0.3407371938228607,-0.054106853902339935,No
0.5892364978790283,0.4238545298576355,-5.580689617090684e-07,0.5683395862579346,0.52247154712677,-0.013296355493366718,0.5349061489105225,0.6078749895095825,-0.023887498304247856,0.5146915912628174,0.6677179336547852,-0.03884109482169151,0.5141370296478271,0.7221167087554932,-0.051626790314912796,0.4396814703941345,0.5516348481178284,0.009561428800225258,0.4063642621040344,0.5717310905456543,-0.021882014349102974,0.4469492435455322,0.5553169846534729,-0.04459370672702789,0.4865001142024994,0.535394012928009,-0.05398040637373924,0.4290473461151123,0.4967974126338959,0.002878838451579213,0.39922642707824707,0.5196380019187927,-0.03159589692950249,0.45751166343688965,0.5017634034156799,-0.04486722871661186,0.4994008541107178,0.4809027314186096,-0.04369102045893669,0.428855299949646,0.43938466906547546,-0.00926778931170702,0.398014634847641,0.45908641815185547,-0.04143020883202553,0.45635226368904114,0.45252469182014465,-0.03691617399454117,0.4972904324531555,0.44108837842941284,-0.022667676210403442,0.43706604838371277,0.3785201907157898,-0.022719508036971092,0.40168288350105286,0.3984985649585724,-0.03943418338894844,0.4431705176830292,0.4080832600593567,-0.028871608898043633,0.47621452808380127,0.40775230526924133,-0.014330042526125908,No
0.5822818279266357,0.40741968154907227,-5.408218726188352e-07,0.5605610013008118,0.5114891529083252,-0.014945567585527897,0.5260878801345825,0.5967212319374084,-0.02594979852437973,0.5051183700561523,0.6562793254852295,-0.041122715920209885,0.5047003626823425,0.710342526435852,-0.054026249796152115,0.43407922983169556,0.5425910949707031,0.007222925778478384,0.3987674117088318,0.5550215840339661,-0.024532247334718704,0.43966060876846313,0.5336233377456665,-0.0471353605389595,0.4816257357597351,0.5142467021942139,-0.05632016435265541,0.4247381389141083,0.48421281576156616,0.0011566358152776957,0.3920004963874817,0.5013290047645569,-0.03444454446434975,0.4498824179172516,0.48323071002960205,-0.04866759479045868,0.4949733316898346,0.4657753109931946,-0.04813790321350098,0.425219863653183,0.4246875047683716,-0.01041716430336237,0.39101672172546387,0.43805059790611267,-0.04462059959769249,0.44908076524734497,0.43199285864830017,-0.041678402572870255,0.4935958981513977,0.42375054955482483,-0.02787322923541069,0.4335003197193146,0.362979531288147,-0.023249464109539986,0.3947027027606964,0.3776834011077881,-0.04245790094137192,0.43501415848731995,0.38559940457344055,-0.0333852618932724,0.47027045488357544,0.38704943656921387,-0.019475765526294708,No
0.5906409025192261,0.4169963598251343,-5.649551440001233e-07,0.5701141953468323,0.5156396627426147,-0.0164487361907959,0.5362204313278198,0.5995025634765625,-0.028927676379680634,0.5131902694702148,0.659550666809082,-0.04575170576572418,0.5101496577262878,0.7153642177581787,-0.060133639723062515,0.44171494245529175,0.5469158887863159,0.009238170459866524,0.4063451588153839,0.5698906779289246,-0.02437753602862358,0.45027780532836914,0.5530647039413452,-0.04898018762469292,0.49100324511528015,0.5331463813781738,-0.05942479148507118,0.43177494406700134,0.491709440946579,0.0031597770284861326,0.39842188358306885,0.5155359506607056,-0.03438578546047211,0.4580744206905365,0.4993123412132263,-0.049930818378925323,0.5016765594482422,0.4792371392250061,-0.04953879117965698,0.43152275681495667,0.4338904619216919,-0.008946925401687622,0.39783674478530884,0.45446446537971497,-0.04381323233246803,0.4572575092315674,0.4494757056236267,-0.040847405791282654,0.4998363256454468,0.4382862448692322,-0.026668457314372063,0.4386787712574005,0.3720936179161072,-0.02263914979994297,0.40251481533050537,0.39540648460388184,-0.04083692282438278,0.444038987159729,0.404768168926239,-0.031138993799686432,0.4777631163597107,0.4027198553085327,-0.01669817790389061,No
0.5968507528305054,0.433514267206192,-5.691682645192486e-07,0.5776259303092957,0.5349540710449219,-0.013491087593138218,0.5437856912612915,0.6199653148651123,-0.024057989940047264,0.5186560153961182,0.679662823677063,-0.03960603103041649,0.5169026851654053,0.734801173210144,-0.05286116153001785,0.4523964822292328,0.5626428127288818,0.012445340864360332,0.4148975908756256,0.5863073468208313,-0.019412443041801453,0.45914334058761597,0.5677217841148376,-0.041945502161979675,0.49886006116867065,0.5473890900611877,-0.05116599053144455,0.44067320227622986,0.5090832710266113,0.005166681949049234,0.4057658910751343,0.5362110137939453,-0.03068254515528679,0.4660385847091675,0.5182313919067383,-0.044910963624715805,0.5066363215446472,0.4963564872741699,-0.04388725757598877,0.4382643401622772,0.452609121799469,-0.007875176146626472,0.40090471506118774,0.4754670560359955,-0.04092882201075554,0.4610022008419037,0.46789848804473877,-0.03655212000012398,0.5017136335372925,0.454473078250885,-0.021813882514834404,0.4434874355792999,0.39132994413375854,-0.022372663021087646,0.4051801264286041,0.4153490662574768,-0.03894932195544243,0.44670259952545166,0.42286089062690735,-0.02823755331337452,0.47861963510513306,0.4188757836818695,-0.01338818110525608,No
0.5977381467819214,0.44098806381225586,-5.783575716122868e-07,0.5777748823165894,0.5412474274635315,-0.01250979583710432,0.5442630052566528,0.6254470348358154,-0.022238275036215782,0.5196268558502197,0.6840812563896179,-0.03687877207994461,0.5172410607337952,0.7383106350898743,-0.04921575263142586,0.45182004570961,0.5699484348297119,0.014042014256119728,0.41817769408226013,0.5913155674934387,-0.015572261065244675,0.4625251591205597,0.5717745423316956,-0.03738477826118469,0.5012413263320923,0.5500368475914001,-0.04679369926452637,0.4398622214794159,0.5157830715179443,0.00676257349550724,0.4077269434928894,0.543362557888031,-0.026466993615031242,0.46692055463790894,0.525255560874939,-0.039681486785411835,0.5073268413543701,0.5018652081489563,-0.03876969963312149,0.4381926953792572,0.45883917808532715,-0.0060936156660318375,0.40412071347236633,0.48296985030174255,-0.03693915531039238,0.462552934885025,0.47564348578453064,-0.03217565268278122,0.5027368068695068,0.46157076954841614,-0.018021276220679283,0.4445955455303192,0.39677420258522034,-0.02038385346531868,0.4071674048900604,0.42148923873901367,-0.03601062670350075,0.4483053386211395,0.4308038055896759,-0.02529737539589405,0.48083165287971497,0.4282400906085968,-0.010920288972556591,No
0.6018235087394714,0.45029398798942566,-6.020262048878067e-07,0.5817354321479797,0.5466980338096619,-0.012257115915417671,0.5471420884132385,0.6318187713623047,-0.022831730544567108,0.5222322344779968,0.6909996271133423,-0.038048628717660904,0.5150159597396851,0.7446398138999939,-0.05090709403157234,0.4538785517215729,0.5775914788246155,0.009839284233748913,0.41978636384010315,0.6060542464256287,-0.02253704145550728,0.4654824137687683,0.5876756906509399,-0.04564657807350159,0.5054404735565186,0.5668274164199829,-0.055319808423519135,0.44265419244766235,0.5243171453475952,0.0022295641247183084,0.4102868139743805,0.5585089921951294,-0.03351806849241257,0.4719157814979553,0.5393968820571899,-0.04699808731675148,0.5135430097579956,0.5149903893470764,-0.045721858739852905,0.4407689869403839,0.4666721820831299,-0.010716509073972702,0.4063987135887146,0.4962911009788513,-0.04337882995605469,0.46764427423477173,0.487202912569046,-0.03786313161253929,0.5080346465110779,0.4716265797615051,-0.022861823439598083,0.4462588429450989,0.4034765958786011,-0.024968916550278664,0.4105168879032135,0.43167033791542053,-0.04223170131444931,0.4537177085876465,0.4400871992111206,-0.031356628984212875,0.48519599437713623,0.43586593866348267,-0.01640739105641842,No
0.6002036929130554,0.45190003514289856,-6.11741484135564e-07,0.578203022480011,0.5531530380249023,-0.0103879040107131,0.5420567393302917,0.6384695768356323,-0.018948059529066086,0.5186171531677246,0.6999578475952148,-0.03278537839651108,0.5142638087272644,0.7537857890129089,-0.044250067323446274,0.44956058263778687,0.5791941285133362,0.0164540633559227,0.4169541895389557,0.6067652702331543,-0.014432081021368504,0.46367156505584717,0.5865786671638489,-0.03697608783841133,0.5045135021209717,0.5644773840904236,-0.04639146476984024,0.43849000334739685,0.5272582173347473,0.00821187999099493,0.40770652890205383,0.5617659687995911,-0.026522263884544373,0.4702979624271393,0.5428151488304138,-0.03986148536205292,0.5109322667121887,0.5168823003768921,-0.038358040153980255,0.43739399313926697,0.47067078948020935,-0.005681715440005064,0.4047269821166992,0.5008262395858765,-0.037149205803871155,0.465005099773407,0.49197790026664734,-0.031874801963567734,0.5032178163528442,0.4745609164237976,-0.01710791140794754,0.443834125995636,0.4080783724784851,-0.020852191373705864,0.40764909982681274,0.43641793727874756,-0.03648214787244797,0.450332373380661,0.44488900899887085,-0.025348834693431854,0.48051151633262634,0.4385356307029724,-0.010509353131055832,No
0.5986243486404419,0.4551311731338501,-6.200167490533204e-07,0.5765021443367004,0.5579820871353149,-0.010898533277213573,0.5408816337585449,0.6428414583206177,-0.02006104402244091,0.5160391330718994,0.7026243209838867,-0.03450416773557663,0.5112282037734985,0.755511462688446,-0.04634896665811539,0.4452002942562103,0.5824821591377258,0.01682228408753872,0.41188845038414,0.6078412532806396,-0.015009448863565922,0.4589554965496063,0.5857198238372803,-0.0382482074201107,0.5009167194366455,0.5627235174179077,-0.04778250679373741,0.4343178868293762,0.53035569190979,0.008678371086716652,0.4045215845108032,0.5646324157714844,-0.02710575796663761,0.46760350465774536,0.5448371171951294,-0.04107615351676941,0.5092447400093079,0.5191460847854614,-0.03967222943902016,0.4329349398612976,0.4741068184375763,-0.0052838679403066635,0.3999076187610626,0.5057520270347595,-0.037695471197366714,0.46149903535842896,0.49588966369628906,-0.03198617696762085,0.5013899207115173,0.4775169789791107,-0.016531672328710556,0.43951714038848877,0.4115449786186218,-0.020674867555499077,0.4047504663467407,0.44205212593078613,-0.03764762729406357,0.4491107761859894,0.4496396481990814,-0.026492880657315254,0.4807669222354889,0.4421676695346832,-0.011090858839452267,No
0.5936948657035828,0.46061986684799194,-6.22361028490559e-07,0.5727088451385498,0.5625458359718323,-0.012304062955081463,0.5372268557548523,0.649371325969696,-0.022323815152049065,0.5121117830276489,0.710151731967926,-0.03718392178416252,0.5091425776481628,0.7640640735626221,-0.04978695511817932,0.44103553891181946,0.5932179093360901,0.014030909165740013,0.41190749406814575,0.6250565648078918,-0.017782792448997498,0.4601899981498718,0.6030521988868713,-0.041241440922021866,0.4995436668395996,0.5789021849632263,-0.051438260823488235,0.42883819341659546,0.5383405685424805,0.006382959894835949,0.3997842073440552,0.5751365423202515,-0.02913271076977253,0.4634106755256653,0.5537683963775635,-0.04274648800492287,0.5052500367164612,0.5264246463775635,-0.04147116094827652,0.42668023705482483,0.4789048135280609,-0.006925793364644051,0.39396122097969055,0.5133522748947144,-0.03881067410111427,0.4567527174949646,0.5020124912261963,-0.03273014724254608,0.497335284948349,0.48231077194213867,-0.017486345022916794,0.4329524040222168,0.41307809948921204,-0.021811068058013916,0.4006764590740204,0.4477021396160126,-0.038215745240449905,0.44598856568336487,0.4547412395477295,-0.02705816552042961,0.47681736946105957,0.4460669755935669,-0.012096521444618702,No
0.593375563621521,0.4618235230445862,-6.312771461125521e-07,0.5728799104690552,0.5640432834625244,-0.009072096087038517,0.5373790264129639,0.649493396282196,-0.01743733510375023,0.5116057991981506,0.7084224224090576,-0.03142694756388664,0.5097681879997253,0.7595541477203369,-0.04354450851678848,0.44101768732070923,0.5916109681129456,0.016914762556552887,0.4111844599246979,0.6235053539276123,-0.013466956093907356,0.4566359221935272,0.6040014624595642,-0.03655242174863815,0.4959603548049927,0.5812057852745056,-0.04656282812356949,0.43054524064064026,0.537486732006073,0.007889402098953724,0.40180981159210205,0.5741059184074402,-0.026250287890434265,0.46359291672706604,0.5543386340141296,-0.04004104807972908,0.5052405595779419,0.5276873111724854,-0.039227843284606934,0.4292328655719757,0.4788527488708496,-0.006448215804994106,0.39537784457206726,0.5123633146286011,-0.036516524851322174,0.45627543330192566,0.5030196905136108,-0.03081122599542141,0.49676284193992615,0.4847060739994049,-0.016329549252986908,0.43572452664375305,0.41392529010772705,-0.022123852744698524,0.3999953866004944,0.4473605751991272,-0.03684590384364128,0.4435513913631439,0.45528462529182434,-0.025209592655301094,0.4749666750431061,0.4469969868659973,-0.010264230892062187,No
0.5934414863586426,0.4590466022491455,-6.018140652486181e-07,0.5737316012382507,0.5602901577949524,-0.012294468469917774,0.5386098623275757,0.6477504372596741,-0.022156989201903343,0.5129144191741943,0.709018349647522,-0.03690437600016594,0.5082030296325684,0.7630621194839478,-0.04968901351094246,0.44597363471984863,0.5900740623474121,0.013317303732037544,0.41540440917015076,0.6215642094612122,-0.0170493982732296,0.4590238630771637,0.6020262837409973,-0.0398765429854393,0.49614065885543823,0.5790547728538513,-0.050088103860616684,0.433697909116745,0.5362620949745178,0.005456422455608845,0.4009925127029419,0.5724828243255615,-0.028882265090942383,0.4611600339412689,0.5527939200401306,-0.042909808456897736,0.503202497959137,0.5266609787940979,-0.042303215712308884,0.43115270137786865,0.4776289761066437,-0.00778548326343298,0.39716482162475586,0.5094482898712158,-0.03896433860063553,0.45729485154151917,0.4999368488788605,-0.034201789647340775,0.49809128046035767,0.48314422369003296,-0.02007734775543213,0.4366210401058197,0.4127538204193115,-0.02251349203288555,0.40079715847969055,0.4448288083076477,-0.038249384611845016,0.4432762861251831,0.45237937569618225,-0.027439208701252937,0.47483885288238525,0.44596463441848755,-0.01306472159922123,No
0.5938495397567749,0.458099901676178,-6.134570185167831e-07,0.5740396976470947,0.5610283613204956,-0.01088857464492321,0.5389423966407776,0.6475896835327148,-0.019872957840561867,0.5125451683998108,0.7066429853439331,-0.03401600569486618,0.5084404349327087,0.7589512467384338,-0.04629138484597206,0.44623908400535583,0.5891549587249756,0.014586154371500015,0.41543617844581604,0.6217226982116699,-0.0159926638007164,0.45899760723114014,0.6029294729232788,-0.03931079059839249,0.49622321128845215,0.579785943031311,-0.049680229276418686,0.4346460998058319,0.5355512499809265,0.006347158458083868,0.4017972946166992,0.5711620450019836,-0.027297409251332283,0.46179136633872986,0.5521299242973328,-0.04119989648461342,0.5032949447631836,0.5261441469192505,-0.040783509612083435,0.4320972263813019,0.477230966091156,-0.007212534546852112,0.3955424427986145,0.5095176100730896,-0.03741168603301048,0.4561873972415924,0.5006877183914185,-0.032043300569057465,0.4972810447216034,0.48321765661239624,-0.017857076600193977,0.43754780292510986,0.4122898578643799,-0.022256415337324142,0.4004614055156708,0.44445744156837463,-0.03748580813407898,0.44331175088882446,0.45267271995544434,-0.02632678858935833,0.4752514362335205,0.4457987844944,-0.0118106659501791,No
0.5950292348861694,0.4576694369316101,-6.247954047466919e-07,0.5737175941467285,0.5618589520454407,-0.009874986484646797,0.5384350419044495,0.6468573808670044,-0.018201693892478943,0.5133835673332214,0.7047734260559082,-0.0319083034992218,0.507393479347229,0.7565378546714783,-0.043432991951704025,0.4441292881965637,0.5898706912994385,0.01746439002454281,0.4129403233528137,0.6211286783218384,-0.01325987558811903,0.457611083984375,0.6026495099067688,-0.037124618887901306,0.49714919924736023,0.5806868076324463,-0.047570839524269104,0.4330466389656067,0.5368407368659973,0.00911981612443924,0.40389007329940796,0.5715581774711609,-0.024578001350164413,0.46453285217285156,0.5514071583747864,-0.0392499640583992,0.5056481957435608,0.5250465869903564,-0.03925980255007744,0.4307993948459625,0.47877228260040283,-0.004680941812694073,0.3959713578224182,0.5115675330162048,-0.03431861475110054,0.4562475085258484,0.5012944936752319,-0.02895299904048443,0.4965392053127289,0.4822210371494293,-0.014910300262272358,0.4366469383239746,0.4138283133506775,-0.019973162561655045,0.40053170919418335,0.4458395540714264,-0.03512509539723396,0.4438008666038513,0.4534204304218292,-0.02398139238357544,0.4751119017601013,0.4452335238456726,-0.009310205467045307,No
0.59416663646698,0.4587481915950775,-6.165208787933807e-07,0.5733193755149841,0.5617504119873047,-0.010612201876938343,0.5384036898612976,0.6465682983398438,-0.019237713888287544,0.5133139491081238,0.7042845487594604,-0.03301993012428284,0.5074368119239807,0.755486011505127,-0.04461442306637764,0.4451122283935547,0.5901513695716858,0.016274238005280495,0.4135001301765442,0.6201808452606201,-0.013921535573899746,0.4576541781425476,0.6016248464584351,-0.03730528801679611,0.49715185165405273,0.5799096822738647,-0.047572191804647446,0.4335857629776001,0.537036657333374,0.008316402323544025,0.4042299687862396,0.5710222721099854,-0.02491489239037037,0.46385106444358826,0.551149308681488,-0.039443325251340866,0.5052990317344666,0.5254401564598083,-0.03952111303806305,0.43106940388679504,0.4788815975189209,-0.005051132291555405,0.3964444100856781,0.5107097625732422,-0.03426219895482063,0.4555187523365021,0.5007271766662598,-0.029275039210915565,0.496017724275589,0.4826609492301941,-0.015669947490096092,0.4366057217121124,0.4139265716075897,-0.01995561458170414,0.400614857673645,0.4451836943626404,-0.03502563387155533,0.442912220954895,0.45303523540496826,-0.024334894493222237,0.4744042754173279,0.4459036886692047,-0.010107616893947124,No
0.5936328172683716,0.45917820930480957,-6.054761456653068e-07,0.5731081366539001,0.5610367059707642,-0.011568330228328705,0.5390224456787109,0.6463916897773743,-0.02145727351307869,0.5144358277320862,0.70583176612854,-0.03646361082792282,0.5092506408691406,0.758881688117981,-0.04947831854224205,0.4451456069946289,0.5885418057441711,0.014713609591126442,0.41506606340408325,0.6222228407859802,-0.015792397782206535,0.45881378650665283,0.60414057970047,-0.03939853981137276,0.49663877487182617,0.5812114477157593,-0.05009862780570984,0.43326032161712646,0.5358442664146423,0.006474259775131941,0.4035467505455017,0.5729012489318848,-0.02714863047003746,0.4632926285266876,0.5536733269691467,-0.041328709572553635,0.5044835805892944,0.5265193581581116,-0.041258927434682846,0.431277334690094,0.47806140780448914,-0.00724331708624959,0.3961849510669708,0.5113803744316101,-0.037406377494335175,0.4562693238258362,0.5025267601013184,-0.031899597495794296,0.49729061126708984,0.4841369390487671,-0.01781988888978958,0.4377102255821228,0.41343677043914795,-0.022579200565814972,0.4011344015598297,0.4447908401489258,-0.03843127563595772,0.44399186968803406,0.45418161153793335,-0.027510197833180428,0.476534366607666,0.44774410128593445,-0.013098222203552723,No
0.5971991419792175,0.46069079637527466,-6.292845000643865e-07,0.575410008430481,0.5610222220420837,-0.00977624487131834,0.5389537811279297,0.6464487314224243,-0.018018698319792747,0.5136037468910217,0.7066563367843628,-0.03151656687259674,0.5108033418655396,0.7600724697113037,-0.04312354698777199,0.44483819603919983,0.592040479183197,0.017217930406332016,0.4180684983730316,0.6205411553382874,-0.01287408359348774,0.4639151394367218,0.5997159481048584,-0.036249302327632904,0.5026803612709045,0.5771554708480835,-0.04670943692326546,0.43296924233436584,0.5381303429603577,0.008810760453343391,0.4052002429962158,0.5723063945770264,-0.024016397073864937,0.4662250280380249,0.5527414679527283,-0.037863146513700485,0.5070134401321411,0.5270135998725891,-0.03771417587995529,0.4307759404182434,0.4792453944683075,-0.00494733452796936,0.39761561155319214,0.5111372470855713,-0.03472961112856865,0.45799943804740906,0.5022767186164856,-0.02931380644440651,0.4981739819049835,0.4848317503929138,-0.015355614013969898,0.4368757903575897,0.4144527316093445,-0.020072776824235916,0.4014546573162079,0.4452592730522156,-0.03537270054221153,0.4450850486755371,0.45419275760650635,-0.024231713265180588,0.47699153423309326,0.44773027300834656,-0.009775035083293915,No
0.5959532260894775,0.46274563670158386,-6.354278525577683e-07,0.5749521851539612,0.5638800859451294,-0.008734188973903656,0.5392358899116516,0.6487510800361633,-0.016650231555104256,0.5137694478034973,0.7068480849266052,-0.029848067089915276,0.5104858875274658,0.7591422200202942,-0.041391078382730484,0.44495171308517456,0.5927174091339111,0.016843609511852264,0.4188937544822693,0.6221312880516052,-0.013793735764920712,0.4645656943321228,0.6024258136749268,-0.03788338229060173,0.5031067728996277,0.5797194838523865,-0.048879507929086685,0.43320417404174805,0.5382552146911621,0.007866929285228252,0.4048559367656708,0.5735661387443542,-0.025013329461216927,0.467558890581131,0.5539081692695618,-0.03870336711406708,0.508348286151886,0.5270846486091614,-0.038490258157253265,0.4307563304901123,0.47836586833000183,-0.006306565832346678,0.3969223201274872,0.5112152695655823,-0.03563626855611801,0.45925360918045044,0.5017425417900085,-0.02929697185754776,0.49869203567504883,0.4831424057483673,-0.014975829049944878,0.43670278787612915,0.4119129180908203,-0.021792199462652206,0.4016665518283844,0.44383302330970764,-0.03639481961727142,0.4463954269886017,0.45282644033432007,-0.024387624114751816,0.47659188508987427,0.4459381699562073,-0.009518352337181568,No
0.5949991941452026,0.4618624746799469,-6.244162022994715e-07,0.5745325088500977,0.5635444521903992,-0.008618802763521671,0.5397013425827026,0.6485835909843445,-0.016361599788069725,0.5136035084724426,0.7081962823867798,-0.029727384448051453,0.509067952632904,0.7604821920394897,-0.04171878844499588,0.4487227499485016,0.5896573066711426,0.017548654228448868,0.41759905219078064,0.6259255409240723,-0.012596622109413147,0.459681898355484,0.6090922951698303,-0.03610184043645859,0.4967291057109833,0.5865459442138672,-0.046848639845848083,0.43558695912361145,0.5377052426338196,0.00809647236019373,0.4017421007156372,0.5781726241111755,-0.025334680452942848,0.462419718503952,0.558629035949707,-0.039324093610048294,0.5048795938491821,0.5302588939666748,-0.038992222398519516,0.4321843087673187,0.47929587960243225,-0.0065613193437457085,0.3959168791770935,0.5159988403320312,-0.03723432123661041,0.4582918882369995,0.505204975605011,-0.03175893798470497,0.49992823600769043,0.4848857522010803,-0.017463935539126396,0.43759405612945557,0.4135013818740845,-0.022504683583974838,0.4019578993320465,0.44687485694885254,-0.039152152836322784,0.4466119110584259,0.4558681845664978,-0.02849711664021015,0.47911378741264343,0.4485226273536682,-0.014233147725462914,No
0.5956255793571472,0.46172457933425903,-6.191445436343201e-07,0.574376106262207,0.56365567445755,-0.010301652364432812,0.5396270155906677,0.6487894058227539,-0.019396865740418434,0.5139020085334778,0.7097554206848145,-0.033901624381542206,0.5104252696037292,0.7637340426445007,-0.046651095151901245,0.4462778568267822,0.5904194712638855,0.01696704886853695,0.4162593185901642,0.6245802640914917,-0.013749268837273121,0.46007174253463745,0.6067445874214172,-0.03759990260004997,0.49759986996650696,0.584166944026947,-0.04856054484844208,0.4338570237159729,0.5375462770462036,0.008133030496537685,0.40243613719940186,0.576714277267456,-0.026448877528309822,0.46355751156806946,0.5577430129051208,-0.041026096791028976,0.5054813027381897,0.5301559567451477,-0.04087391123175621,0.43149471282958984,0.479155570268631,-0.006131167523562908,0.39740076661109924,0.51373690366745,-0.03752404823899269,0.4587985873222351,0.5047177672386169,-0.0323072224855423,0.49966129660606384,0.48629483580589294,-0.017911529168486595,0.43746161460876465,0.413774311542511,-0.02181566134095192,0.40204915404319763,0.4462476372718811,-0.03802890703082085,0.44610273838043213,0.4557264447212219,-0.027035972103476524,0.478039413690567,0.4493178129196167,-0.012451245449483395,No
0.5967205762863159,0.4628610908985138,-6.210582341736881e-07,0.5755740404129028,0.5631905794143677,-0.010009558871388435,0.5393140912055969,0.6478506326675415,-0.01896626316010952,0.5133637189865112,0.7087290287017822,-0.033305343240499496,0.510132372379303,0.7631601095199585,-0.0458671860396862,0.443179190158844,0.5927594900131226,0.016436049714684486,0.4141988158226013,0.6271028518676758,-0.012926731258630753,0.4594290852546692,0.6082351803779602,-0.03608648106455803,0.49878573417663574,0.5854063630104065,-0.04662468656897545,0.43161410093307495,0.5393011569976807,0.007919332943856716,0.40324610471725464,0.5777968764305115,-0.024338101968169212,0.463275283575058,0.5584961175918579,-0.038374535739421844,0.5053429007530212,0.5318753719329834,-0.038558878004550934,0.43008390069007874,0.4808448851108551,-0.005805166903883219,0.3971593379974365,0.5159978866577148,-0.03493191674351692,0.4573653042316437,0.5064655542373657,-0.029547380283474922,0.4989539384841919,0.4873858094215393,-0.015893742442131042,0.4369336664676666,0.41624972224235535,-0.020984413102269173,0.4018671214580536,0.4489325284957886,-0.03641834110021591,0.44595804810523987,0.4580574929714203,-0.025465885177254677,0.4795812964439392,0.4509868025779724,-0.011172638274729252,No
0.5959116220474243,0.46274346113204956,-6.108758725531516e-07,0.5749111175537109,0.5632942318916321,-0.010143877938389778,0.5396149158477783,0.6480919718742371,-0.019426818937063217,0.514175534248352,0.7091422080993652,-0.034048210829496384,0.5107681751251221,0.7640630006790161,-0.0469052754342556,0.44507068395614624,0.5936500430107117,0.016069984063506126,0.41575121879577637,0.6278852820396423,-0.013767549768090248,0.46082115173339844,0.6082748770713806,-0.037185948342084885,0.4993230104446411,0.5849285125732422,-0.047843996435403824,0.4329858422279358,0.5404052138328552,0.007545212283730507,0.40334683656692505,0.5776300430297852,-0.02528524398803711,0.46369272470474243,0.5579098463058472,-0.03945033997297287,0.5052756071090698,0.530899167060852,-0.03954659402370453,0.4308881461620331,0.48187845945358276,-0.006182233802974224,0.3968903422355652,0.5153216123580933,-0.035747844725847244,0.45764458179473877,0.5054550766944885,-0.03033197857439518,0.4988463222980499,0.48621565103530884,-0.016451647505164146,0.4369843006134033,0.4171473979949951,-0.021338466554880142,0.40145304799079895,0.4492168426513672,-0.03674434497952461,0.445499986410141,0.45737895369529724,-0.025612667202949524,0.47818809747695923,0.4493686258792877,-0.011138164438307285,No
0.5948699712753296,0.4603346884250641,-6.164804062791518e-07,0.5735333561897278,0.5643888711929321,-0.011008799076080322,0.5381553769111633,0.6508408188819885,-0.02057487703859806,0.5134068131446838,0.7112640142440796,-0.03540009260177612,0.5121489763259888,0.764075517654419,-0.0481957346200943,0.44253009557724,0.5904695987701416,0.016720697283744812,0.41464072465896606,0.6215042471885681,-0.013805423863232136,0.4602993130683899,0.602211594581604,-0.03700022026896477,0.49864891171455383,0.5801702737808228,-0.04714324697852135,0.43086111545562744,0.5372506380081177,0.008649776689708233,0.40490788221359253,0.5721975564956665,-0.025845078751444817,0.4668612778186798,0.5528280138969421,-0.04015558212995529,0.5068257451057434,0.5268218517303467,-0.03972355276346207,0.4289291799068451,0.4795829653739929,-0.004906798712909222,0.39817625284194946,0.5119538903236389,-0.03519927337765694,0.45936301350593567,0.5025545358657837,-0.02964017540216446,0.4986167252063751,0.48445364832878113,-0.015275818295776844,0.43496307730674744,0.41626033186912537,-0.019961033016443253,0.40178146958351135,0.44909724593162537,-0.03437221050262451,0.44579753279685974,0.45649829506874084,-0.02256857231259346,0.4757653772830963,0.4478689432144165,-0.007524215150624514,No
0.5947374105453491,0.45981264114379883,-6.189441137394169e-07,0.5736057758331299,0.5642028450965881,-0.01043690089136362,0.5389200448989868,0.6505275964736938,-0.019882556051015854,0.514165461063385,0.7117602229118347,-0.03469791263341904,0.5129738450050354,0.7641274333000183,-0.04765975847840309,0.44442233443260193,0.5898677110671997,0.01660056598484516,0.4154401123523712,0.6221998333930969,-0.013472237624228,0.46085670590400696,0.603602409362793,-0.03601642698049545,0.4984819293022156,0.5817853212356567,-0.045856576412916183,0.4325604736804962,0.5369079113006592,0.008303544484078884,0.4047660827636719,0.5728524923324585,-0.026163049042224884,0.46685802936553955,0.5539426803588867,-0.039912477135658264,0.5066422820091248,0.5277771949768066,-0.03912864252924919,0.43027985095977783,0.4794151782989502,-0.005377055145800114,0.39792436361312866,0.5123253464698792,-0.03607329726219177,0.4597040116786957,0.5028586387634277,-0.030247118324041367,0.49896425008773804,0.4842803180217743,-0.0156286358833313,0.4358495771884918,0.41584569215774536,-0.020435756072402,0.4022422432899475,0.44940340518951416,-0.03531835228204727,0.4470013380050659,0.45657020807266235,-0.02354755438864231,0.4771840274333954,0.44749757647514343,-0.008527327328920364,No
0.5973449349403381,0.458615243434906,-6.43566238522908e-07,0.5756175518035889,0.5645800828933716,-0.00935697928071022,0.5393471121788025,0.649287223815918,-0.01741921156644821,0.5124094486236572,0.7099048495292664,-0.031201202422380447,0.5106114149093628,0.7633544206619263,-0.04285435378551483,0.44251853227615356,0.5879990458488464,0.020501211285591125,0.41463667154312134,0.6173561215400696,-0.009228808805346489,0.4612504839897156,0.5958063006401062,-0.03236332908272743,0.5004430413246155,0.5727766752243042,-0.0424794964492321,0.4317740201950073,0.5343450903892517,0.0118856867775321,0.40586963295936584,0.5695275068283081,-0.021236099302768707,0.46809491515159607,0.5506901144981384,-0.03542112931609154,0.5084930062294006,0.5248820185661316,-0.035192474722862244,0.43134230375289917,0.4769757390022278,-0.002304358407855034,0.39967790246009827,0.5097376704216003,-0.03208707645535469,0.45967668294906616,0.5018782019615173,-0.026697412133216858,0.49900397658348083,0.4837898313999176,-0.012459210120141506,0.4391021728515625,0.4139518141746521,-0.017892969772219658,0.40299972891807556,0.445692241191864,-0.03239040449261665,0.4459933042526245,0.45458295941352844,-0.020702403038740158,0.4773733615875244,0.44626662135124207,-0.005667989142239094,No
0.5972861647605896,0.4575154483318329,-6.296406240835495e-07,0.5751458406448364,0.5644075274467468,-0.009079543873667717,0.5390262603759766,0.64974045753479,-0.017252052202820778,0.5123709440231323,0.7104688882827759,-0.031163228675723076,0.5101266503334045,0.7644654512405396,-0.04299083724617958,0.44122767448425293,0.5896843671798706,0.021046439185738564,0.41418811678886414,0.6228554844856262,-0.009026503190398216,0.46031415462493896,0.6009035110473633,-0.03263315185904503,0.498800665140152,0.5769377946853638,-0.043069954961538315,0.43013137578964233,0.5361456871032715,0.012004370801150799,0.40457791090011597,0.5740645527839661,-0.021974923089146614,0.4682617783546448,0.5534493327140808,-0.03669692203402519,0.5092025995254517,0.5251274108886719,-0.03641573339700699,0.4294511675834656,0.47793614864349365,-0.0025577654596418142,0.39875245094299316,0.5128172636032104,-0.03323039785027504,0.4610883891582489,0.5028560757637024,-0.02777043916285038,0.500966489315033,0.4822247624397278,-0.0130510488525033,0.437395840883255,0.4133793115615845,-0.018477557227015495,0.40225106477737427,0.4464775025844574,-0.03355083242058754,0.44710487127304077,0.4549240469932556,-0.02150939591228962,0.4786108434200287,0.4456214904785156,-0.005908123683184385,No
0.5972669124603271,0.45932450890541077,-6.010984066051606e-07,0.5762384533882141,0.5621666312217712,-0.010995028540492058,0.5408896207809448,0.6476395130157471,-0.021192001178860664,0.5146013498306274,0.7094647884368896,-0.036681365221738815,0.5124056339263916,0.7650304436683655,-0.05032529681921005,0.4464384615421295,0.5912877321243286,0.015206619165837765,0.41738682985305786,0.6207695007324219,-0.015207458287477493,0.4615740180015564,0.6016889214515686,-0.039085421711206436,0.5013290643692017,0.5802236795425415,-0.04989394173026085,0.43488407135009766,0.5374444723129272,0.006920760963112116,0.40621688961982727,0.5721032619476318,-0.026377251371741295,0.46585530042648315,0.5534341335296631,-0.041217174381017685,0.5080695152282715,0.5282267928123474,-0.04188854619860649,0.43321317434310913,0.47930359840393066,-0.006662852596491575,0.39956629276275635,0.5108556151390076,-0.036477092653512955,0.45905786752700806,0.5025302171707153,-0.031635671854019165,0.5007417798042297,0.48514342308044434,-0.018186960369348526,0.43966785073280334,0.4154503345489502,-0.02175825648009777,0.4038870632648468,0.44602376222610474,-0.03680427372455597,0.44685041904449463,0.4546763598918915,-0.025674890726804733,0.47975975275039673,0.44793403148651123,-0.011313526891171932,No
0.801706075668335,0.34671273827552795,-4.93172422011412e-07,0.7795395255088806,0.42882218956947327,-0.020264504477381706,0.7403200268745422,0.5057603120803833,-0.03572520613670349,0.711453914642334,0.5645055770874023,-0.053043730556964874,0.6971734166145325,0.6194791793823242,-0.06773602962493896,0.6565964818000793,0.44909578561782837,-0.003752016695216298,0.6366196274757385,0.465339720249176,-0.03552485257387161,0.6761645674705505,0.4445108473300934,-0.059300974011421204,0.7096579670906067,0.42646607756614685,-0.07086240500211716,0.6501935720443726,0.3932657837867737,-0.006937909871339798,0.6326797604560852,0.40771159529685974,-0.039851997047662735,0.6860002279281616,0.3948606550693512,-0.05307820811867714,0.722305417060852,0.38544654846191406,-0.054740265011787415,0.6542823910713196,0.33789584040641785,-0.015237519517540932,0.6393930315971375,0.34547045826911926,-0.044978924095630646,0.6901187300682068,0.3464806079864502,-0.040787000209093094,0.7237566113471985,0.3484567105770111,-0.029712527990341187,0.6652148365974426,0.282808780670166,-0.025543006137013435,0.6461559534072876,0.28891271352767944,-0.03985172137618065,0.682344377040863,0.30340152978897095,-0.030477100983262062,0.7070875763893127,0.31409314274787903,-0.018866034224629402,No
0.8026443719863892,0.3473142385482788,-4.859688829128572e-07,0.7798250913619995,0.4286399781703949,-0.019794734194874763,0.741368293762207,0.5048766136169434,-0.035492002964019775,0.713060200214386,0.5638433694839478,-0.05321650952100754,0.6979289054870605,0.618594229221344,-0.06835468113422394,0.661652684211731,0.4471742808818817,-0.005444866139441729,0.6366002559661865,0.46578162908554077,-0.03722494840621948,0.6754077672958374,0.446655809879303,-0.060535602271556854,0.7090106010437012,0.42935121059417725,-0.07172698527574539,0.6557478904724121,0.39245370030403137,-0.008776229806244373,0.6323670148849487,0.40829572081565857,-0.04207548126578331,0.6853203773498535,0.3968660831451416,-0.055059827864170074,0.7223507761955261,0.38741979002952576,-0.05651728808879852,0.6597769260406494,0.33798396587371826,-0.016985569149255753,0.6395639181137085,0.345393568277359,-0.046865932643413544,0.6898748278617859,0.34749579429626465,-0.04244210943579674,0.7246600389480591,0.34961140155792236,-0.03119082935154438,0.670325756072998,0.28309592604637146,-0.027107207104563713,0.6465154886245728,0.28713327646255493,-0.04184461385011673,0.6816800832748413,0.3023912012577057,-0.032572343945503235,0.707593560218811,0.31387606263160706,-0.0210263691842556,No
0.8025344610214233,0.34833621978759766,-4.781436473422218e-07,0.7789173126220703,0.4311538338661194,-0.019904056563973427,0.7394801378250122,0.5092566609382629,-0.03503137454390526,0.7114765644073486,0.5691652297973633,-0.052051808685064316,0.6979074478149414,0.6235645413398743,-0.06655634194612503,0.6581792831420898,0.45126089453697205,-0.0032538240775465965,0.6356914043426514,0.46678483486175537,-0.03475271910429001,0.6737467646598816,0.4472493529319763,-0.058504484593868256,0.7074699997901917,0.43120506405830383,-0.07005738466978073,0.6517871022224426,0.3959234356880188,-0.006510614417493343,0.6320914626121521,0.4096243679523468,-0.03947806358337402,0.6851344108581543,0.39816462993621826,-0.052899040281772614,0.7224874496459961,0.38989531993865967,-0.054608847945928574,0.655648946762085,0.34076976776123047,-0.01486142911016941,0.639005184173584,0.3465687036514282,-0.04452383890748024,0.6897273659706116,0.34867632389068604,-0.04056687280535698,0.7245734930038452,0.3517115116119385,-0.0295391995459795,0.6663819551467896,0.2858993709087372,-0.025181150063872337,0.6467276811599731,0.2897340655326843,-0.03931036591529846,0.6824563145637512,0.30425065755844116,-0.03002638928592205,0.7074450850486755,0.31560438871383667,-0.018488537520170212,No
0.8030652403831482,0.3492657542228699,-5.053582867731166e-07,0.7801293134689331,0.43316665291786194,-0.01903810165822506,0.7400286793708801,0.5122067332267761,-0.03350071236491203,0.7111132740974426,0.5715374946594238,-0.050006136298179626,0.6963810324668884,0.625434160232544,-0.06407502293586731,0.657390832901001,0.45247361063957214,-0.0024302091915160418,0.636933445930481,0.46987229585647583,-0.03312378004193306,0.6746148467063904,0.4504297375679016,-0.05645354092121124,0.7079566717147827,0.43325984477996826,-0.06798367947340012,0.6509213447570801,0.3969772160053253,-0.0061560519970953465,0.6325100064277649,0.4122867286205292,-0.03850684314966202,0.6856259107589722,0.40076950192451477,-0.05185436084866524,0.7230522036552429,0.3920122981071472,-0.05372973904013634,0.6551890969276428,0.3413130044937134,-0.01481042429804802,0.6394943594932556,0.349930077791214,-0.043995123356580734,0.690410315990448,0.3516356945037842,-0.04003448784351349,0.7249791622161865,0.35384872555732727,-0.029268700629472733,0.6667696237564087,0.28569379448890686,-0.025356199592351913,0.6470977663993835,0.2923796772956848,-0.03938540443778038,0.6827214360237122,0.3072657883167267,-0.03013896383345127,0.7076514363288879,0.31812503933906555,-0.01874561980366707,No
0.8039473295211792,0.35012495517730713,-5.093129402666818e-07,0.780599057674408,0.4345046579837799,-0.017674243077635765,0.7390562295913696,0.5134093165397644,-0.0308090690523386,0.7095313668251038,0.5721908211708069,-0.04648076742887497,0.6958416104316711,0.6264772415161133,-0.05981450527906418,0.6583530306816101,0.4530361592769623,0.0005215073470026255,0.6375546455383301,0.470431387424469,-0.02991906926035881,0.675277829170227,0.4507685601711273,-0.05307047814130783,0.7083848118782043,0.4330677092075348,-0.0644100159406662,0.651716947555542,0.397833913564682,-0.003713024780154228,0.6324818730354309,0.4132675528526306,-0.03596273809671402,0.685756266117096,0.4009714424610138,-0.049321651458740234,0.7227818965911865,0.39061427116394043,-0.05099945515394211,0.6557998061180115,0.3423525094985962,-0.012931481935083866,0.6393911838531494,0.35059061646461487,-0.04221849888563156,0.6903868913650513,0.3521265685558319,-0.03849309682846069,0.7248142957687378,0.353601336479187,-0.02759450115263462,0.6672552227973938,0.2868741452693939,-0.02397198975086212,0.6464155912399292,0.2920660376548767,-0.03793049976229668,0.6814074516296387,0.30708634853363037,-0.028924375772476196,0.706089973449707,0.31790584325790405,-0.01761358603835106,No
0.8051199913024902,0.5294907093048096,-5.375346177061147e-07,0.7870315313339233,0.6157278418540955,-0.013895392417907715,0.7506985664367676,0.69547039270401,-0.024706657975912094,0.7260341048240662,0.7529290914535522,-0.039069268852472305,0.7178759574890137,0.8067178726196289,-0.050940681248903275,0.6706541776657104,0.648707926273346,0.005545779597014189,0.6400965452194214,0.678488552570343,-0.02359100431203842,0.6768461465835571,0.6579114198684692,-0.04496246948838234,0.7118071913719177,0.6371450424194336,-0.05435170605778694,0.6627224087715149,0.5989032983779907,-2.3086477085598744e-05,0.6383019089698792,0.6260452270507812,-0.03097689338028431,0.6892818212509155,0.6068559885025024,-0.043599486351013184,0.7270011901855469,0.5896753072738647,-0.0441177673637867,0.6628023982048035,0.5459234118461609,-0.010535347275435925,0.6356805562973022,0.5706207752227783,-0.03914741426706314,0.6868524551391602,0.562025785446167,-0.03491898253560066,0.72442626953125,0.5518813133239746,-0.02289380505681038,0.6693679690361023,0.48926347494125366,-0.022451145574450493,0.639677882194519,0.513724684715271,-0.037991877645254135,0.674529492855072,0.5205715298652649,-0.029118992388248444,0.7032100558280945,0.519267201423645,-0.016764605417847633,No
0.8046941161155701,0.5289614200592041,-5.258739292912651e-07,0.7861493825912476,0.6166225075721741,-0.014091952703893185,0.7503382563591003,0.6967916488647461,-0.0250057652592659,0.7259035706520081,0.7541872262954712,-0.039352476596832275,0.7172361016273499,0.8072718977928162,-0.05114499107003212,0.6702712178230286,0.6495041847229004,0.005533119663596153,0.6404204368591309,0.6777748465538025,-0.023343438282608986,0.6771083474159241,0.6575778126716614,-0.044565070420503616,0.7120103240013123,0.6372000575065613,-0.05392369627952576,0.6624542474746704,0.598827600479126,0.00010969286813633516,0.638018012046814,0.6251121163368225,-0.030665183439850807,0.6888333559036255,0.6060684323310852,-0.043275345116853714,0.7267018556594849,0.5888325572013855,-0.04384538158774376,0.662570059299469,0.5454632043838501,-0.010259706526994705,0.6357300281524658,0.5695668458938599,-0.03823516517877579,0.6863364577293396,0.561307430267334,-0.03391474485397339,0.7237483859062195,0.5515260696411133,-0.022079231217503548,0.6692386269569397,0.4885145425796509,-0.02213026024401188,0.6404118537902832,0.5123258829116821,-0.03704313561320305,0.6750576496124268,0.5195575952529907,-0.028185727074742317,0.7032614946365356,0.5188137888908386,-0.016063177958130836,No
0.8023306727409363,0.5324078798294067,-5.23732012425171e-07,0.7844594717025757,0.6176089644432068,-0.014995604753494263,0.7491908073425293,0.6970108151435852,-0.026656951755285263,0.7255105376243591,0.7536818385124207,-0.04135463014245033,0.7172158360481262,0.8059855699539185,-0.05336916446685791,0.6693538427352905,0.6510540843009949,0.001897707232274115,0.6397141814231873,0.677941620349884,-0.027583537623286247,0.6775698661804199,0.660252571105957,-0.04819463938474655,0.7121695280075073,0.6410430669784546,-0.05691879615187645,0.6624927520751953,0.6004112958908081,-0.003040834330022335,0.6372894644737244,0.6264812350273132,-0.03382953628897667,0.6884369850158691,0.6088343262672424,-0.04501849040389061,0.7249229550361633,0.5912648439407349,-0.04462739825248718,0.6631976962089539,0.5473790764808655,-0.012914631515741348,0.6353045701980591,0.5711401700973511,-0.04077088087797165,0.6856228709220886,0.5640267133712769,-0.03551182150840759,0.7214904427528381,0.5536537170410156,-0.023155465722084045,0.6698187589645386,0.4907419681549072,-0.02432003803551197,0.6397351026535034,0.5149010419845581,-0.038691822439432144,0.6741064786911011,0.5224878787994385,-0.029321487993001938,0.7012912034988403,0.5209155082702637,-0.017023153603076935,No
0.8043172359466553,0.5386254787445068,-5.399209044298914e-07,0.7849653959274292,0.6258774995803833,-0.013886220753192902,0.7489999532699585,0.7035984992980957,-0.024108555167913437,0.7243927717208862,0.7588693499565125,-0.037983231246471405,0.716055691242218,0.8109203577041626,-0.049195509403944016,0.6682602763175964,0.654870331287384,0.008906349539756775,0.6426050066947937,0.6838647127151489,-0.02065570279955864,0.6824002265930176,0.6645801067352295,-0.04242363199591637,0.7167240977287292,0.6438694000244141,-0.05203915387392044,0.6604685187339783,0.605103075504303,0.003173012752085924,0.6375179290771484,0.6340373754501343,-0.028512313961982727,0.6896718740463257,0.6155529022216797,-0.04162567853927612,0.7262030243873596,0.5959295630455017,-0.04199511185288429,0.66086345911026,0.5525972247123718,-0.007876917719841003,0.636313796043396,0.5787180066108704,-0.03695585951209068,0.6871002316474915,0.571675717830658,-0.033167432993650436,0.7225667834281921,0.5605545043945312,-0.0210332740098238,0.6678805947303772,0.4962358772754669,-0.020455483347177505,0.6397871971130371,0.5214764475822449,-0.03535658121109009,0.6743291020393372,0.5294978022575378,-0.02672489359974861,0.7011075615882874,0.5271689295768738,-0.014567261561751366,No
0.8028632998466492,0.5381718277931213,-5.281152652969467e-07,0.7836968302726746,0.6251586675643921,-0.01319670770317316,0.749204695224762,0.7024555206298828,-0.023501398041844368,0.7255268692970276,0.7580357789993286,-0.03754759579896927,0.7169488668441772,0.8096047639846802,-0.04919245466589928,0.6676318645477295,0.6540383696556091,0.008933481760323048,0.6432701945304871,0.6839927434921265,-0.019772270694375038,0.6825737357139587,0.6656770706176758,-0.04107224941253662,0.7157668471336365,0.6446127891540527,-0.05047083646059036,0.6600587368011475,0.6051989793777466,0.0031141231302171946,0.6368752717971802,0.6351012587547302,-0.027309227734804153,0.6884706020355225,0.6173547506332397,-0.03986842557787895,0.7246414422988892,0.5970678925514221,-0.04017006605863571,0.6603535413742065,0.5533451437950134,-0.00780891440808773,0.6351638436317444,0.5803905129432678,-0.03594796732068062,0.6860147714614868,0.5735856294631958,-0.03184438496828079,0.7214651703834534,0.5618523359298706,-0.01977778784930706,0.6671935319900513,0.4973847270011902,-0.020178213715553284,0.6382414102554321,0.5238884687423706,-0.034458596259355545,0.6733506321907043,0.5315150022506714,-0.025246083736419678,0.7007660269737244,0.5279254913330078,-0.012797151692211628,No
0.4380177855491638,0.4265620708465576,-3.3849727287815767e-07,0.4263881742954254,0.509940505027771,-0.009395119734108448,0.40029701590538025,0.5881382822990417,-0.02114848606288433,0.38401660323143005,0.6516062021255493,-0.03601183369755745,0.38326960802078247,0.7043221592903137,-0.05071653798222542,0.33940109610557556,0.5290479063987732,-0.00958929117769003,0.28882431983947754,0.5615882277488708,-0.029887458309531212,0.296497642993927,0.5648130774497986,-0.04282227158546448,0.31132417917251587,0.5601624846458435,-0.048413801938295364,0.32394957542419434,0.48326805233955383,-0.01628492772579193,0.26819220185279846,0.5200387835502625,-0.038444481790065765,0.29840967059135437,0.5161243081092834,-0.045764580368995667,0.3298436105251312,0.5012241005897522,-0.04509054124355316,0.3148913085460663,0.4350605905056,-0.024766160175204277,0.2633221745491028,0.46470358967781067,-0.043729979544878006,0.30295422673225403,0.4639667570590973,-0.03833531588315964,0.3371334969997406,0.4532574713230133,-0.02860066667199135,0.3122918903827667,0.3829631209373474,-0.03404749929904938,0.2653573751449585,0.40239763259887695,-0.04385071247816086,0.2928227186203003,0.4150813817977905,-0.03496037423610687,0.3221428692340851,0.41599345207214355,-0.025025907903909683,No
0.40042510628700256,0.4358290731906891,-5.743398787672049e-07,0.3886753022670746,0.5326346755027771,-0.009823976084589958,0.3674223721027374,0.608184278011322,-0.019467663019895554,0.34815713763237,0.6689527034759521,-0.03472328186035156,0.34502601623535156,0.7196131348609924,-0.04807084798812866,0.277916818857193,0.5578182339668274,0.01351065281778574,0.23785628378391266,0.5930804014205933,-0.014335520565509796,0.27731016278266907,0.5756319165229797,-0.035279929637908936,0.3131599724292755,0.5544527173042297,-0.044413547962903976,0.2638911008834839,0.5116405487060547,0.00646906066685915,0.2225390523672104,0.5448558330535889,-0.02338576316833496,0.27680617570877075,0.5288397669792175,-0.037105996161699295,0.3136994540691376,0.5084959268569946,-0.03834611177444458,0.25774550437927246,0.46244683861732483,-0.005235382821410894,0.2158455103635788,0.48945343494415283,-0.030607732012867928,0.2684812843799591,0.48421043157577515,-0.02655341662466526,0.30549123883247375,0.4697195291519165,-0.015314185060560703,0.2579430341720581,0.4070866107940674,-0.0183731596916914,0.21995389461517334,0.433280348777771,-0.030188797041773796,0.25574377179145813,0.44179707765579224,-0.019979825243353844,0.28447186946868896,0.43586161732673645,-0.007264930289238691,No
0.39679428935050964,0.43994566798210144,-5.159664624443394e-07,0.38872212171554565,0.535527765750885,-0.01396887470036745,0.3689262568950653,0.6139711737632751,-0.025594405829906464,0.3521125614643097,0.6746127009391785,-0.04190559312701225,0.35090386867523193,0.7260226011276245,-0.056301724165678024,0.28032928705215454,0.5633776783943176,0.006315896287560463,0.23854541778564453,0.5966337323188782,-0.022431980818510056,0.2766081690788269,0.578260600566864,-0.04315786436200142,0.31201043725013733,0.5589913129806519,-0.052023593336343765,0.2667211890220642,0.5159358978271484,0.0007011560373939574,0.22486765682697296,0.5486496090888977,-0.030439382418990135,0.27733364701271057,0.5314730405807495,-0.04416154697537422,0.3152582049369812,0.5125464797019958,-0.045343413949012756,0.26027053594589233,0.4655006229877472,-0.009744797833263874,0.21701794862747192,0.49359387159347534,-0.037300318479537964,0.26885661482810974,0.4863664209842682,-0.034451041370630264,0.307866632938385,0.47310763597488403,-0.023551898077130318,0.2596113085746765,0.4101587235927582,-0.02179891988635063,0.22122426331043243,0.43540966510772705,-0.036529701203107834,0.2561294436454773,0.4428987205028534,-0.02830122783780098,0.2867320775985718,0.4394114315509796,-0.01661968044936657,No
0.3981626033782959,0.43705978989601135,-5.283098971631262e-07,0.3902707099914551,0.5287867188453674,-0.016705209389328957,0.3720865845680237,0.6065812706947327,-0.03113291971385479,0.3565869629383087,0.6709891557693481,-0.04985453560948372,0.3532974123954773,0.7243468761444092,-0.06653444468975067,0.2801712155342102,0.5612046718597412,0.002853949321433902,0.24132049083709717,0.5938412547111511,-0.02716762013733387,0.28100574016571045,0.5771517157554626,-0.04851587489247322,0.3157966434955597,0.5580293536186218,-0.05793090909719467,0.26538899540901184,0.5143287181854248,-0.0020860007498413324,0.2245391309261322,0.547003448009491,-0.0357506163418293,0.27758124470710754,0.5330067276954651,-0.05022330582141876,0.31484583020210266,0.5138617753982544,-0.051390983164310455,0.258372962474823,0.4644501805305481,-0.01196268294006586,0.21849235892295837,0.49053120613098145,-0.04170728102326393,0.27078375220298767,0.48601680994033813,-0.0394572988152504,0.3087562322616577,0.4726979732513428,-0.028421996161341667,0.25659942626953125,0.4095644950866699,-0.023533416911959648,0.22037526965141296,0.43533530831336975,-0.038853492587804794,0.25673842430114746,0.4441969394683838,-0.030582157894968987,0.287941038608551,0.4395887851715088,-0.018729491159319878,No
0.39702004194259644,0.4374135136604309,-5.203515911489376e-07,0.3889595568180084,0.5302813649177551,-0.01610942743718624,0.3701656460762024,0.6091427206993103,-0.02995377779006958,0.3552583158016205,0.6724588871002197,-0.048184216022491455,0.3542671799659729,0.7257585525512695,-0.06476259231567383,0.28012287616729736,0.5622387528419495,0.0029274842236191034,0.24098002910614014,0.5953002572059631,-0.027921956032514572,0.27955472469329834,0.5783764719963074,-0.05003613978624344,0.31495630741119385,0.5588272213935852,-0.05964341014623642,0.2654232680797577,0.5150172710418701,-0.0022979688365012407,0.22471967339515686,0.5475207567214966,-0.03598867729306221,0.27816054224967957,0.5327664017677307,-0.05051075667142868,0.3161737322807312,0.5137068033218384,-0.05163959041237831,0.2581680417060852,0.4646570086479187,-0.012477049604058266,0.21754157543182373,0.49089691042900085,-0.04237472638487816,0.27087247371673584,0.4858015179634094,-0.03983232378959656,0.3094205856323242,0.4727495014667511,-0.028432626277208328,0.2564384937286377,0.4096280336380005,-0.02427874505519867,0.2196890115737915,0.43584245443344116,-0.03938279673457146,0.2561088502407074,0.44313621520996094,-0.030381007120013237,0.2864212393760681,0.43779468536376953,-0.017927244305610657,No
0.4031221866607666,0.4321354925632477,-5.63583512303012e-07,0.39160770177841187,0.5289058685302734,-0.011791865341365337,0.3744199573993683,0.6042609810829163,-0.024324195459485054,0.3570359945297241,0.668096125125885,-0.042054757475852966,0.35505354404449463,0.720828115940094,-0.0577516071498394,0.2809320092201233,0.5597546100616455,0.007919427007436752,0.2431008219718933,0.5941436290740967,-0.019790947437286377,0.2835541069507599,0.5752525329589844,-0.039856117218732834,0.317187637090683,0.5552088618278503,-0.04896434396505356,0.26618385314941406,0.5136246085166931,0.0011650027008727193,0.22624313831329346,0.5488806366920471,-0.030687877908349037,0.2815878093242645,0.5310143232345581,-0.044417593628168106,0.3176359236240387,0.5101964473724365,-0.045553043484687805,0.2596934735774994,0.4639004170894623,-0.009898161515593529,0.21959900856018066,0.49198728799819946,-0.03707101196050644,0.27311933040618896,0.48449569940567017,-0.0328093022108078,0.31008854508399963,0.4695018529891968,-0.0212642140686512,0.2593378722667694,0.4084172248840332,-0.022402627393603325,0.22168537974357605,0.43438708782196045,-0.03565545380115509,0.2589501142501831,0.44207286834716797,-0.02557297609746456,0.28901585936546326,0.4361397624015808,-0.012861042283475399,No
0.40127426385879517,0.4373582601547241,-5.366063646761177e-07,0.3903369605541229,0.5317431688308716,-0.012972602620720863,0.3715291917324066,0.609091579914093,-0.025080999359488487,0.3568640947341919,0.6713642477989197,-0.04226481914520264,0.3575873374938965,0.723720908164978,-0.05794385075569153,0.2814365029335022,0.5602650046348572,0.007083686999976635,0.24348586797714233,0.5945488810539246,-0.021714840084314346,0.282546728849411,0.5767063498497009,-0.04280860722064972,0.31705427169799805,0.5558758974075317,-0.05223824828863144,0.26677167415618896,0.5136085748672485,0.00042860035318881273,0.22640427947044373,0.5479488372802734,-0.03173644840717316,0.2807238698005676,0.5313445925712585,-0.04586200416088104,0.3183334171772003,0.5101847052574158,-0.04694496840238571,0.2600178122520447,0.46301645040512085,-0.01090562716126442,0.21921050548553467,0.492132306098938,-0.039151839911937714,0.2727263569831848,0.4851699471473694,-0.03627586364746094,0.31079041957855225,0.47046834230422974,-0.025062689557671547,0.2596248984336853,0.40767186880111694,-0.023717597126960754,0.22193646430969238,0.43449997901916504,-0.03798813000321388,0.2577313184738159,0.44201815128326416,-0.02893689088523388,0.28760331869125366,0.4368242919445038,-0.016715362668037415,No
0.40326645970344543,0.4362744390964508,-5.163832383914269e-07,0.3943140506744385,0.5297626256942749,-0.016655677929520607,0.375410795211792,0.6069969534873962,-0.031044727191329002,0.3587917685508728,0.6698291897773743,-0.04975201562047005,0.35636067390441895,0.7218050956726074,-0.0663347989320755,0.2812364995479584,0.5596399903297424,0.0032655587419867516,0.24495422840118408,0.5918124318122864,-0.026067597791552544,0.28534650802612305,0.572318434715271,-0.046887099742889404,0.31906822323799133,0.551339328289032,-0.05615759640932083,0.2673477828502655,0.5119504928588867,-0.0016594835324212909,0.22835806012153625,0.5453932285308838,-0.0352972187101841,0.28158819675445557,0.5289067029953003,-0.04949735105037689,0.31791430711746216,0.5077054500579834,-0.050403837114572525,0.2611278295516968,0.461422324180603,-0.011494675651192665,0.2215835005044937,0.48865440487861633,-0.04091121628880501,0.2737884521484375,0.48338526487350464,-0.03825083374977112,0.3111090362071991,0.4695700705051422,-0.026933060958981514,0.2600986659526825,0.4064463973045349,-0.02311856485903263,0.2242783010005951,0.432086318731308,-0.038173478096723557,0.26018986105918884,0.4411758780479431,-0.02988264337182045,0.2904435694217682,0.4365030825138092,-0.017948493361473083,No
0.4052186608314514,0.43394869565963745,-5.310296273819404e-07,0.3959513306617737,0.5298504829406738,-0.013391384854912758,0.3777112364768982,0.6060187816619873,-0.025676479563117027,0.35998350381851196,0.667855441570282,-0.04333770275115967,0.35446566343307495,0.7197163105010986,-0.05928206443786621,0.2858291268348694,0.5524033308029175,0.010588846169412136,0.24569985270500183,0.5863456130027771,-0.01785772666335106,0.282665491104126,0.5713494420051575,-0.03932735323905945,0.31762969493865967,0.5524733662605286,-0.04879128560423851,0.2718876302242279,0.506229817867279,0.004428093787282705,0.23049801588058472,0.539971649646759,-0.027534514665603638,0.2832125723361969,0.5256293416023254,-0.04265853390097618,0.321683406829834,0.5055770874023438,-0.044139962643384933,0.26519668102264404,0.45610132813453674,-0.006666525732725859,0.22425463795661926,0.4843895435333252,-0.03480751812458038,0.27682769298553467,0.4786815643310547,-0.03276394307613373,0.31559377908706665,0.46359628438949585,-0.02185092866420746,0.26445910334587097,0.4001150131225586,-0.019370758906006813,0.22723448276519775,0.4261524975299835,-0.03388407453894615,0.26201024651527405,0.43458935618400574,-0.025539929047226906,0.2917810082435608,0.4283403158187866,-0.013448242098093033,No
0.4046720862388611,0.4351644515991211,-5.225460881774779e-07,0.39607325196266174,0.5295438170433044,-0.015340578742325306,0.3779899477958679,0.6062575578689575,-0.028809092938899994,0.36060115694999695,0.6688752174377441,-0.047313887625932693,0.35600489377975464,0.7220733165740967,-0.06413059681653976,0.2863072454929352,0.5529255867004395,0.007767191622406244,0.24633142352104187,0.5862218141555786,-0.02136828750371933,0.283161461353302,0.5714831352233887,-0.043160974979400635,0.31766277551651,0.5528910160064697,-0.052813876420259476,0.27219077944755554,0.5063256025314331,0.002216236898675561,0.23066572844982147,0.5391301512718201,-0.03051692247390747,0.28293439745903015,0.525571346282959,-0.04579201713204384,0.32154524326324463,0.5058775544166565,-0.047324288636446,0.26535874605178833,0.4560721814632416,-0.008361056447029114,0.224576935172081,0.48337963223457336,-0.03739986568689346,0.2767906188964844,0.4783017635345459,-0.03573033586144447,0.3157883882522583,0.4636565148830414,-0.024866363033652306,0.26425865292549133,0.4006882905960083,-0.020654410123825073,0.22651854157447815,0.4259292185306549,-0.035651832818984985,0.26102399826049805,0.43478018045425415,-0.027515316382050514,0.2914562523365021,0.4291943907737732,-0.015544314868748188,No
0.4058188498020172,0.4205002784729004,-5.638023026222072e-07,0.3939962387084961,0.5203573703765869,-0.011483383364975452,0.3765656054019928,0.5963294506072998,-0.022629382088780403,0.35822367668151855,0.6619629859924316,-0.038730207830667496,0.35828158259391785,0.7146225571632385,-0.05232927203178406,0.28493499755859375,0.5432204008102417,0.011464051902294159,0.24842903017997742,0.5789272785186768,-0.013651836663484573,0.2888415455818176,0.5598068237304688,-0.03332241624593735,0.32253924012184143,0.5389755368232727,-0.04305921494960785,0.2694326341152191,0.49727296829223633,0.005865585524588823,0.2313951849937439,0.530690610408783,-0.025325825437903404,0.2848997414112091,0.5137560963630676,-0.04120983928442001,0.32083210349082947,0.494044691324234,-0.04485060274600983,0.2642831802368164,0.4498785138130188,-0.0035660185385495424,0.22489839792251587,0.4767029881477356,-0.02933432348072529,0.2771315574645996,0.47126781940460205,-0.025483721867203712,0.3145824074745178,0.45594990253448486,-0.015141289681196213,0.2652769386768341,0.395551860332489,-0.014512787573039532,0.22989408671855927,0.4206151068210602,-0.026822907850146294,0.26598989963531494,0.4296123683452606,-0.01703139953315258,0.29501834511756897,0.42426130175590515,-0.005139103624969721,No
0.40582215785980225,0.42419809103012085,-5.502537305801525e-07,0.39416933059692383,0.5203592777252197,-0.012945614755153656,0.37419939041137695,0.5984011292457581,-0.02432485856115818,0.3581767678260803,0.6625170707702637,-0.040608249604701996,0.35921165347099304,0.7142574787139893,-0.05537266656756401,0.28341588377952576,0.5461151003837585,0.008409898728132248,0.2473304122686386,0.5783488154411316,-0.018811337649822235,0.28832268714904785,0.5612712502479553,-0.03962334617972374,0.32301491498947144,0.541414737701416,-0.04941409081220627,0.26878222823143005,0.4992018938064575,0.002569209784269333,0.23107069730758667,0.5294449329376221,-0.028280967846512794,0.28470027446746826,0.5155914425849915,-0.04300673305988312,0.32130464911460876,0.49655038118362427,-0.045253556221723557,0.26318782567977905,0.448909729719162,-0.0076813725754618645,0.22441992163658142,0.4738399386405945,-0.03425663337111473,0.2765873670578003,0.4695320725440979,-0.03150780126452446,0.3138633370399475,0.45570018887519836,-0.0212259404361248,0.2642066180706024,0.3941965103149414,-0.01943954825401306,0.22796982526779175,0.419141948223114,-0.03250627964735031,0.2643424868583679,0.42750534415245056,-0.023056944832205772,0.29392164945602417,0.42065003514289856,-0.010980106890201569,No
0.40915587544441223,0.4158083498477936,-5.635319553221052e-07,0.39621374011039734,0.5144970417022705,-0.01192574854940176,0.3777317404747009,0.590218722820282,-0.02302832342684269,0.3591204583644867,0.6554884910583496,-0.0389179065823555,0.35861629247665405,0.7075116038322449,-0.052204106003046036,0.2849279046058655,0.538191020488739,0.01184955146163702,0.24972429871559143,0.5708336234092712,-0.012953187339007854,0.2915990650653839,0.5507768988609314,-0.03212162107229233,0.325007826089859,0.5304505825042725,-0.04157273843884468,0.27002277970314026,0.4910096824169159,0.006535165477544069,0.23291118443012238,0.5229621529579163,-0.024895863607525826,0.2875708043575287,0.5066920518875122,-0.040241729468107224,0.323045015335083,0.48763906955718994,-0.043245747685432434,0.2655004858970642,0.44283342361450195,-0.0028070209082216024,0.2262619435787201,0.46756237745285034,-0.02934436686336994,0.2793913185596466,0.46385571360588074,-0.025565531104803085,0.31656742095947266,0.4503037631511688,-0.01491191703826189,0.26696133613586426,0.3884146213531494,-0.013636589050292969,0.232611745595932,0.41192948818206787,-0.026652732864022255,0.27005699276924133,0.42194467782974243,-0.01732167974114418,0.2990291118621826,0.4173577129840851,-0.005504931788891554,No
0.41398245096206665,0.4080834686756134,-5.283229711494641e-07,0.3982604742050171,0.5070200562477112,-0.014900567941367626,0.3800128698348999,0.5866220593452454,-0.028217628598213196,0.3630920350551605,0.6573852896690369,-0.04589910805225372,0.36288413405418396,0.7100534439086914,-0.06076040863990784,0.286160945892334,0.5299184322357178,0.008865861222147942,0.25050920248031616,0.5646090507507324,-0.01857752911746502,0.2930689752101898,0.5449671149253845,-0.04049697518348694,0.32582753896713257,0.5246413946151733,-0.05181887000799179,0.2718750834465027,0.48352330923080444,0.004525091499090195,0.2348710000514984,0.5163277387619019,-0.0286264531314373,0.2890334129333496,0.5013077855110168,-0.0453525148332119,0.32336166501045227,0.4826366901397705,-0.049639299511909485,0.26854243874549866,0.4352265000343323,-0.004245285876095295,0.22770771384239197,0.45991116762161255,-0.03133828565478325,0.2797400951385498,0.45704272389411926,-0.028050269931554794,0.3164539039134979,0.4443548917770386,-0.017984766513109207,0.2718846797943115,0.38238275051116943,-0.01487690582871437,0.2349397987127304,0.4038730263710022,-0.027585580945014954,0.2708917260169983,0.41568827629089355,-0.018520399928092957,0.30006200075149536,0.4129835367202759,-0.007274860981851816,No
0.40918365120887756,0.4149324595928192,-5.35864216999471e-07,0.3962472975254059,0.5084887146949768,-0.01632237248122692,0.3769882619380951,0.5853877663612366,-0.03005370683968067,0.3578396439552307,0.6486950516700745,-0.04809345677495003,0.349655419588089,0.698879063129425,-0.06389234215021133,0.28819921612739563,0.5283356308937073,0.003391514765098691,0.25049376487731934,0.5629938840866089,-0.02517740987241268,0.29089921712875366,0.5454472899436951,-0.04597438871860504,0.32425519824028015,0.525879979133606,-0.055622950196266174,0.2744489014148712,0.4820341169834137,-0.001106027513742447,0.2343350052833557,0.5130785703659058,-0.03494897112250328,0.2867891490459442,0.5008181929588318,-0.05093090981245041,0.3223935663700104,0.4832279086112976,-0.053955260664224625,0.2697834372520447,0.4338306188583374,-0.010054073296487331,0.228496253490448,0.4577163755893707,-0.03923710435628891,0.2800199091434479,0.4558883011341095,-0.03721441328525543,0.3170773684978485,0.4433097839355469,-0.027031945064663887,0.2710150182247162,0.38176414370536804,-0.02070978842675686,0.233741894364357,0.4042728543281555,-0.03543459251523018,0.26902395486831665,0.4149209260940552,-0.027324553579092026,0.2986606955528259,0.41064512729644775,-0.016124822199344635,No
0.4141148328781128,0.4079212248325348,-5.195561243453994e-07,0.39965131878852844,0.5054316520690918,-0.015426937490701675,0.38194751739501953,0.5842353701591492,-0.029756614938378334,0.36419540643692017,0.6534377932548523,-0.04860195890069008,0.36171144247055054,0.705779492855072,-0.06485137343406677,0.289474755525589,0.5266656279563904,0.006066004280000925,0.251888245344162,0.5615746974945068,-0.022088058292865753,0.29328203201293945,0.541294515132904,-0.04344362020492554,0.32711732387542725,0.5207337737083435,-0.053937848657369614,0.27446413040161133,0.4805072844028473,0.0015653630252927542,0.23618930578231812,0.5120757818222046,-0.03181002661585808,0.2892971634864807,0.49711745977401733,-0.04789356887340546,0.3243069052696228,0.47912701964378357,-0.05153243988752365,0.2703084349632263,0.4317440688610077,-0.007328403182327747,0.22987759113311768,0.45670515298843384,-0.03475489467382431,0.2811543047428131,0.4530476927757263,-0.031112106516957283,0.3178199827671051,0.4395281970500946,-0.020626235753297806,0.2732614576816559,0.3791610598564148,-0.018086358904838562,0.23676657676696777,0.4022316336631775,-0.03140919283032417,0.27290773391723633,0.4126017689704895,-0.022274652495980263,0.3024947941303253,0.40733790397644043,-0.010753720067441463,No
0.4079756736755371,0.41096073389053345,-5.006959895581531e-07,0.40030544996261597,0.5044013261795044,-0.01967265084385872,0.38325685262680054,0.5843952298164368,-0.036355506628751755,0.36720192432403564,0.6507774591445923,-0.05657099932432175,0.3649807870388031,0.7042778730392456,-0.07455360889434814,0.29117703437805176,0.5273135304450989,-0.0031551781576126814,0.253219336271286,0.5621249079704285,-0.03244125843048096,0.2946017384529114,0.5438621044158936,-0.053702112287282944,0.329080730676651,0.5237604379653931,-0.06377378851175308,0.27715614438056946,0.48061442375183105,-0.006505455821752548,0.23791074752807617,0.511998176574707,-0.039975106716156006,0.28984689712524414,0.4990750551223755,-0.05488074943423271,0.3261187970638275,0.4805991053581238,-0.05758541449904442,0.27203822135925293,0.4318121075630188,-0.014449268579483032,0.23083141446113586,0.4571083188056946,-0.04301130399107933,0.28160035610198975,0.45407116413116455,-0.04075898975133896,0.319211483001709,0.4404252767562866,-0.031032424420118332,0.2723388373851776,0.37996530532836914,-0.02446863241493702,0.2359847128391266,0.4025261402130127,-0.039519719779491425,0.2711770832538605,0.41285252571105957,-0.03193848580121994,0.3019086420536041,0.4075891971588135,-0.021404901519417763,No
0.4100584387779236,0.4089706838130951,-5.07934601046145e-07,0.4011611342430115,0.5041065812110901,-0.018868155777454376,0.38412952423095703,0.5835739970207214,-0.03547891601920128,0.3676352798938751,0.650937020778656,-0.05597802624106407,0.3660583794116974,0.7055257558822632,-0.07409793883562088,0.2904667854309082,0.5276045203208923,-0.0007517411722801626,0.25310492515563965,0.5616132616996765,-0.02958194725215435,0.2953597903251648,0.5421077013015747,-0.050848834216594696,0.32996365427970886,0.5222793817520142,-0.06115707755088806,0.2758685350418091,0.4802994430065155,-0.004482375457882881,0.23798882961273193,0.5115853548049927,-0.03783830627799034,0.29053404927253723,0.49743151664733887,-0.05286456644535065,0.32640403509140015,0.479322612285614,-0.05584155395627022,0.27097243070602417,0.43137186765670776,-0.01284529734402895,0.230437770485878,0.4564272463321686,-0.040974125266075134,0.2812724709510803,0.4528759717941284,-0.038187965750694275,0.31905102729797363,0.43927478790283203,-0.02834092453122139,0.2716488242149353,0.3791789412498474,-0.02330748550593853,0.2360396683216095,0.4017418324947357,-0.03771812096238136,0.27078357338905334,0.41281360387802124,-0.02980642206966877,0.30108749866485596,0.40836378931999207,-0.019239772111177444,No
0.4140058755874634,0.404885470867157,-5.128579800839361e-07,0.40179017186164856,0.4993738830089569,-0.016802968457341194,0.38652747869491577,0.5783738493919373,-0.03273708373308182,0.3722098469734192,0.6491878032684326,-0.052904870361089706,0.3717706799507141,0.7024365067481995,-0.07058526575565338,0.2901240885257721,0.5277281999588013,0.002047486137598753,0.2550061047077179,0.5617241859436035,-0.0259779691696167,0.296893447637558,0.5422634482383728,-0.04638911783695221,0.3303230404853821,0.5220475792884827,-0.05618482083082199,0.27562665939331055,0.481245219707489,-0.0021561894100159407,0.23895487189292908,0.5118233561515808,-0.03624426946043968,0.29373595118522644,0.4966065287590027,-0.051650334149599075,0.3285151720046997,0.477190762758255,-0.054429709911346436,0.27115070819854736,0.4320460855960846,-0.01056316215544939,0.2309473156929016,0.4564388394355774,-0.038569144904613495,0.2837669551372528,0.45190179347991943,-0.034696102142333984,0.3207605183124542,0.43748652935028076,-0.023843152448534966,0.2734462022781372,0.37943145632743835,-0.02087024599313736,0.23650144040584564,0.4018651247024536,-0.03459480404853821,0.27339377999305725,0.41149452328681946,-0.02521650679409504,0.3031640350818634,0.40537479519844055,-0.013337209820747375,No
0.4136614203453064,0.40495699644088745,-5.339890094546718e-07,0.4006197452545166,0.49989551305770874,-0.01628163456916809,0.3822920322418213,0.5772054195404053,-0.030569342896342278,0.36257028579711914,0.6425217986106873,-0.04906466230750084,0.35596004128456116,0.6932629346847534,-0.06499456614255905,0.29150623083114624,0.5260953307151794,0.0031165287364274263,0.2544540762901306,0.559955358505249,-0.02481532096862793,0.2962815463542938,0.5402904152870178,-0.04475090280175209,0.3299879729747772,0.5200594067573547,-0.05404096096754074,0.2767912745475769,0.4795692265033722,-0.0011485641589388251,0.23818771541118622,0.5100540518760681,-0.03520197793841362,0.2918547987937927,0.4956088960170746,-0.05077189579606056,0.3271808922290802,0.4772014617919922,-0.05365254729986191,0.2723301351070404,0.4308167099952698,-0.009616210125386715,0.2322196364402771,0.45532459020614624,-0.03810666874051094,0.2837463617324829,0.4512869417667389,-0.03463083505630493,0.3201337456703186,0.43711552023887634,-0.023879874497652054,0.2744618356227875,0.377768337726593,-0.01983310841023922,0.23738911747932434,0.40162548422813416,-0.03413186967372894,0.2737814784049988,0.4106922745704651,-0.02512095868587494,0.30367764830589294,0.40469035506248474,-0.013410075567662716,No
0.413541316986084,0.40583404898643494,-4.934065600536996e-07,0.4037165641784668,0.4992077648639679,-0.01940995641052723,0.38493064045906067,0.5789496302604675,-0.03497719019651413,0.3682422339916229,0.6467537879943848,-0.054254114627838135,0.3666309416294098,0.6987506747245789,-0.07110433280467987,0.2909054756164551,0.529969334602356,0.002274002181366086,0.25415492057800293,0.5620032548904419,-0.02738838456571102,0.2960870563983917,0.5429377555847168,-0.04867880046367645,0.3309697210788727,0.522540807723999,-0.05832170695066452,0.2774689793586731,0.4816684126853943,-0.0010374170960858464,0.2377159744501114,0.5122827887535095,-0.03453635424375534,0.2923288941383362,0.49706554412841797,-0.048487961292266846,0.32800212502479553,0.47763314843177795,-0.049427468329668045,0.27337464690208435,0.43113836646080017,-0.009537112899124622,0.2326306700706482,0.4558628797531128,-0.03879270330071449,0.2850649952888489,0.4513453245162964,-0.03529456630349159,0.3220066428184509,0.4378703832626343,-0.02369161881506443,0.2753737270832062,0.37630802392959595,-0.02009451761841774,0.23824232816696167,0.40080347657203674,-0.03492892533540726,0.27441224455833435,0.4097602963447571,-0.02614014782011509,0.3039683699607849,0.4041111469268799,-0.014143627136945724,No
0.4151955842971802,0.40694892406463623,-5.022744744564989e-07,0.404630184173584,0.4986693859100342,-0.01848890632390976,0.3863719701766968,0.5769745111465454,-0.03435428813099861,0.37204623222351074,0.6449143290519714,-0.05464060977101326,0.3707513213157654,0.6979882121086121,-0.07281763106584549,0.2918374538421631,0.5271475911140442,0.004671452101320028,0.25580519437789917,0.5606841444969177,-0.024594932794570923,0.2957351505756378,0.5438485145568848,-0.0463360957801342,0.33007192611694336,0.5236345529556274,-0.05634821578860283,0.27833718061447144,0.4802776277065277,0.000534668390173465,0.23978319764137268,0.511153519153595,-0.03334029018878937,0.29319679737091064,0.4972413182258606,-0.04840060696005821,0.32884371280670166,0.47754210233688354,-0.04993681237101555,0.27365782856941223,0.4305310845375061,-0.008820087648928165,0.23317494988441467,0.45500296354293823,-0.03853267431259155,0.28531190752983093,0.4511861801147461,-0.03636051341891289,0.322984904050827,0.43735793232917786,-0.025374477729201317,0.27492502331733704,0.37668660283088684,-0.020152010023593903,0.23826168477535248,0.40043479204177856,-0.03503827005624771,0.27385231852531433,0.4105879068374634,-0.026889488101005554,0.304107666015625,0.4052281975746155,-0.01527898944914341,No
0.43069007992744446,0.3821985721588135,-5.008395760341955e-07,0.4237230122089386,0.4782051146030426,-0.020524850115180016,0.4115561842918396,0.5615761876106262,-0.039251573383808136,0.4013434946537018,0.6367356181144714,-0.06235986948013306,0.4037875533103943,0.6930552124977112,-0.08283563703298569,0.31057772040367126,0.5049899220466614,0.000501762144267559,0.27021196484565735,0.5435474514961243,-0.028471503406763077,0.3106176555156708,0.5247368216514587,-0.049626607447862625,0.3458959758281708,0.5047492980957031,-0.0597812682390213,0.29674890637397766,0.45981311798095703,-0.002868345705792308,0.25576192140579224,0.4950999319553375,-0.0376620776951313,0.3098708689212799,0.4775047302246094,-0.05342479050159454,0.34509411454200745,0.45817849040031433,-0.05639396980404854,0.2912089228630066,0.4116171896457672,-0.011252581141889095,0.2461147904396057,0.4403192698955536,-0.03950873017311096,0.29831844568252563,0.43349629640579224,-0.03652125597000122,0.3367803990840912,0.4187468886375427,-0.02634880505502224,0.2919638454914093,0.35953253507614136,-0.02208656817674637,0.25379127264022827,0.3818010091781616,-0.036116328090429306,0.2886929214000702,0.3904305100440979,-0.028613273054361343,0.31830111145973206,0.3854137063026428,-0.018405046314001083,No
0.435968279838562,0.3794732391834259,-5.284600774757564e-07,0.42858022451400757,0.4711447060108185,-0.017641479149460793,0.41021907329559326,0.5514417290687561,-0.032387908548116684,0.395579993724823,0.6175265312194824,-0.05088376998901367,0.3918582499027252,0.6666711568832397,-0.06638392806053162,0.31406739354133606,0.51218181848526,0.0004133825423195958,0.2746175527572632,0.5451623797416687,-0.028207842260599136,0.3181830942630768,0.5229218602180481,-0.047521695494651794,0.3534797132015228,0.5023104548454285,-0.05592720955610275,0.2998117506504059,0.463273286819458,-0.003912236075848341,0.25892534852027893,0.4930385649204254,-0.03707004711031914,0.3153492212295532,0.47413933277130127,-0.050045955926179886,0.35052841901779175,0.45588061213493347,-0.050386179238557816,0.29410165548324585,0.4125235080718994,-0.013026227243244648,0.2515530288219452,0.4366752505302429,-0.041080497205257416,0.3058646619319916,0.4294166564941406,-0.03700587898492813,0.34335455298423767,0.4166680574417114,-0.02562100999057293,0.2945142090320587,0.35783952474594116,-0.024072783067822456,0.2588008940219879,0.38131219148635864,-0.03884391859173775,0.2964526414871216,0.3890266716480255,-0.030572548508644104,0.32616400718688965,0.3847739100456238,-0.01911451667547226,No
0.43957123160362244,0.37825143337249756,-4.789461058862798e-07,0.4301307797431946,0.47341692447662354,-0.018165526911616325,0.4156401455402374,0.5541590452194214,-0.03452330827713013,0.40710151195526123,0.6242485642433167,-0.05494503304362297,0.4122529625892639,0.6743291616439819,-0.0725044384598732,0.31465789675712585,0.5128740668296814,0.0006797501118853688,0.27501237392425537,0.5460748076438904,-0.027758458629250526,0.31925714015960693,0.5224553346633911,-0.047661710530519485,0.3543670177459717,0.5023975968360901,-0.0569441020488739,0.29896092414855957,0.46441951394081116,-0.003638841211795807,0.25869113206863403,0.49432140588760376,-0.038118354976177216,0.31473731994628906,0.4746326804161072,-0.0528930239379406,0.3501392900943756,0.4561796188354492,-0.054550208151340485,0.2936549186706543,0.41288304328918457,-0.012651920318603516,0.2519177794456482,0.4370015263557434,-0.04080183058977127,0.305207222700119,0.4293269217014313,-0.03797251731157303,0.34331268072128296,0.41684114933013916,-0.02754046581685543,0.2952897846698761,0.35796165466308594,-0.023692714050412178,0.26085519790649414,0.3807453215122223,-0.03777549788355827,0.29761943221092224,0.3897607922554016,-0.030023835599422455,0.32751259207725525,0.3865441083908081,-0.01925056241452694,No
0.43529245257377625,0.3836801052093506,-4.853762334278144e-07,0.42634057998657227,0.4759247303009033,-0.021050235256552696,0.4108683466911316,0.5603342056274414,-0.03871402516961098,0.40119433403015137,0.6331809759140015,-0.059943076223134995,0.402079701423645,0.6871488690376282,-0.07832703739404678,0.3133810758590698,0.5092769265174866,-0.002156732836738229,0.27527597546577454,0.5441379547119141,-0.03282061964273453,0.3172716200351715,0.5228214859962463,-0.05466590076684952,0.35141992568969727,0.5020044445991516,-0.06511861830949783,0.29878488183021545,0.46165597438812256,-0.005413256585597992,0.2597433924674988,0.49321550130844116,-0.042009733617305756,0.3139283359050751,0.47553494572639465,-0.057010576128959656,0.34972086548805237,0.45663097500801086,-0.058709658682346344,0.2937425971031189,0.41146600246429443,-0.013936794362962246,0.2520959973335266,0.43672287464141846,-0.04482198879122734,0.30385345220565796,0.4310126304626465,-0.04253951460123062,0.34136518836021423,0.4181723892688751,-0.031880009919404984,0.2948000729084015,0.3592489957809448,-0.02467426471412182,0.2608078420162201,0.3805307447910309,-0.040541257709264755,0.2959904670715332,0.3904033303260803,-0.033840589225292206,0.3249213695526123,0.38698315620422363,-0.023681165650486946,No
0.43689876794815063,0.38022637367248535,-4.896737095805292e-07,0.42727088928222656,0.47564464807510376,-0.019003892317414284,0.4152451455593109,0.5586587190628052,-0.03666361793875694,0.40483731031417847,0.6341490745544434,-0.05828589200973511,0.4077761173248291,0.6870968341827393,-0.0768267810344696,0.3145048916339874,0.5084815621376038,-0.00028337619733065367,0.2751883268356323,0.5445358157157898,-0.028486723080277443,0.317050576210022,0.5221811532974243,-0.04864472150802612,0.351686030626297,0.5012450814247131,-0.058420371264219284,0.2995752990245819,0.4617541432380676,-0.0035481550730764866,0.260367214679718,0.49521949887275696,-0.0390256866812706,0.3148885667324066,0.47513437271118164,-0.05435783043503761,0.3507716953754425,0.45474773645401,-0.056875571608543396,0.29485422372817993,0.41231298446655273,-0.011299950070679188,0.2522739768028259,0.43837770819664,-0.038696110248565674,0.3040604889392853,0.4306158423423767,-0.034592896699905396,0.3416127562522888,0.41678130626678467,-0.02388155087828636,0.2968868911266327,0.3606540560722351,-0.021317295730113983,0.2612868845462799,0.3816337585449219,-0.03432788699865341,0.2971981465816498,0.3899063169956207,-0.02607843093574047,0.3258797526359558,0.3852660655975342,-0.015412685461342335,No
0.43395256996154785,0.3816055655479431,-5.239608640295046e-07,0.42259493470191956,0.47869277000427246,-0.015067003667354584,0.40999874472618103,0.5607644319534302,-0.030116796493530273,0.3994317352771759,0.6351211071014404,-0.050132814794778824,0.4029785394668579,0.6899834871292114,-0.06738167256116867,0.3141702115535736,0.507221519947052,0.006821201648563147,0.2763544023036957,0.5427977442741394,-0.01824929378926754,0.3161967396736145,0.523033618927002,-0.03579371050000191,0.3508392572402954,0.5022722482681274,-0.04409244656562805,0.29941174387931824,0.4610905647277832,0.0018107627984136343,0.2611019015312195,0.4947081506252289,-0.03179100155830383,0.31684938073158264,0.47534602880477905,-0.04624566435813904,0.3527507781982422,0.45509007573127747,-0.04818302020430565,0.29443633556365967,0.4121427536010742,-0.007424574811011553,0.25244447588920593,0.4393405616283417,-0.0341123566031456,0.30601173639297485,0.4318090081214905,-0.029006803408265114,0.3435705602169037,0.4178742468357086,-0.01760672591626644,0.2965317368507385,0.3587755560874939,-0.01855708286166191,0.26028409600257874,0.38099730014801025,-0.031293321400880814,0.2968948185443878,0.390047550201416,-0.02211611345410347,0.32570523023605347,0.3872196078300476,-0.010824152268469334,No
0.4351315200328827,0.38129687309265137,-5.209769824432442e-07,0.42340630292892456,0.4772443175315857,-0.016920089721679688,0.4102219045162201,0.5599530339241028,-0.032798007130622864,0.3998866081237793,0.6346839666366577,-0.0533483512699604,0.4033104479312897,0.6882098317146301,-0.07101929932832718,0.3128814995288849,0.5060513019561768,0.005711882375180721,0.27534744143486023,0.5426985025405884,-0.021414740011096,0.3167031407356262,0.5228153467178345,-0.04074931517243385,0.3514714241027832,0.5010920763015747,-0.04993269965052605,0.29848766326904297,0.4600129723548889,0.0014579023700207472,0.26032549142837524,0.4940475821495056,-0.03380316495895386,0.3175583481788635,0.474772572517395,-0.04875434935092926,0.35336899757385254,0.4534369111061096,-0.05049552395939827,0.2939688563346863,0.4110192060470581,-0.007425128016620874,0.2513977885246277,0.4377911686897278,-0.0355042964220047,0.30554646253585815,0.430753231048584,-0.030773596838116646,0.3427540361881256,0.41645705699920654,-0.019043980166316032,0.29657647013664246,0.3587644696235657,-0.01836947724223137,0.2598370313644409,0.380731999874115,-0.031531188637018204,0.2968720495700836,0.3901001513004303,-0.02243667095899582,0.3253345787525177,0.3858996331691742,-0.010932859033346176,No
0.4381166696548462,0.3808409571647644,-4.865101459472498e-07,0.4258750081062317,0.47796201705932617,-0.016887584701180458,0.41298994421958923,0.560758650302887,-0.03328637778759003,0.40309175848960876,0.6376935243606567,-0.054358310997486115,0.40879154205322266,0.6928398609161377,-0.07264135032892227,0.31475457549095154,0.5080479383468628,0.006529389880597591,0.27519676089286804,0.5429396033287048,-0.020478297024965286,0.31626710295677185,0.5218513607978821,-0.04113587737083435,0.35182881355285645,0.5009495615959167,-0.05148422718048096,0.29978427290916443,0.4613930583000183,0.0024416272062808275,0.26000505685806274,0.49380233883857727,-0.03118913620710373,0.31449076533317566,0.4750865697860718,-0.04694203659892082,0.35060974955558777,0.4555926024913788,-0.05014009028673172,0.29557228088378906,0.41235795617103577,-0.006277596112340689,0.25334250926971436,0.43749797344207764,-0.032005831599235535,0.3048080801963806,0.4307382106781006,-0.027814917266368866,0.34209010004997253,0.4175596237182617,-0.017542919144034386,0.2984652519226074,0.3601987957954407,-0.01718699187040329,0.2623312473297119,0.3812240958213806,-0.028594885021448135,0.2987675964832306,0.38983747363090515,-0.019404400140047073,0.3277705907821655,0.3852863311767578,-0.008476526476442814,No
0.4329896569252014,0.3840731382369995,-5.258322630652401e-07,0.4205639362335205,0.4834187924861908,-0.014341006986796856,0.4100714921951294,0.5658525228500366,-0.02903326228260994,0.3980225920677185,0.639760434627533,-0.04863767325878143,0.3987411558628082,0.6917424201965332,-0.06519687920808792,0.3138331174850464,0.5107433199882507,0.008770419284701347,0.27650102972984314,0.5428369641304016,-0.01662135310471058,0.315764844417572,0.5248886346817017,-0.03455177694559097,0.35104990005493164,0.5057328343391418,-0.043020159006118774,0.29947856068611145,0.46390464901924133,0.0035221006255596876,0.2604635953903198,0.49495795369148254,-0.029817689210176468,0.31617388129234314,0.47728535532951355,-0.044334832578897476,0.3520163893699646,0.45829248428344727,-0.04645664989948273,0.29522496461868286,0.4147341251373291,-0.005971354432404041,0.2537359893321991,0.4393746852874756,-0.032430049031972885,0.3078484535217285,0.43238770961761475,-0.026275014504790306,0.3445321321487427,0.41902053356170654,-0.01420487929135561,0.298931747674942,0.36089473962783813,-0.017344068735837936,0.26230454444885254,0.38199612498283386,-0.029438113793730736,0.3002898693084717,0.3904132843017578,-0.018893644213676453,0.3283447325229645,0.3876528739929199,-0.00666556553915143,No
0.43233993649482727,0.38767704367637634,-5.041118811277556e-07,0.42236387729644775,0.4834504723548889,-0.01688726246356964,0.4113129675388336,0.5662257075309753,-0.03304683417081833,0.40248191356658936,0.6394696831703186,-0.05385708063840866,0.40594562888145447,0.6912728548049927,-0.07190034538507462,0.3130495548248291,0.5114549994468689,0.005337622947990894,0.276235431432724,0.5422185659408569,-0.021214837208390236,0.316112756729126,0.5234131813049316,-0.04000042378902435,0.3518153727054596,0.5041121244430542,-0.048791415989398956,0.29936203360557556,0.46404948830604553,0.0005479386309161782,0.2602899968624115,0.4939941465854645,-0.03371918201446533,0.3151038885116577,0.47644832730293274,-0.04851986840367317,0.3516596555709839,0.45807546377182007,-0.05028528720140457,0.294996440410614,0.4144977927207947,-0.008839811198413372,0.253093957901001,0.4385300278663635,-0.037078600376844406,0.3066425323486328,0.431293249130249,-0.03279547393321991,0.34422391653060913,0.4190554618835449,-0.021209167316555977,0.29801031947135925,0.3615078032016754,-0.02016778662800789,0.26080119609832764,0.38177990913391113,-0.033568914979696274,0.29796454310417175,0.39033520221710205,-0.02423025853931904,0.3274860382080078,0.38836824893951416,-0.012490952387452126,No
0.430911660194397,0.3893272876739502,-4.840387077820196e-07,0.42462480068206787,0.47878533601760864,-0.02390388213098049,0.41169947385787964,0.5620931386947632,-0.04416197910904884,0.40217164158821106,0.6360015273094177,-0.06753262132406235,0.4036983847618103,0.6898174285888672,-0.08810347318649292,0.3124678432941437,0.510059118270874,-0.0057674613781273365,0.27624601125717163,0.5429747104644775,-0.0366746261715889,0.3166815936565399,0.5240898132324219,-0.05783338472247124,0.3506730794906616,0.5042017102241516,-0.06787297874689102,0.2995065450668335,0.4625685214996338,-0.008289886638522148,0.26039084792137146,0.49566709995269775,-0.046000633388757706,0.3146396279335022,0.47862279415130615,-0.060740213841199875,0.3503081798553467,0.4592108130455017,-0.0619196891784668,0.2949663996696472,0.41315463185310364,-0.016138339415192604,0.2533942759037018,0.43901580572128296,-0.04894191399216652,0.3063869774341583,0.43361765146255493,-0.04618306830525398,0.3435761034488678,0.4211539030075073,-0.03462015092372894,0.2957945168018341,0.3605998158454895,-0.026296813040971756,0.2618526220321655,0.3830198049545288,-0.043305229395627975,0.29817062616348267,0.3919355273246765,-0.03620411455631256,0.32682979106903076,0.3882048726081848,-0.025534218177199364,No
0.43445223569869995,0.3870398998260498,-5.00222711252718e-07,0.4257618188858032,0.4793850779533386,-0.02079416997730732,0.4107115566730499,0.5620769262313843,-0.03915581852197647,0.39843618869781494,0.6349477767944336,-0.061260391026735306,0.3989851474761963,0.6886317729949951,-0.08069080114364624,0.31347617506980896,0.5084569454193115,-0.0017132271314039826,0.27599287033081055,0.543211817741394,-0.03172014653682709,0.31682848930358887,0.523666262626648,-0.0533427968621254,0.35147824883461,0.5034016966819763,-0.06376379728317261,0.3002004325389862,0.46182486414909363,-0.004942181520164013,0.2612265944480896,0.49498188495635986,-0.041474759578704834,0.3152941167354584,0.47811123728752136,-0.0572352260351181,0.35136878490448,0.45879772305488586,-0.059643372893333435,0.2956753671169281,0.41301795840263367,-0.013120751827955246,0.2538034915924072,0.43939533829689026,-0.043938033282756805,0.3061601221561432,0.43416184186935425,-0.041689999401569366,0.34398406744003296,0.42106151580810547,-0.031145790591835976,0.2965536415576935,0.3611363172531128,-0.023444764316082,0.26197317242622375,0.38346466422080994,-0.03929353877902031,0.2979471683502197,0.39270034432411194,-0.0322796069085598,0.3271510601043701,0.38847866654396057,-0.021928580477833748,No
0.4352394938468933,0.38720938563346863,-4.620916058684088e-07,0.427063524723053,0.47885361313819885,-0.020786600187420845,0.41318774223327637,0.5610138177871704,-0.039430808275938034,0.4049275517463684,0.6343646049499512,-0.06178923696279526,0.41130611300468445,0.6882680058479309,-0.08150720596313477,0.31430745124816895,0.5099828839302063,-0.0028751709032803774,0.2759498059749603,0.5442705750465393,-0.03247556462883949,0.31689807772636414,0.5231813192367554,-0.05340905487537384,0.35113295912742615,0.5025745630264282,-0.06339354068040848,0.3006247282028198,0.46262818574905396,-0.006059850100427866,0.2613309621810913,0.4950433671474457,-0.0417182557284832,0.315006285905838,0.4774860739707947,-0.05651696026325226,0.3501206934452057,0.4582796096801758,-0.05849745497107506,0.296263724565506,0.4132194519042969,-0.014119558967649937,0.25377339124679565,0.4394342005252838,-0.043445516377687454,0.3055819869041443,0.4333910048007965,-0.04022599384188652,0.3428134024143219,0.4201590418815613,-0.029520275071263313,0.2973020672798157,0.36136478185653687,-0.024446748197078705,0.26241686940193176,0.38215839862823486,-0.0390135757625103,0.2979489862918854,0.39190423488616943,-0.031390346586704254,0.3269045054912567,0.3887180984020233,-0.02091667242348194,No
0.43998420238494873,0.3798357844352722,-5.321665526025754e-07,0.42326927185058594,0.4817492365837097,-0.01296753529459238,0.4114615321159363,0.5613334774971008,-0.026802709326148033,0.3965281546115875,0.6360218524932861,-0.04592845216393471,0.39658641815185547,0.6881547570228577,-0.06140133738517761,0.31301602721214294,0.5102744102478027,0.015422696247696877,0.2755879759788513,0.5442416667938232,-0.009878990240395069,0.3171694278717041,0.5238723158836365,-0.029802868142724037,0.352461576461792,0.5036206245422363,-0.0399533212184906,0.2984250783920288,0.4639405608177185,0.010552573017776012,0.2600696384906769,0.49617281556129456,-0.023505639284849167,0.3177204728126526,0.47618773579597473,-0.040873005986213684,0.3537141978740692,0.45677345991134644,-0.04524774104356766,0.2954205870628357,0.4150002896785736,0.0014761144993826747,0.25216439366340637,0.43904006481170654,-0.023800281807780266,0.3062306046485901,0.4319295585155487,-0.01787351258099079,0.34383243322372437,0.4186326563358307,-0.006510184612125158,0.30045583844184875,0.3606807291507721,-0.009575963951647282,0.2623564898967743,0.3808589577674866,-0.02031918801367283,0.30076098442077637,0.3898850679397583,-0.009665868245065212,0.3289157450199127,0.38742178678512573,0.002385054947808385,No
0.4378797113895416,0.38426434993743896,-5.124695121594414e-07,0.4260028600692749,0.47894906997680664,-0.01687522418797016,0.41294437646865845,0.5599750280380249,-0.03352901712059975,0.4013608992099762,0.6330170631408691,-0.054538484662771225,0.40477868914604187,0.6855901479721069,-0.07276679575443268,0.3125187158584595,0.5106211304664612,0.0018652365542948246,0.2763228118419647,0.544217050075531,-0.025849711149930954,0.31759971380233765,0.5225016474723816,-0.04475630074739456,0.3522556722164154,0.5013267993927002,-0.053468819707632065,0.29820942878723145,0.46331238746643066,-0.002921228064224124,0.2607884109020233,0.49446138739585876,-0.03760058060288429,0.31708648800849915,0.4758205711841583,-0.05140308290719986,0.3527452051639557,0.45647233724594116,-0.05262095481157303,0.2941243052482605,0.4134105443954468,-0.01217452622950077,0.25306230783462524,0.4384976625442505,-0.040594298392534256,0.3068065345287323,0.4318249523639679,-0.03567080572247505,0.34404608607292175,0.4188196659088135,-0.023894481360912323,0.2973811626434326,0.36044377088546753,-0.023364940658211708,0.2613450884819031,0.38201549649238586,-0.0376901738345623,0.2986512780189514,0.39131638407707214,-0.028703847900032997,0.3277371823787689,0.38845714926719666,-0.01703898422420025,No
0.43502023816108704,0.3825884461402893,-4.913920861326915e-07,0.4232030212879181,0.47807592153549194,-0.018072182312607765,0.409997820854187,0.562582790851593,-0.033576056361198425,0.40165990591049194,0.6383330821990967,-0.05313552916049957,0.4064265787601471,0.6909805536270142,-0.07003004848957062,0.31288161873817444,0.5110588073730469,0.004744389560073614,0.27721530199050903,0.5452244877815247,-0.022248269990086555,0.31940707564353943,0.5229801535606384,-0.04242829978466034,0.3531898856163025,0.5016924142837524,-0.05231645330786705,0.2979777455329895,0.46362215280532837,0.001858602394349873,0.261150598526001,0.49575528502464294,-0.03214193135499954,0.3158683180809021,0.4770001471042633,-0.047915272414684296,0.3513171374797821,0.45645469427108765,-0.050742752850055695,0.2938408851623535,0.41377389430999756,-0.0056265536695718765,0.2550821304321289,0.4372635781764984,-0.0330643355846405,0.30746787786483765,0.4312588572502136,-0.030382299795746803,0.34381040930747986,0.41863444447517395,-0.020204685628414154,0.2967063784599304,0.3617250323295593,-0.015093819238245487,0.2606829106807709,0.381994366645813,-0.027493413537740707,0.29751282930374146,0.391407310962677,-0.018992066383361816,0.32645297050476074,0.3881622552871704,-0.008113914169371128,No
0.43507710099220276,0.3870490491390228,-5.507497462531319e-07,0.4233623743057251,0.482209175825119,-0.015133719891309738,0.4072858691215515,0.5652800798416138,-0.028712710365653038,0.39632147550582886,0.6371640563011169,-0.04723280668258667,0.3973509669303894,0.689559817314148,-0.06328315287828445,0.3123801052570343,0.5123526453971863,0.008949177339673042,0.27615517377853394,0.5451487302780151,-0.01686098240315914,0.3182876706123352,0.5245293378829956,-0.035589177161455154,0.35377803444862366,0.5037776231765747,-0.044181253761053085,0.2984052896499634,0.4645144045352936,0.004229757934808731,0.26072412729263306,0.49634993076324463,-0.028375964611768723,0.31685003638267517,0.4774312973022461,-0.04271675646305084,0.3533458709716797,0.45760464668273926,-0.04417681321501732,0.2938050925731659,0.4146610200405121,-0.005161412060260773,0.2536050081253052,0.43935441970825195,-0.032618749886751175,0.30758026242256165,0.4325460195541382,-0.029304208233952522,0.34466835856437683,0.4195728898048401,-0.018291760236024857,0.29615265130996704,0.36135125160217285,-0.016233544796705246,0.25922542810440063,0.38312241435050964,-0.029204783961176872,0.2966548204421997,0.3914472758769989,-0.02042124979197979,0.32587578892707825,0.387497216463089,-0.008994059637188911,No
0.43376946449279785,0.38736894726753235,-5.092979336041026e-07,0.42511558532714844,0.47955161333084106,-0.019072601571679115,0.40895703434944153,0.5634060502052307,-0.03557866811752319,0.398909330368042,0.634893000125885,-0.05599718168377876,0.4019327163696289,0.6890137195587158,-0.0737883523106575,0.31411612033843994,0.5093764662742615,-0.00045637693256139755,0.27615025639533997,0.5436389446258545,-0.028843527659773827,0.31856203079223633,0.5225332975387573,-0.04902428016066551,0.3534286320209503,0.502394437789917,-0.05856996774673462,0.3008190095424652,0.46217527985572815,-0.004198117647320032,0.2613440454006195,0.4949035346508026,-0.038830000907182693,0.3154175877571106,0.4771696925163269,-0.05342153087258339,0.35184821486473083,0.45824676752090454,-0.055216092616319656,0.2960986793041229,0.41297683119773865,-0.012709400616586208,0.253207802772522,0.4396166205406189,-0.04208087548613548,0.3055720329284668,0.43311014771461487,-0.0397334061563015,0.3435364067554474,0.419986754655838,-0.029377605766057968,0.2969054579734802,0.36134660243988037,-0.023208200931549072,0.2611508369445801,0.38294336199760437,-0.038285013288259506,0.2966632843017578,0.3924393057823181,-0.03125504031777382,0.32643648982048035,0.38937699794769287,-0.02106645703315735,No
0.43855196237564087,0.38762137293815613,-5.376221565711603e-07,0.42386847734451294,0.485180139541626,-0.015557080507278442,0.4088153839111328,0.5656834840774536,-0.03049309551715851,0.3944237530231476,0.6378740072250366,-0.04992424324154854,0.3932855725288391,0.688299298286438,-0.06619047373533249,0.31339946389198303,0.5095576643943787,0.00569975795224309,0.27649614214897156,0.5442813634872437,-0.02092166058719158,0.3190232813358307,0.5232930183410645,-0.03996952250599861,0.35441163182258606,0.5024726390838623,-0.04906493425369263,0.29952383041381836,0.46311959624290466,0.0013141849776729941,0.26074421405792236,0.4958379864692688,-0.03306848555803299,0.3159254789352417,0.47767573595046997,-0.048626042902469635,0.35237398743629456,0.458688884973526,-0.051459334790706635,0.2959957420825958,0.41378548741340637,-0.007232138887047768,0.25338953733444214,0.43937239050865173,-0.034812260419130325,0.30651599168777466,0.4331585764884949,-0.030347248539328575,0.3446774184703827,0.4204261600971222,-0.019150037318468094,0.29985547065734863,0.36128830909729004,-0.01760687306523323,0.26265090703964233,0.38253161311149597,-0.030970513820648193,0.2998042404651642,0.39227527379989624,-0.021857598796486855,0.3294405937194824,0.3893265128135681,-0.010387909598648548,No
0.43753117322921753,0.3828364312648773,-5.121297022014915e-07,0.4255872964859009,0.48176831007003784,-0.016181083396077156,0.4122222065925598,0.5650217533111572,-0.031475700438022614,0.39977550506591797,0.6406405568122864,-0.0517255999147892,0.40034765005111694,0.6979807615280151,-0.06937174499034882,0.3148956000804901,0.5090293288230896,0.00970778800547123,0.27685442566871643,0.5437761545181274,-0.01722368411719799,0.31875136494636536,0.5232376456260681,-0.03793076425790787,0.3527372479438782,0.5027563571929932,-0.048290323466062546,0.2999378740787506,0.46230635046958923,0.0053946515545248985,0.2608734369277954,0.49430474638938904,-0.028483079746365547,0.3161134719848633,0.4764067530632019,-0.04471486434340477,0.35105541348457336,0.45700526237487793,-0.048059482127428055,0.2961319088935852,0.4133569300174713,-0.003644145093858242,0.25539326667785645,0.4373930096626282,-0.0306685920804739,0.308292418718338,0.43094348907470703,-0.02661854587495327,0.3441314399242401,0.41825538873672485,-0.01588689349591732,0.2996003031730652,0.3605830669403076,-0.014664058573544025,0.2622062563896179,0.380820631980896,-0.02668149396777153,0.2987034022808075,0.39019444584846497,-0.017248764634132385,0.32669323682785034,0.3879714906215668,-0.005915587767958641,No
0.4356076419353485,0.38815099000930786,-5.202907686907565e-07,0.4253127872943878,0.48452964425086975,-0.017160851508378983,0.41158223152160645,0.5696597099304199,-0.0323508158326149,0.40045297145843506,0.6428465843200684,-0.052375003695487976,0.4002659320831299,0.6970803737640381,-0.06993857771158218,0.31594473123550415,0.5099037885665894,0.007147884927690029,0.2764889597892761,0.5446702837944031,-0.02008196711540222,0.31723731756210327,0.5256912112236023,-0.04023214802145958,0.35202130675315857,0.5054832100868225,-0.04988819733262062,0.301683247089386,0.4624750316143036,0.0027146588545292616,0.2616225779056549,0.4957616925239563,-0.031235400587320328,0.31599605083465576,0.4781893491744995,-0.046668890863657,0.3519158661365509,0.458066463470459,-0.04912008345127106,0.29689499735832214,0.413195937871933,-0.0066927047446370125,0.2538222074508667,0.4401535093784332,-0.03513428196310997,0.3066973090171814,0.43349552154541016,-0.03217025101184845,0.3438636362552643,0.41935229301452637,-0.021559886634349823,0.29915037751197815,0.3603206276893616,-0.018049776554107666,0.261508047580719,0.3821646571159363,-0.03211198374629021,0.29776731133461,0.3921537697315216,-0.024199508130550385,0.3272310197353363,0.3890954852104187,-0.013536232523620129,No
0.4348096549510956,0.39146095514297485,-5.167408971828991e-07,0.42427772283554077,0.4873712956905365,-0.015658315271139145,0.41185683012008667,0.5670154690742493,-0.031765811145305634,0.4010260999202728,0.6369048357009888,-0.05313001200556755,0.4037150740623474,0.6889979839324951,-0.07220400869846344,0.3153637945652008,0.5089878439903259,0.0060271224938333035,0.27648675441741943,0.5430240035057068,-0.021336084231734276,0.3160875141620636,0.5240973234176636,-0.04158226028084755,0.3519555330276489,0.5045660734176636,-0.05115022510290146,0.30228370428085327,0.46355122327804565,0.0004940557410009205,0.26220470666885376,0.49649423360824585,-0.03247375041246414,0.3156445324420929,0.4785275161266327,-0.0472465418279171,0.3513600528240204,0.45935994386672974,-0.04943893849849701,0.29761260747909546,0.41524451971054077,-0.009728771634399891,0.25502920150756836,0.44173964858055115,-0.0365200899541378,0.3071507215499878,0.43427690863609314,-0.03279309719800949,0.3439970314502716,0.42020183801651,-0.022196266800165176,0.2997933626174927,0.36256787180900574,-0.02199188433587551,0.2624620795249939,0.38415321707725525,-0.03461204841732979,0.298339307308197,0.39312028884887695,-0.02576492540538311,0.32760089635849,0.3893120586872101,-0.014687871560454369,No
0.4366599917411804,0.38767802715301514,-5.201075055083493e-07,0.4235566258430481,0.48588064312934875,-0.014093184843659401,0.41033974289894104,0.5649246573448181,-0.029224976897239685,0.3980826437473297,0.6363524198532104,-0.049720216542482376,0.40090951323509216,0.6910775303840637,-0.0676858127117157,0.3136705458164215,0.5098438858985901,0.010417656973004341,0.27643752098083496,0.5431342720985413,-0.016021165996789932,0.3169988989830017,0.5233742594718933,-0.03615100309252739,0.352532297372818,0.5040353536605835,-0.04586372524499893,0.2996557652950287,0.46395057439804077,0.005010337568819523,0.2613386809825897,0.4954938590526581,-0.027876276522874832,0.31633320450782776,0.4773181080818176,-0.04336794465780258,0.3519755005836487,0.4594811499118805,-0.04622432962059975,0.295715868473053,0.4154052734375,-0.004849517252296209,0.25512468814849854,0.4401240348815918,-0.031054379418492317,0.30829665064811707,0.4327768385410309,-0.02624397911131382,0.34503862261772156,0.4201112985610962,-0.015125259757041931,0.2989875078201294,0.3617349863052368,-0.016586096957325935,0.26187753677368164,0.3818216025829315,-0.02834727056324482,0.29892823100090027,0.39010411500930786,-0.018221313133835793,0.3273138403892517,0.3879461884498596,-0.006292413920164108,No
0.43669161200523376,0.38254863023757935,-4.778576112585142e-07,0.42376068234443665,0.48173436522483826,-0.018526040017604828,0.41378912329673767,0.5645157694816589,-0.0358864963054657,0.40230506658554077,0.6411246061325073,-0.05757313594222069,0.4050990343093872,0.6932801008224487,-0.07598960399627686,0.3135526180267334,0.5105395913124084,0.005893058609217405,0.2769874930381775,0.5446155071258545,-0.022198105230927467,0.31890472769737244,0.5243484973907471,-0.04341538995504379,0.35390418767929077,0.5034636855125427,-0.054156601428985596,0.2989789545536041,0.4635131359100342,0.0028372486121952534,0.2620149254798889,0.4969506859779358,-0.03264658898115158,0.31661519408226013,0.4780915379524231,-0.049561839550733566,0.35188621282577515,0.4570825397968292,-0.053482841700315475,0.2953723073005676,0.4142668545246124,-0.004882714711129665,0.25559359788894653,0.43896904587745667,-0.03198792040348053,0.30768153071403503,0.4321637451648712,-0.02729758433997631,0.3443373441696167,0.4191071093082428,-0.016319729387760162,0.29947173595428467,0.36239373683929443,-0.014967934228479862,0.2627294659614563,0.3821868300437927,-0.02669435925781727,0.2993830144405365,0.39120614528656006,-0.0169850941747427,0.3276729881763458,0.3882448375225067,-0.00553695997223258,No
0.43659600615501404,0.3860631287097931,-5.114978876008536e-07,0.42362794280052185,0.49027004837989807,-0.01308791246265173,0.4154840111732483,0.5723987817764282,-0.026909062638878822,0.4040040969848633,0.6444141268730164,-0.04647136852145195,0.4051471948623657,0.6941851377487183,-0.06293736398220062,0.3164133131504059,0.5130298137664795,0.01644417829811573,0.27761635184288025,0.5451560616493225,-0.008395078592002392,0.3180704414844513,0.5269237756729126,-0.02826172485947609,0.3541164696216583,0.5068231821060181,-0.03842707350850105,0.3011319637298584,0.4656093716621399,0.010975012555718422,0.26168662309646606,0.49786943197250366,-0.021567270159721375,0.316670686006546,0.4789096713066101,-0.03830847516655922,0.3525520861148834,0.4584111273288727,-0.042434293776750565,0.2967754602432251,0.4167971611022949,0.0009661205112934113,0.2542869448661804,0.44148433208465576,-0.02365611121058464,0.3071747422218323,0.4337609112262726,-0.018190637230873108,0.3441123068332672,0.41985011100769043,-0.00721547519788146,0.30072587728500366,0.3622778654098511,-0.011119794100522995,0.2628694176673889,0.3833068907260895,-0.021203603595495224,0.3003197908401489,0.3919526934623718,-0.010531052947044373,0.3284449577331543,0.38904884457588196,0.0012469133362174034,No
0.4332181215286255,0.39180007576942444,-5.158105977898231e-07,0.4243118166923523,0.4896963834762573,-0.017649976536631584,0.41288745403289795,0.5731188654899597,-0.03270162642002106,0.40198129415512085,0.6437472105026245,-0.05245380476117134,0.4025808870792389,0.6949216723442078,-0.06990841031074524,0.3150869309902191,0.5126698613166809,0.007248052395880222,0.2784726917743683,0.5439686179161072,-0.020062969997525215,0.31723907589912415,0.5283063054084778,-0.03962601721286774,0.3509145677089691,0.5092690587043762,-0.04877418652176857,0.30173060297966003,0.46458250284194946,0.0025523274671286345,0.26045337319374084,0.49777257442474365,-0.03204740956425667,0.31465643644332886,0.48025840520858765,-0.04677453264594078,0.3504839837551117,0.4587297737598419,-0.04777241870760918,0.29688990116119385,0.4146939516067505,-0.007256367243826389,0.255506694316864,0.44011175632476807,-0.03700380399823189,0.3090246617794037,0.4331825375556946,-0.033679746091365814,0.3453483283519745,0.41982948780059814,-0.02177436463534832,0.29931187629699707,0.36015599966049194,-0.019013887271285057,0.2623429000377655,0.3831329941749573,-0.0329301580786705,0.29879963397979736,0.3913727104663849,-0.023960204795002937,0.3267579972743988,0.38815444707870483,-0.01216517761349678,No
0.6798211336135864,0.3951684236526489,-4.045882064929174e-07,0.6532461047172546,0.45904842019081116,-0.017775610089302063,0.6171094179153442,0.5155633091926575,-0.03149677440524101,0.5864784717559814,0.5583875179290771,-0.04678831994533539,0.5625238418579102,0.5929388403892517,-0.059636734426021576,0.5630234479904175,0.4434114992618561,-0.006950356066226959,0.5350534319877625,0.4456651508808136,-0.032027240842580795,0.566540539264679,0.44184643030166626,-0.04963432252407074,0.5948054194450378,0.4382183253765106,-0.058140892535448074,0.5656822919845581,0.3971410393714905,-0.008762541227042675,0.5397018790245056,0.39746153354644775,-0.03717506676912308,0.582442045211792,0.4050239622592926,-0.048496000468730927,0.6130196452140808,0.4105008840560913,-0.050078775733709335,0.5749750733375549,0.35467761754989624,-0.01430726982653141,0.5517575144767761,0.3524266481399536,-0.03984154015779495,0.5904812216758728,0.36675241589546204,-0.03690875321626663,0.6182540059089661,0.3774562180042267,-0.027837196364998817,0.589100182056427,0.3144267797470093,-0.02137085050344467,0.5643728971481323,0.31077247858047485,-0.03465437516570091,0.5888211727142334,0.3294812738895416,-0.02754441648721695,0.6085910201072693,0.34313708543777466,-0.018167437985539436,No
0.6837282776832581,0.39017564058303833,-4.124027839225164e-07,0.6580417156219482,0.45275118947029114,-0.018055764958262444,0.619059145450592,0.5103132128715515,-0.03202367201447487,0.5881049633026123,0.5546122789382935,-0.04724178463220596,0.5657686591148376,0.5926399230957031,-0.06003206968307495,0.5629448294639587,0.44107580184936523,-0.00897209346294403,0.5362316370010376,0.44428110122680664,-0.0340641587972641,0.5701082944869995,0.438583105802536,-0.05127092823386192,0.5988702774047852,0.4341004192829132,-0.05955587327480316,0.5650131702423096,0.39478492736816406,-0.01086118072271347,0.539218544960022,0.396001935005188,-0.03891655430197716,0.5841301083564758,0.4014992117881775,-0.04936233535408974,0.6145211458206177,0.4059966802597046,-0.05051981285214424,0.5744701623916626,0.35209301114082336,-0.016356822103261948,0.5519589185714722,0.35013359785079956,-0.041892413049936295,0.5927071571350098,0.3634497821331024,-0.038092538714408875,0.6200190782546997,0.37369945645332336,-0.02870899625122547,0.5886017084121704,0.31181177496910095,-0.023288531228899956,0.5642436742782593,0.30849766731262207,-0.0364404171705246,0.5914165377616882,0.3269105553627014,-0.028492501005530357,0.6116501092910767,0.3401987552642822,-0.018750309944152832,No
0.6826285719871521,0.39144206047058105,-4.0718748550716555e-07,0.6564840078353882,0.45472386479377747,-0.018157193437218666,0.6189337968826294,0.5119674801826477,-0.0324266254901886,0.5877190828323364,0.5563642978668213,-0.04809985309839249,0.5648451447486877,0.5942976474761963,-0.061416760087013245,0.5637771487236023,0.4398323893547058,-0.008084472268819809,0.5367280840873718,0.4437194764614105,-0.03347430378198624,0.5697034597396851,0.43916547298431396,-0.051162831485271454,0.5984116792678833,0.4350941777229309,-0.05972972512245178,0.5661080479621887,0.3933679461479187,-0.010001380927860737,0.5399134755134583,0.3950667083263397,-0.03860829398036003,0.5843096375465393,0.4016953706741333,-0.04967578500509262,0.614721953868866,0.4060712158679962,-0.051146749407052994,0.5753706097602844,0.35080987215042114,-0.015619094483554363,0.5516960024833679,0.3490641415119171,-0.04153851047158241,0.5918705463409424,0.36367201805114746,-0.03799135237932205,0.6193086504936218,0.3739711344242096,-0.028613224625587463,0.589299738407135,0.31095269322395325,-0.022717302665114403,0.5643513798713684,0.30767351388931274,-0.03614459186792374,0.5910031795501709,0.32725638151168823,-0.028368504717946053,0.6114169359207153,0.3409445285797119,-0.018635343760252,No
0.6825343370437622,0.3904601037502289,-4.0860595618141815e-07,0.656425952911377,0.4546867907047272,-0.017414730042219162,0.6188434958457947,0.5120671987533569,-0.031101122498512268,0.587565541267395,0.556545078754425,-0.0463656410574913,0.5650307536125183,0.5946431159973145,-0.05945681780576706,0.5641441941261292,0.4401424825191498,-0.0070246197283267975,0.5367861390113831,0.44439810514450073,-0.031622130423784256,0.5694851279258728,0.43930870294570923,-0.04879985749721527,0.597608208656311,0.43488451838493347,-0.05715737119317055,0.5661641955375671,0.3935822546482086,-0.00910272728651762,0.5401809215545654,0.39537960290908813,-0.037020985037088394,0.5845450162887573,0.4018591642379761,-0.047947801649570465,0.6143834590911865,0.4062950611114502,-0.04947749897837639,0.5754814743995667,0.3507661819458008,-0.014765827916562557,0.551970899105072,0.3492185175418854,-0.04031353443861008,0.5922187566757202,0.36380550265312195,-0.036747127771377563,0.6193258166313171,0.3740815222263336,-0.02744395285844803,0.5895605087280273,0.31070852279663086,-0.02181774564087391,0.5644100308418274,0.30776363611221313,-0.034958451986312866,0.5912336111068726,0.3276245594024658,-0.02692367322742939,0.6116476058959961,0.34129035472869873,-0.017058124765753746,No
0.6809747219085693,0.3917408585548401,-4.020084531930479e-07,0.655381441116333,0.4561121165752411,-0.016529478132724762,0.6180036664009094,0.5137084722518921,-0.030390862375497818,0.5865533351898193,0.5571943521499634,-0.04587012901902199,0.5642664432525635,0.5956233739852905,-0.05920146405696869,0.5639274716377258,0.44127175211906433,-0.0076547181233763695,0.535763144493103,0.4458948075771332,-0.03202914074063301,0.5680086016654968,0.4405680298805237,-0.04946327954530716,0.5974109768867493,0.4354690611362457,-0.05800003558397293,0.56658935546875,0.3956911563873291,-0.010193717665970325,0.5385586023330688,0.3978409767150879,-0.03747309371829033,0.5810312628746033,0.40373024344444275,-0.04835906997323036,0.6127553582191467,0.4078079164028168,-0.05009587109088898,0.5760204792022705,0.35365888476371765,-0.016135411337018013,0.5518347024917603,0.3531719446182251,-0.040365178138017654,0.5909411907196045,0.36695384979248047,-0.03699240833520889,0.6189324855804443,0.3767138123512268,-0.028323045000433922,0.5898407101631165,0.31328943371772766,-0.0234674084931612,0.5638481974601746,0.31137630343437195,-0.03583596646785736,0.5899460911750793,0.3301803171634674,-0.027982665225863457,0.6109471321105957,0.34337353706359863,-0.018570030108094215,No
0.6809998750686646,0.3918169140815735,-4.1247349713557924e-07,0.6558091044425964,0.4566657245159149,-0.017127996310591698,0.6179355382919312,0.5141335129737854,-0.03083421103656292,0.5863699913024902,0.557155191898346,-0.04602585360407829,0.564082682132721,0.5954909920692444,-0.058864835649728775,0.564425528049469,0.4422391653060913,-0.008352978155016899,0.5354628562927246,0.4462679922580719,-0.033156100660562515,0.5684781670570374,0.44124841690063477,-0.05017402023077011,0.5974007844924927,0.4365997612476349,-0.05838819965720177,0.5670793056488037,0.3957621455192566,-0.010820753872394562,0.5392736792564392,0.3970474600791931,-0.03856167569756508,0.5833814144134521,0.40357905626296997,-0.04885048791766167,0.6137978434562683,0.408096045255661,-0.04997466132044792,0.5768485069274902,0.3531378507614136,-0.01680659130215645,0.5523149967193604,0.35200509428977966,-0.0417616106569767,0.5925562381744385,0.3653041124343872,-0.03749825805425644,0.6196286678314209,0.37455764412879944,-0.027979480102658272,0.5912191867828369,0.3126227557659149,-0.024196939542889595,0.5647515058517456,0.3102027177810669,-0.036764226853847504,0.5909634232521057,0.3283630907535553,-0.028329594060778618,0.6107624769210815,0.34065645933151245,-0.018417196348309517,No
0.6834056377410889,0.39531272649765015,-4.088534524271381e-07,0.6563304662704468,0.45819705724716187,-0.017743725329637527,0.6174356937408447,0.515104353427887,-0.031729187816381454,0.5857744216918945,0.5586816072463989,-0.04713801294565201,0.5627049803733826,0.5961745977401733,-0.06021518260240555,0.5631548762321472,0.4423668682575226,-0.008203055709600449,0.5355287790298462,0.4466738700866699,-0.03372511267662048,0.5686265826225281,0.4414333999156952,-0.051506541669368744,0.5974741578102112,0.4363899827003479,-0.0601014606654644,0.5660562515258789,0.3961026966571808,-0.010317988693714142,0.5393782258033752,0.3985140919685364,-0.03877578303217888,0.5829346776008606,0.404725581407547,-0.04978673905134201,0.6130935549736023,0.40870335698127747,-0.051406554877758026,0.5757696628570557,0.3537156283855438,-0.016100017353892326,0.5514518022537231,0.35265910625457764,-0.04185127466917038,0.5916048884391785,0.36685746908187866,-0.0379885733127594,0.6190145015716553,0.376621812582016,-0.02857264317572117,0.5899714231491089,0.31387412548065186,-0.023344073444604874,0.5644081234931946,0.31129729747772217,-0.036607079207897186,0.5911802649497986,0.33020299673080444,-0.028563544154167175,0.6115804314613342,0.3427906632423401,-0.018761448562145233,No
0.6832478046417236,0.39522406458854675,-4.0564992787039955e-07,0.6559110283851624,0.4593765437602997,-0.017413098365068436,0.6165379285812378,0.516282320022583,-0.03112819790840149,0.5851446986198425,0.5599184632301331,-0.04642053693532944,0.5624259114265442,0.5978497266769409,-0.059489283710718155,0.5617714524269104,0.44206735491752625,-0.0066641089506447315,0.5353021621704102,0.4463363587856293,-0.03193129599094391,0.5683321952819824,0.4424251616001129,-0.049737513065338135,0.5969327092170715,0.4383661150932312,-0.0584476999938488,0.5646039843559265,0.39551234245300293,-0.008959577418863773,0.5384483337402344,0.39802777767181396,-0.03743215650320053,0.5827918648719788,0.4056769609451294,-0.048614826053380966,0.6128199696540833,0.40981966257095337,-0.050184331834316254,0.5745861530303955,0.35298940539360046,-0.014984671026468277,0.5511589646339417,0.35157668590545654,-0.04100572690367699,0.5915790796279907,0.3675401508808136,-0.03760860487818718,0.6187198758125305,0.3781089782714844,-0.028290942311286926,0.5892984867095947,0.3132917881011963,-0.022435592487454414,0.564475953578949,0.3104107975959778,-0.035913750529289246,0.5912068486213684,0.331207275390625,-0.02811831794679165,0.6113666296005249,0.34539249539375305,-0.018353374674916267,No
0.680783212184906,0.3925749957561493,-4.138853171298251e-07,0.6544375419616699,0.45817431807518005,-0.01680789887905121,0.6158363223075867,0.5153805017471313,-0.030023418366909027,0.5836837291717529,0.5575771927833557,-0.044877149164676666,0.5603337287902832,0.5936447381973267,-0.05745794251561165,0.5623650550842285,0.441286563873291,-0.006611624266952276,0.5341315269470215,0.4451228678226471,-0.03142074868083,0.5674751996994019,0.44094550609588623,-0.04857011139392853,0.5964425802230835,0.43699175119400024,-0.056745901703834534,0.5651720762252808,0.3945513665676117,-0.009107199497520924,0.5375192761421204,0.39681944251060486,-0.0371331125497818,0.582582414150238,0.4033876061439514,-0.047653306275606155,0.6131458282470703,0.40693870186805725,-0.04863060638308525,0.5749459862709045,0.35194891691207886,-0.01519191823899746,0.5503204464912415,0.3507010042667389,-0.04060404375195503,0.5909974575042725,0.3650955855846405,-0.036608945578336716,0.6182663440704346,0.374538779258728,-0.026903891935944557,0.5894597768783569,0.3118142783641815,-0.02267106994986534,0.563630998134613,0.3096691071987152,-0.03571268916130066,0.5906032919883728,0.3293052017688751,-0.02744009718298912,0.6109067797660828,0.3422413766384125,-0.017335211858153343,No
0.681167721748352,0.3935600519180298,-4.183809210189793e-07,0.6545881032943726,0.4571838676929474,-0.01740211248397827,0.6158369779586792,0.514127254486084,-0.031135113909840584,0.584105908870697,0.5573581457138062,-0.04628510773181915,0.5614891052246094,0.5949773192405701,-0.05900084972381592,0.5622909665107727,0.44184526801109314,-0.008684593252837658,0.5334986448287964,0.44544824957847595,-0.03317911922931671,0.567601203918457,0.44070887565612793,-0.04975635185837746,0.596952497959137,0.43644967675209045,-0.05763455852866173,0.5654991865158081,0.3954920768737793,-0.010825734585523605,0.5380215048789978,0.3967534303665161,-0.03834844008088112,0.5827492475509644,0.40309157967567444,-0.04845215752720833,0.6136234402656555,0.40757128596305847,-0.04948778823018074,0.5755742192268372,0.3529971241950989,-0.016453690826892853,0.550476610660553,0.3514310419559479,-0.041467949748039246,0.5907227993011475,0.3651561141014099,-0.0371955968439579,0.6185706257820129,0.3749433159828186,-0.027613233774900436,0.5902011394500732,0.31308692693710327,-0.023487847298383713,0.5630896091461182,0.30984681844711304,-0.03652871400117874,0.5897392630577087,0.32881999015808105,-0.028214573860168457,0.6108378171920776,0.34208130836486816,-0.01823115535080433,No
0.6811333894729614,0.3922976851463318,-4.100683952401596e-07,0.653819739818573,0.4568668603897095,-0.01791233755648136,0.615458607673645,0.5141832828521729,-0.03141936659812927,0.5833390951156616,0.5573924779891968,-0.04635529965162277,0.5595988035202026,0.5937840938568115,-0.058717578649520874,0.5621175169944763,0.4406754672527313,-0.007191110868006945,0.5336732268333435,0.44390279054641724,-0.03118988499045372,0.5671709775924683,0.43956243991851807,-0.04770336672663689,0.5962318778038025,0.4361850321292877,-0.05567658692598343,0.564978301525116,0.3938705325126648,-0.008905469439923763,0.5375973582267761,0.3955499231815338,-0.03627488762140274,0.5812039375305176,0.40223389863967896,-0.04706858471035957,0.6116297245025635,0.40696632862091064,-0.048693910241127014,0.5752018690109253,0.35126224160194397,-0.014222768135368824,0.5502075552940369,0.3495399057865143,-0.03906681388616562,0.5891624689102173,0.36351123452186584,-0.035683050751686096,0.6167964935302734,0.3737269639968872,-0.02674010396003723,0.5900529026985168,0.31119653582572937,-0.02102743461728096,0.5631508231163025,0.3067779541015625,-0.03403468430042267,0.5878410935401917,0.3257736563682556,-0.02656877040863037,0.6079846620559692,0.3395724296569824,-0.017234746366739273,No
0.6817492842674255,0.39419490098953247,-4.158874560289405e-07,0.6538326740264893,0.4568299949169159,-0.017434630542993546,0.615175724029541,0.5138145089149475,-0.030902806669473648,0.583336353302002,0.5571455955505371,-0.04585040360689163,0.5600048899650574,0.5933580994606018,-0.05831771716475487,0.5613041520118713,0.4395584166049957,-0.00730348564684391,0.5330371260643005,0.4445314407348633,-0.03133215755224228,0.5667661428451538,0.43943658471107483,-0.04810343682765961,0.596125066280365,0.43439725041389465,-0.056222088634967804,0.5643478035926819,0.3935832381248474,-0.00917157344520092,0.5373192429542542,0.39606621861457825,-0.0363222174346447,0.5806017518043518,0.40196457505226135,-0.04695143178105354,0.6115873456001282,0.4058668613433838,-0.04853219911456108,0.5744519233703613,0.3515581786632538,-0.014597629196941853,0.5502500534057617,0.35084202885627747,-0.03900421783328056,0.5890406370162964,0.3646019399166107,-0.03547339886426926,0.6167519092559814,0.3741800785064697,-0.02656632289290428,0.5891731381416321,0.31179651618003845,-0.021515604108572006,0.5623903870582581,0.30820852518081665,-0.0339910127222538,0.5875394940376282,0.3276854157447815,-0.026221739128232002,0.6082961559295654,0.34149160981178284,-0.01676914095878601,No
0.6822522282600403,0.3926044702529907,-4.118414551612659e-07,0.6547697186470032,0.4563925266265869,-0.01727205701172352,0.6152581572532654,0.5133978128433228,-0.030738549306988716,0.5832597613334656,0.5568616986274719,-0.045850109308958054,0.5602800250053406,0.5946300029754639,-0.05868072435259819,0.5604764223098755,0.44035929441452026,-0.006103297229856253,0.5327566862106323,0.44530773162841797,-0.03084397315979004,0.5661363005638123,0.44066300988197327,-0.04833006113767624,0.5949694514274597,0.4364027976989746,-0.056826453655958176,0.5632869005203247,0.39405229687690735,-0.008311247453093529,0.5366666913032532,0.3972346782684326,-0.03607596829533577,0.5807497501373291,0.40325677394866943,-0.04708806425333023,0.6112444996833801,0.40724998712539673,-0.04858581721782684,0.5733036398887634,0.3514252305030823,-0.014232569374144077,0.5493806600570679,0.3509841561317444,-0.03964082524180412,0.5895631909370422,0.36526644229888916,-0.036373626440763474,0.6171753406524658,0.3754100799560547,-0.02718484029173851,0.588164746761322,0.310980886220932,-0.021585386246442795,0.5619480609893799,0.3086698055267334,-0.03481556475162506,0.5882738828659058,0.32818886637687683,-0.027144959196448326,0.6090310215950012,0.3422001600265503,-0.017445284873247147,No
0.6818962097167969,0.3917801082134247,-4.194738210117066e-07,0.6544699668884277,0.4563973844051361,-0.01687588542699814,0.6148952841758728,0.5138444900512695,-0.02973334491252899,0.5826186537742615,0.5566309690475464,-0.044264454394578934,0.5595741271972656,0.5937581658363342,-0.056468669325113297,0.5609434843063354,0.44056281447410583,-0.005347683094441891,0.5331516861915588,0.4446832835674286,-0.029395999386906624,0.5665386915206909,0.439988911151886,-0.04637405276298523,0.5956549644470215,0.4361456036567688,-0.05457332357764244,0.5636601448059082,0.39408016204833984,-0.0075818439945578575,0.5367619395256042,0.3969854414463043,-0.034798819571733475,0.5806902647018433,0.4028124213218689,-0.04567530006170273,0.6115891933441162,0.4067811071872711,-0.047151658684015274,0.573610246181488,0.3514010012149811,-0.013461152091622353,0.5493128299713135,0.3507160246372223,-0.038433805108070374,0.5892456769943237,0.36444607377052307,-0.035179123282432556,0.6172300577163696,0.3742053210735321,-0.026057684794068336,0.5883880853652954,0.3111122250556946,-0.020730318501591682,0.561582088470459,0.3084547519683838,-0.033724766224622726,0.5875664949417114,0.32759323716163635,-0.026038793846964836,0.6085861325263977,0.3413203954696655,-0.016375893726944923,No
0.6819717884063721,0.3927782475948334,-4.185019122360245e-07,0.654854416847229,0.45577704906463623,-0.01904403232038021,0.615049421787262,0.5132234692573547,-0.03323635831475258,0.5826836228370667,0.5564979314804077,-0.048484332859516144,0.5592867732048035,0.5936815142631531,-0.06105173006653786,0.5597143769264221,0.44003260135650635,-0.0090947849676013,0.5334770083427429,0.44295457005500793,-0.03344417363405228,0.5688852667808533,0.4383693337440491,-0.05030543729662895,0.598662257194519,0.4347907602787018,-0.0585235059261322,0.5631293654441833,0.39329034090042114,-0.010469318367540836,0.5368977785110474,0.3945621848106384,-0.0378829687833786,0.5814605355262756,0.40116411447525024,-0.048489753156900406,0.6126518249511719,0.40619662404060364,-0.04998853802680969,0.5738348364830017,0.3506632447242737,-0.015468325465917587,0.5495905876159668,0.3492717146873474,-0.04060088470578194,0.589622437953949,0.3631040155887604,-0.03692347928881645,0.617886483669281,0.37323108315467834,-0.027723535895347595,0.589137077331543,0.31062382459640503,-0.02201075665652752,0.5622828006744385,0.3070344924926758,-0.035375092178583145,0.5881907939910889,0.3256677985191345,-0.027636313810944557,0.6090399026870728,0.33920395374298096,-0.01801390014588833,No
0.6822574138641357,0.3920603394508362,-4.126126782466599e-07,0.6548272371292114,0.45587173104286194,-0.017757946625351906,0.6148474812507629,0.5136405229568481,-0.03149691969156265,0.5829344391822815,0.5572444200515747,-0.04659166559576988,0.5601269006729126,0.5953944325447083,-0.05928342044353485,0.5602993965148926,0.43959927558898926,-0.007851634174585342,0.5332900285720825,0.4440031945705414,-0.031775347888469696,0.5674238801002502,0.43936020135879517,-0.048570241779088974,0.5971063375473022,0.43540987372398376,-0.05678346008062363,0.5635935068130493,0.3934507966041565,-0.009849412366747856,0.5365116596221924,0.3957872986793518,-0.03676534816622734,0.5800054669380188,0.40210527181625366,-0.04750838875770569,0.6114732623100281,0.4067135155200958,-0.04923572391271591,0.5742016434669495,0.35098695755004883,-0.015380379743874073,0.5494549870491028,0.35014209151268005,-0.04018605127930641,0.5891561508178711,0.36434832215309143,-0.036917947232723236,0.6176766157150269,0.37481001019477844,-0.02814585343003273,0.5895196199417114,0.3107147514820099,-0.022339479997754097,0.5620673894882202,0.3076358437538147,-0.0356733575463295,0.5880154371261597,0.3270004093647003,-0.028055470436811447,0.6095074415206909,0.3412988781929016,-0.018593229353427887,No
0.6830565929412842,0.3904860019683838,-4.2504396446929604e-07,0.6549375653266907,0.4558442234992981,-0.01726810447871685,0.6156564950942993,0.5132341980934143,-0.030148586258292198,0.5835917592048645,0.5556799173355103,-0.04469652846455574,0.5590020418167114,0.590806245803833,-0.05677274242043495,0.562222957611084,0.43893396854400635,-0.005456800106912851,0.5334378480911255,0.44281867146492004,-0.029604339972138405,0.567436695098877,0.43932753801345825,-0.046381257474422455,0.5965844988822937,0.4358704090118408,-0.05443539470434189,0.5651381015777588,0.3924703896045685,-0.007497766055166721,0.5375900268554688,0.39464083313941956,-0.03515702486038208,0.5820186138153076,0.40143850445747375,-0.046130575239658356,0.6127786040306091,0.40571388602256775,-0.04752836376428604,0.5749549269676208,0.3497520983219147,-0.013241017237305641,0.5498911738395691,0.3489369750022888,-0.03851431608200073,0.5900349617004395,0.3632436990737915,-0.035264406353235245,0.6179177165031433,0.3730715811252594,-0.026051729917526245,0.5895236730575562,0.3092271685600281,-0.020405452698469162,0.5627931952476501,0.3068835735321045,-0.03359097242355347,0.5885173678398132,0.32632866501808167,-0.025996461510658264,0.6091029644012451,0.33973848819732666,-0.016318656504154205,No
0.6825781464576721,0.3911055326461792,-4.2540787603684294e-07,0.654915988445282,0.4560330808162689,-0.01745106466114521,0.6157186627388,0.5132539868354797,-0.03075774759054184,0.5833685994148254,0.5554248690605164,-0.045629337430000305,0.5586148500442505,0.5907851457595825,-0.058018580079078674,0.562087893486023,0.43805205821990967,-0.006606037728488445,0.5332712531089783,0.443121075630188,-0.030889278277754784,0.5673300623893738,0.43978002667427063,-0.047748394310474396,0.5967198610305786,0.4361996650695801,-0.05585772916674614,0.5649107098579407,0.3917784094810486,-0.008622150868177414,0.5371518731117249,0.3955136239528656,-0.03629264980554581,0.5812361240386963,0.40210071206092834,-0.04724075272679329,0.6123611927032471,0.4062524735927582,-0.048702772706747055,0.5746434330940247,0.3493768572807312,-0.014265959151089191,0.5499348640441895,0.3500351905822754,-0.03950710967183113,0.5901216864585876,0.3646136224269867,-0.036242011934518814,0.6182695627212524,0.37474507093429565,-0.027105936780571938,0.5890428423881531,0.3090018332004547,-0.02133544534444809,0.562690019607544,0.3076079487800598,-0.034632276743650436,0.5885319113731384,0.3273482918739319,-0.02713511325418949,0.6092920303344727,0.3411320149898529,-0.01755676232278347,No
0.5174510478973389,0.27213990688323975,-5.186949465496582e-07,0.5013964772224426,0.3646722137928009,-0.01662825047969818,0.47470465302467346,0.4491262435913086,-0.030438855290412903,0.45761340856552124,0.5140536427497864,-0.047792691737413406,0.4573182165622711,0.5705786943435669,-0.06282839924097061,0.3837216794490814,0.40106767416000366,5.0509144784882665e-05,0.35126161575317383,0.4257749319076538,-0.0321805402636528,0.3896656632423401,0.40554335713386536,-0.05413070693612099,0.426981121301651,0.3846628963947296,-0.06325379759073257,0.372234046459198,0.3482365608215332,-0.005315675400197506,0.3388529419898987,0.3715664744377136,-0.04315725341439247,0.3942669928073883,0.3531907796859741,-0.05793209746479988,0.4367976784706116,0.3344407379627228,-0.057925887405872345,0.370047390460968,0.2925112843513489,-0.01548675261437893,0.34160274267196655,0.3087460696697235,-0.05025137588381767,0.39823493361473083,0.3017156422138214,-0.047346293926239014,0.4400838613510132,0.29258644580841064,-0.0341462604701519,0.3750726580619812,0.23512350022792816,-0.02701934427022934,0.34221190214157104,0.2497074007987976,-0.045365314930677414,0.38160187005996704,0.25894588232040405,-0.036113012582063675,0.41483479738235474,0.2611370384693146,-0.0227695032954216,No
0.527263343334198,0.2883785367012024,-5.09931169290212e-07,0.509320080280304,0.380397230386734,-0.014614013023674488,0.4840232729911804,0.46248698234558105,-0.029378289356827736,0.46729645133018494,0.5262290239334106,-0.048153355717659,0.4653152525424957,0.5836189985275269,-0.06512507051229477,0.3961305320262909,0.4084278345108032,0.0006301406538113952,0.36168140172958374,0.43714040517807007,-0.030501073226332664,0.39646631479263306,0.4247148931026459,-0.0523797832429409,0.43203240633010864,0.40903931856155396,-0.061613742262125015,0.38498955965042114,0.3583359122276306,-0.0054705580696463585,0.3534526526927948,0.3833794891834259,-0.04076479375362396,0.40709006786346436,0.36857423186302185,-0.05471090227365494,0.4484274685382843,0.35124003887176514,-0.05506774038076401,0.382925808429718,0.3051924705505371,-0.016100002452731133,0.3532450199127197,0.3250306248664856,-0.0479976162314415,0.4095674753189087,0.31933820247650146,-0.04353221505880356,0.4505743980407715,0.3089708089828491,-0.030333615839481354,0.3883685767650604,0.24943020939826965,-0.028073297813534737,0.35398340225219727,0.2659068703651428,-0.04408598691225052,0.39388054609298706,0.2758203148841858,-0.033127013593912125,0.4269166886806488,0.2763579189777374,-0.01909906044602394,No
0.5383108854293823,0.30649736523628235,-5.246491809884901e-07,0.5194761753082275,0.3971669375896454,-0.013111048378050327,0.4914182424545288,0.4757731854915619,-0.0263312179595232,0.4708220660686493,0.5348471999168396,-0.044104959815740585,0.4673241674900055,0.591077446937561,-0.06013009697198868,0.406508207321167,0.4224316477775574,0.004649235401302576,0.36972877383232117,0.44842004776000977,-0.026493988931179047,0.4059102535247803,0.43247175216674805,-0.049504607915878296,0.4430878460407257,0.41534799337387085,-0.05963507294654846,0.39561107754707336,0.3728058338165283,-0.0022073225118219852,0.3626948595046997,0.39707791805267334,-0.037166036665439606,0.41527149081230164,0.38106557726860046,-0.05227558687329292,0.45794984698295593,0.3653680384159088,-0.053534720093011856,0.3934005796909332,0.32047921419143677,-0.013770842924714088,0.3640010952949524,0.33954310417175293,-0.04495733603835106,0.419009268283844,0.33259230852127075,-0.041628867387771606,0.4610631465911865,0.32397550344467163,-0.029429497197270393,0.39788344502449036,0.26470550894737244,-0.02671545371413231,0.3670992851257324,0.28348350524902344,-0.042643286287784576,0.4057888984680176,0.2931577265262604,-0.032923728227615356,0.4385564923286438,0.29575657844543457,-0.019938575103878975,No
0.5403633117675781,0.3004136383533478,-5.208937068346131e-07,0.522058367729187,0.39371582865715027,-0.012347466312348843,0.49348291754722595,0.474020779132843,-0.024578943848609924,0.4730038344860077,0.5343727469444275,-0.04161207750439644,0.46888381242752075,0.5911762714385986,-0.05700653791427612,0.41030368208885193,0.4182690382003784,0.007172039244323969,0.37460094690322876,0.44672736525535583,-0.0236368328332901,0.41048213839530945,0.4313502013683319,-0.046453576534986496,0.4464855492115021,0.4120680093765259,-0.05641110986471176,0.3992284834384918,0.3705548346042633,-5.599929500021972e-05,0.36512404680252075,0.3976629972457886,-0.03526141494512558,0.41855522990226746,0.381153404712677,-0.050521526485681534,0.46057742834091187,0.36157092452049255,-0.05120242014527321,0.39663249254226685,0.3198503255844116,-0.012022229842841625,0.36765187978744507,0.3408109247684479,-0.04368993639945984,0.4239502549171448,0.33304470777511597,-0.04100291058421135,0.465477854013443,0.32149019837379456,-0.028504353016614914,0.4007784128189087,0.26509737968444824,-0.025251884013414383,0.3685819208621979,0.2851507067680359,-0.04099016264081001,0.40623265504837036,0.2943772077560425,-0.031317248940467834,0.43811488151550293,0.2954302430152893,-0.01804020069539547,No
0.5424168705940247,0.30123427510261536,-5.19004970556125e-07,0.5243707895278931,0.3915814757347107,-0.015178401954472065,0.4967365562915802,0.4701329171657562,-0.029843976721167564,0.4747646152973175,0.5305882692337036,-0.048727333545684814,0.46939125657081604,0.5879130959510803,-0.06566254794597626,0.412506103515625,0.4137903153896332,0.00208294834010303,0.3768415153026581,0.44680508971214294,-0.029924390837550163,0.4138430953025818,0.4292471408843994,-0.0536080002784729,0.45103925466537476,0.40937215089797974,-0.06429003924131393,0.40153831243515015,0.36556917428970337,-0.004239104688167572,0.3688111901283264,0.39432090520858765,-0.04117429628968239,0.42230331897735596,0.3780444264411926,-0.05757724866271019,0.4651036858558655,0.36066657304763794,-0.059411171823740005,0.39982202649116516,0.31353962421417236,-0.015188084915280342,0.3695077896118164,0.33720335364341736,-0.04818843677639961,0.4258310794830322,0.3301975131034851,-0.04562966525554657,0.46897372603416443,0.31989723443984985,-0.033485736697912216,0.4046022295951843,0.2579144239425659,-0.027598286047577858,0.3726835548877716,0.27903276681900024,-0.045202527195215225,0.4105834364891052,0.2907699644565582,-0.03628258407115936,0.4435977041721344,0.2937713861465454,-0.023476550355553627,No
0.5497326850891113,0.30597734451293945,-5.232737407823151e-07,0.52986079454422,0.39395785331726074,-0.01409817673265934,0.49985647201538086,0.47132885456085205,-0.027721164748072624,0.4778957962989807,0.5312737822532654,-0.04562189429998398,0.4723667502403259,0.5883120894432068,-0.06149207800626755,0.4156842827796936,0.4179927706718445,0.0038882421795278788,0.3810389041900635,0.4460147023200989,-0.027474788948893547,0.41933611035346985,0.43072691559791565,-0.05036943778395653,0.45598945021629333,0.4143350422382355,-0.060400430113077164,0.4050682783126831,0.3690427243709564,-0.0024753818288445473,0.3738870620727539,0.3938497006893158,-0.03701453655958176,0.42782163619995117,0.3795308470726013,-0.05161026865243912,0.4688913822174072,0.36375999450683594,-0.05255642533302307,0.4035852551460266,0.3166378140449524,-0.013582656159996986,0.3748878836631775,0.3349660634994507,-0.04470774531364441,0.43077099323272705,0.3309665620326996,-0.040893103927373886,0.47159719467163086,0.3232227563858032,-0.028249885886907578,0.40932250022888184,0.2610502243041992,-0.0261108186095953,0.37645983695983887,0.2768112123012543,-0.04162175580859184,0.4149901866912842,0.2891562879085541,-0.0312672033905983,0.4475489556789398,0.29339319467544556,-0.017705170437693596,No
0.5536810755729675,0.3027636706829071,-5.245829015620984e-07,0.5342552065849304,0.39265891909599304,-0.014384119771420956,0.5045040845870972,0.4738355875015259,-0.027390131726861,0.48325690627098083,0.5352557897567749,-0.04463612288236618,0.47752439975738525,0.5909422039985657,-0.05982476845383644,0.4229006767272949,0.4151153862476349,0.004633208736777306,0.38801270723342896,0.4441887438297272,-0.02677910216152668,0.425824910402298,0.42945754528045654,-0.0495218001306057,0.4623621106147766,0.4117741286754608,-0.05937616154551506,0.4129606783390045,0.3664197325706482,-0.0015932447277009487,0.3812093436717987,0.3940884470939636,-0.037520475685596466,0.4348644018173218,0.3793664872646332,-0.05238162353634834,0.4760940670967102,0.36130374670028687,-0.05286094918847084,0.4115028977394104,0.31495121121406555,-0.01274595595896244,0.3828601837158203,0.33620738983154297,-0.04504437744617462,0.43856266140937805,0.33135879039764404,-0.04194007068872452,0.47921493649482727,0.32159531116485596,-0.029076682403683662,0.4162980318069458,0.26061803102493286,-0.025296181440353394,0.38432577252388,0.27978095412254333,-0.041132569313049316,0.42105966806411743,0.29107922315597534,-0.031436510384082794,0.4518231749534607,0.2927607595920563,-0.01812274008989334,No
0.5675442218780518,0.3082479238510132,-5.218346927904349e-07,0.5475012063980103,0.39356404542922974,-0.015689155086874962,0.5165178179740906,0.47037065029144287,-0.03038998320698738,0.49388906359672546,0.5299472808837891,-0.04884699359536171,0.4866655766963959,0.586393415927887,-0.0653749331831932,0.43669214844703674,0.4137251675128937,-0.0025630309246480465,0.39795196056365967,0.4443656802177429,-0.035080522298812866,0.43537724018096924,0.4285224676132202,-0.05814430117607117,0.4724670350551605,0.4106272757053375,-0.0681724101305008,0.42832517623901367,0.36395853757858276,-0.008252634666860104,0.3930991291999817,0.3917468190193176,-0.04387334734201431,0.4444665312767029,0.3783324956893921,-0.05825590342283249,0.4866809546947479,0.3629840314388275,-0.05934217944741249,0.42761534452438354,0.3114420771598816,-0.01855686493217945,0.39510053396224976,0.3319436311721802,-0.051065683364868164,0.4495142996311188,0.32848864793777466,-0.04781988635659218,0.4922732412815094,0.32107627391815186,-0.035671353340148926,0.4322856664657593,0.2557982802391052,-0.030259741470217705,0.3991350829601288,0.27448779344558716,-0.04836471006274223,0.43640872836112976,0.2861723005771637,-0.03970189392566681,0.470213919878006,0.28929072618484497,-0.027174243703484535,No
0.56968092918396,0.30800288915634155,-5.117281602906587e-07,0.5479767322540283,0.39659157395362854,-0.014545170590281487,0.5168337821960449,0.4761554002761841,-0.027135372161865234,0.49507272243499756,0.5354281067848206,-0.04366988688707352,0.4882233142852783,0.5897355079650879,-0.05806620791554451,0.4390353858470917,0.41528940200805664,0.0025147597771137953,0.40096086263656616,0.4442957043647766,-0.02781810611486435,0.4385221600532532,0.4300229549407959,-0.049224384129047394,0.4745785892009735,0.41347265243530273,-0.05826282873749733,0.43059802055358887,0.36561986804008484,-0.0029803523793816566,0.3959828019142151,0.39324989914894104,-0.03771502152085304,0.4477882385253906,0.38034841418266296,-0.051968540996313095,0.488959401845932,0.3649451434612274,-0.05247518792748451,0.4297756552696228,0.3139190673828125,-0.013132860884070396,0.3994610905647278,0.33428481221199036,-0.044681333005428314,0.45362621545791626,0.3313201665878296,-0.04228990897536278,0.4948562681674957,0.3237278163433075,-0.030313486233353615,0.4345579743385315,0.2600173354148865,-0.02461538463830948,0.4033181667327881,0.27787572145462036,-0.04101787880063057,0.43879371881484985,0.2903544306755066,-0.03258448839187622,0.4697472155094147,0.2937004864215851,-0.0202606450766325,No
0.39614421129226685,0.28670573234558105,-4.873649004366598e-07,0.3847106397151947,0.3740411698818207,-0.01897353306412697,0.36143940687179565,0.45448732376098633,-0.03413804993033409,0.34227341413497925,0.5178968906402588,-0.05217892304062843,0.33660995960235596,0.5685006380081177,-0.06766527146100998,0.2766314744949341,0.39374276995658875,-0.004028937313705683,0.2401098906993866,0.42204320430755615,-0.03140232339501381,0.28020650148391724,0.4030429422855377,-0.04929201677441597,0.31360939145088196,0.3841610550880432,-0.05677857995033264,0.2653631269931793,0.3440818786621094,-0.007142470218241215,0.22682622075080872,0.3733990788459778,-0.038872696459293365,0.2807714343070984,0.3558192551136017,-0.05046538636088371,0.3169809877872467,0.3376742899417877,-0.050259631127119064,0.26209843158721924,0.29360902309417725,-0.014653935097157955,0.2268785834312439,0.3188530504703522,-0.04245086386799812,0.2795260548591614,0.3117199242115021,-0.03797062858939171,0.3160574734210968,0.29968059062957764,-0.026286425068974495,0.26460975408554077,0.24010512232780457,-0.024010900408029556,0.2286803275346756,0.26082396507263184,-0.03741941601037979,0.26401928067207336,0.2706947922706604,-0.02803799696266651,0.29310765862464905,0.2708728015422821,-0.016276942566037178,No
0.38645878434181213,0.28639551997184753,-5.096201789456245e-07,0.37774351239204407,0.37481287121772766,-0.0199152659624815,0.3565312922000885,0.4558950364589691,-0.03688355162739754,0.3373715281486511,0.5196817517280579,-0.05718503147363663,0.32927224040031433,0.5724043846130371,-0.07492786645889282,0.26667720079421997,0.40074464678764343,-0.003986320924013853,0.2284916639328003,0.43579110503196716,-0.03593406826257706,0.2673724591732025,0.41886183619499207,-0.057748857885599136,0.30357304215431213,0.39789748191833496,-0.06681734323501587,0.2561882436275482,0.3530442714691162,-0.007918432354927063,0.21630187332630157,0.3871591091156006,-0.04345743730664253,0.26892638206481934,0.3701103925704956,-0.057018768042325974,0.309126615524292,0.34836798906326294,-0.0569581463932991,0.25245219469070435,0.3033981919288635,-0.017002755776047707,0.21563780307769775,0.33019784092903137,-0.048976462334394455,0.26905712485313416,0.3227083683013916,-0.046081822365522385,0.3091799318790436,0.309379518032074,-0.03385043144226074,0.253457635641098,0.2489200383424759,-0.028017062693834305,0.21732763946056366,0.27156513929367065,-0.04562788084149361,0.25299838185310364,0.2795705497264862,-0.037743162363767624,0.28527942299842834,0.2781835198402405,-0.025631161406636238,No
0.3994370698928833,0.33253389596939087,-5.564097023125214e-07,0.38670843839645386,0.41821151971817017,-0.01323538739234209,0.3613756597042084,0.49174562096595764,-0.024040691554546356,0.34209373593330383,0.5477036833763123,-0.038999851793050766,0.33659225702285767,0.5952979922294617,-0.05216480419039726,0.2793128490447998,0.4475414752960205,0.0063902847468853,0.24842238426208496,0.4776768088340759,-0.021648747846484184,0.28761205077171326,0.46026208996772766,-0.04201479256153107,0.32240426540374756,0.440335750579834,-0.05033122003078461,0.26995888352394104,0.39921197295188904,0.0007026189705356956,0.2374580204486847,0.4284752607345581,-0.029572898522019386,0.2872537076473236,0.4137815833091736,-0.04262115806341171,0.3273378908634186,0.39503639936447144,-0.04263962432742119,0.26626095175743103,0.34926193952560425,-0.009717412292957306,0.23694543540477753,0.37379130721092224,-0.03757914900779724,0.28785818815231323,0.3680158853530884,-0.035791538655757904,0.32633790373802185,0.3571952283382416,-0.024662381038069725,0.26752445101737976,0.2947617769241333,-0.02142137475311756,0.23533034324645996,0.3206792175769806,-0.0358341783285141,0.2699090242385864,0.3281192183494568,-0.027446283027529716,0.3009539246559143,0.3259950876235962,-0.015098473988473415,No
0.4578462541103363,0.42155396938323975,-4.902824457531096e-07,0.44362711906433105,0.5147736072540283,-0.009809374809265137,0.4210752248764038,0.5911810994148254,-0.01880229450762272,0.4065980017185211,0.6420385837554932,-0.03208098188042641,0.4085286259651184,0.6795173287391663,-0.04381861537694931,0.33983996510505676,0.5362612009048462,0.004284691531211138,0.2919301986694336,0.5536454319953918,-0.02400999888777733,0.319844126701355,0.5418382287025452,-0.043999701738357544,0.360564261674881,0.5237176418304443,-0.051738303154706955,0.33181440830230713,0.4857562780380249,-0.003200727514922619,0.29233691096305847,0.5092085599899292,-0.03643868863582611,0.3391428589820862,0.49709147214889526,-0.04977215453982353,0.3833102285861969,0.4792928993701935,-0.04942156374454498,0.32920515537261963,0.4337708652019501,-0.014971740543842316,0.2948402166366577,0.4543992578983307,-0.04444145783782005,0.3439776301383972,0.4479306638240814,-0.041813917458057404,0.3845140337944031,0.4380910396575928,-0.030003154650330544,0.3321163058280945,0.37812963128089905,-0.027723554521799088,0.29665592312812805,0.4008234143257141,-0.044468946754932404,0.3302510976791382,0.40735098719596863,-0.0360049232840538,0.3615873157978058,0.4065655469894409,-0.02368764393031597,No
0.46529245376586914,0.42513880133628845,-5.000151759304572e-07,0.45055505633354187,0.5163943767547607,-0.011599162593483925,0.4259257912635803,0.5919433236122131,-0.02146242931485176,0.4118287265300751,0.6454139351844788,-0.03552228584885597,0.41310879588127136,0.6877996921539307,-0.047648098319768906,0.344468355178833,0.5340973138809204,0.004454504698514938,0.3017784357070923,0.5549365282058716,-0.024620670825242996,0.3376181125640869,0.538457453250885,-0.0451163724064827,0.3801373839378357,0.5170210003852844,-0.05301893502473831,0.3370293974876404,0.48488739132881165,-0.0018794185016304255,0.30215737223625183,0.5096800923347473,-0.034676436334848404,0.34969863295555115,0.49728286266326904,-0.04820779711008072,0.3919529318809509,0.47929999232292175,-0.04828322306275368,0.33486124873161316,0.43427330255508423,-0.012879600748419762,0.30357614159584045,0.45641759037971497,-0.04225187003612518,0.3521926701068878,0.4507705271244049,-0.04047219082713127,0.3910174071788788,0.4410216510295868,-0.02925519272685051,0.33754462003707886,0.3793298602104187,-0.02496882528066635,0.3027305603027344,0.4030243456363678,-0.04131082445383072,0.33579421043395996,0.4099181890487671,-0.03327803686261177,0.3664769232273102,0.40883657336235046,-0.02112026885151863,No
0.47708261013031006,0.4475088119506836,-4.941250608681003e-07,0.4679885506629944,0.5281888842582703,-0.013233214616775513,0.4437100887298584,0.6012375354766846,-0.025489702820777893,0.4246014654636383,0.6545048356056213,-0.04177168011665344,0.4210823178291321,0.6995906829833984,-0.056495301425457,0.35490667819976807,0.5507979393005371,-0.0012245586840435863,0.3013346791267395,0.5638203024864197,-0.033323295414447784,0.32959824800491333,0.5563867092132568,-0.05488670617341995,0.37058237195014954,0.5429020524024963,-0.06304023414850235,0.34839487075805664,0.5039845705032349,-0.0076090446673333645,0.31180518865585327,0.5285422801971436,-0.043166909366846085,0.3633759319782257,0.5176907181739807,-0.054880332201719284,0.40502113103866577,0.5011838674545288,-0.05272660776972771,0.3472442626953125,0.45431655645370483,-0.018939591944217682,0.31536006927490234,0.4768263101577759,-0.05148466303944588,0.36831891536712646,0.4728005528450012,-0.047123983502388,0.40774253010749817,0.46414613723754883,-0.03336372971534729,0.350660115480423,0.4000294804573059,-0.03146201744675636,0.3168584704399109,0.42329055070877075,-0.051377758383750916,0.35287901759147644,0.4314865171909332,-0.04288461059331894,0.3841693699359894,0.43125689029693604,-0.029371187090873718,No
0.559262216091156,0.1845370978116989,-9.172565569315339e-07,0.5350633859634399,0.35011425614356995,-0.031346891075372696,0.4818762540817261,0.5025542378425598,-0.04965314269065857,0.4470526874065399,0.6133898496627808,-0.07326577603816986,0.4419693946838379,0.705835223197937,-0.09148470312356949,0.33235329389572144,0.4195486605167389,0.005493619944900274,0.2617223262786865,0.4489847719669342,-0.04438326135277748,0.3321816921234131,0.407288521528244,-0.07689434289932251,0.40004026889801025,0.3698471486568451,-0.08906426280736923,0.3090520203113556,0.32938146591186523,-0.00018858331895899028,0.24108245968818665,0.3614114224910736,-0.061463575810194016,0.3382040560245514,0.32403507828712463,-0.08467590063810349,0.4135372042655945,0.29064854979515076,-0.08224577456712723,0.3013266921043396,0.23759585618972778,-0.014482937753200531,0.24114394187927246,0.2621772885322571,-0.0723186656832695,0.33797794580459595,0.2396441251039505,-0.06816369295120239,0.4125578999519348,0.21892274916172028,-0.045051682740449905,0.3056085407733917,0.14436465501785278,-0.03121577389538288,0.24245557188987732,0.16919490694999695,-0.0642462968826294,0.3061462640762329,0.17430992424488068,-0.05096963047981262,0.3632412850856781,0.17221330106258392,-0.028797714039683342,No
0.5769155621528625,0.187400221824646,-9.711925486044493e-07,0.5484076142311096,0.3584364056587219,-0.025526348501443863,0.48955410718917847,0.5136909484863281,-0.03837978094816208,0.45210933685302734,0.621453046798706,-0.058151185512542725,0.44633927941322327,0.7121890783309937,-0.07297557592391968,0.34314292669296265,0.4282868504524231,0.017580008134245872,0.2680935859680176,0.4601590037345886,-0.03346353396773338,0.3390520215034485,0.4189055860042572,-0.06768304854631424,0.40731102228164673,0.3804756999015808,-0.08020098507404327,0.3195732831954956,0.3371606469154358,0.008593768812716007,0.24723617732524872,0.37342068552970886,-0.05418260022997856,0.34590601921081543,0.3344150483608246,-0.0780409649014473,0.4234433174133301,0.29716241359710693,-0.07429132610559464,0.3105560541152954,0.2433794140815735,-0.009564707987010479,0.2493264526128769,0.2725156545639038,-0.06906390935182571,0.3501969277858734,0.24859914183616638,-0.06410491466522217,0.4256587624549866,0.2255769968032837,-0.03890553116798401,0.3136962950229645,0.14500397443771362,-0.02983461692929268,0.24753068387508392,0.17806321382522583,-0.06297384202480316,0.31568270921707153,0.18196752667427063,-0.047531504184007645,0.3746839761734009,0.17577055096626282,-0.023004397749900818,No
0.5911703109741211,0.1921776831150055,-9.549967217026278e-07,0.5625720024108887,0.3572481572628021,-0.0290098637342453,0.504450798034668,0.5107423067092896,-0.04506347328424454,0.463625431060791,0.6174135804176331,-0.06683484464883804,0.4520490765571594,0.7081093788146973,-0.08315148204565048,0.3616059124469757,0.4212076961994171,0.008453825488686562,0.2898485064506531,0.45037466287612915,-0.040117718279361725,0.3633953630924225,0.410999596118927,-0.07155577838420868,0.43202200531959534,0.37557268142700195,-0.08308883011341095,0.33996570110321045,0.331327348947525,0.001916873618029058,0.2703169882297516,0.36588621139526367,-0.059106480330228806,0.3704918622970581,0.32963407039642334,-0.08124608546495438,0.4476807117462158,0.29580557346343994,-0.07750684022903442,0.33387818932533264,0.24029380083084106,-0.013027031905949116,0.275027334690094,0.2669624984264374,-0.07094360888004303,0.37497830390930176,0.24605342745780945,-0.06490036100149155,0.45047807693481445,0.22591841220855713,-0.04002786800265312,0.33997267484664917,0.14602144062519073,-0.03019883669912815,0.2753921449184418,0.17333625257015228,-0.06258835643529892,0.34248384833335876,0.17979487776756287,-0.04704974591732025,0.40086883306503296,0.17818854749202728,-0.023102397099137306,No
0.5917248129844666,0.19871680438518524,-9.381245718032005e-07,0.562294602394104,0.3618985116481781,-0.030011314898729324,0.5033318400382996,0.5113461017608643,-0.04707406461238861,0.4633275270462036,0.6164345741271973,-0.06977226585149765,0.45188504457473755,0.7065287828445435,-0.08700896054506302,0.36084410548210144,0.42337459325790405,0.00809497945010662,0.2927129864692688,0.4532017409801483,-0.043434739112854004,0.3650687634944916,0.41470345854759216,-0.07755208015441895,0.4334285855293274,0.3786287009716034,-0.09029214084148407,0.34107914566993713,0.33338651061058044,0.0015620931517332792,0.2728256583213806,0.36976057291030884,-0.06069998815655708,0.37136101722717285,0.3349032998085022,-0.08333264291286469,0.44866907596588135,0.3010726571083069,-0.07964451611042023,0.33631467819213867,0.24181637167930603,-0.013907958753407001,0.2780737578868866,0.26992255449295044,-0.07328081876039505,0.37676167488098145,0.2501768171787262,-0.0677649974822998,0.4523729681968689,0.23072130978107452,-0.04276437684893608,0.3434075713157654,0.14629070460796356,-0.031767815351486206,0.27922600507736206,0.1748088300228119,-0.06565409898757935,0.3457466661930084,0.1818559169769287,-0.05095969885587692,0.4050306975841522,0.18120892345905304,-0.027182316407561302,No
0.5997953414916992,0.21684007346630096,-9.900411441776669e-07,0.5698012709617615,0.3788093328475952,-0.028566159307956696,0.5091252326965332,0.5250450372695923,-0.0459010973572731,0.4634251892566681,0.6267423629760742,-0.06889443099498749,0.45052284002304077,0.7184728384017944,-0.08623692393302917,0.3647798001766205,0.437483549118042,0.006792430300265551,0.2964211106300354,0.4701703190803528,-0.04467269033193588,0.3676925301551819,0.4351758658885956,-0.07787994295358658,0.4357222318649292,0.3990103602409363,-0.0900968462228775,0.34588512778282166,0.3469819128513336,-0.0006426179315894842,0.28039905428886414,0.3886096477508545,-0.0607670396566391,0.3765103220939636,0.3540036380290985,-0.08180879801511765,0.45334693789482117,0.3185979723930359,-0.07817486673593521,0.3398345410823822,0.25496163964271545,-0.017002470791339874,0.284357488155365,0.2899972200393677,-0.07477249950170517,0.38294824957847595,0.2706132233142853,-0.06832399219274521,0.45920491218566895,0.24991923570632935,-0.04381468892097473,0.34499308466911316,0.15688858926296234,-0.035811733454465866,0.2816566824913025,0.19300110638141632,-0.06955136358737946,0.34798020124435425,0.20286357402801514,-0.055420875549316406,0.40948039293289185,0.20391009747982025,-0.032513171434402466,No
0.597139298915863,0.2262173891067505,-1.0079153298647725e-06,0.567774772644043,0.391998291015625,-0.025792798027396202,0.5046889185905457,0.5388705730438232,-0.03994206339120865,0.4586767256259918,0.6367902755737305,-0.06041226163506508,0.446730375289917,0.7234253287315369,-0.07553765177726746,0.3625681698322296,0.44442427158355713,0.012221559882164001,0.29460081458091736,0.47454962134361267,-0.037694964557886124,0.3684288561344147,0.4398424029350281,-0.07008840888738632,0.43972769379615784,0.40502336621284485,-0.08180219680070877,0.3442072570323944,0.354853093624115,0.0038729540538042784,0.2768157720565796,0.39759835600852966,-0.05625245347619057,0.3756404221057892,0.36360037326812744,-0.07753501087427139,0.4538668394088745,0.3294324278831482,-0.07328908890485764,0.3395671844482422,0.26338544487953186,-0.013291461393237114,0.28260648250579834,0.29994475841522217,-0.07190421968698502,0.3835548758506775,0.28051692247390747,-0.06626563519239426,0.4607984125614166,0.26088279485702515,-0.04139764979481697,0.3466714918613434,0.1651739478111267,-0.03250919654965401,0.28250473737716675,0.20190784335136414,-0.0674840658903122,0.3495843708515167,0.21300670504570007,-0.05393273010849953,0.4114639163017273,0.21679483354091644,-0.030911454930901527,No
0.5051895380020142,0.4225928783416748,-3.346105756918405e-07,0.49592697620391846,0.48645132780075073,-0.011732349172234535,0.4820233881473541,0.5448161959648132,-0.02243238128721714,0.4698806405067444,0.591117262840271,-0.03570360690355301,0.4664522111415863,0.6306357383728027,-0.046961165964603424,0.419766366481781,0.5106002688407898,0.0005151382647454739,0.39645126461982727,0.5330075025558472,-0.0207661185413599,0.42346522212028503,0.5173279643058777,-0.03586261346936226,0.4468775987625122,0.4990421533584595,-0.04252225533127785,0.41113853454589844,0.479306697845459,-0.0025293794460594654,0.3868725895881653,0.5018226504325867,-0.026930661872029305,0.42292460799217224,0.48523664474487305,-0.03641694411635399,0.44866347312927246,0.46616432070732117,-0.03655029833316803,0.40814149379730225,0.44570234417915344,-0.008872335776686668,0.38474926352500916,0.46406084299087524,-0.029965586960315704,0.41985830664634705,0.45562615990638733,-0.02756473422050476,0.4461691677570343,0.4427282214164734,-0.01908116601407528,0.4091174304485321,0.4094371795654297,-0.016456961631774902,0.3839496076107025,0.4247080981731415,-0.027264408767223358,0.4081568121910095,0.42992639541625977,-0.021436715498566628,0.4307125210762024,0.427341103553772,-0.013027439825236797,No
0.5106659531593323,0.41449159383773804,-3.399376282686717e-07,0.4991881251335144,0.4785585105419159,-0.011490178294479847,0.4838995337486267,0.535557746887207,-0.022484850138425827,0.46928870677948,0.5823873281478882,-0.036032408475875854,0.46145200729370117,0.6219569444656372,-0.04762282222509384,0.42329832911491394,0.49920669198036194,-7.577367796329781e-05,0.39753592014312744,0.521217942237854,-0.02138473652303219,0.4235699474811554,0.5053788423538208,-0.037138354033231735,0.4483763873577118,0.48909297585487366,-0.044391896575689316,0.4140639305114746,0.4671778976917267,-0.0029824678786098957,0.38866928219795227,0.4878169596195221,-0.026452580466866493,0.42351919412612915,0.4729559123516083,-0.036613523960113525,0.4505980610847473,0.457377552986145,-0.03799159824848175,0.4108695983886719,0.43247541785240173,-0.009003202430903912,0.38617539405822754,0.44778573513031006,-0.029034821316599846,0.4209051728248596,0.44096967577934265,-0.02664783038198948,0.4484000504016876,0.4311525225639343,-0.018941743299365044,0.4117119014263153,0.395553857088089,-0.016212061047554016,0.3872826099395752,0.408601850271225,-0.026574745774269104,0.41130396723747253,0.41391026973724365,-0.020640293136239052,0.43303757905960083,0.41200393438339233,-0.012524634599685669,No
0.5164621472358704,0.4160451292991638,-3.50482309841027e-07,0.5024785995483398,0.48085495829582214,-0.01057825330644846,0.4842930734157562,0.5393137335777283,-0.020871397107839584,0.4697049856185913,0.5849235653877258,-0.034120459109544754,0.46288061141967773,0.6236940622329712,-0.04543830081820488,0.42255470156669617,0.49753665924072266,0.0033184471540153027,0.3978550136089325,0.5170088410377502,-0.018701648339629173,0.4250848591327667,0.5031663775444031,-0.03521619737148285,0.45114225149154663,0.48834943771362305,-0.04269551858305931,0.4147300124168396,0.46546030044555664,-0.00047086109407246113,0.39092111587524414,0.4863705337047577,-0.024589668959379196,0.42702972888946533,0.4729062020778656,-0.03501604124903679,0.45465439558029175,0.4573833644390106,-0.03619846701622009,0.4122619032859802,0.4311407804489136,-0.007784958928823471,0.38803449273109436,0.44719237089157104,-0.02844950184226036,0.42481857538223267,0.44239890575408936,-0.026124825701117516,0.4530227780342102,0.4333864450454712,-0.0180616844445467,0.41412028670310974,0.39469075202941895,-0.016345296055078506,0.3896335959434509,0.4081229567527771,-0.02702341228723526,0.41511356830596924,0.4150732755661011,-0.021068943664431572,0.438042014837265,0.4141852855682373,-0.012652737088501453,No
0.517109751701355,0.41662412881851196,-3.53255643403827e-07,0.5031956434249878,0.4804399907588959,-0.011852721683681011,0.4842775762081146,0.5378996133804321,-0.02261093258857727,0.4681147634983063,0.5829727649688721,-0.036118801683187485,0.4598740041255951,0.6227813959121704,-0.04754297807812691,0.42325204610824585,0.4942059814929962,0.0023384110536426306,0.3989735245704651,0.5138273239135742,-0.020205272361636162,0.42763668298721313,0.4999239444732666,-0.036773860454559326,0.45421791076660156,0.4841410517692566,-0.04405882582068443,0.4159739017486572,0.46146103739738464,-0.0007772094686515629,0.3917889893054962,0.48233747482299805,-0.026186814531683922,0.4292662739753723,0.4692625105381012,-0.03697703778743744,0.45779862999916077,0.45333632826805115,-0.03775712475180626,0.4138413071632385,0.4269212484359741,-0.007463451474905014,0.39027392864227295,0.4430966377258301,-0.029248420149087906,0.4276314973831177,0.4387717843055725,-0.027365297079086304,0.45618271827697754,0.42925795912742615,-0.018965022638440132,0.4153684079647064,0.38981959223747253,-0.01541662123054266,0.3908451497554779,0.4037991166114807,-0.026180334389209747,0.41576486825942993,0.4122486412525177,-0.02034335397183895,0.438366174697876,0.4121593236923218,-0.011783182621002197,No
0.5204988121986389,0.4152027666568756,-3.5565525990932656e-07,0.5052393674850464,0.47940385341644287,-0.010588307864964008,0.4843166768550873,0.5374979972839355,-0.02057127095758915,0.46841931343078613,0.5827133655548096,-0.03351566940546036,0.4613863229751587,0.6233285665512085,-0.044561717659235,0.4250653386116028,0.4943733215332031,0.003056048648431897,0.399040549993515,0.5141816139221191,-0.018336359411478043,0.4270206093788147,0.5005152821540833,-0.034332722425460815,0.45349782705307007,0.4846896827220917,-0.04149206355214119,0.41792839765548706,0.461724191904068,-0.0005763770313933492,0.39264675974845886,0.48291632533073425,-0.024018721655011177,0.4291720390319824,0.4696226119995117,-0.03426223248243332,0.4580116868019104,0.453832745552063,-0.03526492044329643,0.4157043993473053,0.4268389940261841,-0.007615513168275356,0.39070969820022583,0.4437029957771301,-0.02761838771402836,0.4275664985179901,0.43832728266716003,-0.02564201131463051,0.4568004310131073,0.42830389738082886,-0.01783793978393078,0.41721898317337036,0.3890889585018158,-0.015893954783678055,0.39184603095054626,0.4033907651901245,-0.0258799996227026,0.41611039638519287,0.411493182182312,-0.020025504752993584,0.4391672611236572,0.41137659549713135,-0.01182509120553732,No
0.5220049023628235,0.41222506761550903,-3.6128096780885244e-07,0.5067975521087646,0.47709399461746216,-0.011308879591524601,0.4873584508895874,0.5345556735992432,-0.02190668135881424,0.4706822335720062,0.5802762508392334,-0.03544578701257706,0.4616489112377167,0.6200040578842163,-0.04690375551581383,0.4266004264354706,0.48978403210639954,0.0034822914749383926,0.400730162858963,0.5104713439941406,-0.018459342420101166,0.42987850308418274,0.49738845229148865,-0.034452587366104126,0.4565381109714508,0.48052045702934265,-0.04139930382370949,0.4197712242603302,0.4575696289539337,4.555604391498491e-05,0.3936569392681122,0.4807494282722473,-0.0245450958609581,0.43169429898262024,0.4677681028842926,-0.034848276525735855,0.4599086344242096,0.44997113943099976,-0.03528290614485741,0.41828230023384094,0.42311668395996094,-0.006935568526387215,0.39390721917152405,0.4424319267272949,-0.028400419279932976,0.4312626123428345,0.43628472089767456,-0.025988150388002396,0.45912861824035645,0.423823744058609,-0.017222542315721512,0.4209505021572113,0.3854027986526489,-0.015153821557760239,0.39413344860076904,0.40242886543273926,-0.026019807904958725,0.41955721378326416,0.40927088260650635,-0.01950477436184883,0.4426364600658417,0.4060947895050049,-0.010370573028922081,No
0.525168240070343,0.4085603356361389,-3.6701553085549676e-07,0.5100621581077576,0.4738670885562897,-0.011443883180618286,0.4902520775794983,0.532124400138855,-0.02203974314033985,0.473573237657547,0.5780473351478577,-0.03564821556210518,0.4639684855937958,0.6174952387809753,-0.047061026096343994,0.4288118779659271,0.4861316680908203,0.003552829846739769,0.40215864777565,0.507944643497467,-0.019116418436169624,0.43149334192276,0.4955337345600128,-0.03537890315055847,0.4582047164440155,0.47963041067123413,-0.04234667122364044,0.42210331559181213,0.4532955288887024,1.8516657291911542e-05,0.3961606025695801,0.47659093141555786,-0.025386318564414978,0.4349164366722107,0.464316189289093,-0.03564498946070671,0.46309980750083923,0.44734516739845276,-0.035800088196992874,0.420566588640213,0.4181654453277588,-0.007257783319801092,0.3962531089782715,0.43742677569389343,-0.0294019915163517,0.4342176616191864,0.4327757656574249,-0.02707858383655548,0.46191927790641785,0.42155101895332336,-0.01807403936982155,0.4231482148170471,0.37988877296447754,-0.015794476494193077,0.39697545766830444,0.396444171667099,-0.026847008615732193,0.42215579748153687,0.4039502739906311,-0.02056340128183365,0.44459283351898193,0.4011426866054535,-0.01144434791058302,No
0.5302290320396423,0.40281975269317627,-3.8327283391481615e-07,0.5139487981796265,0.4694419503211975,-0.010505391284823418,0.49332505464553833,0.5281031727790833,-0.020721981301903725,0.4761938750743866,0.5745509266853333,-0.03425386920571327,0.4654427170753479,0.6144483685493469,-0.04576779901981354,0.4321471154689789,0.4801314175128937,0.005852292291820049,0.407173752784729,0.5014421939849854,-0.016323691233992577,0.43599677085876465,0.4910553991794586,-0.033034879714250565,0.46271178126335144,0.47577348351478577,-0.04056377336382866,0.4251253306865692,0.44744008779525757,0.001821964979171753,0.399224191904068,0.47137677669525146,-0.02297379821538925,0.4370427131652832,0.4614095985889435,-0.033888690173625946,0.4663664400577545,0.4446648955345154,-0.0348946787416935,0.42308399081230164,0.41239872574806213,-0.00591515377163887,0.3987947106361389,0.4319990873336792,-0.02746790647506714,0.4367793798446655,0.4290183186531067,-0.025529179722070694,0.46598848700523376,0.41824495792388916,-0.017121287062764168,0.42486417293548584,0.3743428587913513,-0.014910507015883923,0.3994501233100891,0.3918500542640686,-0.025750642642378807,0.42507150769233704,0.4005122780799866,-0.019592588767409325,0.4486237168312073,0.39818981289863586,-0.010765430517494678,No
0.5295876264572144,0.40283751487731934,-3.7664688079530606e-07,0.5138022899627686,0.4691143035888672,-0.010636323131620884,0.4930761754512787,0.5284603238105774,-0.02125648222863674,0.476295530796051,0.5739166140556335,-0.035114701837301254,0.4672582149505615,0.6136883497238159,-0.046900343149900436,0.43153607845306396,0.48168182373046875,0.0024941894225776196,0.4034574329853058,0.5035527944564819,-0.02037895657122135,0.4326508343219757,0.49068382382392883,-0.03651954606175423,0.46014514565467834,0.4749363362789154,-0.043194517493247986,0.425302654504776,0.44782254099845886,-0.0014510188484564424,0.3991263508796692,0.4693036675453186,-0.026801586151123047,0.43776920437812805,0.4577316343784332,-0.03708166256546974,0.4673260450363159,0.4427560865879059,-0.03741978481411934,0.4237174689769745,0.4120325446128845,-0.008932305499911308,0.3992358446121216,0.4300360381603241,-0.030970361083745956,0.43776869773864746,0.42606982588768005,-0.028782105073332787,0.467108815908432,0.41636085510253906,-0.01997820846736431,0.42568954825401306,0.3736693859100342,-0.01755853369832039,0.3994646668434143,0.3903065323829651,-0.028434380888938904,0.42451879382133484,0.39822983741760254,-0.021963605657219887,0.4477911591529846,0.3966926038265228,-0.012783410027623177,No
0.5291513800621033,0.403324156999588,-3.369506771377928e-07,0.5160624384880066,0.4674590229988098,-0.01354048028588295,0.49948278069496155,0.5275799632072449,-0.026962177827954292,0.4896468222141266,0.5784797668457031,-0.0431540384888649,0.49005937576293945,0.6201695203781128,-0.05726100504398346,0.4328172206878662,0.48042526841163635,-0.0011403828393667936,0.40548157691955566,0.5023531913757324,-0.024793783202767372,0.4363570809364319,0.491655170917511,-0.04132256284356117,0.4634687006473541,0.4774295389652252,-0.048440445214509964,0.4268532991409302,0.44752994179725647,-0.004128994885832071,0.4013383090496063,0.4722170829772949,-0.0309563260525465,0.4402911067008972,0.4609062969684601,-0.041453246027231216,0.4687004089355469,0.4441775977611542,-0.041671279817819595,0.42514768242836,0.4128916263580322,-0.010874737985432148,0.40131381154060364,0.4323396682739258,-0.03317973017692566,0.43969792127609253,0.4287095069885254,-0.03131740912795067,0.4679688513278961,0.4183964729309082,-0.022721869871020317,0.426349014043808,0.37533479928970337,-0.01907377503812313,0.4023911952972412,0.393036812543869,-0.028973404318094254,0.42773371934890747,0.4005642533302307,-0.02265029586851597,0.44994547963142395,0.39788150787353516,-0.013875024393200874,No
0.5350658297538757,0.40338873863220215,-3.218598010334972e-07,0.5220023989677429,0.4721922278404236,-0.011691056191921234,0.5108050107955933,0.5355851650238037,-0.025528602302074432,0.5077080130577087,0.5893062353134155,-0.04277493432164192,0.5147500038146973,0.630011260509491,-0.05857338383793831,0.4428243637084961,0.4858224391937256,-0.0005985070602037013,0.4149269759654999,0.5112243890762329,-0.024194663390517235,0.44259536266326904,0.5011009573936462,-0.041023604571819305,0.46904367208480835,0.48642823100090027,-0.04841179400682449,0.43535152077674866,0.4522596597671509,-0.004633039701730013,0.4091629683971405,0.4803176820278168,-0.031177198514342308,0.44599583745002747,0.46801695227622986,-0.041913773864507675,0.4737798571586609,0.44994881749153137,-0.04279749095439911,0.43208757042884827,0.4170529246330261,-0.01218842901289463,0.4082944691181183,0.44113218784332275,-0.033366091549396515,0.4460175633430481,0.4357590973377228,-0.031457286328077316,0.47391435503959656,0.42324507236480713,-0.023399362340569496,0.4321105182170868,0.3787476122379303,-0.02114914543926716,0.4094560444355011,0.40096643567085266,-0.029465826228260994,0.43595486879348755,0.4072171151638031,-0.02241964265704155,0.4581385850906372,0.40213924646377563,-0.013744805939495564,No
0.535852313041687,0.4052620828151703,-3.2419077911072236e-07,0.5238314270973206,0.4736354649066925,-0.013354755006730556,0.512578010559082,0.538882315158844,-0.027848968282341957,0.511244535446167,0.5946718454360962,-0.04553739354014397,0.5200227499008179,0.6351399421691895,-0.061669908463954926,0.44291603565216064,0.4931524991989136,-0.00015662201622035354,0.4170038104057312,0.5142391324043274,-0.024732882156968117,0.4444301426410675,0.5028408765792847,-0.04203513637185097,0.4711740016937256,0.48838040232658386,-0.04957982897758484,0.43508201837539673,0.45886343717575073,-0.004012247081845999,0.4118133783340454,0.48533350229263306,-0.03270963951945305,0.4510710835456848,0.47173261642456055,-0.04393325746059418,0.4794451892375946,0.4533425271511078,-0.04432229697704315,0.4321442246437073,0.42257368564605713,-0.011822840198874474,0.4114377200603485,0.44645601511001587,-0.03651724010705948,0.4510456621646881,0.43916788697242737,-0.03511124849319458,0.4790969789028168,0.42584121227264404,-0.026098495349287987,0.43283402919769287,0.3836844563484192,-0.020939689129590988,0.4117622375488281,0.4067210555076599,-0.03167830780148506,0.439890056848526,0.41141146421432495,-0.0248128492385149,0.46232813596725464,0.40558841824531555,-0.015521706081926823,No
0.5411378741264343,0.40928444266319275,-3.3599010862417344e-07,0.5285786986351013,0.4800385534763336,-0.012019815854728222,0.5157951712608337,0.5461477637290955,-0.024659091606736183,0.5126463770866394,0.599507749080658,-0.040575992316007614,0.5198243856430054,0.6399236917495728,-0.05520116910338402,0.44811317324638367,0.498312771320343,0.0015605054795742035,0.4248959422111511,0.5194521546363831,-0.021614519879221916,0.45259782671928406,0.5082112550735474,-0.038838207721710205,0.479587584733963,0.4935654401779175,-0.046830181032419205,0.43962717056274414,0.4625242352485657,-0.0027506628539413214,0.4162171483039856,0.48658111691474915,-0.02942819707095623,0.4552963972091675,0.47456929087638855,-0.04085215926170349,0.48403117060661316,0.45698538422584534,-0.04213762283325195,0.4369819760322571,0.4249753952026367,-0.010737314820289612,0.4148440659046173,0.44566580653190613,-0.0336802676320076,0.4538242816925049,0.44070369005203247,-0.03221054747700691,0.48203685879707336,0.4289308488368988,-0.023973166942596436,0.4390544891357422,0.38549745082855225,-0.01996409334242344,0.41605356335639954,0.4049557149410248,-0.029806237667798996,0.4435770511627197,0.4113008975982666,-0.022548720240592957,0.46602845191955566,0.4072476029396057,-0.013468981720507145,No
0.5453685522079468,0.4122908413410187,-3.456726460626669e-07,0.5295480489730835,0.4830203354358673,-0.013348736800253391,0.514196515083313,0.5489436388015747,-0.026818417012691498,0.5106227993965149,0.6033048629760742,-0.043155498802661896,0.5187680125236511,0.6437888741493225,-0.0579582117497921,0.4474717676639557,0.4965849816799164,-0.0013693553628399968,0.4254744052886963,0.5202274918556213,-0.024256065487861633,0.4568474590778351,0.5060657858848572,-0.04068521037697792,0.4838584065437317,0.48925766348838806,-0.04830906167626381,0.4405266344547272,0.46056216955184937,-0.004753516986966133,0.4186318814754486,0.48671990633010864,-0.031109817326068878,0.45851778984069824,0.47343796491622925,-0.04180391877889633,0.4857187867164612,0.45513033866882324,-0.04295903816819191,0.43839552998542786,0.4235667288303375,-0.011666662991046906,0.4171711206436157,0.4465075135231018,-0.03407718986272812,0.45673438906669617,0.4406939148902893,-0.031886011362075806,0.4841264486312866,0.4277409017086029,-0.023540234193205833,0.4404432773590088,0.38533857464790344,-0.019952742382884026,0.4183617830276489,0.40724480152130127,-0.029288901016116142,0.4471479058265686,0.4124760627746582,-0.021604226902127266,0.4694867730140686,0.4058011472225189,-0.012432743795216084,No
0.545616626739502,0.4119616746902466,-3.49023792978187e-07,0.5302392244338989,0.48367881774902344,-0.012206312268972397,0.5149403214454651,0.5495547652244568,-0.025042332708835602,0.5104398131370544,0.6030165553092957,-0.04096158221364021,0.5179194808006287,0.6430619359016418,-0.05541018024086952,0.4482578635215759,0.4968716502189636,-0.00011979067494394258,0.4242869019508362,0.5210306644439697,-0.021987907588481903,0.4549599289894104,0.5080018043518066,-0.037528008222579956,0.4822514057159424,0.491797536611557,-0.04452246427536011,0.4411745071411133,0.46093642711639404,-0.0038801052141934633,0.4183022677898407,0.48774203658103943,-0.02920498698949814,0.4574674665927887,0.4748460352420807,-0.03964177146553993,0.4849977493286133,0.4563162326812744,-0.04061589390039444,0.43873974680900574,0.42377525568008423,-0.01101364754140377,0.41768884658813477,0.4475496709346771,-0.03248882666230202,0.45711857080459595,0.4414500594139099,-0.030441375449299812,0.4847536087036133,0.4281107485294342,-0.022289160639047623,0.44046884775161743,0.38467276096343994,-0.01944202370941639,0.41797518730163574,0.40828219056129456,-0.028371820226311684,0.44677186012268066,0.4130386412143707,-0.020608093589544296,0.46949297189712524,0.4055479168891907,-0.011334490031003952,No
0.5464450120925903,0.41082483530044556,-3.5912896123591054e-07,0.5309339165687561,0.48224079608917236,-0.011531215161085129,0.5161710977554321,0.5475859642028809,-0.023594871163368225,0.5105160474777222,0.6018020510673523,-0.03901585564017296,0.5170989632606506,0.6428898572921753,-0.05291615426540375,0.4500746428966522,0.49753496050834656,0.0024559139274060726,0.42816320061683655,0.5199605822563171,-0.019984126091003418,0.45806652307510376,0.5044401288032532,-0.035941995680332184,0.4847850501537323,0.4870677590370178,-0.04300173744559288,0.4421263337135315,0.46185052394866943,-0.001530262059532106,0.4197973310947418,0.4880909323692322,-0.027424756437540054,0.4586452841758728,0.4742085039615631,-0.03795315697789192,0.48598209023475647,0.4555434286594391,-0.03878194838762283,0.43938660621643066,0.4245639443397522,-0.009105948731303215,0.41793400049209595,0.44793179631233215,-0.03150976449251175,0.4571842849254608,0.44194066524505615,-0.029295867308974266,0.4848558008670807,0.4287409782409668,-0.02059621922671795,0.44126319885253906,0.38499942421913147,-0.017935054376721382,0.41857263445854187,0.4068028926849365,-0.027354087680578232,0.4466215968132019,0.4126094579696655,-0.01981685496866703,0.46902284026145935,0.4065881669521332,-0.01052856259047985,No
0.5469326972961426,0.41249483823776245,-3.4423021588736447e-07,0.5314517021179199,0.4824129045009613,-0.013047615997493267,0.5160126686096191,0.547491192817688,-0.02547498792409897,0.5102612376213074,0.6018848419189453,-0.04089986905455589,0.517793595790863,0.643622636795044,-0.05476682260632515,0.4497365653514862,0.4998107850551605,0.0007579418597742915,0.4258497655391693,0.5208138227462769,-0.02210783213376999,0.4565073549747467,0.5052340030670166,-0.03834603354334831,0.48375818133354187,0.4881368577480316,-0.04546371102333069,0.4418032169342041,0.4634423553943634,-0.0023906442802399397,0.41836684942245483,0.48841893672943115,-0.028307927772402763,0.45789849758148193,0.47484317421913147,-0.038963545113801956,0.4856325387954712,0.45663610100746155,-0.039706725627183914,0.4392754137516022,0.42561250925064087,-0.009182386100292206,0.41812145709991455,0.44688498973846436,-0.03200482204556465,0.45759397745132446,0.44103652238845825,-0.030129218474030495,0.48543789982795715,0.4284681975841522,-0.02137230895459652,0.4412914216518402,0.38578668236732483,-0.017261242493987083,0.41724663972854614,0.40638941526412964,-0.026854321360588074,0.4457090497016907,0.41207394003868103,-0.019059449434280396,0.4688817262649536,0.40676644444465637,-0.00939736608415842,No
0.5449820160865784,0.4124181270599365,-3.4093409340130165e-07,0.5300361514091492,0.48371103405952454,-0.012521588243544102,0.5152775049209595,0.5491920113563538,-0.025588741526007652,0.5109850168228149,0.6030042767524719,-0.04187583178281784,0.51863032579422,0.6442968249320984,-0.0565645731985569,0.44755271077156067,0.4982679486274719,-0.0007816196302883327,0.4214189052581787,0.5219953060150146,-0.024629153311252594,0.4525386691093445,0.5089677572250366,-0.041285593062639236,0.48134034872055054,0.4930781126022339,-0.04844905063509941,0.44094768166542053,0.4625695049762726,-0.004785337019711733,0.41639354825019836,0.4903429448604584,-0.03179975599050522,0.455732524394989,0.47735390067100525,-0.04272400587797165,0.48447030782699585,0.4584360122680664,-0.04343535751104355,0.4392566382884979,0.42525672912597656,-0.01237240619957447,0.41709718108177185,0.4482539892196655,-0.03525976464152336,0.45620739459991455,0.44229114055633545,-0.03332539647817612,0.48450255393981934,0.42925822734832764,-0.02461438998579979,0.4416370987892151,0.3858107924461365,-0.021267594769597054,0.41668054461479187,0.4072873592376709,-0.030903981998562813,0.4446347653865814,0.413023442029953,-0.02312670648097992,0.46833375096321106,0.4072943329811096,-0.01347331702709198,No
0.5457251071929932,0.4128068685531616,-3.722038854903076e-07,0.5303023457527161,0.48325788974761963,-0.012372754514217377,0.5150321125984192,0.5472772121429443,-0.025578420609235764,0.5095739364624023,0.601344108581543,-0.04184010997414589,0.5160593390464783,0.642707347869873,-0.05633072182536125,0.44674062728881836,0.495071142911911,-0.0016912962310016155,0.4234358072280884,0.5188645720481873,-0.02429264783859253,0.4557878077030182,0.5046491622924805,-0.039803143590688705,0.48349615931510925,0.4877537786960602,-0.046758245676755905,0.44081440567970276,0.4595075249671936,-0.005604619160294533,0.4177998900413513,0.4865845739841461,-0.03192952275276184,0.45718470215797424,0.473096638917923,-0.04214661940932274,0.4843549430370331,0.4548454284667969,-0.04305734485387802,0.4397297203540802,0.4227159321308136,-0.012835364788770676,0.41712385416030884,0.44569075107574463,-0.03450128436088562,0.4560793340206146,0.44024544954299927,-0.03133357688784599,0.4831377863883972,0.42820125818252563,-0.022709492594003677,0.4427288770675659,0.38393542170524597,-0.02142692543566227,0.4180792570114136,0.4047103524208069,-0.03025222010910511,0.4461238384246826,0.4113207757472992,-0.022086722776293755,0.46878328919410706,0.4065769612789154,-0.012771042995154858,No
0.54517662525177,0.4106917977333069,-3.3195831861121405e-07,0.5297577381134033,0.48397770524024963,-0.010691373609006405,0.5147324800491333,0.5502360463142395,-0.02238539233803749,0.5093522667884827,0.6030578017234802,-0.03760804235935211,0.5167886018753052,0.643582820892334,-0.0515466034412384,0.4496007263660431,0.49859490990638733,0.0029467798303812742,0.42241284251213074,0.5230671167373657,-0.01964414119720459,0.44992920756340027,0.5113758444786072,-0.03601987659931183,0.47787803411483765,0.496236115694046,-0.04302490875124931,0.4416677951812744,0.4629683494567871,-0.0013576523633673787,0.4167150855064392,0.48880481719970703,-0.027374275028705597,0.4543066620826721,0.476288378238678,-0.03867975249886513,0.48381972312927246,0.4584173262119293,-0.03964116796851158,0.4385998249053955,0.42578834295272827,-0.009172993712127209,0.4165712893009186,0.44818031787872314,-0.031303927302360535,0.45579373836517334,0.4419417381286621,-0.030379703268408775,0.4852138161659241,0.4290581941604614,-0.022306550294160843,0.439831018447876,0.3860698342323303,-0.018174413591623306,0.4172323942184448,0.4080387055873871,-0.02777962200343609,0.44482848048210144,0.41278961300849915,-0.020924463868141174,0.46788927912712097,0.4061884880065918,-0.011854319833219051,No
0.5449275374412537,0.412619948387146,-3.457704167431075e-07,0.5298941731452942,0.48383304476737976,-0.012584302574396133,0.5148340463638306,0.5490418672561646,-0.025582576170563698,0.5099087357521057,0.6030601859092712,-0.04155631735920906,0.5177673697471619,0.6441223621368408,-0.05616660416126251,0.44779127836227417,0.49784719944000244,-0.000738963601179421,0.42486292123794556,0.5185766220092773,-0.02296505868434906,0.4547558128833771,0.50542151927948,-0.03917110338807106,0.48226767778396606,0.48971617221832275,-0.046862874180078506,0.440209299325943,0.46181219816207886,-0.00452147051692009,0.4164687693119049,0.4851081371307373,-0.03040410578250885,0.45545241236686707,0.47372835874557495,-0.041295044124126434,0.4839329719543457,0.4576423764228821,-0.042766984552145004,0.43822649121284485,0.42455071210861206,-0.011659478768706322,0.4157543182373047,0.4445432126522064,-0.03361864387989044,0.4550357758998871,0.43998488783836365,-0.03152471035718918,0.4833918809890747,0.42919331789016724,-0.023458844050765038,0.44081443548202515,0.3855151832103729,-0.020101523026823997,0.4179406762123108,0.40440523624420166,-0.02938367798924446,0.44628995656967163,0.41103217005729675,-0.02173982746899128,0.46911856532096863,0.4076039791107178,-0.012757010757923126,No
0.5445181727409363,0.41004422307014465,-3.451951613442361e-07,0.5287249684333801,0.4824570417404175,-0.012502031400799751,0.5136343240737915,0.5494546890258789,-0.025213541463017464,0.5086897611618042,0.6037376523017883,-0.041055575013160706,0.5171023607254028,0.6437042951583862,-0.055263713002204895,0.44838783144950867,0.4976608455181122,0.0009295331547036767,0.4237733483314514,0.52079176902771,-0.021886130794882774,0.45515158772468567,0.5085642337799072,-0.037805795669555664,0.48329025506973267,0.49292269349098206,-0.044683340936899185,0.44103407859802246,0.46177050471305847,-0.002750927349552512,0.4175468683242798,0.48785993456840515,-0.029849063605070114,0.45755577087402344,0.474958211183548,-0.040575578808784485,0.4855930805206299,0.4559400677680969,-0.040989696979522705,0.43834996223449707,0.4247314929962158,-0.010045772418379784,0.4167608618736267,0.44779735803604126,-0.03314697742462158,0.45632681250572205,0.44187286496162415,-0.03134940564632416,0.484176903963089,0.42803046107292175,-0.02255427837371826,0.4396008253097534,0.38619503378868103,-0.01862182281911373,0.41675472259521484,0.40839970111846924,-0.02830306440591812,0.44542020559310913,0.41350576281547546,-0.020791945978999138,0.4682186245918274,0.40621137619018555,-0.01129908300936222,No
0.545036792755127,0.412472665309906,-3.5782287000074575e-07,0.5290790796279907,0.48311832547187805,-0.012866545468568802,0.5132220387458801,0.5494477152824402,-0.025777596980333328,0.5085711479187012,0.6040772795677185,-0.041639648377895355,0.5168202519416809,0.6444075107574463,-0.055884554982185364,0.4477406442165375,0.49695920944213867,-0.00021899915009271353,0.4253498911857605,0.5184573531150818,-0.022857991978526115,0.4572950303554535,0.5056920647621155,-0.03877345845103264,0.4847198724746704,0.49009573459625244,-0.04599033296108246,0.4404057264328003,0.4610195457935333,-0.0038309611845761538,0.41807499527931213,0.4859943389892578,-0.030855685472488403,0.45890915393829346,0.47294554114341736,-0.04127417877316475,0.4861146807670593,0.4547831118106842,-0.041782405227422714,0.43813642859458923,0.424148827791214,-0.01098268199712038,0.41642260551452637,0.44580063223838806,-0.033903416246175766,0.4563226103782654,0.44043299555778503,-0.03138185292482376,0.4835178256034851,0.42788150906562805,-0.02242995798587799,0.44004857540130615,0.3861304521560669,-0.01943928934633732,0.4174726605415344,0.40612927079200745,-0.028705600649118423,0.44634634256362915,0.41236305236816406,-0.02077648602426052,0.46857723593711853,0.40736764669418335,-0.011319543235003948,No
0.5460406541824341,0.40999796986579895,-3.530132914875139e-07,0.5302661657333374,0.48236680030822754,-0.011825388297438622,0.5148605108261108,0.5484186410903931,-0.024415982887148857,0.5095340013504028,0.6023444533348083,-0.04047781974077225,0.5166895389556885,0.6433808207511902,-0.054998867213726044,0.44802847504615784,0.4973668158054352,0.002321581356227398,0.4237387776374817,0.5198845863342285,-0.02116476371884346,0.4545423686504364,0.507610559463501,-0.037946105003356934,0.48320454359054565,0.49202150106430054,-0.04518013820052147,0.44049370288848877,0.4621882140636444,-0.0019506198586896062,0.4170324206352234,0.48800110816955566,-0.028989549726247787,0.4567398428916931,0.4750925898551941,-0.04026810824871063,0.4858538806438446,0.4563054144382477,-0.040954723954200745,0.43782150745391846,0.42511284351348877,-0.009923655539751053,0.41602715849876404,0.44852301478385925,-0.03315170481801033,0.4558231830596924,0.44231829047203064,-0.03164355829358101,0.4847787320613861,0.42855843901634216,-0.022886354476213455,0.4394221007823944,0.38596388697624207,-0.01915748231112957,0.4160159230232239,0.4087062478065491,-0.02919502928853035,0.44457143545150757,0.41396278142929077,-0.0217250008136034,0.468331515789032,0.40708452463150024,-0.012014742009341717,No
0.545671284198761,0.411965012550354,-3.574298261810327e-07,0.5301175117492676,0.48323285579681396,-0.01260302308946848,0.5141507387161255,0.5487238168716431,-0.025394277647137642,0.5089913606643677,0.6023432612419128,-0.04140278324484825,0.5161084532737732,0.6434585452079773,-0.055664047598838806,0.446081280708313,0.496934711933136,0.0014324012445285916,0.4229951500892639,0.5175060629844666,-0.02232009917497635,0.4548860192298889,0.5042750835418701,-0.039163537323474884,0.4834369122982025,0.4882701635360718,-0.046501465141773224,0.43934914469718933,0.4613313376903534,-0.002453435678035021,0.417205810546875,0.4857615530490875,-0.029857151210308075,0.4574229419231415,0.4724463224411011,-0.04100874811410904,0.4857262074947357,0.4542824625968933,-0.04169800877571106,0.4375162720680237,0.4245149493217468,-0.01012342143803835,0.41610538959503174,0.44651755690574646,-0.0334743894636631,0.455559641122818,0.4407646656036377,-0.03158680349588394,0.4836145043373108,0.42812541127204895,-0.02270403318107128,0.4398258626461029,0.3861631155014038,-0.019111620262265205,0.41675451397895813,0.40727055072784424,-0.02895936369895935,0.4449367821216583,0.41310426592826843,-0.021377068012952805,0.4679303765296936,0.40746837854385376,-0.011737849563360214,No
0.5453381538391113,0.4124460816383362,-3.4903658274743066e-07,0.5305348038673401,0.48357588052749634,-0.011588703840970993,0.5147277116775513,0.5492126941680908,-0.023481186479330063,0.5085154175758362,0.6024337410926819,-0.03868251293897629,0.5160773992538452,0.6428811550140381,-0.052302952855825424,0.4485187828540802,0.4995824694633484,0.002286635572090745,0.42230018973350525,0.5215399861335754,-0.020083878189325333,0.45161888003349304,0.5108494758605957,-0.03570186346769333,0.47991034388542175,0.49693408608436584,-0.0422927588224411,0.441140741109848,0.4636625349521637,-0.0016999394865706563,0.41810569167137146,0.48836466670036316,-0.027739863842725754,0.4569244682788849,0.47538822889328003,-0.03829550743103027,0.4852069020271301,0.45724472403526306,-0.03880293294787407,0.43885964155197144,0.42597895860671997,-0.009338785894215107,0.4170554578304291,0.44724607467651367,-0.0320657379925251,0.45590367913246155,0.4421037435531616,-0.03073769249022007,0.4840782880783081,0.43007323145866394,-0.022367212921380997,0.440799355506897,0.38618314266204834,-0.018135664984583855,0.4167115390300751,0.4067062437534332,-0.028130516409873962,0.4442501664161682,0.4128267168998718,-0.02121197059750557,0.4672805666923523,0.4075414836406708,-0.012080114334821701,No
0.545625627040863,0.41330739855766296,-3.5727910585592326e-07,0.5305473208427429,0.48341935873031616,-0.011867919005453587,0.5140964388847351,0.5486267805099487,-0.024080734699964523,0.5082560181617737,0.602521538734436,-0.039552923291921616,0.5160422921180725,0.6437327861785889,-0.05354198440909386,0.44757941365242004,0.49852117896080017,0.0015679763164371252,0.42337876558303833,0.5198577642440796,-0.020782168954610825,0.45333757996559143,0.5080785155296326,-0.03695611655712128,0.4807402789592743,0.49286767840385437,-0.044346947222948074,0.440599262714386,0.4626854956150055,-0.002536024898290634,0.4178813397884369,0.4860869348049164,-0.028285427019000053,0.45712873339653015,0.4736061692237854,-0.03893611952662468,0.48482272028923035,0.4565708637237549,-0.03995847702026367,0.4387769103050232,0.4253008961677551,-0.010227738879621029,0.41694176197052,0.4451109766960144,-0.032231420278549194,0.4557843506336212,0.44086793065071106,-0.030351988971233368,0.48326846957206726,0.43040555715560913,-0.022168491035699844,0.44126707315444946,0.38602080941200256,-0.019165078178048134,0.4170849621295929,0.40452390909194946,-0.028144214302301407,0.44495728611946106,0.4118063747882843,-0.02051481604576111,0.4680477976799011,0.40899911522865295,-0.011368447914719582,No
0.5446821451187134,0.41069239377975464,-3.498668377233116e-07,0.5301570892333984,0.4825626015663147,-0.01296841911971569,0.5148375034332275,0.5482897162437439,-0.025494694709777832,0.508715808391571,0.6017773151397705,-0.04109999164938927,0.5158661603927612,0.6425460577011108,-0.05490035191178322,0.44710326194763184,0.5007923245429993,0.001304551726207137,0.4236542582511902,0.5215244293212891,-0.02145303413271904,0.45531630516052246,0.5063197016716003,-0.03727153316140175,0.4825078248977661,0.48964589834213257,-0.044188693165779114,0.4392939805984497,0.4644540250301361,-0.002194965723901987,0.41779759526252747,0.48947638273239136,-0.028466563671827316,0.45811980962753296,0.4748476445674896,-0.03880808502435684,0.4852055311203003,0.455607146024704,-0.03926554694771767,0.43655532598495483,0.4269089698791504,-0.009497229941189289,0.4161456227302551,0.44889169931411743,-0.03214256465435028,0.4558731019496918,0.4428485333919525,-0.029978102073073387,0.4832964241504669,0.42971307039260864,-0.021200239658355713,0.4380909204483032,0.3874287009239197,-0.018208280205726624,0.4158068001270294,0.4083086848258972,-0.02779732272028923,0.44458913803100586,0.41407090425491333,-0.020379528403282166,0.4673486053943634,0.40807440876960754,-0.011033176444470882,No
0.5344204902648926,0.34996068477630615,-4.167164320278971e-07,0.5203553438186646,0.4271073639392853,-0.01633036509156227,0.5039292573928833,0.5002328753471375,-0.031576648354530334,0.49595358967781067,0.5637814402580261,-0.04990234971046448,0.5027769804000854,0.6122555136680603,-0.0662616640329361,0.42855367064476013,0.44318610429763794,-0.0018502604216337204,0.39915505051612854,0.4719257354736328,-0.027050770819187164,0.4362025260925293,0.4572180509567261,-0.04493371769785881,0.46560388803482056,0.43817049264907837,-0.05341224744915962,0.42016297578811646,0.4035967290401459,-0.004707762040197849,0.391249418258667,0.43245530128479004,-0.03401506692171097,0.4380909204483032,0.4180770218372345,-0.045381929725408554,0.4673214256763458,0.3987562358379364,-0.04628514125943184,0.41775602102279663,0.36333510279655457,-0.011532341130077839,0.3875100612640381,0.3867979347705841,-0.03623397275805473,0.4345538020133972,0.3817744553089142,-0.03177780285477638,0.46544408798217773,0.3688161373138428,-0.02121664024889469,0.4199194014072418,0.32118409872055054,-0.02010568231344223,0.3908690810203552,0.34198784828186035,-0.030278151854872704,0.42401719093322754,0.34974443912506104,-0.0208333358168602,0.4489704370498657,0.344601571559906,-0.010105924680829048,No
0.533321738243103,0.3499565124511719,-4.10909905212975e-07,0.5209912657737732,0.4259655475616455,-0.01875411719083786,0.5048849582672119,0.4988454580307007,-0.03536275029182434,0.49622246623039246,0.562129020690918,-0.054488785564899445,0.5022907853126526,0.6102498769760132,-0.07129555195569992,0.42857304215431213,0.44203782081604004,-0.004543660208582878,0.4016385078430176,0.4705057144165039,-0.03089023381471634,0.43859750032424927,0.4537387192249298,-0.049693115055561066,0.4686790704727173,0.43265795707702637,-0.058731559664011,0.41946545243263245,0.4021737277507782,-0.006699327379465103,0.3913787603378296,0.42971763014793396,-0.03699575737118721,0.43837466835975647,0.4159475862979889,-0.04866470396518707,0.4692116975784302,0.3968726694583893,-0.049825381487607956,0.41702428460121155,0.36156588792800903,-0.013078437186777592,0.3857022821903229,0.38359472155570984,-0.03871738910675049,0.43268054723739624,0.3809940218925476,-0.03449402004480362,0.46519210934638977,0.3695230484008789,-0.024136705324053764,0.4197000563144684,0.319214403629303,-0.021494753658771515,0.390913724899292,0.33879268169403076,-0.03290354087948799,0.4240497052669525,0.34901437163352966,-0.024279344826936722,0.4503607749938965,0.3461322784423828,-0.014097639359533787,No
0.546515703201294,0.3497692346572876,-4.065125267516123e-07,0.5285372734069824,0.42699965834617615,-0.01738087087869644,0.5093698501586914,0.5008137226104736,-0.03310069069266319,0.4992212653160095,0.564220666885376,-0.05181374028325081,0.5020703673362732,0.6148931384086609,-0.06828101724386215,0.43350648880004883,0.44507497549057007,-0.0007905717939138412,0.4059915244579315,0.47041988372802734,-0.027827197685837746,0.4435840845108032,0.45461010932922363,-0.047925807535648346,0.47384902834892273,0.43534883856773376,-0.057739969342947006,0.42434340715408325,0.4037799537181854,-0.003410171251744032,0.3968134820461273,0.42895054817199707,-0.0342128649353981,0.4444948434829712,0.4157533347606659,-0.04677613452076912,0.47577401995658875,0.39778420329093933,-0.04833132028579712,0.4225079417228699,0.36160850524902344,-0.010444069281220436,0.39306026697158813,0.38128507137298584,-0.03655465319752693,0.4398108422756195,0.3794827163219452,-0.032869353890419006,0.4727269113063812,0.36877915263175964,-0.02250925451517105,0.4257577359676361,0.318949818611145,-0.019370460882782936,0.3982681632041931,0.3372332751750946,-0.03075721673667431,0.43120163679122925,0.34836775064468384,-0.022132594138383865,0.4575102627277374,0.34585878252983093,-0.011657577008008957,No
0.5454384088516235,0.35051462054252625,-4.058498177528236e-07,0.5297524929046631,0.42780113220214844,-0.017536241561174393,0.5112483501434326,0.5021701455116272,-0.03343430534005165,0.5008077025413513,0.5654057264328003,-0.05219234153628349,0.5040354132652283,0.6156840324401855,-0.06866871565580368,0.4363367259502411,0.4425690174102783,-0.002816860331222415,0.4057690501213074,0.46926069259643555,-0.030239162966609,0.4433324337005615,0.4531489610671997,-0.049831368029117584,0.4745195209980011,0.43238455057144165,-0.05905362591147423,0.42805570363998413,0.40190353989601135,-0.005475275218486786,0.39689233899116516,0.4286268353462219,-0.0364220030605793,0.4446066915988922,0.4164314270019531,-0.048374518752098083,0.47628962993621826,0.3980240523815155,-0.04933970049023628,0.42632004618644714,0.36060887575149536,-0.01245836354792118,0.3933789134025574,0.38204771280288696,-0.038397856056690216,0.4407438039779663,0.38073766231536865,-0.033958569169044495,0.4735856354236603,0.36966994404792786,-0.023098107427358627,0.4293833374977112,0.3178490102291107,-0.021359551697969437,0.39975520968437195,0.3375808596611023,-0.032604627311229706,0.43278494477272034,0.3479975461959839,-0.023476382717490196,0.4588375687599182,0.3440406620502472,-0.012675225734710693,No
0.5447760224342346,0.35015517473220825,-4.1595836819396936e-07,0.5293323397636414,0.4278160035610199,-0.017228955402970314,0.5108538269996643,0.5023464560508728,-0.032782066613435745,0.5002990961074829,0.5656787157058716,-0.0512479804456234,0.5036284923553467,0.6160589456558228,-0.06744606792926788,0.43751630187034607,0.44255486130714417,-0.0030647937674075365,0.4059603810310364,0.46919921040534973,-0.02992543764412403,0.44360166788101196,0.45277777314186096,-0.048954449594020844,0.4750126600265503,0.4320923686027527,-0.05790546163916588,0.4289820194244385,0.401903361082077,-0.005831071641296148,0.3971743583679199,0.42817726731300354,-0.03619902953505516,0.4446495771408081,0.41556406021118164,-0.0479421503841877,0.47650381922721863,0.3975710868835449,-0.04900595173239708,0.4268382489681244,0.36060088872909546,-0.012816903181374073,0.39295873045921326,0.38179001212120056,-0.03817316144704819,0.4399261176586151,0.3800072968006134,-0.033731553703546524,0.47308823466300964,0.36910584568977356,-0.02315318025648594,0.42956918478012085,0.3177527189254761,-0.021724363788962364,0.3990477919578552,0.3371160328388214,-0.03292309120297432,0.431774765253067,0.347395122051239,-0.023988500237464905,0.4584357738494873,0.34400564432144165,-0.013460042886435986,No
0.5458922386169434,0.35011428594589233,-4.217825733121572e-07,0.5301181077957153,0.42825236916542053,-0.017264969646930695,0.5120398998260498,0.5015836358070374,-0.032824184745550156,0.5020890235900879,0.5641239881515503,-0.051373668015003204,0.5059012174606323,0.613999605178833,-0.06762167811393738,0.43660351634025574,0.44124069809913635,-0.0016338489949703217,0.4084073305130005,0.46743157505989075,-0.028631513938307762,0.4455533027648926,0.4519801437854767,-0.04809357598423958,0.4774809777736664,0.43227434158325195,-0.05717117339372635,0.4279177486896515,0.4008757770061493,-0.004360550548881292,0.3994322717189789,0.42864543199539185,-0.035203225910663605,0.44615939259529114,0.4161989986896515,-0.04772624373435974,0.478471040725708,0.39790773391723633,-0.04916020855307579,0.42579635977745056,0.3597777187824249,-0.011401868425309658,0.39590078592300415,0.38228756189346313,-0.03766206279397011,0.4425410032272339,0.38043925166130066,-0.03427024558186531,0.47598204016685486,0.3692673444747925,-0.023984231054782867,0.42866554856300354,0.3173958659172058,-0.020304696634411812,0.40016084909439087,0.3380008935928345,-0.031896933913230896,0.4321853816509247,0.3484393358230591,-0.023363126441836357,0.4586799740791321,0.34504416584968567,-0.012870142236351967,No
0.5457772612571716,0.3508073687553406,-4.056119280448911e-07,0.5295385718345642,0.4292469918727875,-0.016463536769151688,0.5114859938621521,0.5022698640823364,-0.03185458108782768,0.5016369819641113,0.5642748475074768,-0.05042971298098564,0.5052441358566284,0.6140691041946411,-0.06684306263923645,0.43613478541374207,0.44300392270088196,-0.0005019402015022933,0.40803852677345276,0.46899569034576416,-0.027167687192559242,0.44443368911743164,0.45345649123191833,-0.04654807597398758,0.4754464328289032,0.4341398775577545,-0.05564700812101364,0.42745789885520935,0.40256232023239136,-0.003685534931719303,0.399115651845932,0.4310568571090698,-0.03414932265877724,0.4456336200237274,0.4180401861667633,-0.04650789871811867,0.4779534339904785,0.3988555073738098,-0.04781709238886833,0.4254112243652344,0.3609466552734375,-0.011167889460921288,0.39555418491363525,0.38371220231056213,-0.03705788776278496,0.4426160752773285,0.38130444288253784,-0.03350924700498581,0.47638437151908875,0.36940711736679077,-0.02319268509745598,0.4282377362251282,0.31757527589797974,-0.020486678928136826,0.4007766544818878,0.33814579248428345,-0.03210579603910446,0.43344175815582275,0.34842586517333984,-0.023720622062683105,0.45982277393341064,0.3443247973918915,-0.01331345271319151,No
0.5497474670410156,0.34892141819000244,-4.105683615307498e-07,0.5320900678634644,0.4276955723762512,-0.016383646056056023,0.5126843452453613,0.5016312599182129,-0.03144492954015732,0.5023345947265625,0.5650400519371033,-0.04979223385453224,0.5062455534934998,0.6151993870735168,-0.06603843718767166,0.4379183053970337,0.4425346851348877,0.0011384023819118738,0.41037148237228394,0.4691590666770935,-0.02603919990360737,0.44635674357414246,0.4518973231315613,-0.046566106379032135,0.47693371772766113,0.43123099207878113,-0.05653970316052437,0.4285440742969513,0.40238863229751587,-0.0020802330691367388,0.400961697101593,0.4295320510864258,-0.03270000219345093,0.44773638248443604,0.41616883873939514,-0.04575469344854355,0.47964540123939514,0.39739537239074707,-0.04763269051909447,0.4264485239982605,0.36044928431510925,-0.00976849626749754,0.3960137665271759,0.38188695907592773,-0.03575659915804863,0.44315305352211,0.38084617257118225,-0.03238775208592415,0.47717076539993286,0.37043309211730957,-0.022156082093715668,0.430004358291626,0.3171234428882599,-0.019352620467543602,0.4020843505859375,0.3363725543022156,-0.03059585951268673,0.4348733127117157,0.34875956177711487,-0.02209799736738205,0.4619937539100647,0.3473913073539734,-0.01172520313411951,No
0.5500050783157349,0.34988775849342346,-4.12974884511641e-07,0.5320000648498535,0.4287881553173065,-0.016198109835386276,0.5121035575866699,0.5031429529190063,-0.03105497919023037,0.5018115043640137,0.5662313103675842,-0.04913993924856186,0.5053167343139648,0.6168385744094849,-0.06514295935630798,0.4373294711112976,0.4433671534061432,0.0007573138573206961,0.4094168543815613,0.46913474798202515,-0.025413140654563904,0.4465545415878296,0.4528052508831024,-0.045024704188108444,0.47680431604385376,0.43311944603919983,-0.05464974418282509,0.4279590845108032,0.40280765295028687,-0.0024238168261945248,0.40049222111701965,0.4301326274871826,-0.03236226364970207,0.44757795333862305,0.4163408577442169,-0.04489828273653984,0.4789373278617859,0.39694419503211975,-0.046554502099752426,0.42531731724739075,0.3608984053134918,-0.009935379028320312,0.3953750431537628,0.3827354609966278,-0.035145990550518036,0.442486971616745,0.3805624842643738,-0.03171173855662346,0.4760775864124298,0.36925697326660156,-0.021744517609477043,0.42781826853752136,0.3176136910915375,-0.019324982538819313,0.40046536922454834,0.33729860186576843,-0.030443310737609863,0.43320509791374207,0.3482494056224823,-0.022180918604135513,0.4596346616744995,0.34550783038139343,-0.012035210616886616,No
0.5494031310081482,0.35048040747642517,-4.0982783389154065e-07,0.5324140787124634,0.428973525762558,-0.01591837778687477,0.5129697918891907,0.502570390701294,-0.03093397617340088,0.5024892687797546,0.5651099681854248,-0.04923767223954201,0.5060097575187683,0.615073561668396,-0.06541871279478073,0.4372008740901947,0.4452756941318512,-1.0650613148754928e-05,0.40955618023872375,0.4705500900745392,-0.027486227452754974,0.4462242126464844,0.4529002904891968,-0.04732570797204971,0.47678980231285095,0.4324633479118347,-0.05647064745426178,0.4285006821155548,0.40395745635032654,-0.0033845871221274137,0.4004283547401428,0.43146032094955444,-0.034244563430547714,0.44763824343681335,0.41716182231903076,-0.046439167112112045,0.47940465807914734,0.3976295590400696,-0.0473448783159256,0.4264291524887085,0.3612525463104248,-0.01110837236046791,0.397292822599411,0.38312971591949463,-0.037636298686265945,0.4448721706867218,0.38093090057373047,-0.03394823521375656,0.4781455099582672,0.36989492177963257,-0.023120498284697533,0.42941170930862427,0.31713008880615234,-0.020548313856124878,0.40165674686431885,0.3372983932495117,-0.03193233534693718,0.4346565008163452,0.34826159477233887,-0.02301526628434658,0.46085110306739807,0.34535524249076843,-0.012052664533257484,No
0.5501894950866699,0.35118335485458374,-4.0820717117640015e-07,0.5329796671867371,0.4291244447231293,-0.015962742269039154,0.5134277939796448,0.5020087957382202,-0.030986381694674492,0.5025800466537476,0.5642678141593933,-0.049300666898489,0.5057680010795593,0.6146737337112427,-0.0655508041381836,0.43737685680389404,0.4458143711090088,0.00046987328096292913,0.40992817282676697,0.470691055059433,-0.026816900819540024,0.44636255502700806,0.45332860946655273,-0.04688156768679619,0.47704631090164185,0.43288400769233704,-0.05628931149840355,0.4282754361629486,0.4048106372356415,-0.002868759911507368,0.400043249130249,0.4317395091056824,-0.03335185348987579,0.4472047686576843,0.4176996052265167,-0.04567136615514755,0.4792782664299011,0.39822185039520264,-0.046798110008239746,0.4262004792690277,0.36217164993286133,-0.010568603873252869,0.3973733186721802,0.38356441259384155,-0.036928921937942505,0.44479048252105713,0.38120928406715393,-0.03331984579563141,0.47823891043663025,0.3700273334980011,-0.022667527198791504,0.4293803870677948,0.31815105676651,-0.019986772909760475,0.40165475010871887,0.33777040243148804,-0.03132566064596176,0.4349665343761444,0.34870195388793945,-0.022338075563311577,0.4615914821624756,0.34592217206954956,-0.011401934549212456,No
0.5501241683959961,0.35063403844833374,-4.162077118508023e-07,0.5339754223823547,0.42856255173683167,-0.01774936355650425,0.5142828822135925,0.501895010471344,-0.03369161859154701,0.5027244687080383,0.5643370747566223,-0.052698638290166855,0.5050373673439026,0.6153568029403687,-0.06937963515520096,0.4384711682796478,0.4431617856025696,-0.0007096243789419532,0.41096368432044983,0.46758416295051575,-0.02887200191617012,0.44807207584381104,0.4511060118675232,-0.04934568703174591,0.4800907075405121,0.4307171106338501,-0.058814454823732376,0.42976894974708557,0.4024811089038849,-0.003577201161533594,0.4014885425567627,0.42890989780426025,-0.03498233109712601,0.4484735429286957,0.41592487692832947,-0.047587428241968155,0.48109251260757446,0.3974902033805847,-0.04872575029730797,0.42771202325820923,0.3606349229812622,-0.01111268438398838,0.39803624153137207,0.3822768032550812,-0.038188815116882324,0.44514185190200806,0.3804754614830017,-0.034704700112342834,0.4786645472049713,0.3697497546672821,-0.024031784385442734,0.43040931224823,0.3171250820159912,-0.02054545469582081,0.4027245044708252,0.33764517307281494,-0.03249930217862129,0.43548882007598877,0.34857961535453796,-0.02381790243089199,0.4620116949081421,0.346120685338974,-0.013013171032071114,No
0.5494417548179626,0.35051044821739197,-4.0995050198944227e-07,0.5327030420303345,0.4288388192653656,-0.017423583194613457,0.5129345655441284,0.5027034282684326,-0.033315546810626984,0.5022914409637451,0.5654449462890625,-0.052190739661455154,0.5050866007804871,0.616249144077301,-0.06880644708871841,0.4376462697982788,0.4438270330429077,-0.0012115921126678586,0.41042765974998474,0.46860775351524353,-0.028905387967824936,0.4471944570541382,0.4528655707836151,-0.049139827489852905,0.4788340628147125,0.43350258469581604,-0.05865572392940521,0.42866039276123047,0.4028793275356293,-0.004134430084377527,0.40166229009628296,0.4292681813240051,-0.03508264198899269,0.4484141170978546,0.41644734144210815,-0.0475037656724453,0.48098742961883545,0.3986600935459137,-0.04874921962618828,0.42648985981941223,0.36072099208831787,-0.011585365049540997,0.39784273505210876,0.3820737600326538,-0.03781913220882416,0.4446205496788025,0.3802618980407715,-0.0342220701277256,0.47809508442878723,0.3700294494628906,-0.023857170715928078,0.42922499775886536,0.3170661926269531,-0.02095344290137291,0.4032956659793854,0.3376818597316742,-0.03256138786673546,0.43596282601356506,0.3482630252838135,-0.024043118581175804,0.46195751428604126,0.3454652428627014,-0.013518684543669224,No
0.5506846308708191,0.35101062059402466,-4.1281472817900067e-07,0.5335203409194946,0.42908188700675964,-0.016588985919952393,0.5131888389587402,0.5026432275772095,-0.03185489773750305,0.5025734901428223,0.565881073474884,-0.05021658539772034,0.5068084597587585,0.6162508726119995,-0.06654030829668045,0.4401903748512268,0.4424346387386322,-0.0012164264917373657,0.4118982255458832,0.4683225452899933,-0.028586186468601227,0.4489923417568207,0.4527500867843628,-0.04828896000981331,0.48040252923965454,0.4330158531665802,-0.057539600878953934,0.43111103773117065,0.40185680985450745,-0.004453171044588089,0.401628702878952,0.4290067255496979,-0.03547029569745064,0.44910579919815063,0.4174322187900543,-0.04768023267388344,0.4811158776283264,0.3993169665336609,-0.04873885214328766,0.42903563380241394,0.3598959445953369,-0.01200404018163681,0.39864957332611084,0.38154518604278564,-0.03841499611735344,0.44659000635147095,0.38086962699890137,-0.03434537351131439,0.479787677526474,0.37043294310569763,-0.02352670021355152,0.43207502365112305,0.3164636492729187,-0.021350795403122902,0.4045295715332031,0.33663010597229004,-0.03249996528029442,0.4379093050956726,0.3477872312068939,-0.023219695314764977,0.4637041985988617,0.34463217854499817,-0.012298965826630592,No
0.5502995252609253,0.3511880040168762,-4.030824243272946e-07,0.5324881672859192,0.42948055267333984,-0.016242200508713722,0.5121210813522339,0.5029573440551758,-0.031472861766815186,0.5020749568939209,0.56618332862854,-0.04982960969209671,0.5064256191253662,0.6166029572486877,-0.06622831523418427,0.43995535373687744,0.4431852102279663,-0.001558659947477281,0.41198813915252686,0.46930328011512756,-0.028870584443211555,0.4488259255886078,0.45365601778030396,-0.048443619161844254,0.47943878173828125,0.434207022190094,-0.05771335959434509,0.431102454662323,0.40234583616256714,-0.00500884186476469,0.4013459086418152,0.43019965291023254,-0.03621648624539375,0.4484705626964569,0.4184912443161011,-0.04850664362311363,0.4802974462509155,0.40017738938331604,-0.049628760665655136,0.4288678467273712,0.3601169288158417,-0.012676275335252285,0.3985002338886261,0.3819999098777771,-0.03893616050481796,0.4460228383541107,0.3812035322189331,-0.03502439707517624,0.47886085510253906,0.37081173062324524,-0.02441168762743473,0.43136468529701233,0.31632646918296814,-0.022124651819467545,0.40422868728637695,0.33676639199256897,-0.03316809982061386,0.4371027946472168,0.34757429361343384,-0.024140072986483574,0.4622541069984436,0.3440510332584381,-0.013482833281159401,No
0.5524657964706421,0.34969720244407654,-4.243103717271879e-07,0.5352056622505188,0.4284757971763611,-0.01621158793568611,0.5151968002319336,0.5030369758605957,-0.031059086322784424,0.5043483376502991,0.5659012198448181,-0.04913310334086418,0.5069425702095032,0.61603844165802,-0.0651712492108345,0.4397122263908386,0.44248244166374207,0.0007171074394136667,0.41453638672828674,0.4709344804286957,-0.026838896796107292,0.45152416825294495,0.45155131816864014,-0.04743671789765358,0.48214519023895264,0.42903798818588257,-0.057297468185424805,0.4297051429748535,0.401944637298584,-0.0025930870324373245,0.4033392369747162,0.43113279342651367,-0.03333962708711624,0.4511520564556122,0.41585639119148254,-0.046122945845127106,0.4830353260040283,0.3955060839653015,-0.047640882432460785,0.42771127820014954,0.3597632348537445,-0.010296591557562351,0.4003884494304657,0.3830777406692505,-0.03647499904036522,0.4480973780155182,0.38002583384513855,-0.03273806720972061,0.4810335636138916,0.36796465516090393,-0.022112809121608734,0.4317300319671631,0.316249281167984,-0.0198361799120903,0.4059736430644989,0.33737316727638245,-0.03078724816441536,0.43930864334106445,0.3477081060409546,-0.02168257161974907,0.465176522731781,0.3437891900539398,-0.010820729658007622,No
0.5530042052268982,0.3501676321029663,-4.132392632527626e-07,0.5349980592727661,0.42840802669525146,-0.01690990850329399,0.5149773359298706,0.5031832456588745,-0.03224482759833336,0.5044490694999695,0.5667592883110046,-0.05063767731189728,0.5073094964027405,0.6170212030410767,-0.06685667484998703,0.4405907094478607,0.44370779395103455,-0.00043443500180728734,0.41389715671539307,0.4706554412841797,-0.027891436591744423,0.4512474834918976,0.45207875967025757,-0.048209648579359055,0.481789767742157,0.4305078387260437,-0.057983625680208206,0.43107959628105164,0.402628630399704,-0.0033852148335427046,0.4038483500480652,0.43107765913009644,-0.0343393012881279,0.45141977071762085,0.4161146879196167,-0.04706072062253952,0.4836249351501465,0.39605098962783813,-0.048568110913038254,0.42866888642311096,0.360289067029953,-0.010753677226603031,0.39879491925239563,0.3828038275241852,-0.03677457571029663,0.4462187588214874,0.38017141819000244,-0.03304596617817879,0.4801560640335083,0.368181973695755,-0.022543052211403847,0.43166229128837585,0.3167402744293213,-0.020056748762726784,0.4048694968223572,0.33765944838523865,-0.03149792179465294,0.4381266236305237,0.348172128200531,-0.02303425967693329,0.46473243832588196,0.34395909309387207,-0.01257206592708826,No
0.5532277226448059,0.3516077399253845,-4.098700401300448e-07,0.5358768701553345,0.4297158718109131,-0.016707278788089752,0.5171374678611755,0.5029897689819336,-0.03294341266155243,0.5068666338920593,0.5656843185424805,-0.0524749681353569,0.5081935524940491,0.6168169379234314,-0.06997628509998322,0.44043096899986267,0.44371169805526733,-0.0013801903696730733,0.4133436381816864,0.4721541106700897,-0.02996751293540001,0.4487834572792053,0.45623382925987244,-0.05103646591305733,0.4794487953186035,0.4363464415073395,-0.06107291951775551,0.4314618408679962,0.4028365910053253,-0.004909777548164129,0.40441322326660156,0.4322526454925537,-0.0373862087726593,0.45145392417907715,0.4184965491294861,-0.050772398710250854,0.4842255115509033,0.39905232191085815,-0.052397504448890686,0.42948201298713684,0.36024177074432373,-0.012818950228393078,0.4011452794075012,0.38359320163726807,-0.03988594189286232,0.44888925552368164,0.38109126687049866,-0.036359917372465134,0.4829539358615875,0.36967143416404724,-0.025758573785424232,0.43256720900535583,0.31594425439834595,-0.022605963051319122,0.4069831967353821,0.3376331925392151,-0.034543924033641815,0.4399465024471283,0.3478890061378479,-0.025960372760891914,0.4659883379936218,0.34383657574653625,-0.015210256911814213,No
0.551806628704071,0.35220104455947876,-4.077061817042704e-07,0.535433828830719,0.4296512305736542,-0.016820838674902916,0.5173057317733765,0.5031004548072815,-0.03316359594464302,0.5071099400520325,0.565699577331543,-0.05264947935938835,0.5084262490272522,0.6163291931152344,-0.07013460248708725,0.440871000289917,0.4444161057472229,-0.002392631024122238,0.4135968089103699,0.4734170138835907,-0.030821654945611954,0.44850030541419983,0.4577389657497406,-0.05151877924799919,0.47877323627471924,0.43763503432273865,-0.061310090124607086,0.4315215051174164,0.4034256935119629,-0.005887460894882679,0.4043620824813843,0.43292948603630066,-0.038163550198078156,0.4513274133205414,0.41912320256233215,-0.05102032795548439,0.4840940833091736,0.3992782235145569,-0.052282869815826416,0.42919695377349854,0.36071959137916565,-0.013705461286008358,0.4011286497116089,0.38405174016952515,-0.04066799208521843,0.4490106403827667,0.38133543729782104,-0.03685353323817253,0.48296526074409485,0.3696756362915039,-0.02612208016216755,0.43205785751342773,0.3160397410392761,-0.02341102622449398,0.40691035985946655,0.3376272916793823,-0.03545812889933586,0.44015562534332275,0.3475252389907837,-0.026801953092217445,0.46608248353004456,0.34316790103912354,-0.01600065268576145,No
0.37062492966651917,0.17898070812225342,-3.5612040960586455e-07,0.366952508687973,0.24577823281288147,-0.031054846942424774,0.3382183611392975,0.3190366327762604,-0.047111332416534424,0.31387603282928467,0.3777659237384796,-0.06162460893392563,0.3072033226490021,0.42912381887435913,-0.07206696271896362,0.2646062672138214,0.29611438512802124,-0.014539819210767746,0.2290400266647339,0.28263065218925476,-0.04440896585583687,0.2634137272834778,0.2532951235771179,-0.061500828713178635,0.29035326838493347,0.24148625135421753,-0.06803424656391144,0.25360482931137085,0.2508998215198517,-0.010246576741337776,0.2193012237548828,0.2378273904323578,-0.0440540537238121,0.2696455419063568,0.21464803814888,-0.05452478677034378,0.2970578372478485,0.21453481912612915,-0.05303264036774635,0.2501194179058075,0.21056130528450012,-0.011284338310360909,0.22200915217399597,0.19343972206115723,-0.045429106801748276,0.2683916389942169,0.1818331778049469,-0.042686544358730316,0.2934187054634094,0.18835419416427612,-0.030801625922322273,0.25189366936683655,0.17382879555225372,-0.01414060965180397,0.22452270984649658,0.16252252459526062,-0.031701236963272095,0.2589549720287323,0.15715937316417694,-0.02386234886944294,0.27951329946517944,0.16619902849197388,-0.01251293160021305,No
0.3747061491012573,0.17661035060882568,-3.63461282404387e-07,0.36988091468811035,0.24046163260936737,-0.029751844704151154,0.3387656807899475,0.3128018081188202,-0.04491728916764259,0.3143593668937683,0.36929574608802795,-0.058518823236227036,0.3094029128551483,0.4186165928840637,-0.06801900267601013,0.2657892107963562,0.28805649280548096,-0.01453452929854393,0.23356489837169647,0.27204251289367676,-0.044667672365903854,0.2690073549747467,0.24351035058498383,-0.06177981197834015,0.29680490493774414,0.23143285512924194,-0.06826457381248474,0.2560768127441406,0.24220365285873413,-0.011001239530742168,0.22375647723674774,0.2259320616722107,-0.04483278468251228,0.2738652229309082,0.20600716769695282,-0.054819896817207336,0.301452100276947,0.20640674233436584,-0.0529605932533741,0.25472962856292725,0.200547993183136,-0.012784430757164955,0.22960379719734192,0.18023264408111572,-0.04573561251163483,0.274112343788147,0.17197056114673615,-0.0430426150560379,0.2971801459789276,0.17957404255867004,-0.0316607691347599,0.25887587666511536,0.16236844658851624,-0.016460297629237175,0.23554065823554993,0.14639730751514435,-0.03278835862874985,0.2682131826877594,0.14448672533035278,-0.025586450472474098,0.286652147769928,0.15580934286117554,-0.015134773217141628,No
0.3769778907299042,0.18198658525943756,-3.428795309901034e-07,0.37090063095092773,0.24668031930923462,-0.028960200026631355,0.3400471806526184,0.31736236810684204,-0.0446523055434227,0.3150993883609772,0.37341389060020447,-0.05901143327355385,0.30947965383529663,0.42387109994888306,-0.06957096606492996,0.2699744403362274,0.2945411503314972,-0.016970191150903702,0.23531155288219452,0.279630571603775,-0.04621551185846329,0.26998597383499146,0.25040191411972046,-0.0625964030623436,0.2984797954559326,0.2383788526058197,-0.06875982880592346,0.25984567403793335,0.24880892038345337,-0.01374515425413847,0.2257082611322403,0.2333076298236847,-0.04688619077205658,0.2752212882041931,0.21096861362457275,-0.05669192597270012,0.30450350046157837,0.21034781634807587,-0.05499974265694618,0.25753480195999146,0.207675501704216,-0.015306606888771057,0.22984406352043152,0.1883709728717804,-0.047926757484674454,0.2744501829147339,0.1780717670917511,-0.04514089599251747,0.3001803755760193,0.18518856167793274,-0.0338081531226635,0.26052477955818176,0.1705905795097351,-0.018559595569968224,0.23337659239768982,0.15638664364814758,-0.03522604703903198,0.2658325731754303,0.15254029631614685,-0.027753451839089394,0.28617313504219055,0.16292893886566162,-0.017077645286917686,No
