0.7327708005905151,0.5896607637405396,6.616242131940453e-08,0.6758164763450623,0.5891597867012024,-0.012314719147980213,0.6217949986457825,0.5670296549797058,-0.02467939630150795,0.5786272883415222,0.5454920530319214,-0.04019872844219208,0.5555156469345093,0.5030905604362488,-0.05417722836136818,0.6391348242759705,0.44354331493377686,0.0005233233096078038,0.5951322317123413,0.4197283089160919,-0.03180806711316109,0.5682197213172913,0.4403286278247833,-0.057446885854005814,0.5585489869117737,0.46782511472702026,-0.06877081096172333,0.6537243723869324,0.4092694818973541,-0.007183133624494076,0.6200522780418396,0.328738808631897,-0.02645161934196949,0.5885004997253418,0.2847380042076111,-0.03648639842867851,0.5600153207778931,0.2501716613769531,-0.040320925414562225,0.6764359474182129,0.3931523859500885,-0.020844977349042892,0.6546165943145752,0.3086274266242981,-0.038891784846782684,0.6287537813186646,0.2635769248008728,-0.04217630624771118,0.6027705669403076,0.2287631779909134,-0.04005177691578865,0.7018817067146301,0.395127534866333,-0.036826230585575104,0.6945083141326904,0.32053709030151367,-0.0483701266348362,0.6835454702377319,0.2703814208507538,-0.04723571613430977,0.6702415943145752,0.22847822308540344,-0.04287509247660637,Ok
0.7328087091445923,0.5896916389465332,7.074940810980479e-08,0.6760909557342529,0.5894684791564941,-0.012349397875368595,0.6225109100341797,0.5671270489692688,-0.02481940947473049,0.5795999765396118,0.5458773374557495,-0.040594421327114105,0.5559651255607605,0.5042964220046997,-0.054810136556625366,0.6386182308197021,0.44456541538238525,0.0013979999348521233,0.5952210426330566,0.4193848967552185,-0.030856816098093987,0.5690401792526245,0.4389418065547943,-0.05644596368074417,0.5598728060722351,0.46609294414520264,-0.06766954064369202,0.6533049941062927,0.4101228415966034,-0.00654452433809638,0.6200262308120728,0.3292430639266968,-0.025556160137057304,0.5885756611824036,0.2850518226623535,-0.03564680367708206,0.5602200627326965,0.25020596385002136,-0.039539922028779984,0.6761718988418579,0.39391398429870605,-0.020583543926477432,0.6543065905570984,0.3099029064178467,-0.038655348122119904,0.6278475522994995,0.2647457718849182,-0.042517613619565964,0.6017017364501953,0.22996081411838531,-0.04078177362680435,0.7014859318733215,0.39556214213371277,-0.036950260400772095,0.693894624710083,0.3204389810562134,-0.04854297637939453,0.6827279329299927,0.2698114514350891,-0.04783301427960396,0.6696333885192871,0.22786608338356018,-0.043842826038599014,Ok
0.7326000928878784,0.5902308225631714,7.733844142876478e-08,0.6759508848190308,0.588205873966217,-0.01268185954540968,0.6227089166641235,0.5669389963150024,-0.02607712708413601,0.5800515413284302,0.5462210178375244,-0.04274775832891464,0.5569121241569519,0.5043365955352783,-0.05806093290448189,0.6380990147590637,0.4431881606578827,-0.00019270535267423838,0.5946571826934814,0.41985902190208435,-0.033208392560482025,0.5682803392410278,0.43993738293647766,-0.05947103351354599,0.5585989952087402,0.4673171043395996,-0.0711633563041687,0.6531322002410889,0.4088312089443207,-0.008378250524401665,0.6196365356445312,0.32861945033073425,-0.02780105173587799,0.5878301858901978,0.2846411466598511,-0.03837594389915466,0.5590330958366394,0.25072014331817627,-0.04265419766306877,0.676615834236145,0.3932504653930664,-0.02255658246576786,0.654201328754425,0.31046515703201294,-0.0409298837184906,0.6274945139884949,0.26475048065185547,-0.04497662931680679,0.6011810302734375,0.2301291525363922,-0.04346299543976784,0.7025876641273499,0.39610224962234497,-0.039064403623342514,0.695033073425293,0.3210841119289398,-0.051075130701065063,0.6836972832679749,0.27009740471839905,-0.05041668564081192,0.6701991558074951,0.22793066501617432,-0.04642864689230919,Ok
0.7324998378753662,0.590704083442688,5.83694479416863e-08,0.6754975318908691,0.5882612466812134,-0.01052730530500412,0.6222432851791382,0.5642179250717163,-0.022202344611287117,0.5787903070449829,0.5435020923614502,-0.0375659242272377,0.5557287931442261,0.5022936463356018,-0.05136954039335251,0.6402533054351807,0.4413383901119232,0.0036604804918169975,0.5959004163742065,0.4180896580219269,-0.028274450451135635,0.5683388113975525,0.4394809305667877,-0.053885359317064285,0.5584900379180908,0.46797001361846924,-0.0650784894824028,0.6547555327415466,0.4080270230770111,-0.004785742145031691,0.6214643120765686,0.3277871310710907,-0.02314908802509308,0.5892218947410583,0.28363585472106934,-0.032579824328422546,0.5603324174880981,0.24960656464099884,-0.03602809086441994,0.6773091554641724,0.39244627952575684,-0.01924591325223446,0.6554480791091919,0.30820906162261963,-0.03585590794682503,0.6283089518547058,0.263225793838501,-0.038025494664907455,0.6016709208488464,0.2294282615184784,-0.03529311344027519,0.7019588947296143,0.3947751224040985,-0.03604345768690109,0.6934465169906616,0.32028818130493164,-0.04632996767759323,0.6813007593154907,0.27006614208221436,-0.04439369961619377,0.6674506068229675,0.22837182879447937,-0.039500877261161804,Ok
0.7325332760810852,0.5908108949661255,5.32722737034419e-08,0.6760279536247253,0.5885821580886841,-0.010784890502691269,0.6224918365478516,0.564655065536499,-0.022817976772785187,0.5790473222732544,0.5438270568847656,-0.03845473751425743,0.5559391975402832,0.5020760893821716,-0.05247240141034126,0.6397524476051331,0.44192904233932495,0.0027713514864444733,0.5957006812095642,0.41877099871635437,-0.02983800135552883,0.5685174465179443,0.4392891228199005,-0.055606987327337265,0.5591632127761841,0.46732836961746216,-0.06672732532024384,0.6545407176017761,0.408492773771286,-0.005633961409330368,0.6208194494247437,0.3283402919769287,-0.024469858035445213,0.5891315340995789,0.2839779555797577,-0.0336688868701458,0.5607250928878784,0.24955984950065613,-0.03676998242735863,0.6773710250854492,0.39264756441116333,-0.02009224332869053,0.6545237898826599,0.30884307622909546,-0.037183962762355804,0.6274585723876953,0.2636575698852539,-0.039431288838386536,0.6008449196815491,0.22956927120685577,-0.036630090326070786,0.7023723125457764,0.3952796161174774,-0.03686874732375145,0.6937859058380127,0.32139885425567627,-0.04737246781587601,0.6813041567802429,0.27151674032211304,-0.045542847365140915,0.667104184627533,0.22998256981372833,-0.040664590895175934,Ok
0.7316940426826477,0.5905098915100098,3.198341502752555e-08,0.6755167245864868,0.5879828333854675,-0.010655412450432777,0.6221705675125122,0.5637516379356384,-0.02232910320162773,0.5790613293647766,0.5432429313659668,-0.03748572617769241,0.5565812587738037,0.5021397471427917,-0.05113133415579796,0.6407066583633423,0.4410378336906433,0.00298349279910326,0.5966871380805969,0.4178920388221741,-0.029364904388785362,0.5691453814506531,0.43907633423805237,-0.05553791671991348,0.5593537092208862,0.46776196360588074,-0.06714697182178497,0.6549638509750366,0.4082116186618805,-0.005215429235249758,0.6206642389297485,0.32838505506515503,-0.024257401004433632,0.5891673564910889,0.284807026386261,-0.034245382994413376,0.5613244771957397,0.2506733536720276,-0.03797489404678345,0.6774088144302368,0.3925539255142212,-0.019349098205566406,0.6544560790061951,0.30850350856781006,-0.036796897649765015,0.6273942589759827,0.2632732391357422,-0.03993776813149452,0.6008410453796387,0.22889189422130585,-0.037686754018068314,0.7021304965019226,0.3952280879020691,-0.035689905285835266,0.6927751302719116,0.32121992111206055,-0.04616794362664223,0.6791577339172363,0.2720092833042145,-0.044471655040979385,0.6635174751281738,0.23142372071743011,-0.03978020325303078,Ok
0.7330564260482788,0.5904154777526855,5.398687008550951e-08,0.6769177317619324,0.5878080725669861,-0.010816216468811035,0.6229684948921204,0.5638634562492371,-0.022880712524056435,0.5797796249389648,0.5442721247673035,-0.03858274966478348,0.5562667846679688,0.5039677619934082,-0.05270108953118324,0.6393022537231445,0.4420531094074249,0.002662927145138383,0.5954095125198364,0.41737091541290283,-0.02987734042108059,0.5682268738746643,0.4388062357902527,-0.05568981170654297,0.558515727519989,0.4679848849773407,-0.06687828153371811,0.6543641090393066,0.4086671471595764,-0.005833868402987719,0.620589017868042,0.3286946713924408,-0.024698082357645035,0.5885952711105347,0.2846243381500244,-0.03409053012728691,0.5598340034484863,0.250033974647522,-0.037329722195863724,0.6773021817207336,0.39294153451919556,-0.020389147102832794,0.6544665098190308,0.3089471161365509,-0.037623461335897446,0.6270430088043213,0.2637611925601959,-0.04000389203429222,0.5999485850334167,0.22962023317813873,-0.037228237837553024,0.7023094892501831,0.39529088139533997,-0.03724979609251022,0.6927089095115662,0.32095128297805786,-0.04780307412147522,0.6799773573875427,0.2707390785217285,-0.045781608670949936,0.6652553677558899,0.2291521281003952,-0.0407584011554718,Ok
0.7350337505340576,0.5917273759841919,6.105920391519248e-08,0.6776719689369202,0.5893113017082214,-0.011055107228457928,0.623741865158081,0.5638430118560791,-0.023285118862986565,0.5802397727966309,0.5440020561218262,-0.03919440135359764,0.5577784180641174,0.5034347176551819,-0.053574249148368835,0.6413356065750122,0.4406823217868805,0.001862155506387353,0.5958359837532043,0.41763225197792053,-0.03131784871220589,0.5683034658432007,0.4394252300262451,-0.057645201683044434,0.5584601759910583,0.4683324098587036,-0.0691431537270546,0.6561444997787476,0.4077089726924896,-0.006683829240500927,0.6227761507034302,0.3281806409358978,-0.025744417682290077,0.5899406671524048,0.28386247158050537,-0.03529205173254013,0.5608392953872681,0.24991650879383087,-0.0385708287358284,0.6790950298309326,0.3932260572910309,-0.021301623433828354,0.6571018099784851,0.3098379969596863,-0.038745466619729996,0.6291834115982056,0.26502275466918945,-0.041029192507267,0.6023344993591309,0.2310728132724762,-0.038073789328336716,0.7034982442855835,0.39703014492988586,-0.03827285394072533,0.6958097815513611,0.3223547339439392,-0.049384523183107376,0.6836140155792236,0.27178817987442017,-0.047626953572034836,0.6699983477592468,0.2293083816766739,-0.04257998988032341,Ok
0.7341537475585938,0.5899186134338379,5.866045782454421e-08,0.6773689985275269,0.5869633555412292,-0.011025982908904552,0.6240295767784119,0.5634738802909851,-0.02347651496529579,0.5811008214950562,0.543175995349884,-0.03943033888936043,0.5571579933166504,0.5024091601371765,-0.053839053958654404,0.6408194899559021,0.43947434425354004,0.0015479866415262222,0.59628826379776,0.4168945550918579,-0.031156474724411964,0.5686272978782654,0.43905723094940186,-0.0570661798119545,0.5589224696159363,0.4681372344493866,-0.06825308501720428,0.6552482843399048,0.4068092703819275,-0.006761198863387108,0.6206601858139038,0.3273688852787018,-0.02561589516699314,0.5891851782798767,0.2831704020500183,-0.035016581416130066,0.5612698793411255,0.24823570251464844,-0.038241833448410034,0.6779202818870544,0.3915173411369324,-0.02102840691804886,0.6546832919120789,0.30863308906555176,-0.03853766992688179,0.6280922293663025,0.263664186000824,-0.04140812158584595,0.6022084355354309,0.2294846922159195,-0.03891443833708763,0.7030125260353088,0.39408978819847107,-0.03754867985844612,0.6944146156311035,0.32013553380966187,-0.04835839569568634,0.6831669211387634,0.2700783610343933,-0.046673718839883804,0.6704650521278381,0.22848160564899445,-0.04181196168065071,Ok
0.7337421178817749,0.5902799367904663,5.646991496632836e-08,0.6772084832191467,0.5873388648033142,-0.01210807729512453,0.6239372491836548,0.5628765225410461,-0.02467258833348751,0.580241322517395,0.5412716269493103,-0.04053887352347374,0.554954469203949,0.4996209144592285,-0.05480825528502464,0.6398549675941467,0.44144606590270996,0.0010176543146371841,0.5960140228271484,0.4182605743408203,-0.032363828271627426,0.5684579014778137,0.4398302435874939,-0.05864058434963226,0.5587741136550903,0.46867749094963074,-0.0700625479221344,0.6546531915664673,0.40785467624664307,-0.006860267370939255,0.6219678521156311,0.3282313942909241,-0.02646341174840927,0.5898389220237732,0.28425133228302,-0.03615927696228027,0.5607600212097168,0.24997076392173767,-0.03955764323472977,0.6774063110351562,0.3922329843044281,-0.0208554919809103,0.6558377742767334,0.30859827995300293,-0.039054520428180695,0.6283273696899414,0.26311320066452026,-0.04201154783368111,0.6010440587997437,0.22860515117645264,-0.03952053189277649,0.7021011710166931,0.3951244056224823,-0.037180256098508835,0.6946577429771423,0.3213561177253723,-0.04848192632198334,0.6828075051307678,0.2714676260948181,-0.046923283487558365,0.6692789793014526,0.22996583580970764,-0.04214194416999817,Ok
0.7338007688522339,0.5896545648574829,6.803842467206778e-08,0.6772937774658203,0.5875845551490784,-0.012638491578400135,0.6237940788269043,0.5631894469261169,-0.02521226555109024,0.5802114009857178,0.5411245226860046,-0.04097707197070122,0.555222749710083,0.49898019433021545,-0.05507345497608185,0.6398962140083313,0.44074687361717224,0.0010157921351492405,0.5956936478614807,0.41763195395469666,-0.03191162273287773,0.5680176615715027,0.4397083818912506,-0.057968176901340485,0.5584298968315125,0.46886783838272095,-0.06930911540985107,0.6547431349754333,0.4073169231414795,-0.006465676240622997,0.6215144395828247,0.32753634452819824,-0.025475041940808296,0.5893185138702393,0.2834842801094055,-0.034932177513837814,0.5603978633880615,0.2493087500333786,-0.03825249895453453,0.6775407791137695,0.3919837176799774,-0.02013169229030609,0.655494749546051,0.3083837628364563,-0.03790868818759918,0.6283970475196838,0.26325008273124695,-0.04065375030040741,0.601757287979126,0.2293347269296646,-0.03804365172982216,0.7024845480918884,0.3947504758834839,-0.036210980266332626,0.6945182085037231,0.3206942081451416,-0.04748596251010895,0.6827906966209412,0.27039018273353577,-0.04602028802037239,0.6694246530532837,0.2287539392709732,-0.041272737085819244,Ok
0.7319636940956116,0.5898840427398682,6.227593019048072e-08,0.6764073371887207,0.5880095362663269,-0.012439606711268425,0.6230832934379578,0.5631335377693176,-0.02510795183479786,0.5793702602386475,0.5417250394821167,-0.04083823785185814,0.5540715456008911,0.5006395578384399,-0.05495911464095116,0.6398770809173584,0.4410070478916168,-0.0003507299115881324,0.5960015058517456,0.41808193922042847,-0.03354094177484512,0.5680171251296997,0.4386857748031616,-0.05981585755944252,0.5573745965957642,0.46636441349983215,-0.07145799696445465,0.6540893316268921,0.40810626745224,-0.008015824481844902,0.6205867528915405,0.32834896445274353,-0.027620622888207436,0.5889514684677124,0.2838149070739746,-0.037500664591789246,0.5606445074081421,0.249055415391922,-0.041170697659254074,0.6766794919967651,0.3926965892314911,-0.021660642698407173,0.6537148952484131,0.30859124660491943,-0.039898235350847244,0.6266056895256042,0.263802170753479,-0.042997829616069794,0.6000086069107056,0.22967861592769623,-0.040700383484363556,0.701769232749939,0.39535778760910034,-0.037627626210451126,0.6936328411102295,0.32083117961883545,-0.049217287451028824,0.6821311712265015,0.2707422375679016,-0.047981057316064835,0.6688101887702942,0.22920526564121246,-0.043503936380147934,Ok
0.7315941452980042,0.5886437892913818,6.831216126101936e-08,0.6764949560165405,0.5872281789779663,-0.013003867119550705,0.6231192350387573,0.5634655952453613,-0.026456475257873535,0.579220712184906,0.5421966314315796,-0.042966414242982864,0.5547428131103516,0.5002099871635437,-0.05778220668435097,0.6393260955810547,0.4410136938095093,-0.001316290581598878,0.5952432155609131,0.4183376729488373,-0.03494402766227722,0.5677043199539185,0.43909651041030884,-0.06114722788333893,0.5580945014953613,0.4673093259334564,-0.07255566120147705,0.6537020206451416,0.4080045223236084,-0.008862081915140152,0.6204018592834473,0.3281479477882385,-0.02865500934422016,0.5890392065048218,0.28393539786338806,-0.0381106398999691,0.5610169172286987,0.24927443265914917,-0.041335027664899826,0.6764480471611023,0.3925720453262329,-0.022465428337454796,0.6532362103462219,0.3083515763282776,-0.04087470844388008,0.6262585520744324,0.2639111280441284,-0.04357701167464256,0.5999336242675781,0.23006728291511536,-0.04089503362774849,0.7016081809997559,0.39534273743629456,-0.0384395532310009,0.693623423576355,0.3209301233291626,-0.050194352865219116,0.6822843551635742,0.2707732915878296,-0.04888443648815155,0.669284462928772,0.22918535768985748,-0.0442226342856884,Ok
0.7322342991828918,0.5888209939002991,7.118788403204235e-08,0.6767471432685852,0.588203489780426,-0.012768217362463474,0.6229966878890991,0.5636570453643799,-0.02578607201576233,0.5790318846702576,0.541556715965271,-0.04200223833322525,0.5547209978103638,0.49944689869880676,-0.05646337941288948,0.6394819021224976,0.4413430094718933,-3.557221498340368e-05,0.5951476097106934,0.41848069429397583,-0.03316674381494522,0.5675612092018127,0.4389970600605011,-0.058767057955265045,0.5580940246582031,0.4672344923019409,-0.0696694552898407,0.6539690494537354,0.4079202115535736,-0.007655437104403973,0.6205549240112305,0.32800090312957764,-0.026967331767082214,0.5886626839637756,0.2839028835296631,-0.035793010145425797,0.5602325797080994,0.2495477944612503,-0.03844129294157028,0.6765990853309631,0.3922172784805298,-0.021437864750623703,0.6538453102111816,0.3076521158218384,-0.039499156177043915,0.6266207098960876,0.26310622692108154,-0.041603006422519684,0.6003568768501282,0.22968509793281555,-0.038369860500097275,0.7013572454452515,0.3945300281047821,-0.03764413297176361,0.693217396736145,0.31981292366981506,-0.049269288778305054,0.6817946434020996,0.26934587955474854,-0.04775851592421532,0.6689996123313904,0.22782090306282043,-0.04280611127614975,Ok
0.7323718667030334,0.5901421308517456,6.623420745199837e-08,0.6757659316062927,0.5880508422851562,-0.012317665852606297,0.6220335960388184,0.5634569525718689,-0.025214042514562607,0.5792001485824585,0.5420960187911987,-0.041333943605422974,0.5558735728263855,0.500450611114502,-0.05590607970952988,0.6384853720664978,0.4415905475616455,-0.00013668061001226306,0.5943523645401001,0.41756415367126465,-0.03321272134780884,0.5674119591712952,0.4385998249053955,-0.059410210698843,0.5577118992805481,0.46658530831336975,-0.07095996290445328,0.6534345746040344,0.4084942638874054,-0.008066092617809772,0.6195805668830872,0.3285266160964966,-0.027400776743888855,0.5879027843475342,0.2837713956832886,-0.03744007647037506,0.5596617460250854,0.248848557472229,-0.041223131120204926,0.6767041087150574,0.39327654242515564,-0.021975748240947723,0.6525142192840576,0.3091099262237549,-0.04006623104214668,0.6256540417671204,0.2642144560813904,-0.043296631425619125,0.5997045636177063,0.23038837313652039,-0.041083820164203644,0.7024168968200684,0.3958868384361267,-0.038202643394470215,0.6938198804855347,0.32124194502830505,-0.04984470084309578,0.6822388768196106,0.27104559540748596,-0.04874898120760918,0.6689764261245728,0.2294485867023468,-0.0443001464009285,Ok
0.7322214841842651,0.5902713537216187,6.394220974925702e-08,0.6758466362953186,0.5879682898521423,-0.012261842377483845,0.6224640607833862,0.5634015202522278,-0.025168275460600853,0.579582691192627,0.5425649881362915,-0.04135410487651825,0.5560030937194824,0.5013812184333801,-0.056058380752801895,0.6387520432472229,0.4413670003414154,6.037198181729764e-05,0.5945882797241211,0.41732433438301086,-0.03293340653181076,0.567335307598114,0.4386137127876282,-0.05922773852944374,0.5572934150695801,0.4668274521827698,-0.07088031619787216,0.6535414457321167,0.40837883949279785,-0.007836894132196903,0.619856595993042,0.3283923268318176,-0.02692309021949768,0.5881706476211548,0.28381988406181335,-0.03688591346144676,0.5597563982009888,0.24913136661052704,-0.04068811237812042,0.6767116189002991,0.3932279050350189,-0.02172926627099514,0.6528079509735107,0.30906546115875244,-0.039571840316057205,0.6261220574378967,0.2639515697956085,-0.04274147003889084,0.600034236907959,0.2299237847328186,-0.04057366028428078,0.7023813724517822,0.3957739770412445,-0.037954267114400864,0.6939651370048523,0.321111798286438,-0.04940641671419144,0.6823558807373047,0.27096718549728394,-0.04821758717298508,0.6687795519828796,0.22930973768234253,-0.043771497905254364,Ok
0.7324571013450623,0.587847888469696,6.907188065952141e-08,0.6750676035881042,0.5864542722702026,-0.012364859692752361,0.621159017086029,0.5625733733177185,-0.025091825053095818,0.5780434012413025,0.5391008853912354,-0.04091769829392433,0.5537787675857544,0.4964177906513214,-0.05502847954630852,0.6389412879943848,0.4414779245853424,-0.0004013709258288145,0.5935885906219482,0.4164762794971466,-0.03294344246387482,0.5662317872047424,0.43841680884361267,-0.05836653336882591,0.5569480061531067,0.46765148639678955,-0.06925302743911743,0.6540830731391907,0.40822213888168335,-0.007716750726103783,0.6198523640632629,0.3270074129104614,-0.02667238563299179,0.5884039998054504,0.2832089066505432,-0.03594767302274704,0.5598281621932983,0.24875161051750183,-0.039134521037340164,0.6766849756240845,0.3921207785606384,-0.02093007043004036,0.6526938676834106,0.307326078414917,-0.03842635825276375,0.6261956691741943,0.2627028226852417,-0.040976423770189285,0.6001092195510864,0.22925589978694916,-0.038311757147312164,0.7018587589263916,0.393608421087265,-0.03645700588822365,0.6931129097938538,0.31928497552871704,-0.047266293317079544,0.6819171905517578,0.26935312151908875,-0.04556405544281006,0.6691235303878784,0.22807563841342926,-0.04071608558297157,Ok
0.7328428626060486,0.5879464149475098,7.20842692203405e-08,0.6752264499664307,0.5871355533599854,-0.011912519112229347,0.621321439743042,0.5629388689994812,-0.02403622679412365,0.5780004262924194,0.5389384031295776,-0.03942922502756119,0.5535744428634644,0.4956205487251282,-0.05295293778181076,0.6389050483703613,0.4423975646495819,0.0017003430984914303,0.5938053131103516,0.41682446002960205,-0.030182210728526115,0.5661256909370422,0.4382845163345337,-0.05497337505221367,0.5567801594734192,0.4670928418636322,-0.06541154533624649,0.6539426445960999,0.4087698757648468,-0.005791718140244484,0.6199089288711548,0.327803373336792,-0.024310344830155373,0.588113009929657,0.2836478352546692,-0.03302256390452385,0.5594815015792847,0.24879217147827148,-0.035689909011125565,0.6762765049934387,0.39233431220054626,-0.01932429149746895,0.6533945202827454,0.30739352107048035,-0.03643832728266716,0.626811683177948,0.262389600276947,-0.0382426455616951,0.6007517576217651,0.2285645455121994,-0.034951165318489075,0.7009741067886353,0.39328619837760925,-0.03522862121462822,0.6928160190582275,0.31876498460769653,-0.04585100710391998,0.6816469430923462,0.2682490944862366,-0.043854884803295135,0.6689866781234741,0.22642922401428223,-0.03868373483419418,Ok
0.5889554619789124,0.6016325354576111,-7.469019180916803e-08,0.5320918560028076,0.6047699451446533,-0.003177329432219267,0.48440849781036377,0.5902149081230164,-0.01251678355038166,0.4407578706741333,0.5780693888664246,-0.027094246819615364,0.4125545918941498,0.5444768667221069,-0.04054480418562889,0.5004136562347412,0.46843093633651733,0.013488007709383965,0.4546031057834625,0.456835001707077,-0.014577476307749748,0.4244236350059509,0.48483559489250183,-0.0401790551841259,0.4116511940956116,0.5132789611816406,-0.052171915769577026,0.5072322487831116,0.43924131989479065,0.002227461664006114,0.4668987989425659,0.36926090717315674,-0.009250489994883537,0.4312925338745117,0.33672839403152466,-0.015427671372890472,0.4016823172569275,0.31300708651542664,-0.018503036350011826,0.5211111307144165,0.4233875572681427,-0.014807135798037052,0.4882412552833557,0.3395836055278778,-0.025775577872991562,0.4556542932987213,0.2960606813430786,-0.025796841830015182,0.42794710397720337,0.2650793790817261,-0.02385113760828972,0.5346761345863342,0.4218733012676239,-0.03377958759665489,0.5191053152084351,0.34520894289016724,-0.041871629655361176,0.5021015405654907,0.2968004047870636,-0.039009109139442444,0.4844236373901367,0.2565745711326599,-0.034591302275657654,Ok
0.5903022885322571,0.6030874252319336,-1.1749035166985777e-07,0.5344668030738831,0.6068323850631714,-0.00328980409540236,0.4856860935688019,0.5912908315658569,-0.012562887743115425,0.4415166974067688,0.5800718665122986,-0.026966173201799393,0.41385355591773987,0.5479657053947449,-0.040440745651721954,0.49955806136131287,0.4686714708805084,0.013174638152122498,0.45607274770736694,0.45686814188957214,-0.015773702412843704,0.42497557401657104,0.4824196994304657,-0.04208523780107498,0.4098990559577942,0.509970486164093,-0.054478131234645844,0.5056573748588562,0.4396352767944336,0.0017336977180093527,0.4645979106426239,0.37337350845336914,-0.009740018285810947,0.42898499965667725,0.3445959687232971,-0.01560118980705738,0.3991844058036804,0.32429248094558716,-0.01811492070555687,0.5203798413276672,0.4233861565589905,-0.015602459199726582,0.48468953371047974,0.34101128578186035,-0.027206189930438995,0.45168524980545044,0.298186719417572,-0.027115100994706154,0.4240972697734833,0.26729917526245117,-0.024774497374892235,0.5353944897651672,0.4214712381362915,-0.0349135547876358,0.5181137323379517,0.3448184132575989,-0.04442267492413521,0.501417338848114,0.2956019639968872,-0.04221427068114281,0.48440372943878174,0.25400567054748535,-0.03792500123381615,Ok
0.5911329984664917,0.602910578250885,-1.5057788971262198e-07,0.5338164567947388,0.6057575941085815,-0.002016771584749222,0.48518383502960205,0.5895881056785583,-0.010228767059743404,0.441584974527359,0.57732093334198,-0.02396469935774803,0.4131174683570862,0.5453990697860718,-0.03681013360619545,0.49866020679473877,0.4695262312889099,0.01633956842124462,0.4549635648727417,0.45653486251831055,-0.011534547433257103,0.4258406162261963,0.4837607741355896,-0.037493616342544556,0.4131876230239868,0.5123383402824402,-0.049795180559158325,0.5046113729476929,0.4408929944038391,0.004544973839074373,0.4616744816303253,0.37672924995422363,-0.005976953078061342,0.42602574825286865,0.35024333000183105,-0.012394142337143421,0.3967123031616211,0.3325861692428589,-0.015614379197359085,0.519430935382843,0.42412665486335754,-0.013125523924827576,0.483384370803833,0.34223300218582153,-0.023524906486272812,0.4506717026233673,0.2998623847961426,-0.02400067076086998,0.4232676029205322,0.2698826789855957,-0.022533459588885307,0.5348032116889954,0.4214804768562317,-0.03272347152233124,0.5177704095840454,0.3452896475791931,-0.04104824736714363,0.5011783242225647,0.2966729402542114,-0.03891734406352043,0.48390665650367737,0.2560522258281708,-0.03509988635778427,Ok
0.5889084935188293,0.6028429269790649,-7.724711537093754e-08,0.5312108397483826,0.6053749322891235,-0.0020730257965624332,0.48443931341171265,0.5904368162155151,-0.010981257073581219,0.4407205581665039,0.5788610577583313,-0.025702156126499176,0.41090619564056396,0.5460763573646545,-0.03965975344181061,0.498727947473526,0.46703609824180603,0.016450216993689537,0.45365962386131287,0.45704108476638794,-0.01068085990846157,0.4240499436855316,0.4867243468761444,-0.03580687195062637,0.41198021173477173,0.5164738893508911,-0.04741748794913292,0.5049558281898499,0.4379890263080597,0.004527401644736528,0.46549174189567566,0.3702843189239502,-0.004388604313135147,0.4312630891799927,0.3401077389717102,-0.009317019954323769,0.402820348739624,0.31827616691589355,-0.01166884507983923,0.5190750360488892,0.42191082239151,-0.01336970366537571,0.48506855964660645,0.3414217531681061,-0.022406820207834244,0.45186182856559753,0.29926639795303345,-0.021739279851317406,0.4241103529930115,0.2697536051273346,-0.019745439291000366,0.5328996181488037,0.41990524530410767,-0.033322181552648544,0.5173467993736267,0.34550216794013977,-0.041112225502729416,0.5011101365089417,0.2963517904281616,-0.038484517484903336,0.48448440432548523,0.2553340792655945,-0.034214358776807785,Ok
0.5887047052383423,0.6012408137321472,-9.246800658502252e-08,0.5325865745544434,0.6046432256698608,-0.00486581539735198,0.4846280515193939,0.5904946327209473,-0.015239031985402107,0.44052886962890625,0.5782039761543274,-0.030681876465678215,0.41144993901252747,0.5447339415550232,-0.045155324041843414,0.4989657700061798,0.46771004796028137,0.011861956678330898,0.45365241169929504,0.45657461881637573,-0.016606083139777184,0.4235234260559082,0.4839315712451935,-0.04224086180329323,0.41086670756340027,0.5122451782226562,-0.05418866127729416,0.504709780216217,0.4389204680919647,0.0011248458176851273,0.4631196856498718,0.3723217844963074,-0.009793071076273918,0.4282253086566925,0.3429390788078308,-0.01546218991279602,0.3994123935699463,0.3217291235923767,-0.01808706857264042,0.5190744400024414,0.42272135615348816,-0.015608521178364754,0.48425114154815674,0.3410724699497223,-0.026476431638002396,0.45142096281051636,0.2985308766365051,-0.026508677750825882,0.42390286922454834,0.26867401599884033,-0.02463502436876297,0.5341892838478088,0.42033371329307556,-0.034475985914468765,0.5182310938835144,0.3445099890232086,-0.04324235022068024,0.5018103122711182,0.29527467489242554,-0.04107482731342316,0.4848109483718872,0.25460320711135864,-0.03705480694770813,Ok
0.5892130732536316,0.6034976243972778,-9.23108984807186e-08,0.5329107642173767,0.6067616939544678,-0.0022088291589170694,0.4856216013431549,0.5921491384506226,-0.011381135322153568,0.4411053955554962,0.5812034606933594,-0.026056747883558273,0.4106300175189972,0.5491228103637695,-0.03980785235762596,0.5006409883499146,0.46897533535957336,0.01488823164254427,0.4560876786708832,0.4582672417163849,-0.012429785914719105,0.42554333806037903,0.4845402240753174,-0.037301793694496155,0.41169390082359314,0.5118526220321655,-0.04879048466682434,0.5062402486801147,0.4405578672885895,0.0030862775165587664,0.46619248390197754,0.3731733560562134,-0.00693996949121356,0.43227314949035645,0.3432143032550812,-0.011645825579762459,0.40395039319992065,0.3212623596191406,-0.013596654869616032,0.5199567079544067,0.4248510003089905,-0.01454571820795536,0.48531219363212585,0.3434674143791199,-0.024604374542832375,0.45245060324668884,0.300854355096817,-0.023730723187327385,0.42478200793266296,0.2700809836387634,-0.021251723170280457,0.5341728329658508,0.4223385155200958,-0.034128256142139435,0.5178014636039734,0.3461514115333557,-0.042363621294498444,0.5010433197021484,0.2972678542137146,-0.03960444778203964,0.4838216304779053,0.256422758102417,-0.0351279191672802,Ok
0.589959442615509,0.6030828952789307,-6.359052662219256e-08,0.5330806374549866,0.6061582565307617,-0.004611223004758358,0.4840530455112457,0.5907375812530518,-0.014276422560214996,0.4399639368057251,0.5781777501106262,-0.028634481132030487,0.41147953271865845,0.5450502634048462,-0.04161212593317032,0.4997256398200989,0.46965017914772034,0.01058933511376381,0.45422905683517456,0.4582279324531555,-0.018394149839878082,0.42512091994285583,0.4860210716724396,-0.04401499778032303,0.4134211838245392,0.5146999955177307,-0.055743105709552765,0.5060206055641174,0.4410407543182373,0.00045034242793917656,0.46568140387535095,0.3715279996395111,-0.012277569621801376,0.4314740300178528,0.3376174867153168,-0.018412766978144646,0.402884840965271,0.31131237745285034,-0.020948756486177444,0.5202747583389282,0.4249107241630554,-0.01542600616812706,0.4850248694419861,0.34340524673461914,-0.027381455525755882,0.45255035161972046,0.3003823757171631,-0.027529364451766014,0.4252673387527466,0.26867297291755676,-0.025094451382756233,0.5355005860328674,0.4222486913204193,-0.03326072171330452,0.5183016061782837,0.34569162130355835,-0.04156957194209099,0.5011417269706726,0.2969765067100525,-0.038659173995256424,0.48424196243286133,0.25620901584625244,-0.03384862095117569,Ok
0.5864283442497253,0.6059823632240295,-3.572512952132456e-08,0.5310925841331482,0.6083521246910095,-0.006086091510951519,0.4842512309551239,0.5934544205665588,-0.017570028081536293,0.44074517488479614,0.5822505354881287,-0.03386525437235832,0.41148728132247925,0.5490739345550537,-0.049042534083127975,0.4970632493495941,0.4682711362838745,0.008910794742405415,0.4521867036819458,0.45776259899139404,-0.021738452836871147,0.4231460392475128,0.4877402186393738,-0.04876958578824997,0.4116625487804413,0.5177403092384338,-0.06121828779578209,0.5039916038513184,0.440290629863739,-0.0014944825088605285,0.46553921699523926,0.36899033188819885,-0.01476502325385809,0.4307980537414551,0.3346354365348816,-0.021012352779507637,0.4013616442680359,0.3087248206138611,-0.0235065259039402,0.518692135810852,0.4254230856895447,-0.01793866604566574,0.48560523986816406,0.34231674671173096,-0.03030971810221672,0.45366519689559937,0.2989322543144226,-0.02974415197968483,0.42653006315231323,0.2677075266838074,-0.026666147634387016,0.5335124731063843,0.42535051703453064,-0.03660965338349342,0.5169218182563782,0.348344087600708,-0.04563327878713608,0.49991729855537415,0.29934385418891907,-0.04225269705057144,0.48281991481781006,0.2585673928260803,-0.03678805008530617,Ok
0.5874163508415222,0.6071726679801941,-7.850265149045299e-08,0.5304431915283203,0.6077463030815125,-0.0030713300220668316,0.48305588960647583,0.5910769104957581,-0.01307480689138174,0.4400045871734619,0.5783920288085938,-0.02842627838253975,0.410876601934433,0.5452602505683899,-0.04270603507757187,0.4984547197818756,0.46813374757766724,0.012375456281006336,0.4538485109806061,0.45769381523132324,-0.017788294702768326,0.42373889684677124,0.4849378168582916,-0.0448906309902668,0.41042643785476685,0.5133889317512512,-0.05745656043291092,0.5051363706588745,0.44102537631988525,0.0005839071818627417,0.4649501442909241,0.370850145816803,-0.011931931599974632,0.4298225939273834,0.33830681443214417,-0.018209809437394142,0.40027302503585815,0.31498873233795166,-0.02085595764219761,0.5197387337684631,0.4261559247970581,-0.017066411674022675,0.4855680465698242,0.3426437973976135,-0.028444837778806686,0.4535190463066101,0.2994783818721771,-0.02784174680709839,0.42650532722473145,0.2686285674571991,-0.02500559762120247,0.5347974300384521,0.42532455921173096,-0.03676940128207207,0.517806887626648,0.34782421588897705,-0.0446845181286335,0.5006570816040039,0.299471378326416,-0.0410238541662693,0.4832557737827301,0.2596595287322998,-0.035642318427562714,Ok
0.5907833576202393,0.6066281795501709,-1.525923067902113e-07,0.5322543382644653,0.6096128225326538,-0.0005988118937239051,0.4835909903049469,0.5923327207565308,-0.00890324730426073,0.4389585554599762,0.5799601674079895,-0.023247865960001945,0.41003939509391785,0.547569990158081,-0.0370592325925827,0.4989546537399292,0.4707234501838684,0.017335224896669388,0.4538615047931671,0.46213263273239136,-0.01052708737552166,0.42365574836730957,0.48869654536247253,-0.0362493097782135,0.4100642502307892,0.5163512825965881,-0.048369720578193665,0.5051053762435913,0.4418072998523712,0.004519912879914045,0.4654538035392761,0.3770048916339874,-0.006375633645802736,0.4307699203491211,0.3533334732055664,-0.01257183775305748,0.4018095135688782,0.3395172953605652,-0.015170599333941936,0.5189968943595886,0.426199734210968,-0.014024660922586918,0.48452863097190857,0.34303751587867737,-0.024819685146212578,0.45174986124038696,0.301183819770813,-0.024685552343726158,0.42480412125587463,0.271065354347229,-0.022605592384934425,0.5319541692733765,0.42518141865730286,-0.03435545414686203,0.5159714221954346,0.34927672147750854,-0.043997686356306076,0.49982699751853943,0.3003441095352173,-0.04225955903530121,0.48350033164024353,0.2581675052642822,-0.038365527987480164,Ok
0.5903607606887817,0.6072655916213989,-1.342394568837335e-07,0.5329146385192871,0.6104694604873657,-0.001345607452094555,0.4841436743736267,0.5917320847511292,-0.00869580265134573,0.4405876696109772,0.5788767337799072,-0.021515950560569763,0.41077303886413574,0.549185574054718,-0.03362178057432175,0.49760520458221436,0.47179773449897766,0.01573188789188862,0.45223426818847656,0.4626433253288269,-0.012642507441341877,0.4220465123653412,0.49122729897499084,-0.03911391645669937,0.4089548885822296,0.5202896595001221,-0.05165449157357216,0.503666877746582,0.44337719678878784,0.0037809484638273716,0.4623911678791046,0.3771212100982666,-0.0068630739115178585,0.42789214849472046,0.3484036922454834,-0.013203877955675125,0.39966002106666565,0.3289334774017334,-0.016225209459662437,0.5183035731315613,0.42754682898521423,-0.01390050258487463,0.4830523431301117,0.34495723247528076,-0.02458029054105282,0.4506019949913025,0.30179670453071594,-0.024870429188013077,0.4237181544303894,0.2703949809074402,-0.02312043122947216,0.5329223871231079,0.4261230230331421,-0.03340892493724823,0.5165033936500549,0.35089415311813354,-0.04242399334907532,0.5002014636993408,0.30200815200805664,-0.04038840904831886,0.4834514260292053,0.2600216269493103,-0.03637602925300598,Ok
0.5896967053413391,0.6058719754219055,-1.156374125343973e-07,0.531306803226471,0.608203113079071,0.000624108302872628,0.483722060918808,0.5906444191932678,-0.005965327378362417,0.44088712334632874,0.5775008201599121,-0.01838737167418003,0.4103865623474121,0.5471084713935852,-0.029994647949934006,0.49648943543434143,0.47138434648513794,0.017622482031583786,0.45017024874687195,0.4629828631877899,-0.009484785608947277,0.42135098576545715,0.4923850893974304,-0.03463175892829895,0.4106318950653076,0.5215182304382324,-0.046111173927783966,0.5030285120010376,0.44318124651908875,0.005077191162854433,0.4615353047847748,0.37503597140312195,-0.005033219698816538,0.42782121896743774,0.34555017948150635,-0.0105203315615654,0.40020814538002014,0.3255181610584259,-0.012757387943565845,0.5172052979469299,0.42714694142341614,-0.013006898574531078,0.4817051887512207,0.3442493677139282,-0.02288900502026081,0.4492538273334503,0.30179670453071594,-0.022575022652745247,0.42250004410743713,0.27153563499450684,-0.020324064418673515,0.5313149094581604,0.42460930347442627,-0.03272188454866409,0.5148099660873413,0.3485924303531647,-0.040577445179224014,0.4987199902534485,0.2996143698692322,-0.03780381381511688,0.48272934556007385,0.2581258714199066,-0.03318643569946289,Ok
0.5897084474563599,0.6070190072059631,-7.970522375444489e-08,0.5317202806472778,0.6091578602790833,-0.0016568507999181747,0.48355981707572937,0.5937280654907227,-0.010537584312260151,0.43916139006614685,0.5823618173599243,-0.025195999071002007,0.4093066155910492,0.5484287142753601,-0.03909069672226906,0.4955965280532837,0.4707918167114258,0.016578475013375282,0.45089757442474365,0.46167606115341187,-0.011834283359348774,0.4214647114276886,0.49077871441841125,-0.03808826208114624,0.40937483310699463,0.5201910138130188,-0.050315067172050476,0.5022461414337158,0.44221317768096924,0.004332513082772493,0.4631071090698242,0.3733702600002289,-0.005976078100502491,0.42950522899627686,0.34428662061691284,-0.011754306964576244,0.4013912081718445,0.324077308177948,-0.014316131360828876,0.516687273979187,0.4269986152648926,-0.013905750587582588,0.48226770758628845,0.34399062395095825,-0.024191655218601227,0.4493361711502075,0.30137360095977783,-0.02387392707169056,0.42185792326927185,0.2709280550479889,-0.02177184820175171,0.5305002331733704,0.42634785175323486,-0.034048933535814285,0.5142742991447449,0.3504047989845276,-0.04279765486717224,0.49844542145729065,0.3010282516479492,-0.04039411619305611,0.4823608994483948,0.25867557525634766,-0.03607766702771187,Ok
0.5909209251403809,0.6061866879463196,-9.892144703371741e-08,0.53366619348526,0.609358549118042,-0.0016963421367108822,0.48458224534988403,0.5935864448547363,-0.00924490112811327,0.4402759075164795,0.5810760259628296,-0.022066272795200348,0.4103879928588867,0.5486572980880737,-0.03378384932875633,0.49649086594581604,0.4727577269077301,0.015620307996869087,0.4511180520057678,0.463127076625824,-0.012823252938687801,0.42071208357810974,0.4916602671146393,-0.03913464769721031,0.407346248626709,0.520562469959259,-0.05141783133149147,0.5026798248291016,0.44442659616470337,0.004082715604454279,0.4633077085018158,0.3753371834754944,-0.0065844315104186535,0.4297925531864166,0.3449499011039734,-0.012568135745823383,0.4013703763484955,0.32221153378486633,-0.0152764106169343,0.5167763829231262,0.42846572399139404,-0.013278177008032799,0.4838366210460663,0.34530001878738403,-0.02404557354748249,0.45127904415130615,0.30258652567863464,-0.02416170947253704,0.4236561059951782,0.2712554335594177,-0.02205781638622284,0.530983567237854,0.4261096119880676,-0.032468926161527634,0.5154613852500916,0.34951961040496826,-0.04110417142510414,0.49902451038360596,0.3009222745895386,-0.03863462805747986,0.48194172978401184,0.2594554126262665,-0.034188710153102875,Ok
0.5865871906280518,0.6066558957099915,-8.558394171132022e-08,0.5301550626754761,0.6092782616615295,-0.0026000994257628918,0.4816066324710846,0.5913205742835999,-0.010319068096578121,0.4378470480442047,0.5761297941207886,-0.023098278790712357,0.4079647660255432,0.5425195693969727,-0.03504589572548866,0.49683454632759094,0.47440996766090393,0.013776560313999653,0.4507594108581543,0.4630572199821472,-0.012997112236917019,0.42178893089294434,0.49267905950546265,-0.03785390406847,0.4108266234397888,0.5214824080467224,-0.049621447920799255,0.5034141540527344,0.44523942470550537,0.002847162075340748,0.462530255317688,0.3760828971862793,-0.0071887001395225525,0.42812952399253845,0.3445380926132202,-0.01374003104865551,0.39946937561035156,0.3200700283050537,-0.017625490203499794,0.5178489685058594,0.4284505248069763,-0.013612336479127407,0.4830916225910187,0.3464573919773102,-0.02394019067287445,0.4501962959766388,0.30344071984291077,-0.0256788432598114,0.422140896320343,0.27179673314094543,-0.025423632934689522,0.5325803160667419,0.42500412464141846,-0.031787704676389694,0.5154950022697449,0.34874701499938965,-0.039792146533727646,0.4985021948814392,0.2998548150062561,-0.037981729954481125,0.480874240398407,0.2588447034358978,-0.034741468727588654,Ok
0.5867354869842529,0.6054058074951172,-9.211337470560466e-08,0.5298474431037903,0.6093937158584595,-0.0034228572621941566,0.4817409813404083,0.592534065246582,-0.012414125725626945,0.4380630850791931,0.5789719820022583,-0.02659570425748825,0.4081217646598816,0.5472933053970337,-0.03998427093029022,0.4963369369506836,0.47306862473487854,0.012693480588495731,0.45057469606399536,0.46196866035461426,-0.014767437241971493,0.4227881133556366,0.4907539188861847,-0.03981303051114082,0.4128014147281647,0.5191763639450073,-0.05162680521607399,0.502810001373291,0.4436306059360504,0.0014826336409896612,0.4616759121417999,0.3761022090911865,-0.009171460755169392,0.42694205045700073,0.3451520502567291,-0.01560183148831129,0.3983440101146698,0.32224148511886597,-0.019243206828832626,0.5173301696777344,0.42685583233833313,-0.015409461222589016,0.4827811121940613,0.3439261317253113,-0.026045585051178932,0.4501751959323883,0.3011474907398224,-0.027389876544475555,0.42269936203956604,0.26978808641433716,-0.02689925581216812,0.532102108001709,0.42408818006515503,-0.03415919840335846,0.5155640840530396,0.3479565680027008,-0.042593177407979965,0.49872201681137085,0.2991534471511841,-0.04087790846824646,0.4814026653766632,0.2579602599143982,-0.037642884999513626,Ok
0.5868396759033203,0.6074239611625671,-1.3005123378206918e-07,0.5295296907424927,0.6081726551055908,-0.0006259094225242734,0.4827669858932495,0.5919230580329895,-0.009266030043363571,0.4392985999584198,0.579763650894165,-0.023831916972994804,0.4089888036251068,0.5472129583358765,-0.03765937685966492,0.4957284927368164,0.4698653221130371,0.01677916944026947,0.4504358470439911,0.4618821144104004,-0.011218318715691566,0.42061343789100647,0.49108949303627014,-0.03734041377902031,0.40833330154418945,0.5201154947280884,-0.04965059459209442,0.5024057030677795,0.44205808639526367,0.004193715285509825,0.4609822928905487,0.37796750664711,-0.006187818944454193,0.4264163374900818,0.351354718208313,-0.011881121434271336,0.39824214577674866,0.3336716294288635,-0.014423180371522903,0.516688883304596,0.42635631561279297,-0.014173087663948536,0.48115620017051697,0.34368303418159485,-0.024679578840732574,0.44773349165916443,0.30203545093536377,-0.02404661662876606,0.4205123484134674,0.27262455224990845,-0.02169085294008255,0.530535101890564,0.4249212145805359,-0.03432565554976463,0.514666736125946,0.34849366545677185,-0.043380241841077805,0.4981791377067566,0.2993084788322449,-0.04096640273928642,0.48161375522613525,0.25775498151779175,-0.03659139946103096,Ok
0.5892069339752197,0.6084252595901489,-1.5662291730222933e-07,0.5307165384292603,0.6086856126785278,0.0029974000062793493,0.4840410053730011,0.5914029479026794,-0.0041614011861383915,0.4405924379825592,0.5799351930618286,-0.01827409118413925,0.4091508388519287,0.5493872761726379,-0.03181404992938042,0.49692603945732117,0.4707567095756531,0.02135670743882656,0.4502991735935211,0.4641015827655792,-0.005843781866133213,0.4209443926811218,0.4937898516654968,-0.03155865520238876,0.4091678261756897,0.5229989290237427,-0.043505385518074036,0.5036602020263672,0.4429752826690674,0.0069042108952999115,0.4626012146472931,0.37900593876838684,-0.0029623459558933973,0.42839398980140686,0.3538827896118164,-0.008467902429401875,0.400637686252594,0.3389971852302551,-0.010620561428368092,0.5172543525695801,0.4275648295879364,-0.013161065056920052,0.48210641741752625,0.3444192707538605,-0.022494591772556305,0.4490826725959778,0.30298829078674316,-0.02089131623506546,0.42254573106765747,0.27423930168151855,-0.017838453873991966,0.5298571586608887,0.42611968517303467,-0.03487803414463997,0.514055073261261,0.34944212436676025,-0.042942244559526443,0.4972701966762543,0.3005686402320862,-0.03975541889667511,0.48037517070770264,0.2594415545463562,-0.03470652177929878,Ok
0.588793158531189,0.6077060699462891,-1.0352123069878871e-07,0.5305290222167969,0.6089932918548584,0.0018543051555752754,0.4837704598903656,0.5917572379112244,-0.0054815164767205715,0.44029995799064636,0.579667329788208,-0.01930481567978859,0.408975213766098,0.5485712885856628,-0.03235863149166107,0.4952523708343506,0.4705063998699188,0.019143329933285713,0.4492399990558624,0.46264776587486267,-0.008606829680502415,0.419982373714447,0.49324795603752136,-0.03451848775148392,0.40860432386398315,0.5230656266212463,-0.04650275036692619,0.5023882389068604,0.44234439730644226,0.0053955744951963425,0.4625578224658966,0.3744742274284363,-0.004064286593347788,0.4286331832408905,0.34375619888305664,-0.00870024599134922,0.4010007977485657,0.3223854899406433,-0.010583017952740192,0.5166196823120117,0.42732682824134827,-0.014086348935961723,0.4818449318408966,0.3436152935028076,-0.023344628512859344,0.4495016038417816,0.30126112699508667,-0.02103279158473015,0.4233173131942749,0.2712324261665344,-0.017557108774781227,0.5302358865737915,0.4264250695705414,-0.03530735895037651,0.5140354037284851,0.35011667013168335,-0.04336805269122124,0.49766668677330017,0.3011299669742584,-0.03963461518287659,0.48115769028663635,0.25949203968048096,-0.03412829712033272,Ok
0.5873085260391235,0.6085959076881409,-7.83894620326464e-08,0.5291938185691833,0.6102238297462463,-0.0006594115984626114,0.4816334545612335,0.5920823216438293,-0.008114657364785671,0.43896549940109253,0.5798027515411377,-0.0213334783911705,0.40904760360717773,0.5478934049606323,-0.03370325267314911,0.49511072039604187,0.47013020515441895,0.016421202570199966,0.45059657096862793,0.46122947335243225,-0.011183390393853188,0.42175936698913574,0.4908832609653473,-0.03604118153452873,0.4102363586425781,0.5205940008163452,-0.047142550349235535,0.5018993020057678,0.441675066947937,0.0042402613908052444,0.46529620885849,0.3713141679763794,-0.005810552276670933,0.43257462978363037,0.33960777521133423,-0.009931574575603008,0.4050810933113098,0.31667038798332214,-0.011028122156858444,0.5157555937767029,0.4271284341812134,-0.013792342506349087,0.48332443833351135,0.34457892179489136,-0.024037932977080345,0.4515202045440674,0.30120453238487244,-0.022171087563037872,0.42491960525512695,0.26982080936431885,-0.018469827249646187,0.5290054678916931,0.4268929064273834,-0.033672697842121124,0.513173520565033,0.3513360023498535,-0.04261846840381622,0.49691176414489746,0.30249932408332825,-0.03943134471774101,0.4805208146572113,0.2612406611442566,-0.034008901566267014,Ok
0.5871796011924744,0.6087732315063477,-1.0769529268372935e-07,0.5298576951026917,0.6104538440704346,-0.0012698875507339835,0.4817514717578888,0.5922954082489014,-0.008899150416254997,0.439480185508728,0.579598069190979,-0.021845154464244843,0.40943610668182373,0.5486782789230347,-0.034050941467285156,0.4943501949310303,0.4720084071159363,0.013529971241950989,0.4499451816082001,0.4632583260536194,-0.014772973023355007,0.4207727313041687,0.49167078733444214,-0.040358904749155045,0.4082711338996887,0.5205528736114502,-0.052118878811597824,0.5009644031524658,0.4435475468635559,0.0016313205705955625,0.46174776554107666,0.3750014007091522,-0.009626745246350765,0.4280969500541687,0.3447369337081909,-0.015224278904497623,0.4000140428543091,0.32289785146713257,-0.017469197511672974,0.5155608057975769,0.4280925691127777,-0.015796467661857605,0.48198202252388,0.34522300958633423,-0.027190132066607475,0.44983911514282227,0.3021838366985321,-0.02723582834005356,0.42282217741012573,0.2709243893623352,-0.024892739951610565,0.5303038954734802,0.4270678162574768,-0.03490548953413963,0.5141275525093079,0.35062333941459656,-0.044030237942934036,0.49749165773391724,0.30206191539764404,-0.041522134095430374,0.4806867837905884,0.2614482641220093,-0.03685629367828369,Ok
0.5867491364479065,0.6079920530319214,-8.148766283966324e-08,0.5277705192565918,0.6095203757286072,0.0030656871385872364,0.4808632433414459,0.5948049426078796,-0.004264445975422859,0.43692976236343384,0.582273006439209,-0.018204687163233757,0.40612614154815674,0.5495920181274414,-0.031445372849702835,0.4954572319984436,0.4727609157562256,0.019707515835762024,0.4506840407848358,0.4645747244358063,-0.0064474851824343204,0.4209507703781128,0.4923171401023865,-0.03128017485141754,0.4078308343887329,0.5201958417892456,-0.04304693266749382,0.5020473003387451,0.44483551383018494,0.005182658322155476,0.46351659297943115,0.37471216917037964,-0.004445105791091919,0.4297671318054199,0.3447209596633911,-0.010149197652935982,0.40193772315979004,0.3222343921661377,-0.013040164485573769,0.515218198299408,0.43063053488731384,-0.014638526365160942,0.4815061390399933,0.34643977880477905,-0.023709697648882866,0.44839152693748474,0.3037077784538269,-0.02268710546195507,0.42154017090797424,0.27190345525741577,-0.02048765867948532,0.5276873111724854,0.4300288259983063,-0.03592969849705696,0.5116824507713318,0.35243481397628784,-0.04279793053865433,0.49497735500335693,0.30409425497055054,-0.03900476172566414,0.47848087549209595,0.2629033923149109,-0.03407399728894234,Ok
0.5876476168632507,0.6085581183433533,-9.799157396628289e-08,0.5284833312034607,0.6100939512252808,0.004999661818146706,0.48154735565185547,0.5943627953529358,-0.0006405062158592045,0.4377369284629822,0.5816553831100464,-0.012968814000487328,0.40618696808815,0.5505642890930176,-0.024746939539909363,0.49604520201683044,0.4733467996120453,0.02079910598695278,0.45007041096687317,0.4653887152671814,-0.004428447224199772,0.4196569323539734,0.49348315596580505,-0.028695039451122284,0.40583884716033936,0.521324634552002,-0.040090326219797134,0.5027338862419128,0.4456515312194824,0.005917348898947239,0.4636310040950775,0.3750821650028229,-0.002775277243927121,0.429874449968338,0.3450590968132019,-0.008089737966656685,0.40176597237586975,0.32277238368988037,-0.010768131352961063,0.5157546997070312,0.4313354194164276,-0.013973100110888481,0.48164623975753784,0.34667593240737915,-0.022485125809907913,0.4484478831291199,0.3038371205329895,-0.02171982079744339,0.4214302897453308,0.2718520164489746,-0.0197672788053751,0.5276660919189453,0.4300568997859955,-0.03508259728550911,0.5115140676498413,0.3521745800971985,-0.042115263640880585,0.4950096309185028,0.3035924434661865,-0.038683149963617325,0.4785400331020355,0.26168158650398254,-0.033951226621866226,Ok
0.5884272456169128,0.6086102724075317,-9.269125200717099e-08,0.5284046530723572,0.6093564033508301,0.005948674399405718,0.4817637503147125,0.5940670371055603,0.0006813249783590436,0.43782803416252136,0.5812820196151733,-0.011208461597561836,0.4062386155128479,0.5500856637954712,-0.02257964387536049,0.4959181845188141,0.47393983602523804,0.020031895488500595,0.449211984872818,0.46548715233802795,-0.004983195569366217,0.41882532835006714,0.4940716028213501,-0.029031718149781227,0.4052734673023224,0.5224497318267822,-0.040341563522815704,0.5027251839637756,0.44657567143440247,0.005010049324482679,0.463584840297699,0.37440091371536255,-0.0038313090335577726,0.43019428849220276,0.34356969594955444,-0.009150013327598572,0.40252262353897095,0.320770263671875,-0.011879459954798222,0.5156394243240356,0.43295085430145264,-0.014752860181033611,0.4814896881580353,0.3469885587692261,-0.023069744929671288,0.44864481687545776,0.30374854803085327,-0.022055426612496376,0.42205724120140076,0.2713060677051544,-0.02003467082977295,0.5272662043571472,0.432232141494751,-0.035579513758420944,0.5110169649124146,0.3536589741706848,-0.04271593689918518,0.4948580861091614,0.3047955632209778,-0.03927842155098915,0.47905024886131287,0.2623424828052521,-0.03450949490070343,Ok
0.585292398929596,0.6085300445556641,-1.1272889821611898e-07,0.5276291966438293,0.6111864447593689,-0.0005636141868308187,0.47962474822998047,0.5946691632270813,-0.008139071054756641,0.43657082319259644,0.5797472596168518,-0.02122827246785164,0.4054282605648041,0.547970175743103,-0.033741213381290436,0.49327537417411804,0.4761408865451813,0.014584832824766636,0.4479847252368927,0.4655177593231201,-0.011284839361906052,0.41899940371513367,0.49456390738487244,-0.03474649786949158,0.40641355514526367,0.5230623483657837,-0.045559097081422806,0.5000196695327759,0.4468778073787689,0.0021395147778093815,0.4593421220779419,0.37912416458129883,-0.008362235501408577,0.424882173538208,0.35208478569984436,-0.014006457291543484,0.39623406529426575,0.3328312635421753,-0.016612999141216278,0.5140312314033508,0.4316328763961792,-0.015558946877717972,0.47968530654907227,0.347897469997406,-0.02666417509317398,0.44699177145957947,0.30526429414749146,-0.02698502317070961,0.41971203684806824,0.27451246976852417,-0.02533939853310585,0.5275284051895142,0.4301924407482147,-0.034730859100818634,0.5107643604278564,0.354063481092453,-0.04408111050724983,0.49401894211769104,0.3047061264514923,-0.04215710610151291,0.47695106267929077,0.26274675130844116,-0.03833935782313347,Ok
0.44660764932632446,0.613120973110199,1.9529259986938996e-08,0.39148810505867004,0.6190475225448608,0.0028781394939869642,0.34800001978874207,0.6071933507919312,-0.00119013839866966,0.3043435513973236,0.5967704653739929,-0.011863116174936295,0.2787100672721863,0.5624010562896729,-0.020581630989909172,0.36846041679382324,0.4888678193092346,0.026745177805423737,0.3193698823451996,0.48552119731903076,0.003412077436223626,0.2854633331298828,0.5118054747581482,-0.017016390338540077,0.2723596394062042,0.5392819046974182,-0.023863747715950012,0.3726029396057129,0.4577145576477051,0.015803590416908264,0.33758702874183655,0.38887864351272583,0.00823361799120903,0.30413344502449036,0.3549780249595642,0.009059494361281395,0.27634894847869873,0.3295339047908783,0.01424643024802208,0.3836870789527893,0.43763697147369385,-0.0011968539329245687,0.3609987795352936,0.35736083984375,-0.007368854712694883,0.3365609645843506,0.3179483115673065,0.0017167753539979458,0.3176584541797638,0.2909371554851532,0.013574983924627304,0.39430922269821167,0.4308023452758789,-0.020361704751849174,0.38533297181129456,0.3503299355506897,-0.023736247792840004,0.3743727207183838,0.2978556752204895,-0.015081287361681461,0.36549046635627747,0.2548328638076782,-0.0033507044427096844,Ok
0.44943535327911377,0.6133767366409302,-7.368988530487286e-09,0.3933979868888855,0.6154116988182068,0.008352190256118774,0.35110488533973694,0.6010220646858215,0.006488254759460688,0.3075961172580719,0.5913162231445312,-0.00328850862570107,0.2820320427417755,0.5571168661117554,-0.010982641950249672,0.37076571583747864,0.48336541652679443,0.0333700068295002,0.321336567401886,0.48230236768722534,0.010089664719998837,0.2873718738555908,0.5095375776290894,-0.01044729445129633,0.27509626746177673,0.537704348564148,-0.01711036078631878,0.3743244707584381,0.45247307419776917,0.01965482532978058,0.3403488099575043,0.38407471776008606,0.013078168034553528,0.30730947852134705,0.34940940141677856,0.015942301601171494,0.2805318832397461,0.3241173028945923,0.02297976240515709,0.3832293748855591,0.4330063760280609,-0.00018006275058723986,0.36449548602104187,0.35193532705307007,-0.004306909162551165,0.3444370925426483,0.3106590211391449,0.009280205704271793,0.3302980065345764,0.28255215287208557,0.02438558265566826,0.3905588388442993,0.42657989263534546,-0.022177372127771378,0.38312414288520813,0.3473500609397888,-0.02478240430355072,0.3726479709148407,0.2953510582447052,-0.013789616525173187,0.36438873410224915,0.25297436118125916,0.0002196689456468448,Ok
0.44886431097984314,0.6123956441879272,-1.037071650777932e-09,0.393237829208374,0.6157457828521729,0.0075685675255954266,0.3512932360172272,0.6018364429473877,0.005820986349135637,0.30757176876068115,0.5922292470932007,-0.0036925978492945433,0.28144094347953796,0.5579899549484253,-0.011020366102457047,0.3703222870826721,0.4836689829826355,0.034336697310209274,0.32210761308670044,0.4798579812049866,0.011542322114109993,0.28861892223358154,0.5069103240966797,-0.008741950616240501,0.2763700783252716,0.5355200171470642,-0.015235837548971176,0.37421873211860657,0.45239314436912537,0.02112257108092308,0.34073376655578613,0.3834129273891449,0.015231057070195675,0.3075597286224365,0.35007309913635254,0.01798245683312416,0.28066569566726685,0.32590579986572266,0.02476140670478344,0.38368067145347595,0.43279314041137695,0.0015847040340304375,0.3644014000892639,0.3520176410675049,-0.0024737920612096786,0.342886358499527,0.31273001432418823,0.010357392951846123,0.3278714120388031,0.28615498542785645,0.02487437054514885,0.3917890191078186,0.42599475383758545,-0.02016938105225563,0.38422131538391113,0.3458380103111267,-0.023184683173894882,0.37344980239868164,0.29363441467285156,-0.012989198789000511,0.3650937080383301,0.251059353351593,0.00039453714271076024,Ok
0.44787418842315674,0.6120221614837646,-1.7446952771393853e-09,0.39239364862442017,0.6156412363052368,0.007819929160177708,0.3503578007221222,0.6012726426124573,0.006556303706020117,0.30679789185523987,0.5915336608886719,-0.002501219045370817,0.28039848804473877,0.5572695136070251,-0.009345365688204765,0.37050411105155945,0.48338258266448975,0.03497665748000145,0.3217281103134155,0.47959718108177185,0.012712174095213413,0.2881634831428528,0.5071262121200562,-0.007313070818781853,0.2757444381713867,0.5358476638793945,-0.01369129866361618,0.3743937313556671,0.4520745575428009,0.021856660023331642,0.3409445285797119,0.38327643275260925,0.01640354096889496,0.3076150119304657,0.34975558519363403,0.019164888188242912,0.2805807888507843,0.32536572217941284,0.02590292878448963,0.38384848833084106,0.4326015114784241,0.0024444125592708588,0.3649500906467438,0.3519383668899536,-0.0011717170709744096,0.34392401576042175,0.3126299977302551,0.011700893752276897,0.3292282223701477,0.28591883182525635,0.026207489892840385,0.3917406499385834,0.4258558452129364,-0.01917440816760063,0.3841937184333801,0.34594500064849854,-0.021742843091487885,0.37351787090301514,0.29387128353118896,-0.011390157975256443,0.3652481734752655,0.251242458820343,0.002074678661301732,Ok
0.4486749768257141,0.6119005680084229,-1.3091841388757075e-08,0.3929011821746826,0.6143413782119751,0.010905614122748375,0.3512628674507141,0.5993779301643372,0.01097604725509882,0.30799156427383423,0.5910224318504333,0.002660821657627821,0.281830370426178,0.5581086277961731,-0.003514062613248825,0.37199699878692627,0.48294612765312195,0.03773092105984688,0.32331612706184387,0.480569064617157,0.016290755942463875,0.289262592792511,0.5077388882637024,-0.0030891315545886755,0.27677613496780396,0.536422610282898,-0.009001106023788452,0.3751283288002014,0.45246389508247375,0.023298516869544983,0.3426063060760498,0.3835570216178894,0.017694862559437752,0.30906951427459717,0.34980493783950806,0.020547110587358475,0.2823984622955322,0.32488811016082764,0.027670200914144516,0.38393232226371765,0.4329772889614105,0.002880675485357642,0.3662397563457489,0.3513874411582947,-0.0005719542386941612,0.3466620445251465,0.30929961800575256,0.012680808082222939,0.3341701328754425,0.2797495126724243,0.02765764482319355,0.3908015489578247,0.4259830713272095,-0.01946212165057659,0.3834536671638489,0.34650322794914246,-0.021196559071540833,0.37222039699554443,0.29435646533966064,-0.01007015723735094,0.3642564117908478,0.2516002357006073,0.004015551880002022,Ok
0.448253870010376,0.6118655800819397,-1.0784120263451769e-08,0.3927517831325531,0.6143091917037964,0.01089936587959528,0.351249635219574,0.5998284816741943,0.01082674041390419,0.3081268072128296,0.5914602279663086,0.002387847751379013,0.28183844685554504,0.5581661462783813,-0.0038998706731945276,0.3718148469924927,0.4828181266784668,0.03762904554605484,0.3235201835632324,0.48046448826789856,0.016064440831542015,0.28971758484840393,0.5076907277107239,-0.003565263468772173,0.27718475461006165,0.5364037156105042,-0.00968833640217781,0.3749118447303772,0.4523583948612213,0.02321941964328289,0.34223413467407227,0.3836618661880493,0.01765473186969757,0.3088679313659668,0.3497565984725952,0.020420381799340248,0.2822413742542267,0.3245432376861572,0.02739129215478897,0.38380441069602966,0.43286532163619995,0.0028309966437518597,0.3660505414009094,0.3516865372657776,-0.0004412372945807874,0.346772164106369,0.3096417784690857,0.012977278791368008,0.33449387550354004,0.2799961566925049,0.027980754151940346,0.39085301756858826,0.42577773332595825,-0.01950814016163349,0.3833718001842499,0.3464762568473816,-0.02107301913201809,0.3723423182964325,0.2945283055305481,-0.00975786056369543,0.3645048439502716,0.2517666816711426,0.004416496492922306,Ok
0.4478546977043152,0.6116746664047241,1.6866835705897643e-09,0.39194315671920776,0.6140098571777344,0.0070351106114685535,0.34987714886665344,0.5993199944496155,0.005044139456003904,0.30687540769577026,0.5893864035606384,-0.004597626160830259,0.28174924850463867,0.5548563599586487,-0.012184190563857555,0.3713270425796509,0.48278796672821045,0.03320964798331261,0.32270365953445435,0.47987544536590576,0.010792713612318039,0.28920778632164,0.5073710083961487,-0.009074886329472065,0.2772957682609558,0.5359696745872498,-0.015467716380953789,0.3750588297843933,0.4521180987358093,0.020309394225478172,0.342427521944046,0.38355326652526855,0.014207601547241211,0.30946341156959534,0.3495784103870392,0.016840679571032524,0.28233104944229126,0.32467955350875854,0.023457923904061317,0.3845383822917938,0.4329642951488495,0.0011876282515004277,0.3652363419532776,0.3529333472251892,-0.003108230885118246,0.34256473183631897,0.3127557635307312,0.009281941689550877,0.32582494616508484,0.2853615880012512,0.02333775721490383,0.39232945442199707,0.42666947841644287,-0.020121190696954727,0.3851471543312073,0.3477616608142853,-0.02333417534828186,0.37440818548202515,0.2955628037452698,-0.013431021012365818,0.36574238538742065,0.25266391038894653,-0.00040810625068843365,Ok
0.4470791220664978,0.6112861037254333,-3.3007172550725272e-09,0.39151731133461,0.6142808794975281,0.0070639499463140965,0.34958335757255554,0.5996852517127991,0.004964989610016346,0.3067395091056824,0.5900444984436035,-0.004789724014699459,0.28152456879615784,0.555578887462616,-0.012578316032886505,0.3711560368537903,0.4827612042427063,0.03267475217580795,0.32274651527404785,0.4797571003437042,0.010137918405234814,0.2892796993255615,0.5075042247772217,-0.009899661876261234,0.27717068791389465,0.5362457036972046,-0.016514690592885017,0.37480583786964417,0.452099472284317,0.019582899287343025,0.34235265851020813,0.3833460211753845,0.012862040661275387,0.30942502617836,0.3494992256164551,0.01487969420850277,0.2823760509490967,0.3248790502548218,0.021070236340165138,0.38432255387306213,0.43300676345825195,0.00035756159923039377,0.36578598618507385,0.35259613394737244,-0.004535350948572159,0.34412676095962524,0.3121643364429474,0.007217652630060911,0.32810118794441223,0.2844640016555786,0.020877404138445854,0.39223337173461914,0.42702627182006836,-0.020982977002859116,0.38520699739456177,0.34794795513153076,-0.024490710347890854,0.3743211328983307,0.29571533203125,-0.014872079715132713,0.3653406798839569,0.25266313552856445,-0.0021341992542147636,Ok
0.44779255986213684,0.611225426197052,-1.2514616898329223e-08,0.39224061369895935,0.6138577461242676,0.007657275535166264,0.35144883394241333,0.5993119478225708,0.005862042307853699,0.3090473711490631,0.5895339250564575,-0.0036266252864152193,0.28393909335136414,0.5557801127433777,-0.011158247478306293,0.3716173470020294,0.4824233949184418,0.032724108546972275,0.32329487800598145,0.4807742238044739,0.009917144663631916,0.2890286147594452,0.5083190202713013,-0.010226515121757984,0.2766863703727722,0.5371245741844177,-0.016822220757603645,0.3755209147930145,0.4522097706794739,0.01932322047650814,0.34418171644210815,0.38282299041748047,0.012489303946495056,0.31099990010261536,0.3491573929786682,0.01496391836553812,0.283861368894577,0.32484251260757446,0.02166949398815632,0.3849860429763794,0.4334591031074524,-0.00019834052363876253,0.36707812547683716,0.3515450358390808,-0.00541687523946166,0.3453362286090851,0.30950629711151123,0.006363235414028168,0.32998353242874146,0.28029346466064453,0.020207392051815987,0.3928377032279968,0.4277777075767517,-0.02175860106945038,0.3859749436378479,0.34790557622909546,-0.025683501735329628,0.37477853894233704,0.2952892780303955,-0.016225142404437065,0.36614465713500977,0.251793771982193,-0.0034564665984362364,Ok
0.4483306407928467,0.6098278760910034,-2.1983048270612926e-08,0.39203348755836487,0.6112762689590454,0.011641641147434711,0.3515278398990631,0.5980020761489868,0.011146394535899162,0.30912405252456665,0.5880304574966431,0.002035461599007249,0.28377237915992737,0.5527905225753784,-0.005192102864384651,0.3738512396812439,0.479662150144577,0.039200473576784134,0.3258345425128937,0.4774197041988373,0.018170708790421486,0.2918277382850647,0.5051226615905762,-0.0014407928101718426,0.2782908082008362,0.5342429876327515,-0.007767973002046347,0.3775750398635864,0.4501665234565735,0.024144480004906654,0.3455350399017334,0.3815004825592041,0.01994851417839527,0.313029021024704,0.3470948338508606,0.023248448967933655,0.2857126295566559,0.3206203579902649,0.030080290511250496,0.38675713539123535,0.43218889832496643,0.002987632527947426,0.36952507495880127,0.3502576947212219,0.000869618495926261,0.3508795499801636,0.3063620924949646,0.014258668757975101,0.33768531680107117,0.2750764489173889,0.028481516987085342,0.3932821750640869,0.42641595005989075,-0.020102567970752716,0.3858218491077423,0.34836846590042114,-0.021580085158348083,0.3762505054473877,0.296536386013031,-0.010744067840278149,0.36892056465148926,0.2525012493133545,0.0026420466601848602,Ok
0.44852596521377563,0.6040836572647095,1.9441801057951125e-08,0.3954576253890991,0.6079392433166504,-0.0021796992514282465,0.3530047535896301,0.596237063407898,-0.008954156190156937,0.3104422688484192,0.5826860070228577,-0.021240580826997757,0.2826955020427704,0.5499982237815857,-0.03220763057470322,0.37538135051727295,0.47896715998649597,0.01825306937098503,0.327876478433609,0.4834515154361725,-0.005734237842261791,0.2949875295162201,0.508622944355011,-0.027995018288493156,0.28154951333999634,0.5330644249916077,-0.037848226726055145,0.37958547472953796,0.44556358456611633,0.00827494915574789,0.3416326940059662,0.3814409077167511,-0.002940888050943613,0.30873382091522217,0.3466073274612427,-0.008532168343663216,0.28146982192993164,0.3167913556098938,-0.009908231906592846,0.3935847878456116,0.4242279827594757,-0.007395241875201464,0.3780978322029114,0.3461512327194214,-0.019482379779219627,0.3562852740287781,0.30457043647766113,-0.022302277386188507,0.3380555212497711,0.27400732040405273,-0.020295867696404457,0.4091871976852417,0.4188988506793976,-0.024842949584126472,0.415115088224411,0.33962228894233704,-0.032598596066236496,0.41771483421325684,0.2865596413612366,-0.03156211972236633,0.42083242535591125,0.24402479827404022,-0.02748054638504982,Ok
0.44876375794410706,0.6060175895690918,1.70699188117851e-08,0.3960563540458679,0.6090091466903687,-0.0002704976359382272,0.35373711585998535,0.5977614521980286,-0.006108792033046484,0.3111703097820282,0.584703803062439,-0.017557045444846153,0.28355079889297485,0.5520768165588379,-0.027606109157204628,0.37744590640068054,0.4787300229072571,0.019221091642975807,0.3295505940914154,0.48332300782203674,-0.004400041885674,0.29594486951828003,0.5094319581985474,-0.02700233645737171,0.28153589367866516,0.5344192981719971,-0.03729484975337982,0.3810456693172455,0.4460730254650116,0.008834784850478172,0.34184226393699646,0.381814569234848,-0.0023806258104741573,0.3088628649711609,0.346881240606308,-0.009107401594519615,0.28198131918907166,0.3174969553947449,-0.011615448631346226,0.39418330788612366,0.42506957054138184,-0.0068514649756252766,0.37829044461250305,0.34574681520462036,-0.01799972541630268,0.3567602336406708,0.30392199754714966,-0.021298788487911224,0.33880630135536194,0.27294379472732544,-0.020090565085411072,0.40915945172309875,0.41938480734825134,-0.02411382645368576,0.4151346683502197,0.33883213996887207,-0.030815981328487396,0.41755998134613037,0.2857514023780823,-0.029673000797629356,0.4204733967781067,0.24287956953048706,-0.025844978168606758,Ok
0.44513386487960815,0.6055534482002258,1.721152464995157e-08,0.3952295184135437,0.6076128482818604,-0.00680994987487793,0.3538859784603119,0.5967304706573486,-0.016221830621361732,0.31147435307502747,0.5834591388702393,-0.029869534075260162,0.28331002593040466,0.5510540008544922,-0.042204346507787704,0.37563425302505493,0.47709766030311584,0.009186696261167526,0.32917189598083496,0.48085618019104004,-0.01717328652739525,0.2965899109840393,0.5068250298500061,-0.040949489921331406,0.28340068459510803,0.5321668982505798,-0.052117086946964264,0.379933625459671,0.44419288635253906,0.0008236417779698968,0.34187397360801697,0.37922370433807373,-0.014763488434255123,0.3097020387649536,0.3448583483695984,-0.023634713143110275,0.2837185859680176,0.3158990740776062,-0.027455387637019157,0.39400696754455566,0.42346397042274475,-0.012921402230858803,0.3799892067909241,0.34390801191329956,-0.028898347169160843,0.3581394851207733,0.3022412657737732,-0.03500136733055115,0.33928653597831726,0.2710943818092346,-0.035261377692222595,0.4101637303829193,0.41969627141952515,-0.02839246205985546,0.41622352600097656,0.3394876718521118,-0.03821675106883049,0.41799476742744446,0.2870783805847168,-0.03862512856721878,0.4199093282222748,0.24529802799224854,-0.03602781519293785,Ok
0.4458490014076233,0.605360746383667,5.15112885679514e-09,0.3948081433773041,0.607120156288147,-0.0062469677068293095,0.3530787527561188,0.5954372882843018,-0.015932852402329445,0.3103254735469818,0.5815544724464417,-0.030192282050848007,0.28358232975006104,0.5477280020713806,-0.04301891475915909,0.37636205554008484,0.47631508111953735,0.010175744071602821,0.3286588788032532,0.48011162877082825,-0.016276752576231956,0.29597207903862,0.5064637660980225,-0.039974506944417953,0.28268688917160034,0.531995415687561,-0.05091354623436928,0.3808773458003998,0.4436441659927368,0.0016903780633583665,0.3430483937263489,0.3790860176086426,-0.012841610237956047,0.31029012799263,0.3448384404182434,-0.02019643783569336,0.2828780710697174,0.31534284353256226,-0.022869300097227097,0.39504292607307434,0.42299777269363403,-0.0123059106990695,0.38109490275382996,0.3439832925796509,-0.026674436405301094,0.3587057292461395,0.30272412300109863,-0.030289366841316223,0.33912408351898193,0.2722713351249695,-0.028844093903899193,0.41074734926223755,0.4189642667770386,-0.028241222724318504,0.41640856862068176,0.33905571699142456,-0.03693515807390213,0.41751083731651306,0.2866019010543823,-0.035996563732624054,0.4189114570617676,0.2451351135969162,-0.032199449837207794,Ok
0.4467277526855469,0.6050236821174622,6.937099783499434e-09,0.3944520652294159,0.605695903301239,-0.002711959881708026,0.3527761697769165,0.5939995646476746,-0.010371512733399868,0.31035640835762024,0.580065906047821,-0.02342214249074459,0.28415802121162415,0.5464934706687927,-0.03509784862399101,0.37853577733039856,0.476224422454834,0.016105439513921738,0.3295820653438568,0.4806971251964569,-0.009268749505281448,0.29599273204803467,0.5061928629875183,-0.032901085913181305,0.28186893463134766,0.5316047668457031,-0.043701641261577606,0.3825472593307495,0.44451093673706055,0.006612129043787718,0.3443352282047272,0.37975114583969116,-0.00645875558257103,0.31203120946884155,0.34457117319107056,-0.013878876343369484,0.2852926552295685,0.3153166174888611,-0.016613340005278587,0.395784467458725,0.42398542165756226,-0.008323222398757935,0.3805505931377411,0.3441615700721741,-0.020675882697105408,0.35948386788368225,0.3012360632419586,-0.023719580844044685,0.3416355550289154,0.26946359872817993,-0.022030586376786232,0.4102168381214142,0.41877251863479614,-0.025055989623069763,0.41562628746032715,0.3395116925239563,-0.031961675733327866,0.4174070954322815,0.28704774379730225,-0.030374005436897278,0.4193679988384247,0.2447405308485031,-0.026138778775930405,Ok
0.4472973346710205,0.6049197912216187,9.960420044308194e-09,0.39496463537216187,0.6059893369674683,-0.0033060244750231504,0.3531457781791687,0.5943373441696167,-0.011455629952251911,0.3103778660297394,0.5804008841514587,-0.02500602789223194,0.2837165594100952,0.5467820167541504,-0.03719152882695198,0.3781893849372864,0.4763365089893341,0.015699971467256546,0.32926785945892334,0.48042231798171997,-0.009926380589604378,0.29583343863487244,0.506233811378479,-0.033585116267204285,0.2821022868156433,0.5321200489997864,-0.04431092366576195,0.38233375549316406,0.44454917311668396,0.006333065684884787,0.3443121314048767,0.3795667290687561,-0.006746014580130577,0.3118077218532562,0.34460729360580444,-0.013889702968299389,0.284863144159317,0.3153861165046692,-0.016394756734371185,0.39572641253471375,0.42400887608528137,-0.00859235879033804,0.3808128237724304,0.3439340591430664,-0.021041281521320343,0.3594994843006134,0.3010369539260864,-0.023890167474746704,0.341449499130249,0.2694857120513916,-0.022029098123311996,0.4102565348148346,0.4189375042915344,-0.02539273165166378,0.4157715141773224,0.33947908878326416,-0.032379306852817535,0.41742193698883057,0.2869287133216858,-0.030716191977262497,0.41927921772003174,0.2447153925895691,-0.026402726769447327,Ok
0.44708141684532166,0.6041443347930908,1.1707681935035907e-08,0.39568501710891724,0.6066809892654419,-0.0048759994097054005,0.35415688157081604,0.5957677364349365,-0.012942995876073837,0.31235894560813904,0.5821815729141235,-0.02579450234770775,0.28482940793037415,0.5495457053184509,-0.037266697734594345,0.3774036765098572,0.47644686698913574,0.01461388636380434,0.3306690454483032,0.4808679223060608,-0.010838262736797333,0.2975339889526367,0.5063856244087219,-0.03440731018781662,0.2836459279060364,0.5316022634506226,-0.04510004073381424,0.3814138174057007,0.44358474016189575,0.00615724315866828,0.3438086211681366,0.3793434202671051,-0.006775650195777416,0.31162023544311523,0.34498846530914307,-0.013636985793709755,0.2849193811416626,0.3155565857887268,-0.015830695629119873,0.39534756541252136,0.42289116978645325,-0.008002731017768383,0.38065415620803833,0.34450769424438477,-0.021342311054468155,0.35888251662254333,0.3030667006969452,-0.024917688220739365,0.3404545485973358,0.272256463766098,-0.023233819752931595,0.411216676235199,0.4183562099933624,-0.02404557727277279,0.4170357584953308,0.3386259078979492,-0.03200884908437729,0.4184516668319702,0.2860126793384552,-0.031021475791931152,0.41993677616119385,0.24377427995204926,-0.02703678421676159,Ok
0.4454134702682495,0.6045499444007874,6.544309982814411e-09,0.39405542612075806,0.6055293679237366,-0.003736097365617752,0.35320430994033813,0.5946782827377319,-0.011345266364514828,0.31212398409843445,0.5814374685287476,-0.023869305849075317,0.285847008228302,0.548433244228363,-0.03504247963428497,0.37838152050971985,0.47580426931381226,0.01558756735175848,0.3321376442909241,0.4801495671272278,-0.009513846598565578,0.29888102412223816,0.5052492618560791,-0.03305996209383011,0.28446176648139954,0.5298641324043274,-0.04384005069732666,0.3821812868118286,0.44375622272491455,0.006657618097960949,0.3442811071872711,0.37942177057266235,-0.006014035549014807,0.31208229064941406,0.34527459740638733,-0.013025668449699879,0.28508952260017395,0.316182404756546,-0.015459820628166199,0.39554131031036377,0.4233289659023285,-0.007855985313653946,0.37984591722488403,0.34485411643981934,-0.021023910492658615,0.35851961374282837,0.3032803535461426,-0.024956779554486275,0.3403203785419464,0.2726708650588989,-0.023647088557481766,0.4106360375881195,0.418718159198761,-0.024125535041093826,0.41641154885292053,0.33875536918640137,-0.03200403228402138,0.4180213212966919,0.28613144159317017,-0.0312051959335804,0.41945645213127136,0.24417473375797272,-0.02747238054871559,Ok
0.4468875229358673,0.6041997075080872,1.4288054295263919e-08,0.3956371545791626,0.606994092464447,-0.006294748280197382,0.35450267791748047,0.5962899923324585,-0.016780173406004906,0.31205275654792786,0.5817258954048157,-0.032183341681957245,0.2836109399795532,0.5489622950553894,-0.04618880897760391,0.3793981373310089,0.4762292504310608,0.011863348074257374,0.3317165970802307,0.4795001745223999,-0.014499987475574017,0.2983057200908661,0.5067030787467957,-0.038293417543172836,0.28432565927505493,0.5340513586997986,-0.04910045489668846,0.383428692817688,0.4437623918056488,0.0036494203377515078,0.3458143472671509,0.3797491192817688,-0.009408551268279552,0.3131488561630249,0.34552204608917236,-0.015562291257083416,0.2849166989326477,0.3148477077484131,-0.017568478360772133,0.39680016040802,0.42349597811698914,-0.01034561824053526,0.38234400749206543,0.3448931574821472,-0.022570669651031494,0.36049067974090576,0.30273544788360596,-0.02414669655263424,0.3414708077907562,0.2716912627220154,-0.021730244159698486,0.4116901457309723,0.41908225417137146,-0.026559362187981606,0.41718974709510803,0.3403007388114929,-0.03378346189856529,0.4186533987522125,0.28713977336883545,-0.03193197026848793,0.4202688932418823,0.24481086432933807,-0.027607224881649017,Ok
0.44582605361938477,0.6045390963554382,9.04744545948688e-09,0.3952226936817169,0.6067704558372498,-0.005360203795135021,0.35410913825035095,0.5958057045936584,-0.014399157837033272,0.31195440888404846,0.5809243321418762,-0.028207724913954735,0.28413981199264526,0.5477036237716675,-0.04065295308828354,0.3792077898979187,0.4767351746559143,0.013754356652498245,0.33182859420776367,0.4800846576690674,-0.011756215244531631,0.29841458797454834,0.5058138370513916,-0.03527037054300308,0.2844322621822357,0.5314630270004272,-0.04597949609160423,0.38332822918891907,0.4443843364715576,0.0054752822034060955,0.3456595242023468,0.3797963857650757,-0.007498490624129772,0.3132752478122711,0.34581685066223145,-0.01442669052630663,0.2856927216053009,0.3157966136932373,-0.01693180575966835,0.3968450725078583,0.42384812235832214,-0.008460458368062973,0.3818497657775879,0.34493035078048706,-0.02119165100157261,0.35995087027549744,0.3026883006095886,-0.02447802945971489,0.34103724360466003,0.27123013138771057,-0.02307754196226597,0.4120403826236725,0.4194047451019287,-0.024343237280845642,0.41719868779182434,0.34029415249824524,-0.03161103278398514,0.41856497526168823,0.2875748872756958,-0.030430803075432777,0.420046865940094,0.24520759284496307,-0.026676584035158157,Ok
0.4484824240207672,0.6055254936218262,1.688385431464212e-08,0.39659935235977173,0.6069943308830261,-0.004827828612178564,0.35501959919929504,0.5950851440429688,-0.01428302563726902,0.3127131164073944,0.5807679295539856,-0.028894105926156044,0.28458958864212036,0.5481232404708862,-0.04218742251396179,0.37844064831733704,0.4758114218711853,0.013835788704454899,0.3315826654434204,0.4795641005039215,-0.012196982279419899,0.29868054389953613,0.5058923959732056,-0.03574743866920471,0.28493988513946533,0.5324277877807617,-0.04631473124027252,0.3826424777507782,0.443585067987442,0.004690633621066809,0.3457215130329132,0.3787185251712799,-0.007497148588299751,0.31308311223983765,0.34471067786216736,-0.012668090872466564,0.2852550745010376,0.3152933418750763,-0.013741925358772278,0.39664146304130554,0.4238393008708954,-0.010318086482584476,0.38223931193351746,0.34453085064888,-0.02240561693906784,0.3596324920654297,0.3020033836364746,-0.023512180894613266,0.34040650725364685,0.27127429842948914,-0.02053583599627018,0.4116497337818146,0.4203334450721741,-0.02745809406042099,0.41767558455467224,0.3414212763309479,-0.03511979803442955,0.4188607931137085,0.2880856990814209,-0.033174946904182434,0.42034342885017395,0.24539364874362946,-0.02851475588977337,Ok
0.4489555358886719,0.6043362021446228,6.698776200408929e-09,0.39649486541748047,0.607481837272644,-0.00602713692933321,0.3544619679450989,0.5965709686279297,-0.015161195769906044,0.3122750520706177,0.5816549062728882,-0.02896537072956562,0.28565359115600586,0.547805905342102,-0.04112929478287697,0.37870627641677856,0.47679322957992554,0.012875373475253582,0.32987427711486816,0.47926318645477295,-0.013718469999730587,0.2971130311489105,0.5050761103630066,-0.03783543035387993,0.28417617082595825,0.5318278670310974,-0.04855676367878914,0.3833213448524475,0.44366395473480225,0.005062288139015436,0.3451730012893677,0.3792151212692261,-0.00840147677809,0.3129071891307831,0.34424179792404175,-0.01506198663264513,0.2857573330402374,0.3142301142215729,-0.016957249492406845,0.39738038182258606,0.42319098114967346,-0.00853077694773674,0.3819894790649414,0.3451493978500366,-0.021211396902799606,0.36026185750961304,0.3039650321006775,-0.022702554240822792,0.34150364995002747,0.27342236042022705,-0.01959909498691559,0.41251203417778015,0.41898655891418457,-0.02429322712123394,0.416998952627182,0.3407970368862152,-0.031304460018873215,0.41799116134643555,0.2884371280670166,-0.02887561544775963,0.41924935579299927,0.24649833142757416,-0.023704713210463524,Ok
0.4473382830619812,0.6049185395240784,9.372246978500698e-09,0.3957424461841583,0.6064573526382446,-0.00392546271905303,0.35443469882011414,0.5963847637176514,-0.011634732596576214,0.31288373470306396,0.5825898051261902,-0.024105429649353027,0.28637051582336426,0.5498294234275818,-0.03518889471888542,0.37881696224212646,0.47566649317741394,0.01460109744220972,0.33085495233535767,0.47990119457244873,-0.010166349820792675,0.2981639504432678,0.505890965461731,-0.0337047278881073,0.2848413586616516,0.5307341814041138,-0.04472753778100014,0.3829951286315918,0.44340112805366516,0.005864087492227554,0.34433233737945557,0.379078209400177,-0.007679699920117855,0.31243833899497986,0.34438857436180115,-0.01617480255663395,0.2864920496940613,0.3150726556777954,-0.019771574065089226,0.3967876732349396,0.42344436049461365,-0.00813968200236559,0.38170528411865234,0.344882071018219,-0.021435432136058807,0.3603152334690094,0.30332091450691223,-0.026068927720189095,0.3419920802116394,0.27215760946273804,-0.02547646500170231,0.41239452362060547,0.41957318782806396,-0.023816680535674095,0.4179096817970276,0.3404685854911804,-0.03125085309147835,0.4192541837692261,0.2884787321090698,-0.030351756140589714,0.4206862449645996,0.24624252319335938,-0.026775648817420006,Ok
0.4473513066768646,0.6078128218650818,3.29012062039169e-09,0.39583203196525574,0.6071977615356445,-0.0029641713481396437,0.3552934229373932,0.5947425365447998,-0.011235318146646023,0.3136388063430786,0.5817534327507019,-0.0249697957187891,0.2860925495624542,0.5500205755233765,-0.037372808903455734,0.38049495220184326,0.4753957986831665,0.015596037730574608,0.33213573694229126,0.479672372341156,-0.010056542232632637,0.2987852394580841,0.5073751211166382,-0.03368926793336868,0.28522026538848877,0.5343479514122009,-0.04424140974879265,0.3841419517993927,0.44395163655281067,0.005995459388941526,0.3461219072341919,0.37955403327941895,-0.006183154881000519,0.31349608302116394,0.3455113470554352,-0.01189655251801014,0.28586041927337646,0.3160024881362915,-0.013333020731806755,0.39712974429130554,0.42408037185668945,-0.009207012131810188,0.38147228956222534,0.34440070390701294,-0.02112346887588501,0.3594742715358734,0.3021225035190582,-0.02262571081519127,0.3409006595611572,0.2715606987476349,-0.01973732002079487,0.4110909104347229,0.419816255569458,-0.026361675933003426,0.41599953174591064,0.3398224115371704,-0.03323158621788025,0.41707712411880493,0.28704747557640076,-0.03086205944418907,0.4184424877166748,0.24504978954792023,-0.025826778262853622,Ok
0.4540456533432007,0.6030916571617126,1.5347929149811534e-08,0.40426862239837646,0.6086381673812866,-0.0004375067655928433,0.3664567470550537,0.6051924228668213,-0.009865931235253811,0.32783716917037964,0.5987133979797363,-0.025016702711582184,0.312247097492218,0.5652784705162048,-0.03834834322333336,0.3873233199119568,0.4778740406036377,0.014451307244598866,0.34221240878105164,0.47805312275886536,-0.010851157829165459,0.31506583094596863,0.5090399980545044,-0.03430702164769173,0.30811598896980286,0.539673388004303,-0.04481614753603935,0.38980570435523987,0.445815771818161,0.00494469003751874,0.3521971106529236,0.38250601291656494,-0.0069029685109853745,0.32110536098480225,0.34808316826820374,-0.012551416642963886,0.29569703340530396,0.320381760597229,-0.013983395881950855,0.40100255608558655,0.42574718594551086,-0.009408845566213131,0.38808581233024597,0.34507060050964355,-0.016042133793234825,0.37114742398262024,0.3017042875289917,-0.011988085694611073,0.35685569047927856,0.2686730623245239,-0.006155814044177532,0.4135167896747589,0.4194846749305725,-0.025844495743513107,0.4175313711166382,0.33857405185699463,-0.027584558352828026,0.4180784523487091,0.2860654592514038,-0.020980140194296837,0.4190312623977661,0.24208906292915344,-0.01298124622553587,Ok
0.45468345284461975,0.6030905842781067,6.18584339306949e-09,0.4047830104827881,0.6087886691093445,-0.0011067991144955158,0.3667219281196594,0.6050466299057007,-0.010963831096887589,0.32754266262054443,0.5982680916786194,-0.02653219737112522,0.3117305636405945,0.565017580986023,-0.040174901485443115,0.38727816939353943,0.47786372900009155,0.013601335696876049,0.3418150544166565,0.47723689675331116,-0.012356005609035492,0.3147278428077698,0.5091139674186707,-0.0360557921230793,0.3074711263179779,0.5399305820465088,-0.04669201001524925,0.38996756076812744,0.44564157724380493,0.004150873515754938,0.352794885635376,0.383051335811615,-0.008355707861483097,0.32161465287208557,0.3485896587371826,-0.013749534264206886,0.2955249845981598,0.3201025128364563,-0.014895684085786343,0.40104642510414124,0.42576441168785095,-0.010276253335177898,0.38884884119033813,0.3451554775238037,-0.01779901795089245,0.3719847500324249,0.3016011118888855,-0.013275987468659878,0.3574998378753662,0.2683618664741516,-0.006854727398604155,0.41335880756378174,0.419675350189209,-0.026877637952566147,0.41773539781570435,0.33865633606910706,-0.02953675575554371,0.4182685613632202,0.28578639030456543,-0.022992104291915894,0.4191818833351135,0.24119894206523895,-0.014791140332818031,Ok
0.45015424489974976,0.6064727902412415,3.068572063114061e-09,0.4021812379360199,0.6089512705802917,-0.0013587538851425052,0.36571839451789856,0.6042845845222473,-0.01152121927589178,0.32752782106399536,0.597295880317688,-0.027429703623056412,0.31221672892570496,0.5630398392677307,-0.04153885692358017,0.3895990252494812,0.4769998788833618,0.01356087438762188,0.3437226712703705,0.47668614983558655,-0.012251744046807289,0.3147711753845215,0.5084044337272644,-0.03549068048596382,0.30678650736808777,0.5398716926574707,-0.04553313925862312,0.39154890179634094,0.4458211362361908,0.004443300422281027,0.3534623384475708,0.3824588656425476,-0.007071441970765591,0.32129091024398804,0.3487465977668762,-0.011405793949961662,0.29401442408561707,0.3201093077659607,-0.011651475913822651,0.40260449051856995,0.4254756569862366,-0.009743064641952515,0.38926345109939575,0.3445294499397278,-0.017070526257157326,0.37147727608680725,0.300202339887619,-0.012874002568423748,0.35651692748069763,0.26721906661987305,-0.006553200073540211,0.41432085633277893,0.4198053181171417,-0.026067089289426804,0.4177394211292267,0.3395776152610779,-0.02885771356523037,0.4178989827632904,0.2869970202445984,-0.022528253495693207,0.4187506437301636,0.2434394359588623,-0.014368603006005287,Ok
0.4512737989425659,0.6052624583244324,1.4604648157501288e-08,0.40360698103904724,0.608683705329895,-0.0034072061534971,0.36595475673675537,0.6036728024482727,-0.014850114472210407,0.3275620937347412,0.5973162055015564,-0.03180450201034546,0.313521146774292,0.5629116296768188,-0.04689667373895645,0.38739508390426636,0.47785842418670654,0.010299839079380035,0.34335488080978394,0.47593793272972107,-0.016457948833703995,0.3147568702697754,0.5072942972183228,-0.03940591216087341,0.3065376877784729,0.5388713479042053,-0.049120496958494186,0.3902207612991333,0.4455917477607727,0.001272023655474186,0.3536123037338257,0.38255640864372253,-0.011399766430258751,0.32153844833374023,0.34866631031036377,-0.01494146790355444,0.2943318486213684,0.32005608081817627,-0.014257428236305714,0.4017890393733978,0.4254152774810791,-0.013052819296717644,0.3903055191040039,0.34593337774276733,-0.022164760157465935,0.3722403049468994,0.3029707968235016,-0.01723063923418522,0.35680878162384033,0.271493136882782,-0.009792543016374111,0.41403084993362427,0.4202793836593628,-0.029698610305786133,0.4186687767505646,0.3396490216255188,-0.0342470183968544,0.4188183844089508,0.2864682674407959,-0.027976471930742264,0.4197513461112976,0.24323557317256927,-0.01938347890973091,Ok
0.4504207372665405,0.6029660701751709,8.490180780640344e-10,0.4028525650501251,0.6078928709030151,-0.005246985703706741,0.36540043354034424,0.6025984883308411,-0.017309507355093956,0.3269513249397278,0.596208393573761,-0.03459645062685013,0.31346261501312256,0.5627074241638184,-0.05011165142059326,0.3858426809310913,0.4778886139392853,0.008472642861306667,0.34257248044013977,0.47638264298439026,-0.018926281481981277,0.3143754005432129,0.5071122050285339,-0.042121198028326035,0.3070669174194336,0.5389559864997864,-0.052094731479883194,0.3892553150653839,0.44455718994140625,-0.0002371144510107115,0.3535037040710449,0.3816782534122467,-0.01351810060441494,0.3219113349914551,0.3488923907279968,-0.016919784247875214,0.2955085039138794,0.32117825746536255,-0.016090447083115578,0.40140801668167114,0.4239485561847687,-0.014476999640464783,0.3896145522594452,0.3454549312591553,-0.02478199452161789,0.37130406498908997,0.30403053760528564,-0.02019154280424118,0.3557816743850708,0.2734753489494324,-0.012867804616689682,0.4142765998840332,0.4192904829978943,-0.031195085495710373,0.41872477531433105,0.3392285704612732,-0.037472713738679886,0.41967085003852844,0.28637009859085083,-0.032081592828035355,0.4212065041065216,0.24342425167560577,-0.024008389562368393,Ok
0.45495855808258057,0.6005332469940186,-1.2658346371097196e-08,0.4064144492149353,0.6086216568946838,-0.004887640941888094,0.36763784289360046,0.6040399074554443,-0.016209926456212997,0.32780662178993225,0.5978571772575378,-0.03230351209640503,0.313427597284317,0.5649454593658447,-0.04635632783174515,0.38606762886047363,0.4778077304363251,0.006134663242846727,0.3398504853248596,0.4770221710205078,-0.021474182605743408,0.3135640025138855,0.5103452801704407,-0.045417338609695435,0.30786290764808655,0.5416685342788696,-0.05662671476602554,0.39025619626045227,0.4438426196575165,-0.002545722760260105,0.3537783622741699,0.3819575011730194,-0.018560297787189484,0.32232365012168884,0.3478422164916992,-0.025533925741910934,0.2963872253894806,0.31990760564804077,-0.027811482548713684,0.40195485949516296,0.4241434931755066,-0.016145525500178337,0.39062395691871643,0.34378311038017273,-0.027938829734921455,0.37297308444976807,0.3013450801372528,-0.025815391913056374,0.3576221168041229,0.26840513944625854,-0.020690087229013443,0.4145222008228302,0.4200112223625183,-0.03186953440308571,0.41900113224983215,0.339589387178421,-0.0382448211312294,0.419791042804718,0.2871057689189911,-0.03387286141514778,0.42068666219711304,0.24261139333248138,-0.02718908153474331,Ok
0.4546299874782562,0.6032713651657104,6.314451628242068e-09,0.4053165912628174,0.6083043217658997,-0.0019929129630327225,0.36646559834480286,0.603529691696167,-0.011898721568286419,0.32719963788986206,0.5973057746887207,-0.027196645736694336,0.3129046559333801,0.5633882880210876,-0.04057447612285614,0.38858821988105774,0.4778479039669037,0.011472475714981556,0.3426431119441986,0.47863003611564636,-0.014811636880040169,0.314858615398407,0.5104763507843018,-0.038284268230199814,0.3077887296676636,0.5404025912284851,-0.048828013241291046,0.39131036400794983,0.4455927014350891,0.002144095255061984,0.35317230224609375,0.38259679079055786,-0.011138342320919037,0.32146352529525757,0.3482358455657959,-0.01668345369398594,0.2957663834095001,0.32058629393577576,-0.01779087819159031,0.4025789201259613,0.4255468547344208,-0.012149953283369541,0.3893457353115082,0.3457937240600586,-0.02120159938931465,0.3716195523738861,0.3029978275299072,-0.01803525909781456,0.3567112982273102,0.27076420187950134,-0.012266001664102077,0.41448497772216797,0.42011407017707825,-0.028524642810225487,0.41831323504447937,0.33988749980926514,-0.032512128353118896,0.4184269309043884,0.28767967224121094,-0.027004308998584747,0.4190848469734192,0.2440289705991745,-0.0195030327886343,Ok
0.45530515909194946,0.6019872426986694,1.113697467580721e-09,0.4056342840194702,0.6083136796951294,-0.001186855137348175,0.3670879602432251,0.6048106551170349,-0.010739171877503395,0.3279958963394165,0.598145067691803,-0.02602878026664257,0.3128281831741333,0.5642334818840027,-0.03943300619721413,0.38854721188545227,0.4783601462841034,0.014265726320445538,0.3435821533203125,0.47791576385498047,-0.011795439757406712,0.3156289756298065,0.5086257457733154,-0.03541817516088486,0.307632178068161,0.5386785268783569,-0.04578326642513275,0.3907894790172577,0.4458076059818268,0.004752625711262226,0.3539542257785797,0.3831356167793274,-0.00692920433357358,0.3221794068813324,0.3486649990081787,-0.011374928057193756,0.29566341638565063,0.3206632733345032,-0.01168059278279543,0.4019942283630371,0.4251842498779297,-0.009980377741158009,0.38962721824645996,0.3445237874984741,-0.017727166414260864,0.372082382440567,0.30073922872543335,-0.013448440469801426,0.3574475049972534,0.26856347918510437,-0.006875841878354549,0.4142895042896271,0.4187142252922058,-0.026877231895923615,0.41898179054260254,0.3383975327014923,-0.030102450400590897,0.4191003441810608,0.2854190468788147,-0.023888323456048965,0.4197467565536499,0.24158518016338348,-0.015672892332077026,Ok
0.4561639428138733,0.6040480136871338,7.835416759860436e-09,0.406818151473999,0.6089459657669067,-0.0014226125786080956,0.3676866888999939,0.6050176620483398,-0.010985762812197208,0.3283039331436157,0.598324716091156,-0.026228636503219604,0.31326988339424133,0.5640935897827148,-0.03934737667441368,0.38976365327835083,0.47864001989364624,0.014081836678087711,0.3430294394493103,0.47796565294265747,-0.011933472007513046,0.31491991877555847,0.5094173550605774,-0.0351254940032959,0.3074560761451721,0.5399435758590698,-0.04501880705356598,0.39219897985458374,0.4464833736419678,0.005019113887101412,0.35416290163993835,0.38397252559661865,-0.006743256468325853,0.32238027453422546,0.34910497069358826,-0.010814910754561424,0.29596322774887085,0.32050395011901855,-0.010663863271474838,0.4032774865627289,0.42575502395629883,-0.009269162081182003,0.3897252082824707,0.3457508087158203,-0.016807883977890015,0.371616005897522,0.3023538887500763,-0.01181556936353445,0.35651296377182007,0.27044859528541565,-0.004547048360109329,0.41529977321624756,0.4187408685684204,-0.02577177621424198,0.4190452992916107,0.33855143189430237,-0.02852470986545086,0.4188624322414398,0.28592726588249207,-0.021842408925294876,0.41917991638183594,0.24236953258514404,-0.013119060546159744,Ok
0.45426663756370544,0.6034841537475586,1.4542326232103164e-09,0.4042593538761139,0.6091309785842896,-0.0032377964816987514,0.36537718772888184,0.6040488481521606,-0.013981455937027931,0.326825886964798,0.5965389609336853,-0.030134767293930054,0.3119998574256897,0.5629209876060486,-0.04451379179954529,0.38700130581855774,0.47891637682914734,0.010834615677595139,0.342199444770813,0.47907620668411255,-0.0167270265519619,0.31433022022247314,0.5091002583503723,-0.04095807299017906,0.3066692352294922,0.5391859412193298,-0.05160584673285484,0.39024969935417175,0.44555050134658813,0.0015969229862093925,0.35356447100639343,0.38276270031929016,-0.011379736475646496,0.32255664467811584,0.3487725257873535,-0.015676675364375114,0.2965776324272156,0.3209291696548462,-0.015774983912706375,0.402069091796875,0.4251585304737091,-0.013048128224909306,0.38905251026153564,0.3456859290599823,-0.022470491006970406,0.3708788752555847,0.30334019660949707,-0.018359655514359474,0.3550305962562561,0.27163147926330566,-0.011746917851269245,0.41479045152664185,0.42030107975006104,-0.029988853260874748,0.4189119040966034,0.3397747576236725,-0.03483012691140175,0.41933631896972656,0.28718841075897217,-0.029128339141607285,0.4198870062828064,0.24361145496368408,-0.02119126357138157,Ok
0.45487451553344727,0.6069722771644592,6.040750122338068e-09,0.4046379029750824,0.6097828149795532,-0.00029601212008856237,0.3666124939918518,0.6042603254318237,-0.009460194036364555,0.3280484974384308,0.596762478351593,-0.024552710354328156,0.31201881170272827,0.563543975353241,-0.03763144463300705,0.3894091546535492,0.47814610600471497,0.015034816227853298,0.3434379994869232,0.4776114225387573,-0.011508072726428509,0.31540870666503906,0.5078815817832947,-0.035689614713191986,0.30738937854766846,0.5381226539611816,-0.04632945358753204,0.391970157623291,0.44638368487358093,0.00513269379734993,0.3541738986968994,0.38277071714401245,-0.007220598869025707,0.32284173369407654,0.3479791283607483,-0.012383890338242054,0.2970185875892639,0.3199872374534607,-0.013068703934550285,0.40296468138694763,0.4265075922012329,-0.009861263446509838,0.38981035351753235,0.3460081219673157,-0.01763107255101204,0.3724730312824249,0.3030317425727844,-0.012929152697324753,0.35785335302352905,0.2711626887321472,-0.005974037107080221,0.4145384728908539,0.42097702622413635,-0.027007130905985832,0.4183701276779175,0.3406369984149933,-0.029690535739064217,0.41866010427474976,0.28842777013778687,-0.02281571924686432,0.4194709360599518,0.24509257078170776,-0.014090142212808132,Ok
0.45506513118743896,0.6062766313552856,-9.57314405525267e-09,0.40418505668640137,0.6096745729446411,-0.001405581715516746,0.3657328188419342,0.6031622886657715,-0.010785152204334736,0.3272687494754791,0.5962250828742981,-0.02601403370499611,0.3111618161201477,0.5640929341316223,-0.039480455219745636,0.3882766664028168,0.47837433218955994,0.013599379919469357,0.34171608090400696,0.47805115580558777,-0.013210968114435673,0.3139468729496002,0.5090795159339905,-0.03748784214258194,0.30611494183540344,0.5394925475120544,-0.048171624541282654,0.3915420472621918,0.4456840753555298,0.003852185560390353,0.35423198342323303,0.38298141956329346,-0.008382419124245644,0.3231019377708435,0.34873610734939575,-0.013106695376336575,0.2970499098300934,0.32098692655563354,-0.013518553227186203,0.40281257033348083,0.4253765642642975,-0.011147066950798035,0.38995322585105896,0.34559351205825806,-0.01997571811079979,0.3718326985836029,0.30340123176574707,-0.015904616564512253,0.35645541548728943,0.2728430926799774,-0.009127617813646793,0.4142816364765167,0.419771671295166,-0.028325753286480904,0.41871559619903564,0.33949387073516846,-0.032518237829208374,0.4192807972431183,0.28724363446235657,-0.02637110836803913,0.42009449005126953,0.2445117086172104,-0.017908893525600433,Ok
0.4537641406059265,0.6048924326896667,1.8619218167259532e-08,0.40442943572998047,0.6101663708686829,-0.004088761750608683,0.3662453889846802,0.6051151752471924,-0.015159953385591507,0.3278588354587555,0.5971041917800903,-0.03171101585030556,0.31251317262649536,0.5630033016204834,-0.04635176062583923,0.3861817419528961,0.4798179268836975,0.011642327532172203,0.3419252634048462,0.4789828956127167,-0.015871038660407066,0.31420987844467163,0.5086559057235718,-0.04002588987350464,0.30621203780174255,0.538715660572052,-0.05049796402454376,0.38990092277526855,0.4462173283100128,0.0029342854395508766,0.3533211350440979,0.3835432529449463,-0.010114106349647045,0.3221260905265808,0.349290132522583,-0.014466392807662487,0.2958109378814697,0.3213326930999756,-0.014335814863443375,0.4020802974700928,0.4257441759109497,-0.011335373856127262,0.3891163170337677,0.3468139171600342,-0.020648278295993805,0.3701893389225006,0.30556508898735046,-0.01546935923397541,0.35375115275382996,0.2755882441997528,-0.007662445772439241,0.4151451587677002,0.4204002022743225,-0.028086785227060318,0.41874924302101135,0.3398438096046448,-0.03265462443232536,0.4189261496067047,0.2871988117694855,-0.026284558698534966,0.4195220172405243,0.24425794184207916,-0.017465027049183846,Ok
0.45314890146255493,0.604521632194519,3.066544351781886e-08,0.40448710322380066,0.6103149652481079,-0.004955214913934469,0.3667062819004059,0.6066662669181824,-0.01725642941892147,0.32798275351524353,0.5982468128204346,-0.03490080684423447,0.31249770522117615,0.5634474754333496,-0.05060962587594986,0.3865470886230469,0.4800143241882324,0.009550954215228558,0.34170418977737427,0.47896456718444824,-0.018428053706884384,0.3139166235923767,0.5092701315879822,-0.04273907467722893,0.30613386631011963,0.5396432280540466,-0.05336637422442436,0.38983961939811707,0.44703012704849243,0.0010781983146443963,0.35321035981178284,0.38415393233299255,-0.012781813740730286,0.32207193970680237,0.3494887351989746,-0.01756587065756321,0.29582831263542175,0.3205723762512207,-0.01776587963104248,0.40166983008384705,0.4268343150615692,-0.012869171798229218,0.3893091380596161,0.3469240665435791,-0.02260987088084221,0.37148404121398926,0.30379730463027954,-0.01767386682331562,0.3560172915458679,0.2717573642730713,-0.01018484029918909,0.41459307074546814,0.421508252620697,-0.0293029323220253,0.41882598400115967,0.3406601846218109,-0.03385315462946892,0.41894280910491943,0.2876942753791809,-0.027459973469376564,0.41950908303260803,0.2439338117837906,-0.018810749053955078,Ok
0.4546982944011688,0.6051687598228455,1.4988419394512675e-08,0.4055218994617462,0.6104426980018616,-0.0038245597388595343,0.3673694133758545,0.6062396764755249,-0.015327931381762028,0.3282623589038849,0.5989862084388733,-0.03208528086543083,0.3130774199962616,0.5653567314147949,-0.04683869332075119,0.38859468698501587,0.4794059693813324,0.009189923293888569,0.3426448702812195,0.47893956303596497,-0.01839204877614975,0.3147727847099304,0.5100720524787903,-0.042264606803655624,0.30777981877326965,0.5410929918289185,-0.05272132530808449,0.3914250433444977,0.4466531276702881,0.0002962103462778032,0.35393592715263367,0.3837239742279053,-0.013714417815208435,0.3222593665122986,0.34922048449516296,-0.0186146330088377,0.2961214780807495,0.3203098773956299,-0.018995704129338264,0.4027242660522461,0.42652076482772827,-0.013808288611471653,0.3896813690662384,0.3472239375114441,-0.023685218766331673,0.3715391159057617,0.3035475015640259,-0.019526338204741478,0.3562752306461334,0.2706976532936096,-0.012772462330758572,0.4147490859031677,0.42161568999290466,-0.030203817412257195,0.4189132750034332,0.3413505554199219,-0.034782618284225464,0.41901856660842896,0.28834420442581177,-0.028726927936077118,0.41971641778945923,0.24461232125759125,-0.02052881196141243,Ok
0.45507338643074036,0.6067070960998535,1.3806267240568104e-08,0.4048837125301361,0.6103810667991638,-0.0025274965446442366,0.36648228764533997,0.6052578687667847,-0.013472584076225758,0.32727915048599243,0.5976221561431885,-0.03005083091557026,0.3119813799858093,0.5641077756881714,-0.044683534651994705,0.3890366554260254,0.47914692759513855,0.011374634690582752,0.343106746673584,0.47909480333328247,-0.01610848680138588,0.31487858295440674,0.509490430355072,-0.04018063843250275,0.307218998670578,0.5401376485824585,-0.05073782801628113,0.3917209506034851,0.44677501916885376,0.0017868903232738376,0.3542966842651367,0.38347041606903076,-0.011994835920631886,0.3225304186344147,0.3488333225250244,-0.016991671174764633,0.29635050892829895,0.3206050395965576,-0.017404481768608093,0.4028790593147278,0.42688482999801636,-0.01302576158195734,0.390021413564682,0.3469306528568268,-0.02256782166659832,0.37221071124076843,0.30292579531669617,-0.018180642277002335,0.3571583330631256,0.2701965868473053,-0.011246884241700172,0.4145593047142029,0.42202192544937134,-0.030091864988207817,0.4190193712711334,0.3413780927658081,-0.03432048112154007,0.41915538907051086,0.28824999928474426,-0.027987850829958916,0.4197072684764862,0.24456846714019775,-0.01957116089761257,Ok
0.4554334878921509,0.6085943579673767,-2.799262599495478e-09,0.4050382673740387,0.6116776466369629,-0.0011176656698808074,0.36779654026031494,0.6059251427650452,-0.011207605712115765,0.3295035660266876,0.5988490581512451,-0.027351070195436478,0.3128642439842224,0.5649842619895935,-0.041941918432712555,0.388489305973053,0.4796690046787262,0.014418965205550194,0.3440703749656677,0.47961845993995667,-0.012282104231417179,0.3160497546195984,0.5110024213790894,-0.03605486452579498,0.3083372116088867,0.5421388149261475,-0.046399664133787155,0.39179572463035583,0.4476670026779175,0.003694199025630951,0.3556599020957947,0.3827788233757019,-0.008126191794872284,0.3238483667373657,0.34980326890945435,-0.011645701713860035,0.2969553768634796,0.3229596018791199,-0.011117537505924702,0.4037488102912903,0.42830154299736023,-0.012512524612247944,0.3921585977077484,0.3477479815483093,-0.021080467849969864,0.3727242946624756,0.3047255277633667,-0.01665344461798668,0.35636386275291443,0.27322685718536377,-0.009862097911536694,0.41597023606300354,0.42445868253707886,-0.030964765697717667,0.42000171542167664,0.3429815173149109,-0.03524944186210632,0.4191705584526062,0.2895985543727875,-0.029079487547278404,0.41922974586486816,0.24582608044147491,-0.020830940455198288,Ok
0.45467430353164673,0.6090749502182007,3.3183213954401936e-09,0.4039671719074249,0.611188530921936,0.000143409168231301,0.3669818043708801,0.604989230632782,-0.009724055416882038,0.3293216824531555,0.5979992151260376,-0.02592155896127224,0.3125467896461487,0.5650980472564697,-0.04064781591296196,0.3896377980709076,0.47943446040153503,0.015085980296134949,0.3442884087562561,0.4793127775192261,-0.011343173682689667,0.31569117307662964,0.5102403163909912,-0.03521597012877464,0.30760103464126587,0.5412946343421936,-0.04566981643438339,0.3926149010658264,0.4479157030582428,0.0037478392478078604,0.35558563470840454,0.3831767439842224,-0.008187288418412209,0.32365682721138,0.34962135553359985,-0.012377266772091389,0.29703259468078613,0.32243043184280396,-0.01243382878601551,0.40385907888412476,0.42872312664985657,-0.012844173237681389,0.3922886848449707,0.34775206446647644,-0.021304868161678314,0.3739258050918579,0.30460071563720703,-0.01720026507973671,0.35865461826324463,0.27279990911483765,-0.010722787119448185,0.41531556844711304,0.4247382581233978,-0.03152831271290779,0.4196893572807312,0.34272968769073486,-0.03526175394654274,0.4195437431335449,0.2897372841835022,-0.0287525225430727,0.4201272130012512,0.24652664363384247,-0.020399168133735657,Ok
0.48527416586875916,0.6449261903762817,-9.416986301857833e-08,0.4329981207847595,0.6435419321060181,0.0009671266889199615,0.39253517985343933,0.6277238726615906,-0.005446517374366522,0.35360461473464966,0.612766444683075,-0.017344724386930466,0.33225488662719727,0.5787971019744873,-0.02717718854546547,0.4216300845146179,0.5098983645439148,0.016124727204442024,0.37384843826293945,0.49782222509384155,-0.010225995443761349,0.34214910864830017,0.5239068269729614,-0.035229798406362534,0.3276332914829254,0.5541569590568542,-0.046542614698410034,0.42842385172843933,0.48084133863449097,0.005543278530240059,0.39595699310302734,0.41204801201820374,-0.008753359317779541,0.35912013053894043,0.38219308853149414,-0.017741689458489418,0.3274610936641693,0.3668805956840515,-0.021061673760414124,0.44015583395957947,0.46453240513801575,-0.00947809498757124,0.42585235834121704,0.38511335849761963,-0.019098157063126564,0.3972935080528259,0.3572840094566345,-0.01642083376646042,0.3729777932167053,0.3422837257385254,-0.01048104278743267,0.4499043822288513,0.4613305628299713,-0.02631685696542263,0.4516444206237793,0.38477420806884766,-0.030121659860014915,0.44542500376701355,0.3354749083518982,-0.024627260863780975,0.43826746940612793,0.29539352655410767,-0.016995733603835106,Ok
0.48500069975852966,0.648228645324707,-9.63525579322777e-08,0.4327719211578369,0.6458100080490112,0.0023572673089802265,0.3914925456047058,0.6279487609863281,-0.0028477490413933992,0.3510579466819763,0.6130654811859131,-0.013759979046881199,0.3282982110977173,0.5792023539543152,-0.022891966626048088,0.4181814193725586,0.5098846554756165,0.019772756844758987,0.36989766359329224,0.49964582920074463,-0.003815654432401061,0.3386859893798828,0.5256677269935608,-0.02659311704337597,0.3264552354812622,0.5548283457756042,-0.03675910085439682,0.42516836524009705,0.48106271028518677,0.00835464894771576,0.39048531651496887,0.4126051068305969,-0.004778687376528978,0.3540474772453308,0.3836514353752136,-0.012920595705509186,0.3231387436389923,0.3680828809738159,-0.01559864729642868,0.4377599358558655,0.46501123905181885,-0.00750435097143054,0.4224344491958618,0.3857225179672241,-0.016507653519511223,0.39579370617866516,0.35324960947036743,-0.014898710884153843,0.37290114164352417,0.33301007747650146,-0.010152350179851055,0.4480477571487427,0.46339890360832214,-0.025009166449308395,0.44854724407196045,0.3885648846626282,-0.027278883382678032,0.44273585081100464,0.33952146768569946,-0.021458035334944725,0.437049001455307,0.2993352711200714,-0.014366989023983479,Ok
0.4843762516975403,0.6479125022888184,-9.736839956531185e-08,0.4320004880428314,0.6463409662246704,0.003949881065636873,0.3912496268749237,0.6273899078369141,-0.0003671615559142083,0.35151252150535583,0.6133909225463867,-0.010821613483130932,0.3284374475479126,0.5808463096618652,-0.019656812772154808,0.41665884852409363,0.509118914604187,0.02177111990749836,0.3697209060192108,0.4987508952617645,-0.0017043763073161244,0.3389088809490204,0.5251421332359314,-0.024630213156342506,0.3264893889427185,0.5552048683166504,-0.034934304654598236,0.4236334562301636,0.48010843992233276,0.009341951459646225,0.3892025351524353,0.411648690700531,-0.003494634758681059,0.3526584506034851,0.383398175239563,-0.01176161877810955,0.32150983810424805,0.36873573064804077,-0.01445953082293272,0.4364745616912842,0.46420881152153015,-0.007485771086066961,0.42047613859176636,0.3846679627895355,-0.015735015273094177,0.3944520354270935,0.35245752334594727,-0.013350754976272583,0.37233760952949524,0.3317362368106842,-0.00821460597217083,0.4471987783908844,0.4625031650066376,-0.025967644527554512,0.44713619351387024,0.38800275325775146,-0.028195858001708984,0.44251564145088196,0.33868324756622314,-0.022099366411566734,0.438212126493454,0.29755136370658875,-0.014749283902347088,Ok
0.48432835936546326,0.6486651301383972,-9.427733260736204e-08,0.43181899189949036,0.6465815901756287,0.004403323866426945,0.3911932110786438,0.627416729927063,0.00032596205710433424,0.35115158557891846,0.6132733821868896,-0.010224559344351292,0.328423410654068,0.5803253650665283,-0.01909303478896618,0.4174477159976959,0.5092087984085083,0.02371715009212494,0.3703259229660034,0.4990980625152588,0.0002969591587316245,0.33896949887275696,0.5252000093460083,-0.022511916235089302,0.3264065980911255,0.5554597973823547,-0.03268222510814667,0.42427313327789307,0.4799039363861084,0.011177138425409794,0.39023104310035706,0.4121091961860657,-0.0010007130913436413,0.35320451855659485,0.38427793979644775,-0.00853766966611147,0.3217201232910156,0.36957889795303345,-0.010772031731903553,0.4369659423828125,0.46384111046791077,-0.005953711923211813,0.4211309850215912,0.38496077060699463,-0.013228918425738811,0.3942646086215973,0.35340937972068787,-0.009484400972723961,0.37152013182640076,0.3332502245903015,-0.0035021184012293816,0.4475080966949463,0.46198171377182007,-0.02490045502781868,0.4477204978466034,0.387664794921875,-0.026531003415584564,0.44263631105422974,0.3385937213897705,-0.019795764237642288,0.43792250752449036,0.29796892404556274,-0.011894211173057556,Ok
0.4856398105621338,0.6488940119743347,-9.833113523427528e-08,0.43275168538093567,0.6457881927490234,0.0030318498611450195,0.3918763995170593,0.6274942755699158,-0.0017869104631245136,0.35172560811042786,0.6137286424636841,-0.012709632515907288,0.32833132147789,0.5799089074134827,-0.021824516355991364,0.41749462485313416,0.509433925151825,0.02195878140628338,0.3698178231716156,0.4993175268173218,-0.002846712712198496,0.3387034833431244,0.5267350673675537,-0.026735376566648483,0.3260716199874878,0.5573899149894714,-0.037190310657024384,0.4247574508190155,0.48012983798980713,0.010128206573426723,0.3905346095561981,0.4113668203353882,-0.0026336228474974632,0.3543630540370941,0.3831692337989807,-0.01017433125525713,0.32353073358535767,0.3682498335838318,-0.012025280855596066,0.4378245770931244,0.463649719953537,-0.006434627342969179,0.4223833680152893,0.38505592942237854,-0.01480103936046362,0.3953798711299896,0.3535144627094269,-0.011658101342618465,0.37297332286834717,0.33376580476760864,-0.005483402404934168,0.44842666387557983,0.46146881580352783,-0.0248151496052742,0.44855353236198425,0.38662946224212646,-0.026856571435928345,0.44265156984329224,0.33776262402534485,-0.019927844405174255,0.4377032220363617,0.2975163459777832,-0.011486238799989223,Ok
0.4849230945110321,0.6478841304779053,-9.291770908248509e-08,0.4318620264530182,0.6458646059036255,0.005114783067256212,0.39183130860328674,0.6272763609886169,0.0013678149553015828,0.3517792820930481,0.6131193041801453,-0.008878417313098907,0.32828786969184875,0.5798630118370056,-0.017463428899645805,0.4177608788013458,0.5104601383209229,0.025099992752075195,0.37092694640159607,0.49902471899986267,0.002274197293445468,0.33948513865470886,0.5246418714523315,-0.020707260817289352,0.32614296674728394,0.5543149709701538,-0.030995476990938187,0.4248379170894623,0.48112693428993225,0.012566315941512585,0.3903404474258423,0.41246116161346436,0.0019110646098852158,0.3535314202308655,0.38350653648376465,-0.0054501439444720745,0.3216386139392853,0.36710697412490845,-0.008011006750166416,0.4373694658279419,0.4648039937019348,-0.004567073192447424,0.42156603932380676,0.38544026017189026,-0.011154277250170708,0.3947010934352875,0.35410141944885254,-0.008075989782810211,0.37194424867630005,0.3341873288154602,-0.002775056753307581,0.44704946875572205,0.46238604187965393,-0.02338760904967785,0.4468190371990204,0.386970579624176,-0.02473991923034191,0.442362904548645,0.3376634120941162,-0.01831696555018425,0.43799281120300293,0.29649507999420166,-0.010844891890883446,Ok
0.4859999418258667,0.6475152373313904,-9.116246246776427e-08,0.43236154317855835,0.6462671756744385,0.005356508772820234,0.3921367824077606,0.6276730298995972,0.0020497709047049284,0.35216498374938965,0.6130424737930298,-0.007832655683159828,0.3285592794418335,0.579959511756897,-0.01598639227449894,0.4176248610019684,0.5104566812515259,0.026305923238396645,0.370835542678833,0.4999130070209503,0.0036800296511501074,0.3393085300922394,0.5255659222602844,-0.01906762085855007,0.3260253071784973,0.5549837946891785,-0.02916555665433407,0.42468589544296265,0.4809846878051758,0.013592432253062725,0.39044222235679626,0.41229474544525146,0.002790026133880019,0.35344749689102173,0.38348937034606934,-0.004458796698600054,0.32149189710617065,0.36732083559036255,-0.006688942667096853,0.4371800422668457,0.4645911455154419,-0.0038143983110785484,0.4215635359287262,0.3856354355812073,-0.01071168202906847,0.3943570554256439,0.35357239842414856,-0.007848103530704975,0.3713054955005646,0.33318036794662476,-0.0024360602255910635,0.44712457060813904,0.46205681562423706,-0.022897925227880478,0.44774407148361206,0.38703465461730957,-0.02432163432240486,0.442701518535614,0.3378787636756897,-0.01803741790354252,0.43766653537750244,0.2973235845565796,-0.010531947948038578,Ok
0.4818194508552551,0.6478381156921387,-9.383304444554597e-08,0.43047666549682617,0.6448338627815247,0.004349695518612862,0.39122870564460754,0.6272499561309814,0.00017045937420334667,0.3515913784503937,0.61416095495224,-0.010277021676301956,0.32810232043266296,0.5814631581306458,-0.019073979929089546,0.4187253713607788,0.5094969868659973,0.02409486100077629,0.372069776058197,0.49887844920158386,0.001516248332336545,0.3398398756980896,0.5238388776779175,-0.02096198871731758,0.32608893513679504,0.552776575088501,-0.03085828199982643,0.4252646863460541,0.4811665415763855,0.012089084833860397,0.39045634865760803,0.4131913483142853,0.0011606724001467228,0.3540521562099457,0.38488954305648804,-0.005907525308430195,0.3224916458129883,0.3686680793762207,-0.007987817749381065,0.43768155574798584,0.4645455479621887,-0.004477222915738821,0.4213816821575165,0.385800302028656,-0.011417579837143421,0.3945688009262085,0.3536764979362488,-0.008711336180567741,0.37167027592658997,0.3331202268600464,-0.0034448127262294292,0.4478360414505005,0.46182408928871155,-0.02270635776221752,0.4465329647064209,0.38743600249290466,-0.023722931742668152,0.4409404397010803,0.3391057848930359,-0.01706629991531372,0.4357522130012512,0.29940417408943176,-0.009372412227094173,Ok
0.4827615022659302,0.6482031345367432,-1.0742181899559e-07,0.4305242598056793,0.6453312039375305,0.002544061979278922,0.39135053753852844,0.6277536749839783,-0.003026425838470459,0.3521019518375397,0.6133200526237488,-0.014680764637887478,0.32875728607177734,0.581161379814148,-0.0246491227298975,0.41798919439315796,0.5102308988571167,0.020941030234098434,0.3717460632324219,0.49978750944137573,-0.004557122476398945,0.33980658650398254,0.5254697799682617,-0.029297856613993645,0.3246634602546692,0.5553126931190491,-0.040308162569999695,0.4246872067451477,0.4815031588077545,0.009314564056694508,0.39208894968032837,0.4135031998157501,-0.0038823517970740795,0.35567381978034973,0.3847537934780121,-0.01184624433517456,0.32342538237571716,0.36980438232421875,-0.014021854847669601,0.4373150169849396,0.4652397334575653,-0.0069694602862000465,0.4224684536457062,0.3872363567352295,-0.015191515907645226,0.39545032382011414,0.35695308446884155,-0.011377330869436264,0.3719748854637146,0.33894649147987366,-0.004694804549217224,0.4478927254676819,0.46229231357574463,-0.025194333866238594,0.4475495517253876,0.38843315839767456,-0.027091721072793007,0.4423940181732178,0.33979302644729614,-0.019879531115293503,0.43707072734832764,0.2997640371322632,-0.011128055863082409,Ok
0.4809955656528473,0.6472553610801697,-9.095051467511439e-08,0.429899126291275,0.6446897983551025,0.002989867003634572,0.390494704246521,0.6276223659515381,-0.002227949909865856,0.35146036744117737,0.6138210892677307,-0.013540484011173248,0.32887911796569824,0.5811230540275574,-0.023179633542895317,0.4177156984806061,0.5097638964653015,0.021718129515647888,0.37205010652542114,0.4990995526313782,-0.0021964674815535545,0.34002774953842163,0.5237827897071838,-0.02550680749118328,0.3257329761981964,0.5532767176628113,-0.03574429452419281,0.4242517650127411,0.4811886250972748,0.00998537614941597,0.39134716987609863,0.41268354654312134,-0.002227152232080698,0.3549176752567291,0.3839144706726074,-0.009660700336098671,0.32319867610931396,0.36841723322868347,-0.011609097011387348,0.4370022416114807,0.4647639989852905,-0.006366220768541098,0.4215736389160156,0.3858388662338257,-0.014142888598144054,0.39495477080345154,0.3535701036453247,-0.011141189374029636,0.3725273311138153,0.33332160115242004,-0.005288075655698776,0.44779306650161743,0.4620736241340637,-0.024524401873350143,0.44683876633644104,0.3875717520713806,-0.026202525943517685,0.4417935609817505,0.33887767791748047,-0.019475487992167473,0.43718814849853516,0.2987918257713318,-0.011400207877159119,Ok
0.4820121228694916,0.6468321084976196,-7.981051908245718e-08,0.43085601925849915,0.645128607749939,-0.002361447550356388,0.39117830991744995,0.6296784281730652,-0.011187768541276455,0.3516392409801483,0.6153404116630554,-0.025148119777441025,0.32898059487342834,0.5816740393638611,-0.037255678325891495,0.4182378947734833,0.509849488735199,0.013563776388764381,0.37043964862823486,0.499557226896286,-0.013399014249444008,0.33857759833335876,0.5272520184516907,-0.037970732897520065,0.3255341053009033,0.5592025518417358,-0.048697423189878464,0.42435160279273987,0.4808940887451172,0.0039933170191943645,0.39181265234947205,0.4127046465873718,-0.011051230132579803,0.355192095041275,0.384682834148407,-0.018732408061623573,0.32326576113700867,0.3691514730453491,-0.020454706624150276,0.436850368976593,0.4645751714706421,-0.01039663515985012,0.4223850965499878,0.3868074417114258,-0.020386334508657455,0.3956793546676636,0.3551040291786194,-0.017019230872392654,0.3728165030479431,0.3353566527366638,-0.01048107910901308,0.4477311670780182,0.4627302289009094,-0.026988282799720764,0.4475661516189575,0.3886472284793854,-0.030123498290777206,0.4422127604484558,0.3395489454269409,-0.023428699001669884,0.4371926188468933,0.2991788983345032,-0.014981595799326897,Ok
0.48216867446899414,0.6467278003692627,-8.060874989723743e-08,0.4312744438648224,0.6448266506195068,-0.001360853435471654,0.3913271129131317,0.6295884847640991,-0.009256252087652683,0.3517650365829468,0.6152019500732422,-0.02232816442847252,0.3295115828514099,0.5812291502952576,-0.03355368599295616,0.4182475805282593,0.5103331208229065,0.014864526689052582,0.37050122022628784,0.5001603364944458,-0.011062700301408768,0.3387908935546875,0.5273786187171936,-0.03510338068008423,0.3260667324066162,0.5586453676223755,-0.04578761011362076,0.4242502450942993,0.48134323954582214,0.004889217671006918,0.3908803462982178,0.4127401113510132,-0.010353549383580685,0.3542386591434479,0.38435715436935425,-0.018989047035574913,0.32277387380599976,0.3687801957130432,-0.021469924598932266,0.4367952048778534,0.46491801738739014,-0.00971982628107071,0.42207372188568115,0.3861615061759949,-0.02001897804439068,0.3957846462726593,0.3529892563819885,-0.01807500422000885,0.3734440505504608,0.3315962553024292,-0.012646034359931946,0.4478725790977478,0.46298515796661377,-0.026317914947867393,0.44777438044548035,0.38850265741348267,-0.02954806387424469,0.44254612922668457,0.3392931818962097,-0.023578418418765068,0.4378594160079956,0.2986867427825928,-0.0159218218177557,Ok
0.4829697608947754,0.6466321349143982,-8.489907088460313e-08,0.43089601397514343,0.6451948881149292,0.0023925858549773693,0.39182478189468384,0.6284060478210449,-0.003191181691363454,0.35221022367477417,0.6137045621871948,-0.014825643971562386,0.329698383808136,0.5799802541732788,-0.02459380403161049,0.4182272255420685,0.5097662210464478,0.021877694875001907,0.3715709149837494,0.499136745929718,-0.0021414896473288536,0.340170681476593,0.5251837372779846,-0.025420404970645905,0.32688823342323303,0.5550690293312073,-0.03566718101501465,0.4248533546924591,0.4803060293197632,0.010336077772080898,0.39141982793807983,0.41193145513534546,-0.002556162653490901,0.3543144464492798,0.383720338344574,-0.01034252718091011,0.32217103242874146,0.3689832091331482,-0.012396201491355896,0.43736371397972107,0.46370795369148254,-0.005891537293791771,0.42229220271110535,0.3847751021385193,-0.014147061854600906,0.39531758427619934,0.35269224643707275,-0.010968482121825218,0.3723195195198059,0.33287313580513,-0.004859459586441517,0.4475879669189453,0.4611668288707733,-0.02399568259716034,0.44777369499206543,0.38721081614494324,-0.02572113275527954,0.4424782991409302,0.3386423587799072,-0.01894751936197281,0.4375407099723816,0.298905611038208,-0.010773157700896263,Ok
0.4837326407432556,0.6470455527305603,-8.961013975294918e-08,0.431152880191803,0.6453486084938049,0.0026963534764945507,0.392212450504303,0.6283189058303833,-0.0031586093828082085,0.3524119257926941,0.6141039729118347,-0.015249504707753658,0.32981324195861816,0.5801960229873657,-0.02545224130153656,0.41759803891181946,0.5093113780021667,0.021401163190603256,0.3705781400203705,0.49835312366485596,-0.0036554269026964903,0.3395496606826782,0.5256818532943726,-0.027800381183624268,0.32671356201171875,0.5567541122436523,-0.038506682962179184,0.42474278807640076,0.4801187217235565,0.009621926583349705,0.3916073739528656,0.4121803641319275,-0.0031163266394287348,0.3546769320964813,0.3838425278663635,-0.010538628324866295,0.3224581182003021,0.36932218074798584,-0.012529874220490456,0.4373878836631775,0.4640843868255615,-0.0068830810487270355,0.4224907159805298,0.3852776288986206,-0.014488689601421356,0.3953787684440613,0.3547014594078064,-0.009703614749014378,0.3719896078109741,0.33655357360839844,-0.0026577303651720285,0.4475608170032501,0.46207594871520996,-0.025400305166840553,0.44765394926071167,0.3881794810295105,-0.026919929310679436,0.44239485263824463,0.3395349383354187,-0.0193343348801136,0.43710198998451233,0.2996949553489685,-0.01045915111899376,Ok
0.7541700005531311,0.672575831413269,1.1436406310849634e-07,0.6985973119735718,0.6703108549118042,-0.014817058108747005,0.6451585292816162,0.6471471786499023,-0.028460800647735596,0.6002626419067383,0.6275628805160522,-0.044568534940481186,0.5733109712600708,0.592016339302063,-0.059914540499448776,0.6530935764312744,0.5277072787284851,-0.011005139909684658,0.6023961305618286,0.507179319858551,-0.045085225254297256,0.5794158577919006,0.5386168360710144,-0.07158425450325012,0.5751070976257324,0.5722888708114624,-0.08443402498960495,0.6707555651664734,0.49025315046310425,-0.01878802664577961,0.6340439915657043,0.41198235750198364,-0.040734175592660904,0.6018825769424438,0.3650352656841278,-0.055514492094516754,0.5728440880775452,0.32830601930618286,-0.06399568170309067,0.6981700658798218,0.4748561680316925,-0.031507495790719986,0.6809282302856445,0.3925958275794983,-0.055215999484062195,0.6580524444580078,0.3454485535621643,-0.06702365726232529,0.6351206302642822,0.30931031703948975,-0.07184888422489166,0.7292147278785706,0.4831647574901581,-0.045725591480731964,0.7421312928199768,0.4139464199542999,-0.0647958293557167,0.7480062246322632,0.36325135827064514,-0.06997684389352798,0.7526200413703918,0.32025831937789917,-0.07043296843767166,Ok
0.7529442310333252,0.683753490447998,1.259968342992579e-07,0.6978667974472046,0.678686797618866,-0.015738481655716896,0.644688069820404,0.6532467603683472,-0.030039725825190544,0.599059522151947,0.6318278908729553,-0.04682408273220062,0.5718281865119934,0.5947786569595337,-0.0627676248550415,0.6542174220085144,0.5349605083465576,-0.010247936472296715,0.6045253276824951,0.5108085870742798,-0.044962894171476364,0.5811073780059814,0.540451169013977,-0.07164597511291504,0.5763921737670898,0.5742095112800598,-0.084360271692276,0.6724782586097717,0.49806419014930725,-0.01773274503648281,0.6369784474372864,0.4185136556625366,-0.040532756596803665,0.6039447784423828,0.3700374364852905,-0.05557259917259216,0.5737543702125549,0.33134081959724426,-0.0638667419552803,0.7003388404846191,0.48370978236198425,-0.03043166548013687,0.6846203207969666,0.40102341771125793,-0.0548236258327961,0.6616566777229309,0.35330963134765625,-0.06645283102989197,0.6385078430175781,0.3161543607711792,-0.07078560441732407,0.7312994599342346,0.4931868314743042,-0.04472024366259575,0.7444050312042236,0.4239969551563263,-0.06380298733711243,0.7499554753303528,0.3734346032142639,-0.06855355948209763,0.7543390393257141,0.3299645781517029,-0.06857506185770035,Ok
0.7535368204116821,0.6832045912742615,1.1839360780641073e-07,0.6978559494018555,0.6787920594215393,-0.015144120901823044,0.6447535157203674,0.6535519957542419,-0.029109807685017586,0.5994178056716919,0.6313177943229675,-0.04577518254518509,0.5728256106376648,0.5937368869781494,-0.06167474389076233,0.6542068123817444,0.5357101559638977,-0.009077681228518486,0.6048723459243774,0.5114741325378418,-0.04404158145189285,0.5813018679618835,0.5403863787651062,-0.07122625410556793,0.5761970281600952,0.5732436180114746,-0.08426911383867264,0.6722195148468018,0.4984092712402344,-0.016912925988435745,0.6364100575447083,0.4184723198413849,-0.03946523740887642,0.6032651662826538,0.3702799677848816,-0.05442957580089569,0.5729920864105225,0.331956148147583,-0.06270357221364975,0.7000462412834167,0.48361027240753174,-0.03001154586672783,0.6842219233512878,0.40073639154434204,-0.05409878492355347,0.6614306569099426,0.353253036737442,-0.06531530618667603,0.6384268999099731,0.31621164083480835,-0.06937430053949356,0.7311216592788696,0.49264654517173767,-0.0447523295879364,0.7442143559455872,0.42343059182167053,-0.0635203868150711,0.7498538494110107,0.3731762170791626,-0.0679612085223198,0.7541739344596863,0.329967200756073,-0.06776032596826553,Ok
0.7550979256629944,0.6855260133743286,1.0902392233447245e-07,0.6988585591316223,0.6804272532463074,-0.013824434950947762,0.6447262167930603,0.6545791625976562,-0.026480408385396004,0.5993393063545227,0.633460521697998,-0.04200763255357742,0.5730069875717163,0.5970100164413452,-0.05678610876202583,0.655316174030304,0.5359036922454834,-0.007228299975395203,0.6048186421394348,0.512965202331543,-0.04106026887893677,0.581140398979187,0.5432558059692383,-0.06769321113824844,0.576643705368042,0.576770007610321,-0.0805899053812027,0.6731097102165222,0.4986540377140045,-0.015257772989571095,0.6377587914466858,0.4200454652309418,-0.03731897473335266,0.6053628921508789,0.3716602325439453,-0.05219259113073349,0.5760921239852905,0.33293306827545166,-0.06051381677389145,0.7002601623535156,0.4838385581970215,-0.02844017930328846,0.6840347647666931,0.4028948247432709,-0.05204102396965027,0.6615607738494873,0.35538196563720703,-0.06351879984140396,0.6390819549560547,0.31786930561065674,-0.06789560616016388,0.730581521987915,0.49300605058670044,-0.04314400628209114,0.743414580821991,0.4244181215763092,-0.06153818219900131,0.74928879737854,0.3744145631790161,-0.06603849679231644,0.754136860370636,0.3312538266181946,-0.06601042300462723,Ok
0.7548421025276184,0.6852258443832397,1.1444193148690829e-07,0.6986135840415955,0.679941713809967,-0.014413834549486637,0.6449841260910034,0.6541189551353455,-0.027686716988682747,0.5998755693435669,0.6318013072013855,-0.0438992865383625,0.5733798742294312,0.5942791700363159,-0.05941254273056984,0.6547795534133911,0.5377007722854614,-0.007563991937786341,0.6054720878601074,0.5137302875518799,-0.041853245347738266,0.5812912583351135,0.5419721603393555,-0.06851410865783691,0.576051652431488,0.5742834806442261,-0.08124927431344986,0.6723975539207458,0.4999766945838928,-0.015551825053989887,0.636929988861084,0.42147961258888245,-0.037360865622758865,0.6040347814559937,0.37332937121391296,-0.05185464769601822,0.574222207069397,0.3344379961490631,-0.05989879369735718,0.6999503970146179,0.4845612645149231,-0.028818590566515923,0.684069037437439,0.4029245972633362,-0.05245491489768028,0.6613008975982666,0.3556309938430786,-0.06351105123758316,0.638512134552002,0.31858789920806885,-0.0675458312034607,0.7309863567352295,0.4929907023906708,-0.043723586946725845,0.744188129901886,0.424060583114624,-0.06235504895448685,0.7497813701629639,0.3737170994281769,-0.06688200682401657,0.7542873620986938,0.3303881883621216,-0.0667664036154747,Ok
0.7548167705535889,0.6857752203941345,1.239011879761165e-07,0.6982580423355103,0.6802608966827393,-0.01464832667261362,0.6445900797843933,0.6543639898300171,-0.028076937422156334,0.599625825881958,0.6323001980781555,-0.04438546299934387,0.5734999179840088,0.5944089889526367,-0.05990583449602127,0.6553800702095032,0.5381767749786377,-0.008146470412611961,0.6052159667015076,0.5133989453315735,-0.04209641367197037,0.5811858773231506,0.541924774646759,-0.06814630329608917,0.5765461325645447,0.5748881697654724,-0.08040706813335419,0.6730135679244995,0.5004248023033142,-0.015854720026254654,0.6376730799674988,0.4218086898326874,-0.03734079748392105,0.6047726273536682,0.3734304904937744,-0.05140078440308571,0.5749247074127197,0.3342294692993164,-0.05915262550115585,0.7002847790718079,0.4848756790161133,-0.028821773827075958,0.6845492720603943,0.403140664100647,-0.0522996261715889,0.6616063714027405,0.3558347821235657,-0.06327379494905472,0.6389210820198059,0.31926774978637695,-0.06726329028606415,0.73087078332901,0.49337881803512573,-0.04342814162373543,0.744342565536499,0.4243950843811035,-0.06226348876953125,0.7498829960823059,0.3736591339111328,-0.06702939420938492,0.7545320987701416,0.33019477128982544,-0.06703818589448929,Ok
0.7538565397262573,0.6863784790039062,1.2001453342236346e-07,0.6976566910743713,0.6810745000839233,-0.01564231887459755,0.6454187035560608,0.6571322679519653,-0.03019968420267105,0.6008638739585876,0.6363757252693176,-0.047532737255096436,0.5742232799530029,0.599338173866272,-0.06418189406394958,0.655404269695282,0.538276195526123,-0.009553598240017891,0.6057381629943848,0.5136176347732544,-0.044790253043174744,0.5818361639976501,0.5436145663261414,-0.07243993133306503,0.5769546627998352,0.5777291059494019,-0.08579152822494507,0.6736072301864624,0.5005268454551697,-0.017076639458537102,0.6386330127716064,0.4221460819244385,-0.03919992223381996,0.6057915687561035,0.37422341108322144,-0.054238658398389816,0.5755952000617981,0.33561888337135315,-0.06288987398147583,0.7013770937919617,0.4851927161216736,-0.029935266822576523,0.6856251955032349,0.4042443037033081,-0.053617917001247406,0.663002073764801,0.35702067613601685,-0.06494438648223877,0.6403207778930664,0.3204663097858429,-0.06937094777822495,0.7322980761528015,0.4940330684185028,-0.044546328485012054,0.7448735237121582,0.42518988251686096,-0.06337068974971771,0.7503569722175598,0.3749306797981262,-0.0679815262556076,0.754875898361206,0.3318502902984619,-0.06799140572547913,Ok
0.7539166212081909,0.6858177781105042,1.1801411403666862e-07,0.6980425119400024,0.681191086769104,-0.015413003973662853,0.6452587246894836,0.656731367111206,-0.029786648228764534,0.600209653377533,0.6356934309005737,-0.046888336539268494,0.5737800002098083,0.5989665389060974,-0.06317876279354095,0.6556171774864197,0.5381534099578857,-0.010016745887696743,0.6047449111938477,0.5141786336898804,-0.04522884264588356,0.580963671207428,0.5446564555168152,-0.07256324589252472,0.5763375163078308,0.5787822008132935,-0.08562016487121582,0.6737163662910461,0.5004213452339172,-0.01758182980120182,0.6375988125801086,0.42195743322372437,-0.04001383110880852,0.6045305132865906,0.3737063705921173,-0.05490170419216156,0.5743861794471741,0.33500033617019653,-0.06322813034057617,0.7013400793075562,0.4850357174873352,-0.03037152998149395,0.6855880618095398,0.40392395853996277,-0.054085198789834976,0.6632157564163208,0.3570738732814789,-0.0648910328745842,0.6407157182693481,0.32096248865127563,-0.06873667240142822,0.7320154309272766,0.4937361180782318,-0.044885024428367615,0.7444188594818115,0.42513930797576904,-0.0634940043091774,0.7501450181007385,0.37514451146125793,-0.06768221408128738,0.7547982931137085,0.33255523443222046,-0.06722009181976318,Ok
0.7547686100006104,0.6861470937728882,1.1808736388729812e-07,0.6984050869941711,0.6812792420387268,-0.014044896699488163,0.6457451581954956,0.656100869178772,-0.027423633262515068,0.6017184853553772,0.6345288157463074,-0.043753355741500854,0.575695812702179,0.5982740521430969,-0.05938906967639923,0.6554660797119141,0.5385135412216187,-0.008391095325350761,0.6058698892593384,0.5126562714576721,-0.043016355484724045,0.5828133225440979,0.5424010157585144,-0.07017332315444946,0.5786086320877075,0.5763713121414185,-0.0832626223564148,0.6737791299819946,0.5012974143028259,-0.016528820618987083,0.6390313506126404,0.42158597707748413,-0.0389600433409214,0.6061745882034302,0.37286269664764404,-0.054116230458021164,0.5760301947593689,0.3341889977455139,-0.06264975666999817,0.7015867829322815,0.48663702607154846,-0.029798874631524086,0.6859977841377258,0.4047853350639343,-0.05359221249818802,0.663887619972229,0.35709553956985474,-0.0648513212800026,0.6416823863983154,0.31998294591903687,-0.0690261647105217,0.7326557636260986,0.49562227725982666,-0.04462733119726181,0.7458770871162415,0.42641282081604004,-0.06323985755443573,0.7518359422683716,0.37640583515167236,-0.06764437258243561,0.7565932273864746,0.3335835337638855,-0.06744363158941269,Ok
0.7549404501914978,0.6870453357696533,1.2911301894291682e-07,0.6985706686973572,0.6817284226417542,-0.014875260181725025,0.6458736658096313,0.6569209694862366,-0.02896982803940773,0.6017258167266846,0.6354545950889587,-0.04590408876538277,0.5766025185585022,0.5972684621810913,-0.061956245452165604,0.655892014503479,0.5382242798805237,-0.009348797611892223,0.6054821610450745,0.5118166208267212,-0.0444122739136219,0.5816679000854492,0.5420840382575989,-0.07152600586414337,0.5773664712905884,0.5771237015724182,-0.08443892002105713,0.6741403341293335,0.5009486079216003,-0.016987090930342674,0.6391809582710266,0.4212747812271118,-0.03974924981594086,0.6061119437217712,0.3727424144744873,-0.05464669317007065,0.5757907629013062,0.33415037393569946,-0.06283844262361526,0.7016907334327698,0.4861096441745758,-0.029844025149941444,0.6866117119789124,0.4043005704879761,-0.0538717620074749,0.6644357442855835,0.35657548904418945,-0.06473185122013092,0.6421558260917664,0.31986841559410095,-0.06848261505365372,0.7324024438858032,0.49532797932624817,-0.0443534329533577,0.7461683750152588,0.4261339604854584,-0.06341111660003662,0.7522833943367004,0.37560969591140747,-0.06793218106031418,0.7573363184928894,0.33261555433273315,-0.06762028485536575,Ok
0.7554625272750854,0.6873700618743896,1.2339324939603102e-07,0.69926917552948,0.6823274493217468,-0.014796101488173008,0.645882248878479,0.6571543216705322,-0.028496909886598587,0.6005612015724182,0.635673999786377,-0.04502079635858536,0.5742470026016235,0.5980004072189331,-0.060796454548835754,0.6569936275482178,0.5393217206001282,-0.008237646892666817,0.6067460775375366,0.5144513845443726,-0.04218355566263199,0.5826219916343689,0.5434947609901428,-0.06877829134464264,0.5778281688690186,0.5764287710189819,-0.08169718086719513,0.6745761632919312,0.5022157430648804,-0.016130948439240456,0.6393092274665833,0.42274028062820435,-0.03835650160908699,0.606345534324646,0.3748486042022705,-0.053631216287612915,0.5765279531478882,0.3363877534866333,-0.0623626671731472,0.7016407251358032,0.4874695837497711,-0.02923739142715931,0.686261773109436,0.40479132533073425,-0.05331827327609062,0.6635352969169617,0.3572428822517395,-0.06542405486106873,0.6407662630081177,0.3197411894798279,-0.07033146917819977,0.7319188714027405,0.4966527819633484,-0.04389810934662819,0.7458864450454712,0.42743632197380066,-0.06285339593887329,0.7523639798164368,0.37672165036201477,-0.0680323913693428,0.7576851844787598,0.3328430950641632,-0.06859347224235535,Ok
0.7565807104110718,0.6874324083328247,1.297101590580496e-07,0.699677050113678,0.6834139823913574,-0.015789533033967018,0.6463193893432617,0.6580744385719299,-0.03021443821489811,0.6013022065162659,0.6359397768974304,-0.04745282232761383,0.5750760436058044,0.5975928902626038,-0.06394970417022705,0.656127393245697,0.5400277972221375,-0.008938501589000225,0.6063539385795593,0.5142155885696411,-0.04381078854203224,0.5820712447166443,0.5426982045173645,-0.07108430564403534,0.5765768885612488,0.5754793882369995,-0.08427629619836807,0.6741247773170471,0.5023413896560669,-0.016482116654515266,0.639660120010376,0.42293229699134827,-0.03852749988436699,0.606643557548523,0.37534672021865845,-0.053478799760341644,0.5762580633163452,0.3374905586242676,-0.06197936460375786,0.7016873955726624,0.4873221218585968,-0.02944406308233738,0.6867380142211914,0.40526461601257324,-0.053305912762880325,0.6645429134368896,0.35792604088783264,-0.06477007269859314,0.6420748829841614,0.32110679149627686,-0.06921546161174774,0.7323845028877258,0.4963575005531311,-0.044159360229969025,0.7461118698120117,0.4272899031639099,-0.06321804225444794,0.7522783875465393,0.3770143985748291,-0.06824996322393417,0.7572422027587891,0.3336983323097229,-0.06855324655771255,Ok
0.7565774321556091,0.6887597441673279,1.2399576121424616e-07,0.6997577548027039,0.6834893822669983,-0.015498790889978409,0.6465386152267456,0.6573358178138733,-0.029334556311368942,0.6022441387176514,0.6353203654289246,-0.04583924636244774,0.576005220413208,0.5973286628723145,-0.06163854897022247,0.6576470732688904,0.5413691997528076,-0.009429962374269962,0.6079422235488892,0.5143393278121948,-0.04409768804907799,0.5831092000007629,0.5429868698120117,-0.07101116329431534,0.5770905017852783,0.5764263868331909,-0.08393276482820511,0.6752969026565552,0.503891110420227,-0.016788246110081673,0.6401885747909546,0.42362740635871887,-0.03868820145726204,0.6072086095809937,0.3758244812488556,-0.05328596383333206,0.5770026445388794,0.33744490146636963,-0.0615159310400486,0.7026059627532959,0.4887271225452423,-0.02947305515408516,0.6871269941329956,0.40664970874786377,-0.05347771570086479,0.6650739908218384,0.3585512042045593,-0.06524709612131119,0.6431626677513123,0.3210875988006592,-0.06986233592033386,0.7331835031509399,0.4973500967025757,-0.04381740465760231,0.7465256452560425,0.4279727339744568,-0.06330062448978424,0.7528431415557861,0.3771560788154602,-0.0686214342713356,0.7580717206001282,0.3335445523262024,-0.06912726908922195,Ok
0.7566608786582947,0.6889552474021912,1.2468214549699042e-07,0.6998587250709534,0.6834190487861633,-0.015298937447369099,0.646327793598175,0.656902551651001,-0.029010113328695297,0.6018676161766052,0.6342030167579651,-0.04544953629374504,0.5763463973999023,0.5956740975379944,-0.06114857643842697,0.6579274535179138,0.5414785742759705,-0.009190332144498825,0.6073291301727295,0.5151541829109192,-0.04383011907339096,0.5824756622314453,0.5436241626739502,-0.07063024491071701,0.5766229629516602,0.576496422290802,-0.08341674506664276,0.6755994558334351,0.5036337375640869,-0.01662120409309864,0.6408071517944336,0.4236965775489807,-0.03886304423213005,0.6077442765235901,0.3756093382835388,-0.05374521762132645,0.5775951147079468,0.33719873428344727,-0.06206217035651207,0.702592134475708,0.488260954618454,-0.029320456087589264,0.6879159212112427,0.4059223532676697,-0.053520359098911285,0.6653544902801514,0.3583076596260071,-0.06534261256456375,0.6430284976959229,0.32143035531044006,-0.06986333429813385,0.7326455116271973,0.49686726927757263,-0.0436498261988163,0.746427059173584,0.4276236891746521,-0.06309720128774643,0.7526749968528748,0.37672626972198486,-0.0684065893292427,0.7579277157783508,0.3330536484718323,-0.06881286203861237,Ok
0.7572925686836243,0.6887493133544922,1.3150771849268494e-07,0.7003985643386841,0.6843613386154175,-0.015736550092697144,0.6470699310302734,0.6578549742698669,-0.029883885756134987,0.6019408106803894,0.6340900659561157,-0.046976108103990555,0.5759906768798828,0.5958714485168457,-0.06327468156814575,0.6568922400474548,0.5411668419837952,-0.007724335882812738,0.6076676249504089,0.513579249382019,-0.04244045913219452,0.5832431316375732,0.54201340675354,-0.06971954554319382,0.5778928995132446,0.5751218795776367,-0.08296935260295868,0.6751179099082947,0.5034331679344177,-0.01504923589527607,0.6414303779602051,0.42422419786453247,-0.03683541342616081,0.6088139414787292,0.37615180015563965,-0.051694899797439575,0.5787843465805054,0.3370317816734314,-0.06027330830693245,0.7027398347854614,0.4883750379085541,-0.02790576033294201,0.6883331537246704,0.4061339795589447,-0.05151691287755966,0.6661931872367859,0.3585955500602722,-0.06272508203983307,0.6440303921699524,0.3215937912464142,-0.06706369668245316,0.733330249786377,0.49715378880500793,-0.0425836555659771,0.7468616962432861,0.42790481448173523,-0.06179504096508026,0.7529928684234619,0.37721651792526245,-0.06699106842279434,0.7581056356430054,0.33360499143600464,-0.0674125999212265,Ok
0.7570481300354004,0.6881794929504395,1.3874746684905404e-07,0.7005072832107544,0.6845004558563232,-0.015635522082448006,0.6474629640579224,0.6583181619644165,-0.029659967869520187,0.6026070713996887,0.6350644826889038,-0.046605050563812256,0.5763614773750305,0.5971319675445557,-0.06280139833688736,0.6568137407302856,0.5409188866615295,-0.007877405732870102,0.6075695157051086,0.5143504738807678,-0.04242534935474396,0.5831846594810486,0.5429515242576599,-0.06970837712287903,0.5776543021202087,0.575918436050415,-0.08304896950721741,0.6749274730682373,0.5030459761619568,-0.015314661897718906,0.6417074799537659,0.42366424202919006,-0.03691358491778374,0.6090049147605896,0.3755786418914795,-0.051752686500549316,0.5787677764892578,0.33671629428863525,-0.06040790677070618,0.7023900151252747,0.48817625641822815,-0.028252700343728065,0.6882670521736145,0.40623199939727783,-0.05187123268842697,0.6662291288375854,0.3586026430130005,-0.0632740929722786,0.644111156463623,0.3216085731983185,-0.06781284511089325,0.7329037189483643,0.49717849493026733,-0.04299114644527435,0.746668815612793,0.4277731776237488,-0.062450800091028214,0.7530364990234375,0.3769470453262329,-0.06789761781692505,0.7583243250846863,0.33328068256378174,-0.06852329522371292,Ok
0.7565679550170898,0.6890623569488525,1.3262939546621055e-07,0.7006186246871948,0.6847269535064697,-0.01521194726228714,0.6474771499633789,0.659212589263916,-0.02940431423485279,0.6022107601165771,0.6372331976890564,-0.04640675336122513,0.5763562321662903,0.599499523639679,-0.06262809783220291,0.657758891582489,0.5408283472061157,-0.009417840279638767,0.6072527170181274,0.5150991678237915,-0.04417245462536812,0.5823091268539429,0.5445308089256287,-0.07153738290071487,0.5763632655143738,0.5777416229248047,-0.08501888066530228,0.6755228042602539,0.5031868815422058,-0.016995253041386604,0.6417394876480103,0.4235691726207733,-0.0394115224480629,0.6086685061454773,0.3754873275756836,-0.0547863133251667,0.5785166621208191,0.3373875916004181,-0.06374343484640121,0.7024973034858704,0.4885066747665405,-0.029769672080874443,0.6887607574462891,0.4052966237068176,-0.053646206855773926,0.6670437455177307,0.3579147458076477,-0.0648626759648323,0.6450943350791931,0.32148277759552,-0.06921279430389404,0.732589840888977,0.4976186156272888,-0.04423340782523155,0.7468904256820679,0.42767196893692017,-0.06382285803556442,0.7532562017440796,0.3767814636230469,-0.06911821663379669,0.7581669092178345,0.333185076713562,-0.06955555826425552,Ok
0.7572137117385864,0.6894118785858154,1.2471069510411326e-07,0.7006746530532837,0.684984564781189,-0.015482528135180473,0.6470606327056885,0.658939003944397,-0.029745329171419144,0.601514995098114,0.6365848779678345,-0.046872735023498535,0.5748981237411499,0.5995244979858398,-0.0632910281419754,0.657272458076477,0.5413125157356262,-0.008888864889740944,0.6072014570236206,0.5145923495292664,-0.04383378103375435,0.5824004411697388,0.5437011122703552,-0.07132014632225037,0.5765858888626099,0.5768256187438965,-0.08470330387353897,0.675338089466095,0.5036816596984863,-0.01643206551671028,0.6416589617729187,0.42434847354888916,-0.03838641196489334,0.6088350415229797,0.3765797019004822,-0.05337586998939514,0.5787927508354187,0.33814162015914917,-0.06203215941786766,0.7027578949928284,0.4887273907661438,-0.029335487633943558,0.6887716054916382,0.4055551290512085,-0.05297473073005676,0.6667823195457458,0.35823914408683777,-0.06416328996419907,0.6447038650512695,0.32168710231781006,-0.0685114860534668,0.7330700159072876,0.4976845979690552,-0.04399446025490761,0.7469438314437866,0.4281926155090332,-0.06332828104496002,0.752938985824585,0.3774905800819397,-0.06847228109836578,0.7577336430549622,0.33387261629104614,-0.0688144862651825,Ok
0.7587378025054932,0.6912062168121338,1.1734267957308475e-07,0.7020243406295776,0.6881147623062134,-0.014531261287629604,0.647882342338562,0.6600092053413391,-0.0271871667355299,0.6032348871231079,0.6373475193977356,-0.04263639822602272,0.5766742825508118,0.6003689765930176,-0.0573766864836216,0.6575847864151001,0.5414626598358154,-0.0074176792986691,0.6068533062934875,0.5157032012939453,-0.04132884740829468,0.5821067094802856,0.5457605719566345,-0.06826075166463852,0.5762705206871033,0.5792189836502075,-0.08144963532686234,0.6755139231681824,0.5038800835609436,-0.015208033844828606,0.6411041021347046,0.4240530729293823,-0.03657805919647217,0.6087283492088318,0.3759307861328125,-0.05144064128398895,0.5791875720024109,0.33769291639328003,-0.05995895713567734,0.7027890682220459,0.48936760425567627,-0.028295429423451424,0.6888844966888428,0.4069669246673584,-0.05198227986693382,0.6672900319099426,0.359169065952301,-0.06391260772943497,0.6454913020133972,0.32204532623291016,-0.06864964962005615,0.7331366539001465,0.4988666772842407,-0.042984601110219955,0.7467918395996094,0.4295139014720917,-0.06279517710208893,0.7534178495407104,0.37900111079216003,-0.0684361383318901,0.758682370185852,0.3355589807033539,-0.06905854493379593,Ok
0.7589174509048462,0.691124677658081,1.2268662885617232e-07,0.7021496891975403,0.687279224395752,-0.014852998778223991,0.6484212279319763,0.6599780917167664,-0.028057368472218513,0.6036614179611206,0.6379724144935608,-0.04412516951560974,0.5764999389648438,0.6009456515312195,-0.05953420326113701,0.6578633189201355,0.5419854521751404,-0.007787895388901234,0.6073057651519775,0.5160067677497864,-0.04224848374724388,0.5823553204536438,0.5458111763000488,-0.06961656361818314,0.5764887928962708,0.5791419744491577,-0.08303258568048477,0.6755390763282776,0.5044594407081604,-0.015588777139782906,0.6411046981811523,0.42421427369117737,-0.03724236413836479,0.6087300777435303,0.37622666358947754,-0.05230236053466797,0.5791450142860413,0.33785152435302734,-0.06100764498114586,0.702811598777771,0.48983731865882874,-0.028757696971297264,0.6887277364730835,0.4071005582809448,-0.05254755914211273,0.6670727729797363,0.3591269850730896,-0.06455063074827194,0.6451768279075623,0.3215269446372986,-0.06941020488739014,0.7334110140800476,0.4992809295654297,-0.04357502982020378,0.7468485832214355,0.42955535650253296,-0.06309004873037338,0.7532342076301575,0.3787423372268677,-0.06851991266012192,0.7583895921707153,0.33489570021629333,-0.06911110877990723,Ok
0.7559115886688232,0.6927618980407715,1.2245344294115057e-07,0.7001064419746399,0.6871401071548462,-0.01421574130654335,0.6466286778450012,0.6593496799468994,-0.027134275063872337,0.6023740172386169,0.6370511651039124,-0.04306754842400551,0.5761663913726807,0.6002631783485413,-0.05833355337381363,0.6567277908325195,0.5427305102348328,-0.007395333144813776,0.6063219308853149,0.5162259340286255,-0.041430726647377014,0.582064151763916,0.5464561581611633,-0.06817696243524551,0.576865017414093,0.580596923828125,-0.08102260529994965,0.6747181415557861,0.5053871870040894,-0.01541421189904213,0.6402990221977234,0.42495858669281006,-0.036716412752866745,0.6073703765869141,0.37684911489486694,-0.05135703831911087,0.5772770047187805,0.33853012323379517,-0.05972733721137047,0.70203697681427,0.49077364802360535,-0.028726855292916298,0.6878340840339661,0.4072192907333374,-0.052193690091371536,0.6654584407806396,0.359697163105011,-0.06391305476427078,0.643027126789093,0.32303810119628906,-0.06855694949626923,0.7325550317764282,0.5002574324607849,-0.043637197464704514,0.7468973398208618,0.42982929944992065,-0.06272399425506592,0.7529715299606323,0.37822699546813965,-0.06798287481069565,0.757868766784668,0.33395907282829285,-0.06848318129777908,Ok
0.7564615607261658,0.6925628781318665,1.2587733522195776e-07,0.7001299858093262,0.6863181591033936,-0.014733287505805492,0.6464279294013977,0.6590338945388794,-0.028440752997994423,0.6014842987060547,0.6363984942436218,-0.04515727981925011,0.575209379196167,0.5992363095283508,-0.06107861548662186,0.6568993330001831,0.5428085923194885,-0.007961760275065899,0.6062384843826294,0.5160847902297974,-0.04239116609096527,0.5817968845367432,0.5459386706352234,-0.0690479502081871,0.5769442319869995,0.5802597403526306,-0.08157680928707123,0.6751287579536438,0.505476713180542,-0.015649642795324326,0.6408639550209045,0.42528995871543884,-0.03685864061117172,0.6083177924156189,0.376915842294693,-0.050755202770233154,0.5784597396850586,0.33731529116630554,-0.05843142792582512,0.7025313377380371,0.49040260910987854,-0.028731707483530045,0.6878876686096191,0.4064912796020508,-0.05196920409798622,0.6651912927627563,0.3590404987335205,-0.06277280300855637,0.64266437292099,0.3224119544029236,-0.06667480617761612,0.7328301072120667,0.49960440397262573,-0.04351767897605896,0.7470090985298157,0.4296591579914093,-0.06242656335234642,0.752935528755188,0.37820541858673096,-0.06723910570144653,0.7578207850456238,0.3340609073638916,-0.06724252551794052,Ok
0.7559031248092651,0.6928423047065735,1.2157637740983773e-07,0.7000014781951904,0.6878693699836731,-0.014705267734825611,0.6465802192687988,0.6608598232269287,-0.028209272772073746,0.6018414497375488,0.6386482119560242,-0.04464995488524437,0.5750903487205505,0.6017938256263733,-0.06039789319038391,0.6563968062400818,0.5427562594413757,-0.008049308322370052,0.6063472628593445,0.516548752784729,-0.04229964688420296,0.5821774005889893,0.5470666289329529,-0.06938766688108444,0.5768643617630005,0.5810925960540771,-0.08247711509466171,0.6749954223632812,0.5056643486022949,-0.01595434546470642,0.6407908201217651,0.4254623055458069,-0.03708029165863991,0.6081236600875854,0.37729987502098083,-0.051755502820014954,0.5779404044151306,0.33817583322525024,-0.06030725687742233,0.7026161551475525,0.49133267998695374,-0.029195578768849373,0.687336266040802,0.408606618642807,-0.052184123545885086,0.6647684574127197,0.3608394265174866,-0.06389029324054718,0.6421656608581543,0.32333433628082275,-0.06879527866840363,0.7329748272895813,0.5009971857070923,-0.04409901425242424,0.7460751533508301,0.43135181069374084,-0.06259225308895111,0.7520124316215515,0.38027000427246094,-0.06760182231664658,0.7567317485809326,0.33626091480255127,-0.06811412423849106,Ok
0.7567684650421143,0.6925885677337646,1.210714657418066e-07,0.7004451751708984,0.6877511143684387,-0.01494078803807497,0.6467501521110535,0.660728394985199,-0.028484398499131203,0.6016281843185425,0.6385226845741272,-0.0449904166162014,0.5746793746948242,0.6017982363700867,-0.06082317233085632,0.656144380569458,0.5426823496818542,-0.007574998773634434,0.6063410043716431,0.5166381001472473,-0.042116664350032806,0.5819013714790344,0.5463069677352905,-0.06953541934490204,0.5762813091278076,0.5800037980079651,-0.08279330283403397,0.6748539805412292,0.5053084492683411,-0.015365621075034142,0.6407694220542908,0.42573389410972595,-0.03645002841949463,0.6081938147544861,0.37755948305130005,-0.051094893366098404,0.5780214071273804,0.3387322723865509,-0.05956222489476204,0.7026808261871338,0.4907722473144531,-0.028605544939637184,0.6876789927482605,0.4092164635658264,-0.05152038484811783,0.6653757691383362,0.36148208379745483,-0.06293029338121414,0.642800509929657,0.32400083541870117,-0.06753983348608017,0.7332636713981628,0.5002317428588867,-0.043583258986473083,0.7460586428642273,0.43103620409965515,-0.06200795993208885,0.7518786191940308,0.380418986082077,-0.06680569797754288,0.7564300894737244,0.33685302734375,-0.06705275923013687,Ok
0.7583428025245667,0.6903306245803833,1.254159514019193e-07,0.7010269165039062,0.6859775185585022,-0.015406566672027111,0.6470663547515869,0.6612686514854431,-0.029647691175341606,0.6016546487808228,0.6393190026283264,-0.0466294027864933,0.5742617845535278,0.6019073724746704,-0.06296674907207489,0.6575444936752319,0.543380081653595,-0.009657452814280987,0.6069901585578918,0.5181577205657959,-0.04410702362656593,0.582044243812561,0.5480118989944458,-0.07107729464769363,0.5761021375656128,0.5814013481140137,-0.0841333344578743,0.6756606101989746,0.5057149529457092,-0.017062371596693993,0.6412068009376526,0.42689448595046997,-0.03841261565685272,0.6091111898422241,0.37910324335098267,-0.052613817155361176,0.5796865820884705,0.3401254713535309,-0.06077015399932861,0.703084409236908,0.4906638264656067,-0.029779160395264626,0.6879034042358398,0.4090919494628906,-0.053377676755189896,0.6655850410461426,0.36112546920776367,-0.06480419635772705,0.6434170603752136,0.32365357875823975,-0.06935085356235504,0.7335571646690369,0.4994853436946869,-0.044157229363918304,0.7468138933181763,0.4301711916923523,-0.06346726417541504,0.7528817653656006,0.3794269859790802,-0.0686449185013771,0.7579061985015869,0.33581429719924927,-0.06908037513494492,Ok
0.7567906379699707,0.6899670362472534,1.3529570708215033e-07,0.7000290155410767,0.6861873865127563,-0.015619578771293163,0.6467466950416565,0.6620639562606812,-0.030373457819223404,0.6020554304122925,0.6400824189186096,-0.04786397144198418,0.575585663318634,0.6013910174369812,-0.06463411450386047,0.6578692197799683,0.5422158241271973,-0.010495522059500217,0.606250524520874,0.5179076790809631,-0.045109301805496216,0.5818196535110474,0.5485069751739502,-0.07226146757602692,0.5762995481491089,0.5823497772216797,-0.08553962409496307,0.6758537888526917,0.5048203468322754,-0.018052222207188606,0.6411314010620117,0.42564746737480164,-0.03991413488984108,0.6084182262420654,0.37849247455596924,-0.054693255573511124,0.5779553651809692,0.34022197127342224,-0.0632796511054039,0.7030630707740784,0.49016106128692627,-0.030815577134490013,0.6877561211585999,0.40885815024375916,-0.054605428129434586,0.6656845808029175,0.3615005314350128,-0.06599041819572449,0.6433049440383911,0.3244890868663788,-0.07058407366275787,0.7333740592002869,0.49921083450317383,-0.045260004699230194,0.7463728785514832,0.4301576316356659,-0.06478598713874817,0.7526309490203857,0.37971946597099304,-0.06994380056858063,0.7575576901435852,0.3363683223724365,-0.0703660175204277,Ok
0.7566748261451721,0.6923296451568604,1.2465308429909783e-07,0.6999638080596924,0.687373697757721,-0.015454279258847237,0.6471855044364929,0.6613940596580505,-0.029565347358584404,0.6021208763122559,0.6397051215171814,-0.04658214747905731,0.5749726891517639,0.6025968194007874,-0.0628964900970459,0.6574259400367737,0.5428853034973145,-0.00831060204654932,0.60812908411026,0.5167728662490845,-0.04287322983145714,0.5835078358650208,0.5465845465660095,-0.0700443685054779,0.5781057476997375,0.5803031325340271,-0.08324623852968216,0.6753780245780945,0.5057224035263062,-0.01585502363741398,0.6414891481399536,0.42716801166534424,-0.037448953837156296,0.6090705394744873,0.37939029932022095,-0.05209333449602127,0.5790855884552002,0.3400819003582001,-0.060521453619003296,0.7028708457946777,0.4911460280418396,-0.02882394939661026,0.688209056854248,0.41002440452575684,-0.052450183779001236,0.6661736369132996,0.36193031072616577,-0.06380359083414078,0.6440343260765076,0.32416510581970215,-0.06825953722000122,0.7332653403282166,0.5003454089164734,-0.04353192448616028,0.7463690638542175,0.43126142024993896,-0.06289412826299667,0.7523134350776672,0.3805910348892212,-0.06800223141908646,0.7572611570358276,0.33707326650619507,-0.06833793222904205,Ok
0.7570111751556396,0.6922762989997864,1.2417439165801625e-07,0.7005713582038879,0.6874023675918579,-0.014665920287370682,0.647786021232605,0.6609957218170166,-0.028462322428822517,0.6027452945709229,0.6396040916442871,-0.045316681265830994,0.5751224160194397,0.6033698916435242,-0.06155639886856079,0.6579557061195374,0.543359637260437,-0.007878309115767479,0.6083651781082153,0.5178232789039612,-0.04232679307460785,0.583659291267395,0.5478676557540894,-0.0695624127984047,0.5780139565467834,0.5815034508705139,-0.08283662796020508,0.6756985783576965,0.506253719329834,-0.015900613740086555,0.6419050693511963,0.427092969417572,-0.037340033799409866,0.6092802882194519,0.37896448373794556,-0.052081432193517685,0.5790368914604187,0.3395916223526001,-0.06069038063287735,0.702874481678009,0.4918142855167389,-0.029268469661474228,0.6882832646369934,0.41010403633117676,-0.05264749005436897,0.6663392782211304,0.362524151802063,-0.06405038386583328,0.644253134727478,0.32521480321884155,-0.06863027811050415,0.7330174446105957,0.5009955763816833,-0.04432046785950661,0.7459639310836792,0.43132510781288147,-0.06339339911937714,0.7521169781684875,0.38047975301742554,-0.06843488663434982,0.757195234298706,0.33686017990112305,-0.06882108002901077,Ok
0.7587907314300537,0.6941123008728027,1.1369925800863712e-07,0.7025385499000549,0.6895443201065063,-0.014276321977376938,0.6489534378051758,0.6613051891326904,-0.027093173936009407,0.603958010673523,0.6392275094985962,-0.042864635586738586,0.5760279297828674,0.603428065776825,-0.05799761787056923,0.6587783098220825,0.5436030030250549,-0.0066535016521811485,0.6089295744895935,0.5167310833930969,-0.04033482447266579,0.5840516686439514,0.5458747148513794,-0.06711211800575256,0.5778923034667969,0.5790433883666992,-0.08017806708812714,0.6762893795967102,0.5066128969192505,-0.014684651046991348,0.6413286924362183,0.42689821124076843,-0.035567548125982285,0.6085634231567383,0.3795285224914551,-0.05017729476094246,0.5783261656761169,0.34141111373901367,-0.058636199682950974,0.7035092711448669,0.492228627204895,-0.028059370815753937,0.6889197826385498,0.4102897644042969,-0.05116920918226242,0.6669773459434509,0.36250635981559753,-0.06302212178707123,0.6447538137435913,0.32512176036834717,-0.06795648485422134,0.7336046099662781,0.5016186237335205,-0.043061524629592896,0.7469028234481812,0.43198737502098083,-0.062182217836380005,0.7531502842903137,0.3811180889606476,-0.06765374541282654,0.7580437064170837,0.3373299241065979,-0.06841076165437698,Ok
0.7587478160858154,0.6943784952163696,1.1985255810031958e-07,0.7026026248931885,0.6888555884361267,-0.014340566471219063,0.6494179964065552,0.6611406207084656,-0.027507517486810684,0.6041033864021301,0.6397992968559265,-0.04368382319808006,0.5754445195198059,0.6048562526702881,-0.059250108897686005,0.658867597579956,0.5438626408576965,-0.007130347657948732,0.6082355976104736,0.5174621939659119,-0.04106336832046509,0.5833022594451904,0.5472910404205322,-0.06808209419250488,0.5775153040885925,0.5810230374336243,-0.08126020431518555,0.6762192249298096,0.5068745017051697,-0.015181058086454868,0.6407975554466248,0.4266241192817688,-0.03607175499200821,0.6082428097724915,0.37919551134109497,-0.05074262246489525,0.5784628391265869,0.34106680750846863,-0.05930706486105919,0.7034496068954468,0.4924476742744446,-0.028564469888806343,0.6890217661857605,0.40980878472328186,-0.05145217850804329,0.6669204235076904,0.3620084524154663,-0.06324920803308487,0.6446675062179565,0.32458508014678955,-0.06825132668018341,0.7336461544036865,0.5017512440681458,-0.04359552264213562,0.7470216751098633,0.4316194951534271,-0.062294136732816696,0.7531992197036743,0.38029980659484863,-0.06750665605068207,0.7580732703208923,0.33609437942504883,-0.0681871548295021,Ok
0.759039580821991,0.6936502456665039,1.226745496296644e-07,0.702130913734436,0.6874760985374451,-0.014993458054959774,0.6486203670501709,0.6607046127319336,-0.02896682545542717,0.603259265422821,0.6391133069992065,-0.046002984046936035,0.575527012348175,0.6028534173965454,-0.06241282820701599,0.6585050821304321,0.5422636270523071,-0.007645305246114731,0.6083422303199768,0.5153687000274658,-0.04252621531486511,0.5831933617591858,0.5456989407539368,-0.07023905962705612,0.5772848129272461,0.5802664756774902,-0.08376160264015198,0.6766546964645386,0.5053616762161255,-0.015426378697156906,0.642313539981842,0.42587560415267944,-0.03701097145676613,0.6092191934585571,0.378000408411026,-0.05205108970403671,0.5786779522895813,0.33906155824661255,-0.06088567525148392,0.7044371962547302,0.4909874200820923,-0.028645474463701248,0.6901661157608032,0.40862107276916504,-0.052055418491363525,0.6682878732681274,0.3610113263130188,-0.0635618269443512,0.6461458206176758,0.3236442506313324,-0.0682850331068039,0.7351993322372437,0.5006951093673706,-0.04359875246882439,0.7487572431564331,0.4313834309577942,-0.06269839406013489,0.7547988295555115,0.3805941939353943,-0.06774578243494034,0.7595425844192505,0.3366769552230835,-0.06817004829645157,Ok
0.7587215900421143,0.6937894225120544,1.2047023290051584e-07,0.7021508812904358,0.6875154376029968,-0.015085680410265923,0.648514449596405,0.66059410572052,-0.028890978544950485,0.6032676100730896,0.6385955810546875,-0.04559905081987381,0.5754885077476501,0.6023620367050171,-0.06161443889141083,0.6583834290504456,0.5429766774177551,-0.00810372456908226,0.6076659560203552,0.5156732201576233,-0.042679011821746826,0.5827968120574951,0.546374499797821,-0.0699499323964119,0.5771747827529907,0.5810678005218506,-0.08315578103065491,0.6768605709075928,0.505664587020874,-0.015689458698034286,0.6421748995780945,0.42613789439201355,-0.03751087933778763,0.6092227697372437,0.37816929817199707,-0.05257588252425194,0.5790344476699829,0.3391737937927246,-0.06130419671535492,0.7046378254890442,0.49107539653778076,-0.028623931109905243,0.6903316378593445,0.40841802954673767,-0.05224609375,0.6682632565498352,0.36085063219070435,-0.06396161764860153,0.6460334658622742,0.32355570793151855,-0.06870357692241669,0.7353266477584839,0.5007258057594299,-0.04322499781847,0.7487996220588684,0.43136173486709595,-0.062257248908281326,0.7545648813247681,0.380545437335968,-0.06729665398597717,0.7591136693954468,0.33659541606903076,-0.06769786775112152,Ok
0.759564220905304,0.6925346851348877,1.1870989169437962e-07,0.7026187777519226,0.6872135400772095,-0.014220724813640118,0.6493567228317261,0.660531759262085,-0.027827385812997818,0.6044363379478455,0.6395137310028076,-0.04458339884877205,0.576703667640686,0.6040992736816406,-0.06071362644433975,0.6598567366600037,0.542088508605957,-0.007736947853118181,0.6098800897598267,0.5151118040084839,-0.041813112795352936,0.5850186944007874,0.5449256300926208,-0.06861759722232819,0.5794649124145508,0.5790440440177917,-0.0816216692328453,0.6777023077011108,0.5051126480102539,-0.015888120979070663,0.6435363292694092,0.42566877603530884,-0.037129200994968414,0.610771894454956,0.37782254815101624,-0.05163819342851639,0.5805650949478149,0.33913809061050415,-0.06014993414282799,0.7051368355751038,0.49044764041900635,-0.029334474354982376,0.69032222032547,0.40798449516296387,-0.05237744376063347,0.6683099269866943,0.36046311259269714,-0.06369714438915253,0.6461884379386902,0.3232397437095642,-0.06839882582426071,0.7355622053146362,0.49936607480049133,-0.04444573447108269,0.7492045164108276,0.4300519824028015,-0.06337647885084152,0.7552938461303711,0.3790050148963928,-0.06861452013254166,0.7601779103279114,0.3349599242210388,-0.06925425678491592,Ok
0.7757603526115417,0.6029602885246277,1.615954801081898e-07,0.7018867135047913,0.5970072746276855,-0.02265934646129608,0.6284435987472534,0.5624238848686218,-0.04342291131615639,0.5610089302062988,0.5377317070960999,-0.06751452386379242,0.5129703283309937,0.5066609382629395,-0.09046533703804016,0.6458725929260254,0.3962193727493286,-0.014679699204862118,0.5754619240760803,0.37534311413764954,-0.06641414761543274,0.5376495122909546,0.4132993817329407,-0.1077602356672287,0.5244981646537781,0.45329976081848145,-0.1280035376548767,0.6680782437324524,0.34479883313179016,-0.025277668610215187,0.6153367161750793,0.2360517829656601,-0.059195201843976974,0.568221926689148,0.16828911006450653,-0.08156271278858185,0.5269657373428345,0.11510986089706421,-0.09389793872833252,0.7047043442726135,0.323604017496109,-0.04337863251566887,0.6787264943122864,0.20370765030384064,-0.07797273993492126,0.6438592076301575,0.1407998502254486,-0.09221071004867554,0.6089521646499634,0.09357279539108276,-0.09584764391183853,0.7448657155036926,0.3316662907600403,-0.06403210014104843,0.7556310892105103,0.22433412075042725,-0.08861973881721497,0.7579295635223389,0.14900629222393036,-0.09336055815219879,0.7560649514198303,0.08445999026298523,-0.09184150397777557,Ok
0.7746777534484863,0.6171941161155701,1.1748978323566917e-07,0.6993728280067444,0.6102790236473083,-0.020772844552993774,0.6245290637016296,0.5680081844329834,-0.040002550929784775,0.5595647692680359,0.5417020320892334,-0.06334424763917923,0.5104494094848633,0.5155321359634399,-0.08668714761734009,0.6427071690559387,0.39998555183410645,-0.011717796325683594,0.5722517967224121,0.37988439202308655,-0.06301779299974442,0.5326477289199829,0.41910549998283386,-0.10522549599409103,0.516421914100647,0.46036237478256226,-0.1259734183549881,0.6652453541755676,0.34984448552131653,-0.024105217307806015,0.6141412258148193,0.23871293663978577,-0.0548572838306427,0.5665663480758667,0.17245450615882874,-0.0767611637711525,0.5236146450042725,0.12129423022270203,-0.08924944698810577,0.7021182179450989,0.33074772357940674,-0.0441315658390522,0.6776965856552124,0.21015048027038574,-0.07737929373979568,0.6417829990386963,0.14504721760749817,-0.09417206048965454,0.6052638292312622,0.09595334529876709,-0.1003003865480423,0.7408102750778198,0.3414318859577179,-0.06658758968114853,0.7532089352607727,0.2337387502193451,-0.091293565928936,0.7560943365097046,0.15783020853996277,-0.09726819396018982,0.7536537647247314,0.09251782298088074,-0.09715022891759872,Ok
0.7760377526283264,0.6159994006156921,1.2025181206354318e-07,0.6997751593589783,0.6090699434280396,-0.019699186086654663,0.6246023178100586,0.5692323446273804,-0.03878812864422798,0.5584221482276917,0.5426183938980103,-0.06219659745693207,0.5087248682975769,0.5153719782829285,-0.08531231433153152,0.6436516046524048,0.3994142711162567,-0.011372819542884827,0.572406530380249,0.37732020020484924,-0.062347494065761566,0.532642126083374,0.4181297719478607,-0.10397163778543472,0.5165987014770508,0.45992767810821533,-0.12455093115568161,0.666272759437561,0.34952378273010254,-0.024340203031897545,0.6159524321556091,0.23851394653320312,-0.05550843104720116,0.5673583745956421,0.17161667346954346,-0.07738548517227173,0.523894190788269,0.11915090680122375,-0.0900578424334526,0.7026106715202332,0.331301748752594,-0.0447842963039875,0.6783999800682068,0.20875738561153412,-0.07792390137910843,0.6417180895805359,0.14426681399345398,-0.09294258803129196,0.6049970388412476,0.09548062086105347,-0.09800540655851364,0.7409670948982239,0.34227755665779114,-0.0676497295498848,0.7539304494857788,0.2350347340106964,-0.09271440654993057,0.7562879920005798,0.15973515808582306,-0.09818782657384872,0.7535159587860107,0.0941804051399231,-0.09756859391927719,Ok
0.7744245529174805,0.6128058433532715,1.399427560500044e-07,0.6980023980140686,0.6044409871101379,-0.020364243537187576,0.6235582828521729,0.5655712485313416,-0.040260180830955505,0.5569748878479004,0.5394660234451294,-0.06457957625389099,0.506510853767395,0.5135744214057922,-0.08864996582269669,0.64324951171875,0.40044012665748596,-0.010460136458277702,0.573418140411377,0.3799070417881012,-0.06292635947465897,0.5335967540740967,0.41815221309661865,-0.10577280819416046,0.5173547267913818,0.45796918869018555,-0.12663111090660095,0.6656518578529358,0.3499789535999298,-0.022870168089866638,0.6161653399467468,0.2394559532403946,-0.053923673927783966,0.5687031745910645,0.17114517092704773,-0.07517862319946289,0.5258936285972595,0.11780533194541931,-0.08721406012773514,0.7018829584121704,0.32986852526664734,-0.04317368194460869,0.6778507232666016,0.20896276831626892,-0.07615938037633896,0.6418797969818115,0.14315542578697205,-0.09103725105524063,0.6059621572494507,0.09402921795845032,-0.09566792100667953,0.7403977513313293,0.3389839231967926,-0.06607253849506378,0.7537739276885986,0.231777623295784,-0.09027142822742462,0.7563636302947998,0.15598125755786896,-0.09532047063112259,0.7541258335113525,0.09091898798942566,-0.09428320080041885,Ok
0.7728919982910156,0.6111711263656616,1.5533757391494873e-07,0.6973811388015747,0.6046306490898132,-0.021566657349467278,0.6232655048370361,0.567838728427887,-0.042070336639881134,0.5569558143615723,0.5419169664382935,-0.06670178472995758,0.5070220232009888,0.512946367263794,-0.09089500457048416,0.6425046920776367,0.4011315107345581,-0.013009214773774147,0.5727844834327698,0.3804582357406616,-0.06529220193624496,0.533359169960022,0.41927215456962585,-0.10780084878206253,0.517798662185669,0.4599599242210388,-0.1285865604877472,0.6651734709739685,0.3501462936401367,-0.024739867076277733,0.6163336038589478,0.23971660435199738,-0.05604318901896477,0.5690551996231079,0.170798659324646,-0.07753979414701462,0.5264609456062317,0.11712965369224548,-0.08987891674041748,0.7014938592910767,0.3294769525527954,-0.0442645438015461,0.6777117252349854,0.2092151939868927,-0.07754446566104889,0.6420483589172363,0.14394807815551758,-0.09287857264280319,0.6064148545265198,0.09599989652633667,-0.09784892946481705,0.7401671409606934,0.3382243812084198,-0.06639517843723297,0.7536676526069641,0.23115678131580353,-0.09131497889757156,0.7564312815666199,0.15529108047485352,-0.09703551977872849,0.7546031475067139,0.09073394536972046,-0.09639689326286316,Ok
0.7726869583129883,0.6107462048530579,1.4425756944547174e-07,0.6974667310714722,0.6031479835510254,-0.021094447001814842,0.6231748461723328,0.565951943397522,-0.041392382234334946,0.5569397807121277,0.540852427482605,-0.06535129994153976,0.5079005360603333,0.5085096955299377,-0.08877692371606827,0.6447716951370239,0.3966652750968933,-0.015747863799333572,0.5719336867332458,0.3795553743839264,-0.06808889657258987,0.5331031680107117,0.41994941234588623,-0.11090987920761108,0.5179458856582642,0.4608021378517151,-0.13222560286521912,0.6671279668807983,0.3485400378704071,-0.027732010930776596,0.6150116920471191,0.23767878115177155,-0.06092502549290657,0.5672194361686707,0.16992083191871643,-0.08460188657045364,0.5240804553031921,0.11762487888336182,-0.09831546992063522,0.7037009000778198,0.33002960681915283,-0.04694414511322975,0.6785880923271179,0.20869942009449005,-0.0821203738451004,0.6425489187240601,0.1442173719406128,-0.0997714176774025,0.6063731908798218,0.09632450342178345,-0.10609295964241028,0.7425092458724976,0.34031039476394653,-0.06830715388059616,0.755611777305603,0.23210150003433228,-0.09422282129526138,0.7587688565254211,0.1561833769083023,-0.10080210864543915,0.7571513652801514,0.09091219305992126,-0.10079414397478104,Ok
0.7730426788330078,0.6084086894989014,1.333423114147081e-07,0.6973579525947571,0.600797712802887,-0.021273614838719368,0.6235949993133545,0.5621535181999207,-0.04155620187520981,0.5574244260787964,0.5362595319747925,-0.06584261357784271,0.5077478289604187,0.507895290851593,-0.08970349282026291,0.6438889503479004,0.3965696692466736,-0.013466058298945427,0.5728467702865601,0.3748178482055664,-0.06534145027399063,0.5334328413009644,0.4138522744178772,-0.10711681097745895,0.518236517906189,0.45477524399757385,-0.12748518586158752,0.6667657494544983,0.34669798612594604,-0.025384830310940742,0.6161496639251709,0.23711320757865906,-0.05707811936736107,0.5686697959899902,0.1697906255722046,-0.07871557772159576,0.5261353254318237,0.11699366569519043,-0.09099777042865753,0.7036949396133423,0.3272174894809723,-0.04494024068117142,0.6785313487052917,0.20694604516029358,-0.0787297785282135,0.6424737572669983,0.1423167586326599,-0.09434756636619568,0.6067682504653931,0.09394612908363342,-0.09950900077819824,0.7428867816925049,0.3365674316883087,-0.06694961339235306,0.7559084296226501,0.23030178248882294,-0.09220089763402939,0.7586123943328857,0.15457431972026825,-0.0982196182012558,0.7565659880638123,0.0893029272556305,-0.09785575419664383,Ok
0.7727057933807373,0.6036909222602844,1.5907474448795256e-07,0.6983370780944824,0.5996993780136108,-0.023444414138793945,0.6237317323684692,0.5636453032493591,-0.044147174805402756,0.5574340224266052,0.5374331474304199,-0.06838620454072952,0.5087685585021973,0.5060610771179199,-0.09179630130529404,0.6423924565315247,0.39783957600593567,-0.014564146287739277,0.5727589130401611,0.37560251355171204,-0.06640501320362091,0.5343109965324402,0.4137747883796692,-0.10758118331432343,0.520013689994812,0.4537895917892456,-0.127363383769989,0.6652994751930237,0.34643974900245667,-0.02518012933433056,0.615135908126831,0.23674583435058594,-0.05758028104901314,0.5682441592216492,0.168434739112854,-0.0787656232714653,0.5262541770935059,0.11371833086013794,-0.0902484878897667,0.7020549774169922,0.3255617916584015,-0.04366496950387955,0.6776958107948303,0.2066238969564438,-0.07804928719997406,0.6426500082015991,0.1426839530467987,-0.09321945160627365,0.6074393391609192,0.0943598747253418,-0.09744857996702194,0.741675853729248,0.3343717157840729,-0.06480185687541962,0.7541812062263489,0.2289009988307953,-0.09000150859355927,0.7570242285728455,0.15394435822963715,-0.09560015797615051,0.7557241916656494,0.08955937623977661,-0.09456887096166611,Ok
0.7731077671051025,0.6059355735778809,1.4343542886763316e-07,0.6979549527168274,0.6009706854820251,-0.020497271791100502,0.6225211024284363,0.562355637550354,-0.03926185891032219,0.5559751987457275,0.5371260046958923,-0.06174914538860321,0.507673442363739,0.5093191862106323,-0.08378292620182037,0.6412215232849121,0.39684855937957764,-0.012972545810043812,0.5725094676017761,0.37437331676483154,-0.06374494731426239,0.534186601638794,0.41274529695510864,-0.10492180287837982,0.5189418792724609,0.4535315930843353,-0.12517234683036804,0.6643011569976807,0.3466086983680725,-0.024671509861946106,0.6150518655776978,0.2372400313615799,-0.05633256956934929,0.5683898329734802,0.16956555843353271,-0.07820474356412888,0.526589035987854,0.11692887544631958,-0.09062311053276062,0.7012320160865784,0.32694360613822937,-0.04377489537000656,0.6767309904098511,0.20802704989910126,-0.07784034311771393,0.6416908502578735,0.1440725028514862,-0.09415742754936218,0.6071264743804932,0.09590807557106018,-0.09957955032587051,0.7410303354263306,0.33687645196914673,-0.06513019651174545,0.7536484599113464,0.23009826242923737,-0.09072862565517426,0.7575775384902954,0.15519291162490845,-0.09707284718751907,0.757826030254364,0.09082210063934326,-0.0968044251203537,Ok
0.7722676992416382,0.6079745292663574,1.300878125221061e-07,0.696833610534668,0.6018186807632446,-0.01932464726269245,0.6214977502822876,0.5623891949653625,-0.03747685253620148,0.5553111433982849,0.5363867878913879,-0.059517957270145416,0.50690758228302,0.5070275664329529,-0.08117265999317169,0.6419354677200317,0.3968003988265991,-0.011929509229958057,0.5726282000541687,0.3760581314563751,-0.06276893615722656,0.5336939692497253,0.41490593552589417,-0.1043737381696701,0.5178828239440918,0.4555526673793793,-0.12495753914117813,0.6644695997238159,0.3475300669670105,-0.024152591824531555,0.6145567297935486,0.23730777204036713,-0.05568883568048477,0.5677157044410706,0.17008991539478302,-0.07768502086400986,0.5258897542953491,0.11832785606384277,-0.09017173200845718,0.7011809349060059,0.3281925916671753,-0.04367870092391968,0.676676869392395,0.20794934034347534,-0.07776929438114166,0.6415759921073914,0.14305099844932556,-0.0939875915646553,0.6070117950439453,0.09412601590156555,-0.09929638355970383,0.7404603362083435,0.3375758230686188,-0.0653449073433876,0.753448486328125,0.22977861762046814,-0.09105423092842102,0.7573961019515991,0.1543925255537033,-0.09717268496751785,0.7573195695877075,0.08933717012405396,-0.09667479246854782,Ok
0.7718664407730103,0.6070150136947632,1.3952917754522787e-07,0.6978424191474915,0.6014415621757507,-0.02242286689579487,0.6246408820152283,0.5643143653869629,-0.04232395812869072,0.559087336063385,0.5389786958694458,-0.06569866836071014,0.5104873180389404,0.5090306997299194,-0.08861203491687775,0.6410790085792542,0.3989641070365906,-0.013022802770137787,0.5734028220176697,0.37651383876800537,-0.0645129457116127,0.5342231392860413,0.41385969519615173,-0.10637121647596359,0.5182657837867737,0.45297911763191223,-0.12699957191944122,0.6640940308570862,0.34797412157058716,-0.024198995903134346,0.6142403483390808,0.23924541473388672,-0.056095607578754425,0.5673429369926453,0.17168627679347992,-0.07803773134946823,0.5250922441482544,0.11845919489860535,-0.09052561223506927,0.701399564743042,0.32759401202201843,-0.043150801211595535,0.6764494776725769,0.20895379781723022,-0.0773620530962944,0.6413143277168274,0.14413973689079285,-0.09334591776132584,0.606041669845581,0.09534347057342529,-0.09856276214122772,0.7417677640914917,0.33696669340133667,-0.06460167467594147,0.7537371516227722,0.23046299815177917,-0.0898239016532898,0.7563380002975464,0.15536554157733917,-0.09558261185884476,0.754487931728363,0.09095793962478638,-0.09500803798437119,Ok
0.772589921951294,0.606147289276123,1.515442988875293e-07,0.6982722878456116,0.6010023355484009,-0.021761219948530197,0.6245258450508118,0.5632938146591187,-0.04139088839292526,0.5576133131980896,0.5389664769172668,-0.0647377148270607,0.5087416768074036,0.5108302235603333,-0.08751890808343887,0.6417425870895386,0.398326575756073,-0.012289680540561676,0.5728563070297241,0.376129686832428,-0.06338849663734436,0.5344389081001282,0.4146985113620758,-0.10484777390956879,0.5197258591651917,0.4546218812465668,-0.1252640038728714,0.6649557948112488,0.3474113643169403,-0.023741465061903,0.6153363585472107,0.23869594931602478,-0.05579465255141258,0.568135142326355,0.17082065343856812,-0.07801879942417145,0.5259220600128174,0.11742755770683289,-0.09065066277980804,0.7018908262252808,0.32725200057029724,-0.04284800961613655,0.6774031519889832,0.2084835171699524,-0.07674017548561096,0.6424104571342468,0.14410516619682312,-0.09237270057201385,0.6071017980575562,0.09575057029724121,-0.09729946404695511,0.7415165305137634,0.33673039078712463,-0.06444110721349716,0.7537446022033691,0.23054446280002594,-0.08920685946941376,0.7563581466674805,0.15550857782363892,-0.09472911059856415,0.7545220255851746,0.09124287962913513,-0.09395091980695724,Ok
0.7691128253936768,0.6005101203918457,1.4083917676543933e-07,0.6951663494110107,0.5960950255393982,-0.02219470590353012,0.6223204731941223,0.5593699216842651,-0.04208233579993248,0.5564282536506653,0.5354176163673401,-0.06553716957569122,0.5080384612083435,0.5074902772903442,-0.08867175132036209,0.6401631236076355,0.39592504501342773,-0.013355521485209465,0.5725839138031006,0.37401294708251953,-0.06385839730501175,0.5349231362342834,0.4114447832107544,-0.10466029495000839,0.5200088024139404,0.4500720798969269,-0.12479843944311142,0.6630759835243225,0.34491533041000366,-0.024744102731347084,0.6127398610115051,0.23844687640666962,-0.056325189769268036,0.5656103491783142,0.17217227816581726,-0.07855702936649323,0.5231618881225586,0.11942487955093384,-0.09151852130889893,0.7002273201942444,0.32489272952079773,-0.043789178133010864,0.675615131855011,0.20846973359584808,-0.07846670597791672,0.6411796808242798,0.14455527067184448,-0.09641005098819733,0.6067003607749939,0.09606301784515381,-0.1032397523522377,0.7398952841758728,0.33427032828330994,-0.06516285240650177,0.7520111799240112,0.22965778410434723,-0.09150046110153198,0.7556111812591553,0.15541277825832367,-0.09931617975234985,0.7550382018089294,0.09137699007987976,-0.10047654807567596,Ok
0.7704320549964905,0.6012978553771973,1.435460461607363e-07,0.6961075663566589,0.5964629650115967,-0.021272877231240273,0.6229148507118225,0.5594775676727295,-0.04057962819933891,0.5561395287513733,0.5362249612808228,-0.06362349539995193,0.5077335238456726,0.5086879730224609,-0.08620641380548477,0.640754222869873,0.3949354290962219,-0.01200561597943306,0.5724201798439026,0.3742590546607971,-0.06268463283777237,0.5347810983657837,0.4124387204647064,-0.1039753258228302,0.5200980305671692,0.4518176019191742,-0.12445612996816635,0.6635605692863464,0.3439583480358124,-0.023585963994264603,0.6131770610809326,0.23750294744968414,-0.055667944252491,0.5661942958831787,0.17042991518974304,-0.07820840924978256,0.5238496661186218,0.11779820919036865,-0.09125163406133652,0.7005549669265747,0.32387304306030273,-0.04279976338148117,0.6759198904037476,0.2071913778781891,-0.07725494354963303,0.6414622664451599,0.14315053820610046,-0.09455735981464386,0.6067372560501099,0.0949033796787262,-0.10078912228345871,0.7399652004241943,0.3331616222858429,-0.06434033066034317,0.7519121170043945,0.22792406380176544,-0.08995679020881653,0.7552803754806519,0.1539766490459442,-0.09699080139398575,0.7546057105064392,0.0905502438545227,-0.09748636186122894,Ok
0.7696009874343872,0.6012333631515503,1.4235132539397455e-07,0.6951592564582825,0.5958388447761536,-0.02124149724841118,0.6224706768989563,0.5596824288368225,-0.04058945178985596,0.5562090277671814,0.5364319086074829,-0.06367724388837814,0.508093535900116,0.507538378238678,-0.08633159846067429,0.6405022144317627,0.39524897933006287,-0.012014425359666348,0.5728068351745605,0.3743829131126404,-0.06277579069137573,0.5345995426177979,0.4123217761516571,-0.10411428660154343,0.5193147659301758,0.4516489505767822,-0.12456715852022171,0.6632887721061707,0.3443138897418976,-0.02348567731678486,0.6135488748550415,0.2374182790517807,-0.055689141154289246,0.5666882991790771,0.17043641209602356,-0.07818755507469177,0.5242510437965393,0.1176798939704895,-0.09117502719163895,0.7001122236251831,0.3239957392215729,-0.04256931319832802,0.675792932510376,0.2074262946844101,-0.07716315984725952,0.6411793828010559,0.14361035823822021,-0.09442389756441116,0.6064256429672241,0.09552258253097534,-0.10054722428321838,0.7394894957542419,0.3332657516002655,-0.06396486610174179,0.75166916847229,0.22814710438251495,-0.08947942405939102,0.7550114989280701,0.15412531793117523,-0.09630370140075684,0.7544318437576294,0.09066882729530334,-0.09661523997783661,Ok
0.7707863450050354,0.6012247204780579,1.4684367499739892e-07,0.6955873370170593,0.59618079662323,-0.021761121228337288,0.6214537024497986,0.5592386722564697,-0.04093743860721588,0.5557083487510681,0.5332690477371216,-0.06350294500589371,0.5081886053085327,0.5021904110908508,-0.08551944047212601,0.639607310295105,0.3956979811191559,-0.01328713446855545,0.5719223022460938,0.3736218810081482,-0.06445571780204773,0.5344883799552917,0.41110602021217346,-0.10592197626829147,0.5198487043380737,0.45082592964172363,-0.12633033096790314,0.6632179617881775,0.3446294069290161,-0.024470336735248566,0.6133964657783508,0.23585161566734314,-0.057056523859500885,0.5664139986038208,0.16829490661621094,-0.07954154908657074,0.5237345099449158,0.11635029315948486,-0.09225939214229584,0.7006638646125793,0.32422876358032227,-0.04321981593966484,0.6767224073410034,0.20617419481277466,-0.07833893597126007,0.6420113444328308,0.14273717999458313,-0.09540355950593948,0.606827974319458,0.09557974338531494,-0.10111755132675171,0.7404608726501465,0.33387643098831177,-0.06422724574804306,0.752606987953186,0.22839157283306122,-0.09030652046203613,0.7555660605430603,0.15438319742679596,-0.09686259180307388,0.7546629309654236,0.09121444821357727,-0.09671154618263245,Ok
0.7709213495254517,0.5978448390960693,1.4851229934720322e-07,0.6966270208358765,0.5950454473495483,-0.023257534950971603,0.622702956199646,0.5583701729774475,-0.04300179332494736,0.5569469928741455,0.5325146913528442,-0.06582529842853546,0.5087639093399048,0.5020760297775269,-0.08816376328468323,0.6384245753288269,0.3967001140117645,-0.015016322955489159,0.5718859434127808,0.373240202665329,-0.06560200452804565,0.534218966960907,0.4102000594139099,-0.10603035986423492,0.519746720790863,0.44924938678741455,-0.12586849927902222,0.6620287299156189,0.34480103850364685,-0.025465277954936028,0.6124230623245239,0.23694507777690887,-0.0571763701736927,0.5660370588302612,0.17024961113929749,-0.07856705784797668,0.524215042591095,0.11752423644065857,-0.09073997288942337,0.6998763084411621,0.3239552080631256,-0.0435355119407177,0.6751042008399963,0.20676952600479126,-0.07790699601173401,0.6406946182250977,0.14275258779525757,-0.09399175643920898,0.6058482527732849,0.09413027763366699,-0.09941085427999496,0.7410402894020081,0.33310291171073914,-0.06405399739742279,0.752784252166748,0.22786307334899902,-0.08977287262678146,0.7561855912208557,0.1541227251291275,-0.09583605825901031,0.7555312514305115,0.09105139970779419,-0.09553401917219162,Ok
0.7635183334350586,0.5981573462486267,1.502740900605204e-07,0.6911255121231079,0.5945921540260315,-0.02172212488949299,0.6188966631889343,0.55881667137146,-0.040947817265987396,0.5541842579841614,0.5339003801345825,-0.06359079480171204,0.5072653293609619,0.5037233233451843,-0.08570880442857742,0.6357216835021973,0.3987458050251007,-0.013438067398965359,0.5692121386528015,0.3755000829696655,-0.06254944205284119,0.5322309732437134,0.41173702478408813,-0.10173823684453964,0.5182229280471802,0.4497314989566803,-0.12086298316717148,0.6588512063026428,0.347189724445343,-0.024409405887126923,0.6098313331604004,0.23939353227615356,-0.05579502880573273,0.5640236139297485,0.17286460101604462,-0.07726198434829712,0.5226584672927856,0.11980187892913818,-0.08947431296110153,0.695654571056366,0.32588762044906616,-0.042770225554704666,0.6715297698974609,0.21003739535808563,-0.0766737088561058,0.6378458738327026,0.14611674845218658,-0.09334129095077515,0.6037712693214417,0.09751427173614502,-0.09922051429748535,0.7355858683586121,0.33405783772468567,-0.06341685354709625,0.747285783290863,0.23077431321144104,-0.0884363055229187,0.7505792379379272,0.15766692161560059,-0.0949661135673523,0.7497429251670837,0.09525826573371887,-0.09521200507879257,Ok
0.6893086433410645,0.6515302658081055,5.5312682434305316e-08,0.6474751234054565,0.6470916271209717,-0.01017061434686184,0.6074050068855286,0.6263765692710876,-0.020027415826916695,0.5736434459686279,0.6109925508499146,-0.031968675553798676,0.5505636930465698,0.5854806900024414,-0.043464403599500656,0.6199179291725159,0.5325793623924255,-0.004259384237229824,0.5827098488807678,0.5204858779907227,-0.02978004328906536,0.5623937249183655,0.5405270457267761,-0.051580119878053665,0.5540759563446045,0.5615941882133484,-0.06266475468873978,0.6318643093109131,0.5090081691741943,-0.011185752227902412,0.6057905554771423,0.4489632546901703,-0.028307445347309113,0.579448401927948,0.41577792167663574,-0.04127330705523491,0.5552524328231812,0.39158162474632263,-0.04867485910654068,0.6511430740356445,0.5010007619857788,-0.021943382918834686,0.6374068856239319,0.4378441572189331,-0.03919190540909767,0.6165001392364502,0.4043157696723938,-0.048414457589387894,0.5953754782676697,0.3790246844291687,-0.05197638273239136,0.6720758676528931,0.5084044933319092,-0.03389272838830948,0.6753788590431213,0.4520721435546875,-0.04538227245211601,0.6739112734794617,0.41387176513671875,-0.04779994860291481,0.6704333424568176,0.38194820284843445,-0.04749680310487747,Ok
0.6904820799827576,0.6518199443817139,4.947267484567419e-08,0.648255467414856,0.6463269591331482,-0.009558095596730709,0.6083768010139465,0.6255141496658325,-0.01932476833462715,0.5743337869644165,0.610327959060669,-0.03130427747964859,0.5511686205863953,0.5850363373756409,-0.042838145047426224,0.6214382648468018,0.5330380797386169,-0.003929403610527515,0.5839979648590088,0.5212149620056152,-0.029377495869994164,0.5627877116203308,0.5409272909164429,-0.050938092172145844,0.5537953972816467,0.5618195533752441,-0.061746589839458466,0.6325843334197998,0.5093472599983215,-0.010993193835020065,0.605342447757721,0.4495263695716858,-0.028393127024173737,0.5790011286735535,0.41603338718414307,-0.04084625840187073,0.5551684498786926,0.391546368598938,-0.047577153891325,0.6509493589401245,0.5011075139045715,-0.02177545428276062,0.6373373866081238,0.4379193186759949,-0.038678888231515884,0.617213785648346,0.4037395715713501,-0.04672464355826378,0.5966944694519043,0.37773096561431885,-0.04926753789186478,0.6709131002426147,0.5087036490440369,-0.03378991410136223,0.6745665073394775,0.4528927206993103,-0.04456479474902153,0.6737173795700073,0.41428911685943604,-0.045985009521245956,0.6712232232093811,0.3820396661758423,-0.044812191277742386,Ok
0.6911591291427612,0.6504079103469849,5.792539425897303e-08,0.649462878704071,0.6441125869750977,-0.009978160262107849,0.6095505356788635,0.6244766712188721,-0.020311307162046432,0.5758631229400635,0.609061598777771,-0.03298434987664223,0.5531184077262878,0.5834434628486633,-0.045286573469638824,0.6205011010169983,0.5327146053314209,-0.0034230060409754515,0.5842164158821106,0.5191406607627869,-0.029696403071284294,0.5635915398597717,0.5378028154373169,-0.0520106703042984,0.5548875331878662,0.5590080618858337,-0.06321396678686142,0.6322265863418579,0.5096120238304138,-0.01048488449305296,0.6073652505874634,0.4490094780921936,-0.02775980345904827,0.5819636583328247,0.4155498445034027,-0.040572114288806915,0.5581468939781189,0.3907512128353119,-0.04776676744222641,0.6508229374885559,0.5011916160583496,-0.02152543142437935,0.637488603591919,0.4378204941749573,-0.03854219987988472,0.6175881624221802,0.4039596915245056,-0.04706498980522156,0.5973120927810669,0.3778979182243347,-0.05022609606385231,0.6711906790733337,0.5080671310424805,-0.03388102725148201,0.6753852963447571,0.45258674025535583,-0.04522436484694481,0.6753045916557312,0.4144172668457031,-0.04720830172300339,0.6732296347618103,0.38181644678115845,-0.04658083990216255,Ok
0.6915261149406433,0.6507881283760071,6.78661606912101e-08,0.649360716342926,0.6452628374099731,-0.010682554915547371,0.609319806098938,0.625196099281311,-0.021356841549277306,0.5753754377365112,0.6091533899307251,-0.03432340919971466,0.5528834462165833,0.5826539397239685,-0.04680750146508217,0.6202043294906616,0.5324856638908386,-0.0036478517577052116,0.582544207572937,0.5193076729774475,-0.029905062168836594,0.5620161890983582,0.5397622585296631,-0.051972344517707825,0.5544647574424744,0.562652051448822,-0.0629555955529213,0.6319100856781006,0.5091627836227417,-0.010328906588256359,0.6064358353614807,0.4490547180175781,-0.027289224788546562,0.5805174112319946,0.41613179445266724,-0.039555758237838745,0.5563399195671082,0.3913941979408264,-0.046301715075969696,0.650567889213562,0.5006980895996094,-0.02109028957784176,0.637317955493927,0.4374862611293793,-0.03784920647740364,0.6175685524940491,0.4031982421875,-0.045622654259204865,0.5974307656288147,0.37677937746047974,-0.04827035591006279,0.6709801554679871,0.5079768300056458,-0.03328482806682587,0.6755257844924927,0.452860027551651,-0.04475202411413193,0.6755305528640747,0.41469115018844604,-0.04641725495457649,0.6734930276870728,0.38204386830329895,-0.04542561620473862,Ok
0.6904903054237366,0.6508771181106567,6.436199129211673e-08,0.6488344073295593,0.6448671221733093,-0.0109126977622509,0.6090397834777832,0.6248273253440857,-0.021859338507056236,0.57549649477005,0.6082541942596436,-0.0349423848092556,0.5539465546607971,0.579212486743927,-0.04760633409023285,0.6214115619659424,0.5318422913551331,-0.005147112067788839,0.5846930146217346,0.5175330638885498,-0.03159124031662941,0.5636296272277832,0.536596953868866,-0.05376143380999565,0.5550874471664429,0.558414876461029,-0.0648622214794159,0.6330505013465881,0.5091823935508728,-0.011675728484988213,0.6072922348976135,0.4485499858856201,-0.028706934303045273,0.5812212228775024,0.41498124599456787,-0.04113026708364487,0.5570067763328552,0.3892790675163269,-0.048218581825494766,0.6520761251449585,0.5009325742721558,-0.022176390513777733,0.6378189921379089,0.4375302791595459,-0.039071716368198395,0.617559015750885,0.40391385555267334,-0.04724624380469322,0.5970747470855713,0.3780187964439392,-0.050293851643800735,0.6731634140014648,0.5078531503677368,-0.034053120762109756,0.6763222217559814,0.4516199231147766,-0.04554812237620354,0.6759122610092163,0.41364723443984985,-0.04740171507000923,0.6736643314361572,0.3814239501953125,-0.046694133430719376,Ok
0.6902828216552734,0.6501966714859009,6.438361310756591e-08,0.6488141417503357,0.6442450284957886,-0.011222360655665398,0.6094089150428772,0.6244502067565918,-0.02250431664288044,0.5758559107780457,0.6086428761482239,-0.03599100559949875,0.5535185933113098,0.5815542340278625,-0.04913284629583359,0.6218647360801697,0.5316488146781921,-0.005168978124856949,0.584520697593689,0.5182830691337585,-0.03186839446425438,0.5635511875152588,0.5379993319511414,-0.054300352931022644,0.5553802847862244,0.5605074167251587,-0.06547749042510986,0.6333947777748108,0.5085743069648743,-0.011810405179858208,0.6071385741233826,0.44829580187797546,-0.029097486287355423,0.5812345743179321,0.4148859977722168,-0.0417201854288578,0.5573466420173645,0.38971272110939026,-0.04872182756662369,0.651968240737915,0.5003159642219543,-0.02246951125562191,0.6380634307861328,0.43784773349761963,-0.0394672229886055,0.618333101272583,0.40407794713974,-0.04771874099969864,0.5983856916427612,0.37795141339302063,-0.050687190145254135,0.6722604036331177,0.5076523423194885,-0.03456610068678856,0.6760708689689636,0.4529578387737274,-0.046108197420835495,0.6763357520103455,0.41515207290649414,-0.047955047339200974,0.6748161911964417,0.38310497999191284,-0.04713117703795433,Ok
0.6917675137519836,0.6492646932601929,5.794798241254284e-08,0.6498894095420837,0.6440992951393127,-0.0102895088493824,0.6093596816062927,0.6233237981796265,-0.020622067153453827,0.5751197934150696,0.6074033379554749,-0.03313952311873436,0.5524159669876099,0.5820328593254089,-0.04513462632894516,0.622418999671936,0.5314359068870544,-0.004672668408602476,0.584700345993042,0.5170658826828003,-0.03082817979156971,0.5638731122016907,0.536899983882904,-0.052524734288454056,0.5554711222648621,0.5596378445625305,-0.06314832717180252,0.6341503262519836,0.508355975151062,-0.011444338597357273,0.6080026626586914,0.44669169187545776,-0.028580501675605774,0.5820283889770508,0.4136175215244293,-0.040706418454647064,0.5580251216888428,0.3892553448677063,-0.04725084453821182,0.6527857780456543,0.49995511770248413,-0.0221110749989748,0.6386638879776001,0.43698540329933167,-0.03895293176174164,0.6183245778083801,0.4040020704269409,-0.046966515481472015,0.598013699054718,0.37866830825805664,-0.04958987236022949,0.6727792620658875,0.5068138837814331,-0.03410043194890022,0.6759843230247498,0.45149558782577515,-0.04513101652264595,0.6758030652999878,0.41366809606552124,-0.04672840237617493,0.6739489436149597,0.38141074776649475,-0.04571661353111267,Ok
0.6924227476119995,0.6494006514549255,5.8364523880527486e-08,0.6502454876899719,0.6441144347190857,-0.01024886779487133,0.6094909906387329,0.6236814260482788,-0.02054937183856964,0.5750311613082886,0.6078938841819763,-0.03308232128620148,0.5522797107696533,0.5825796127319336,-0.04513424262404442,0.6221409440040588,0.5314358472824097,-0.004432479850947857,0.5844808220863342,0.5171166658401489,-0.030687009915709496,0.5636566877365112,0.5368845462799072,-0.0524432510137558,0.555205225944519,0.5596846342086792,-0.06304550915956497,0.6339708566665649,0.5081223845481873,-0.011198758147656918,0.6078469157218933,0.44646090269088745,-0.028274286538362503,0.5819212198257446,0.4134288430213928,-0.04027461260557175,0.5579282641410828,0.38932186365127563,-0.04663863405585289,0.6527996063232422,0.49968647956848145,-0.02189491130411625,0.6382114887237549,0.43657153844833374,-0.038843389600515366,0.6177046895027161,0.40363389253616333,-0.04675755277276039,0.597337007522583,0.3785388469696045,-0.049188125878572464,0.6730446219444275,0.5067099928855896,-0.033906105905771255,0.6760646104812622,0.451330304145813,-0.04525001347064972,0.6758732199668884,0.41345471143722534,-0.04689022898674011,0.6740903258323669,0.38120073080062866,-0.04574861750006676,Ok
0.6921554803848267,0.6493821144104004,5.684541903860918e-08,0.6501882076263428,0.6438809037208557,-0.009666024707257748,0.609573483467102,0.6235052943229675,-0.01964137889444828,0.5752561092376709,0.607872486114502,-0.03192736953496933,0.5527503490447998,0.5821778774261475,-0.04381407052278519,0.6219345331192017,0.5315873622894287,-0.004082427825778723,0.5846379995346069,0.5173926949501038,-0.030151093378663063,0.5637087821960449,0.5366742014884949,-0.05187968909740448,0.5549761652946472,0.5590390563011169,-0.06251576542854309,0.6337133049964905,0.508378267288208,-0.011006210930645466,0.6077367663383484,0.446519136428833,-0.027909355238080025,0.5819177031517029,0.4132973551750183,-0.03994084894657135,0.5579774379730225,0.38906246423721313,-0.04639705643057823,0.6524817943572998,0.4998878240585327,-0.021779224276542664,0.637863039970398,0.4363347291946411,-0.038562968373298645,0.6174516677856445,0.40315836668014526,-0.046581048518419266,0.5971035361289978,0.3778918385505676,-0.04916395619511604,0.6727976202964783,0.5067599415779114,-0.03379841148853302,0.6758859157562256,0.45113253593444824,-0.045019641518592834,0.6757627129554749,0.4131912291049957,-0.046667683869600296,0.6739660501480103,0.3808913826942444,-0.04559020325541496,Ok
0.6925781965255737,0.6501889824867249,4.928339691900874e-08,0.6507909893989563,0.644490122795105,-0.010294225998222828,0.6100801229476929,0.6236214637756348,-0.020002566277980804,0.5763627886772156,0.6082719564437866,-0.031876739114522934,0.5550912618637085,0.5815963745117188,-0.043475549668073654,0.6207748651504517,0.5311409831047058,-0.0027308783028274775,0.5856300592422485,0.5184980630874634,-0.02894607000052929,0.5657819509506226,0.5366479158401489,-0.0516948401927948,0.5574089884757996,0.55760657787323,-0.06330414861440659,0.6329047679901123,0.5070521235466003,-0.009607329964637756,0.6082689762115479,0.44745469093322754,-0.026675987988710403,0.5826687812805176,0.4143374562263489,-0.039871908724308014,0.5589839220046997,0.3908819556236267,-0.04731285199522972,0.6523157358169556,0.4985962510108948,-0.020546840503811836,0.6381133198738098,0.43540725111961365,-0.03776264935731888,0.6178697347640991,0.4016345739364624,-0.046899665147066116,0.5973676443099976,0.37590083479881287,-0.05037476494908333,0.6734548211097717,0.5064249634742737,-0.03278049826622009,0.6767428517341614,0.45120304822921753,-0.04443218559026718,0.6763166785240173,0.41350722312927246,-0.0467057079076767,0.6739935278892517,0.38153189420700073,-0.04620477929711342,Ok
0.6922033429145813,0.6491742134094238,5.262496571845077e-08,0.6506526470184326,0.6437516212463379,-0.010491164401173592,0.6102613806724548,0.6237223148345947,-0.020511601120233536,0.576592743396759,0.6085731983184814,-0.03258431330323219,0.5548298358917236,0.5823280215263367,-0.044364962726831436,0.6211424469947815,0.5313299298286438,-0.004013495985418558,0.5853074193000793,0.5179888010025024,-0.03002116270363331,0.5655409693717957,0.5372006297111511,-0.0523848794400692,0.5575776696205139,0.5590528845787048,-0.0637463852763176,0.6328997611999512,0.5073596835136414,-0.010609042830765247,0.6077205538749695,0.4474017918109894,-0.02741168811917305,0.5823030471801758,0.4146547317504883,-0.04018353298306465,0.5587844848632812,0.39097490906715393,-0.04745345935225487,0.6518458127975464,0.49874743819236755,-0.021151242777705193,0.6378263831138611,0.4354090094566345,-0.03791964799165726,0.6178162097930908,0.40159839391708374,-0.046810343861579895,0.5975343585014343,0.37572067975997925,-0.05032435432076454,0.672661304473877,0.5062686204910278,-0.033004503697156906,0.6762587428092957,0.4510856568813324,-0.04438607022166252,0.6760919690132141,0.41337090730667114,-0.04656481742858887,0.6740434765815735,0.38145095109939575,-0.04610568284988403,Ok
0.692016065120697,0.6499574184417725,5.4682825378904454e-08,0.650230348110199,0.6454144716262817,-0.010743619874119759,0.6100271940231323,0.6247594356536865,-0.020896734669804573,0.5764310359954834,0.6086632013320923,-0.033173494040966034,0.5551234483718872,0.5810617804527283,-0.045201774686574936,0.6206898093223572,0.5319496393203735,-0.0037828211206942797,0.5851871371269226,0.5187065601348877,-0.029638322070240974,0.5650062561035156,0.537086009979248,-0.05167276784777641,0.5566501021385193,0.5578683018684387,-0.06285225600004196,0.6330840587615967,0.5076199769973755,-0.010501272976398468,0.6086946725845337,0.44804033637046814,-0.027028046548366547,0.583231508731842,0.41485777497291565,-0.03957069292664528,0.5596680641174316,0.3906641900539398,-0.04671403020620346,0.6525819897651672,0.49903661012649536,-0.02124960906803608,0.6385015249252319,0.4368033707141876,-0.03801983222365379,0.6186487078666687,0.4024146795272827,-0.046772949397563934,0.598538339138031,0.3758696913719177,-0.050236526876688004,0.6739479899406433,0.5066919326782227,-0.03335602208971977,0.67726731300354,0.45213019847869873,-0.04511220380663872,0.6770366430282593,0.4143521189689636,-0.047479864209890366,0.6750680208206177,0.3821517527103424,-0.04710482060909271,Ok
0.6916694045066833,0.6503607034683228,5.043017736738875e-08,0.6500152349472046,0.6454036831855774,-0.010845055803656578,0.6100821495056152,0.6247820854187012,-0.021374348551034927,0.5765159130096436,0.6082440614700317,-0.034016866236925125,0.5549675822257996,0.5811789631843567,-0.04631518945097923,0.6221815943717957,0.532019853591919,-0.004877541679888964,0.5858373045921326,0.5166212320327759,-0.031173938885331154,0.5645995140075684,0.5359384417533875,-0.05341550335288048,0.5555202960968018,0.5585280656814575,-0.06456455588340759,0.6338557004928589,0.5086409449577332,-0.011286946944892406,0.6089335083961487,0.4485864043235779,-0.02798089198768139,0.5830501914024353,0.4157978892326355,-0.040229905396699905,0.5590063333511353,0.39156872034072876,-0.04713794216513634,0.6528521776199341,0.500056266784668,-0.021688302978873253,0.6386389136314392,0.4368014335632324,-0.0383756048977375,0.6183325052261353,0.4034629166126251,-0.04655981808900833,0.5980691313743591,0.3781476616859436,-0.04955963417887688,0.6738571524620056,0.5070195198059082,-0.03349117189645767,0.6773328185081482,0.4512231647968292,-0.04510507360100746,0.6773425340652466,0.4131775200366974,-0.04717780649662018,0.6756893396377563,0.38103485107421875,-0.04652736335992813,Ok
0.6911675930023193,0.6501114964485168,4.7945601266974336e-08,0.6497194766998291,0.644871175289154,-0.011055107228457928,0.6100074648857117,0.6246427297592163,-0.021723277866840363,0.5765284299850464,0.608360767364502,-0.034444551914930344,0.5551245212554932,0.5816376209259033,-0.046821460127830505,0.6225954294204712,0.5321782231330872,-0.005108198616653681,0.5861784815788269,0.516682505607605,-0.03147153556346893,0.5648655891418457,0.535964846611023,-0.05384598672389984,0.5557577610015869,0.5584177374839783,-0.06511694937944412,0.6341729760169983,0.5086203813552856,-0.011420981958508492,0.6091399788856506,0.4488605260848999,-0.028280097991228104,0.5832397937774658,0.41605138778686523,-0.040721822530031204,0.5592728853225708,0.39182785153388977,-0.047793205827474594,0.6529284715652466,0.4998790919780731,-0.021717775613069534,0.6395912766456604,0.43665850162506104,-0.0384196862578392,0.619551956653595,0.4031628370285034,-0.04672970250248909,0.5994305610656738,0.3778208792209625,-0.04985576495528221,0.6735520958900452,0.5067724585533142,-0.03343337029218674,0.6774517297744751,0.45155972242355347,-0.04496677592396736,0.6775275468826294,0.41364142298698425,-0.04707261919975281,0.6759065985679626,0.381648451089859,-0.04649033769965172,Ok
0.6928153038024902,0.6500775218009949,4.941506404065876e-08,0.6505557894706726,0.6460592150688171,-0.01066187210381031,0.6101846098899841,0.6248140931129456,-0.020973412320017815,0.5765982270240784,0.608612596988678,-0.03344200178980827,0.5548597574234009,0.5828186273574829,-0.045569367706775665,0.6225628852844238,0.5312404632568359,-0.004814652726054192,0.5851240158081055,0.5176258087158203,-0.030587635934352875,0.5646606683731079,0.5377030372619629,-0.05228270962834358,0.5565599203109741,0.5601468682289124,-0.0631500631570816,0.6347485184669495,0.5073193311691284,-0.011629284359514713,0.6096607446670532,0.4477948546409607,-0.028180686756968498,0.583708643913269,0.4152093529701233,-0.04025109484791756,0.5595769286155701,0.39145949482917786,-0.046928662806749344,0.6539259552955627,0.49930232763290405,-0.02235589735209942,0.6403540372848511,0.4369902014732361,-0.039004046469926834,0.6200572848320007,0.40355002880096436,-0.047159627079963684,0.5996952652931213,0.3780919313430786,-0.050072360783815384,0.6744710206985474,0.5075322389602661,-0.03447054326534271,0.6781724691390991,0.45338350534439087,-0.04642193019390106,0.678063154220581,0.4153744578361511,-0.04872995615005493,0.6764258146286011,0.38295549154281616,-0.04810633137822151,Ok
0.6933732032775879,0.6509059071540833,4.995056812617804e-08,0.6508182883262634,0.646256148815155,-0.010354011319577694,0.6103467345237732,0.624710202217102,-0.02058020606637001,0.5765218138694763,0.6084446907043457,-0.033060222864151,0.5548626780509949,0.5822088122367859,-0.04522934556007385,0.6224799752235413,0.531313419342041,-0.004247528035193682,0.5851482152938843,0.5175151824951172,-0.030073916539549828,0.5646595358848572,0.537489116191864,-0.05192077159881592,0.5565795302391052,0.5600214004516602,-0.06290458142757416,0.6346288323402405,0.5073344111442566,-0.01119525171816349,0.6098111271858215,0.44745510816574097,-0.02788645774126053,0.5837000012397766,0.414874404668808,-0.04018610343337059,0.5594064593315125,0.3913343548774719,-0.04704902321100235,0.6536553502082825,0.4993230998516083,-0.02205350622534752,0.64016193151474,0.43639153242111206,-0.038738179951906204,0.6199167966842651,0.4027571678161621,-0.04700451344251633,0.5996879935264587,0.37717100977897644,-0.050036512315273285,0.6740259528160095,0.5076687335968018,-0.034274160861968994,0.6778247356414795,0.4532054662704468,-0.04620867595076561,0.6778818368911743,0.41514289379119873,-0.048518821597099304,0.676482081413269,0.3826923966407776,-0.04793563112616539,Ok
0.6937272548675537,0.6511720418930054,5.118757684385855e-08,0.6512085795402527,0.646269679069519,-0.010168924927711487,0.610772430896759,0.6248655915260315,-0.020395321771502495,0.5769522786140442,0.6088727116584778,-0.03295701742172241,0.5552509427070618,0.582412838935852,-0.04525141790509224,0.6224558353424072,0.5312031507492065,-0.0040492163971066475,0.5851123332977295,0.5176463723182678,-0.029937157407402992,0.5645803213119507,0.5375427007675171,-0.051813699305057526,0.5565624237060547,0.5600613951683044,-0.06279405206441879,0.6345946788787842,0.5072822570800781,-0.011131449602544308,0.6100420355796814,0.4471951723098755,-0.02783389575779438,0.5838267803192139,0.4147055745124817,-0.04004933312535286,0.5592610836029053,0.3913552761077881,-0.046843521296978,0.6535446643829346,0.499327152967453,-0.02214442566037178,0.6402446031570435,0.43609145283699036,-0.038840655237436295,0.6200010776519775,0.40230822563171387,-0.04703750088810921,0.5996484756469727,0.37664884328842163,-0.050036706030368805,0.6737460494041443,0.507805585861206,-0.034511059522628784,0.6776930093765259,0.45318418741226196,-0.04646550118923187,0.6778320670127869,0.4149255156517029,-0.04873282462358475,0.6764764785766602,0.3822592496871948,-0.0481230691075325,Ok
0.6931660175323486,0.6507949233055115,4.603317194096235e-08,0.6511556506156921,0.6443873643875122,-0.009583394043147564,0.6109253168106079,0.6231489777565002,-0.019559262320399284,0.5771386027336121,0.6076096892356873,-0.03191036731004715,0.5560005307197571,0.5807401537895203,-0.044077999889850616,0.6233904361724854,0.5307348966598511,-0.0035522831603884697,0.5869855284690857,0.5168104767799377,-0.029431503266096115,0.5656756162643433,0.5358168482780457,-0.05154617875814438,0.5566099286079407,0.5574529767036438,-0.06273410469293594,0.6348429322242737,0.5077206492424011,-0.010541536845266819,0.6093165278434753,0.4480818510055542,-0.0270925872027874,0.5832023620605469,0.41521069407463074,-0.03940992429852486,0.5591076016426086,0.39068329334259033,-0.04643625393509865,0.6537033319473267,0.49960219860076904,-0.0214096587151289,0.6397528648376465,0.4355100393295288,-0.037801846861839294,0.6191325783729553,0.4011802077293396,-0.04623595252633095,0.5985268950462341,0.37511545419692993,-0.04956512153148651,0.6743393540382385,0.5075374245643616,-0.03356422483921051,0.6785902976989746,0.4515783190727234,-0.044967953115701675,0.6785670518875122,0.412834107875824,-0.04722682759165764,0.6768119931221008,0.3798600137233734,-0.04684080183506012,Ok
0.692690908908844,0.650841236114502,5.007153092151384e-08,0.6510328054428101,0.644599437713623,-0.009704950265586376,0.6109267473220825,0.6233058571815491,-0.019463321194052696,0.5770387053489685,0.6075209379196167,-0.03150629624724388,0.5558945536613464,0.581233561038971,-0.04325994476675987,0.6236761212348938,0.53152996301651,-0.0037514788564294577,0.5869970321655273,0.5171042084693909,-0.029343832284212112,0.5659278631210327,0.5358079671859741,-0.05099906399846077,0.5571221113204956,0.5574071407318115,-0.061821579933166504,0.6349620819091797,0.5080588459968567,-0.010609613731503487,0.6094762682914734,0.44806548953056335,-0.027309508994221687,0.5832328796386719,0.41500532627105713,-0.039517518132925034,0.5592241287231445,0.3908252716064453,-0.04630431532859802,0.6533109545707703,0.4995131492614746,-0.02129526250064373,0.6402679681777954,0.43539243936538696,-0.03777243569493294,0.6195409893989563,0.40121591091156006,-0.046146731823682785,0.5989069938659668,0.3756867051124573,-0.04928717389702797,0.6732832193374634,0.5070559978485107,-0.033270131796598434,0.6785063147544861,0.4514390230178833,-0.0445997528731823,0.6788544058799744,0.41274088621139526,-0.04682719334959984,0.6774277687072754,0.3802335858345032,-0.046324722468853,Ok
0.6924994587898254,0.6511773467063904,4.953597354528938e-08,0.65079665184021,0.64543616771698,-0.009777273051440716,0.6108549237251282,0.6241981387138367,-0.01958492398262024,0.5770396590232849,0.6086698770523071,-0.03161821514368057,0.554044246673584,0.5839309692382812,-0.0433756448328495,0.6240642070770264,0.5307292342185974,-0.0044551086612045765,0.5865724682807922,0.5173162221908569,-0.0300328116863966,0.5652748346328735,0.5374346375465393,-0.051761381328105927,0.556320071220398,0.560109555721283,-0.06265856325626373,0.6352113485336304,0.5074114799499512,-0.011465402320027351,0.6095876693725586,0.4471878707408905,-0.02832070179283619,0.5831969380378723,0.4145476222038269,-0.04064195230603218,0.5587443709373474,0.390997976064682,-0.047435980290174484,0.6534019708633423,0.4994785785675049,-0.022233884781599045,0.640337347984314,0.43601101636886597,-0.03898290917277336,0.620067298412323,0.40203940868377686,-0.04749711602926254,0.5996898412704468,0.3764486312866211,-0.05064111202955246,0.6730706691741943,0.5075253844261169,-0.03427357226610184,0.678031861782074,0.45212414860725403,-0.04587263613939285,0.6784975528717041,0.41336166858673096,-0.048107389360666275,0.6773815155029297,0.380541056394577,-0.04754875972867012,Ok
0.6941253542900085,0.6506534814834595,5.0589274991352795e-08,0.6517189145088196,0.6454389095306396,-0.009418877772986889,0.6105331778526306,0.6244442462921143,-0.019076315686106682,0.5755488276481628,0.6082755327224731,-0.031162874773144722,0.5538725852966309,0.5828304886817932,-0.04269088804721832,0.6236844062805176,0.5327237248420715,-0.002865153830498457,0.5857876539230347,0.5178074240684509,-0.028320645913481712,0.5650149583816528,0.537034809589386,-0.04967345669865608,0.5565605759620667,0.5589566826820374,-0.06015806645154953,0.635492742061615,0.5091244578361511,-0.009803861379623413,0.6093105673789978,0.44872283935546875,-0.026261325925588608,0.5834101438522339,0.4150329828262329,-0.038010746240615845,0.5596916675567627,0.39022210240364075,-0.044419065117836,0.6537468433380127,0.5003378391265869,-0.020641475915908813,0.6393839716911316,0.4372532367706299,-0.03657498583197594,0.619278073310852,0.4037337899208069,-0.043935324996709824,0.5993520617485046,0.3778553307056427,-0.046318527311086655,0.6733991503715515,0.5068742632865906,-0.032859355211257935,0.6774513125419617,0.4522590637207031,-0.043501097708940506,0.677834153175354,0.4141053557395935,-0.04514067620038986,0.6766388416290283,0.38126540184020996,-0.044202711433172226,Ok
0.6944993734359741,0.6504749059677124,4.8878874281399476e-08,0.6514903903007507,0.6463608741760254,-0.009989358484745026,0.609658420085907,0.625184178352356,-0.019787978380918503,0.5747355818748474,0.6088270545005798,-0.03195197507739067,0.5528299808502197,0.5822843313217163,-0.04365096241235733,0.622280478477478,0.5325007438659668,-0.0027597472071647644,0.5849312543869019,0.5167514681816101,-0.0285072959959507,0.5643196105957031,0.535866379737854,-0.050178203731775284,0.555741548538208,0.5581150054931641,-0.06084694713354111,0.6344906091690063,0.508829653263092,-0.009463873691856861,0.6088886260986328,0.448853462934494,-0.025526829063892365,0.5827573537826538,0.41619548201560974,-0.03728504478931427,0.558314323425293,0.392039030790329,-0.04380855709314346,0.6537256240844727,0.5000487565994263,-0.02023458108305931,0.6388543248176575,0.4376133978366852,-0.036183055490255356,0.6187294721603394,0.40424251556396484,-0.043872278183698654,0.598717451095581,0.3785061240196228,-0.04657455533742905,0.6746063232421875,0.506665825843811,-0.032413747161626816,0.6775007247924805,0.4522744417190552,-0.04345123842358589,0.6772345900535583,0.4146200716495514,-0.04530574381351471,0.6753947138786316,0.38213911652565,-0.044513288885354996,Ok
0.6930370926856995,0.6520150303840637,5.435668626319057e-08,0.6507502198219299,0.6466003656387329,-0.009490256197750568,0.6103681325912476,0.6248452663421631,-0.019067438319325447,0.5768998861312866,0.608705461025238,-0.03103378601372242,0.553984522819519,0.5835685133934021,-0.04274998605251312,0.6220958828926086,0.5321044921875,-0.0035051913000643253,0.5853551030158997,0.5178852677345276,-0.02928883209824562,0.564627468585968,0.5377663969993591,-0.051248613744974136,0.556007981300354,0.5601482391357422,-0.06226452812552452,0.6337721943855286,0.5089472532272339,-0.010580684058368206,0.6085346937179565,0.44849321246147156,-0.02663896232843399,0.5825287103652954,0.4153481721878052,-0.03868905454874039,0.558201789855957,0.39069798588752747,-0.045619040727615356,0.6527202725410461,0.5008202195167542,-0.021559491753578186,0.638075053691864,0.43738853931427,-0.03777817636728287,0.6179485321044922,0.40343260765075684,-0.046068139374256134,0.5977601408958435,0.37768542766571045,-0.04930133745074272,0.6735472679138184,0.5082411170005798,-0.03383750841021538,0.6770315170288086,0.45185211300849915,-0.045105647295713425,0.6768851280212402,0.4135074019432068,-0.04716124013066292,0.6750340461730957,0.3810732960700989,-0.04663372412323952,Ok
0.6932613253593445,0.6523363590240479,6.120666995457213e-08,0.6509042978286743,0.6463399529457092,-0.00975009799003601,0.6104753613471985,0.624882161617279,-0.019331596791744232,0.5768879055976868,0.6089414954185486,-0.031243667006492615,0.5538844466209412,0.5840628147125244,-0.04286326467990875,0.6221808195114136,0.5323504209518433,-0.003516554366797209,0.5849759578704834,0.5183100700378418,-0.029040981084108353,0.5642535090446472,0.5380601286888123,-0.05059521272778511,0.555704653263092,0.5607014298439026,-0.0612475760281086,0.6338242292404175,0.5089518427848816,-0.010534427128732204,0.6082714200019836,0.4477788507938385,-0.02692820504307747,0.5825338959693909,0.41444137692451477,-0.03898566961288452,0.5586488842964172,0.39025890827178955,-0.04558302462100983,0.6523374319076538,0.5007708072662354,-0.021442506462335587,0.638442873954773,0.43729713559150696,-0.038067545741796494,0.6183021068572998,0.4030236005783081,-0.04656665772199631,0.5980746150016785,0.37725600600242615,-0.04963913559913635,0.6725435256958008,0.5085026621818542,-0.03362809866666794,0.6770519614219666,0.4527477025985718,-0.045099660754203796,0.6777114272117615,0.4143865704536438,-0.04715865105390549,0.6766729354858398,0.38231736421585083,-0.046433333307504654,Ok
0.6924341320991516,0.6514594554901123,5.632265498434208e-08,0.6502545475959778,0.6452984809875488,-0.009859480895102024,0.6098077297210693,0.6245309114456177,-0.01986890658736229,0.5757095217704773,0.6089468002319336,-0.03225371241569519,0.554434061050415,0.5821479558944702,-0.044463519006967545,0.6229362487792969,0.5327555537223816,-0.003561816643923521,0.5861480236053467,0.5199564099311829,-0.029482396319508553,0.5648605823516846,0.5389417409896851,-0.051421139389276505,0.5560216307640076,0.5605630278587341,-0.06238323822617531,0.6342521905899048,0.5093978643417358,-0.01069379411637783,0.6092700362205505,0.4482804238796234,-0.027165131643414497,0.5833727121353149,0.4149751365184784,-0.03932937607169151,0.5595672726631165,0.39049750566482544,-0.046133123338222504,0.6530046463012695,0.5008240342140198,-0.02176293544471264,0.6391667723655701,0.4371814727783203,-0.038615692406892776,0.6187313199043274,0.40287595987319946,-0.04723072052001953,0.5985933542251587,0.37660500407218933,-0.05047394335269928,0.6734522581100464,0.5079204440116882,-0.03412310779094696,0.6776524782180786,0.4522266089916229,-0.04600975289940834,0.6782398819923401,0.4134806990623474,-0.04831695929169655,0.6773551106452942,0.38048458099365234,-0.047821760177612305,Ok
0.6920461058616638,0.6508418321609497,5.7126214869640535e-08,0.650048553943634,0.645466685295105,-0.010168874636292458,0.6097880601882935,0.6246689558029175,-0.02031072787940502,0.5756127834320068,0.6091061234474182,-0.032749470323324203,0.5541110038757324,0.5829067230224609,-0.04497043043375015,0.6228009462356567,0.5325350165367126,-0.0036869095638394356,0.586118221282959,0.5192558169364929,-0.02963137999176979,0.5649275183677673,0.538335382938385,-0.05169164389371872,0.5562371611595154,0.5601047277450562,-0.06271814554929733,0.6339526176452637,0.5092036724090576,-0.01061358954757452,0.6089229583740234,0.4483160972595215,-0.02685553953051567,0.5831586718559265,0.4149789810180664,-0.03899674862623215,0.5594929456710815,0.3904043138027191,-0.045846398919820786,0.6527460813522339,0.5007582902908325,-0.021525807678699493,0.639123797416687,0.4374423325061798,-0.03803067281842232,0.6189507246017456,0.40288475155830383,-0.046686749905347824,0.599041223526001,0.3764975070953369,-0.05003073066473007,0.6732587814331055,0.5077958106994629,-0.033784154802560806,0.6774677634239197,0.45198366045951843,-0.04537581279873848,0.6780470013618469,0.4132953882217407,-0.04774835705757141,0.6771329045295715,0.3804919421672821,-0.04735151678323746,Ok
0.6934608817100525,0.6516749262809753,5.0487265923493396e-08,0.6514900922775269,0.6473919153213501,-0.011273589916527271,0.610507071018219,0.6271156072616577,-0.021614938974380493,0.5755822062492371,0.6114264726638794,-0.0339321605861187,0.5521183013916016,0.586353600025177,-0.04574333503842354,0.6212024092674255,0.533977746963501,-0.005394970066845417,0.5832452774047852,0.519690752029419,-0.031676944345235825,0.5627667903900146,0.5403693914413452,-0.053927816450595856,0.5545071363449097,0.5631450414657593,-0.06518594920635223,0.6333261132240295,0.5092819929122925,-0.011572498828172684,0.6070801019668579,0.45051395893096924,-0.02881634794175625,0.581367015838623,0.4165986478328705,-0.041610248386859894,0.5576781630516052,0.39130324125289917,-0.04887792095541954,0.652755081653595,0.5004352331161499,-0.021675340831279755,0.6382232904434204,0.4389059543609619,-0.0383661687374115,0.6184967756271362,0.4047239124774933,-0.0465698204934597,0.5985313057899475,0.37827175855636597,-0.0495653860270977,0.6743327975273132,0.507629930973053,-0.033228158950805664,0.6777299642562866,0.4532802104949951,-0.0444183275103569,0.6771939992904663,0.4156544506549835,-0.04623917117714882,0.6749719381332397,0.38383394479751587,-0.045423176139593124,Ok
0.6930976510047913,0.6520663499832153,5.2065896483100005e-08,0.6510599255561829,0.647351861000061,-0.010816594585776329,0.6105501651763916,0.6271030902862549,-0.02113385498523712,0.5755950212478638,0.6112123131752014,-0.03353210166096687,0.5519882440567017,0.5855120420455933,-0.04545217007398605,0.6215242743492126,0.5342558026313782,-0.004476839676499367,0.5840874314308167,0.5192050337791443,-0.03070169873535633,0.5633089542388916,0.5386449098587036,-0.052950382232666016,0.554582417011261,0.5606011748313904,-0.06423842161893845,0.6332240104675293,0.5099455118179321,-0.010808803141117096,0.6070928573608398,0.4504924714565277,-0.027942068874835968,0.58116215467453,0.41725364327430725,-0.040632523596286774,0.5568884015083313,0.3921881914138794,-0.04795005917549133,0.6525703072547913,0.5009255409240723,-0.02109609544277191,0.6381942629814148,0.4389483332633972,-0.03756945952773094,0.6182800531387329,0.404823899269104,-0.04571893438696861,0.597848117351532,0.3783046007156372,-0.0488375760614872,0.6741505861282349,0.5078162550926208,-0.03280775994062424,0.6769741773605347,0.452796071767807,-0.04357140511274338,0.6760841012001038,0.4153618812561035,-0.04521019756793976,0.6734374165534973,0.38367992639541626,-0.044472914189100266,Ok
0.6921473145484924,0.652208685874939,5.827974192129659e-08,0.6496738791465759,0.6461537480354309,-0.009679067879915237,0.6090858578681946,0.6253355741500854,-0.019536718726158142,0.5744608640670776,0.6100524067878723,-0.031722817569971085,0.5521945357322693,0.5838977694511414,-0.04343254864215851,0.6220426559448242,0.5329286456108093,-0.003103475086390972,0.5843361616134644,0.5190908312797546,-0.029513072222471237,0.5627297163009644,0.5384723544120789,-0.051889821887016296,0.5536006689071655,0.5609932541847229,-0.06300218403339386,0.6330553889274597,0.5095977783203125,-0.009988111443817616,0.6070882081985474,0.4488513469696045,-0.026887429878115654,0.5810362100601196,0.4159766435623169,-0.039097901433706284,0.5570539236068726,0.39249396324157715,-0.045770835131406784,0.6517301797866821,0.5010108351707458,-0.020856576040387154,0.6377549767494202,0.4373195469379425,-0.03729165717959404,0.6176350116729736,0.40314406156539917,-0.044937703758478165,0.5974915623664856,0.37732571363449097,-0.047387804836034775,0.6723060607910156,0.5079100131988525,-0.0330938920378685,0.6760015487670898,0.45198410749435425,-0.04411874711513519,0.6760393381118774,0.4137362837791443,-0.04556431248784065,0.6743171215057373,0.38149571418762207,-0.044346924871206284,Ok
0.692437469959259,0.6519343852996826,5.6066262743570405e-08,0.6498635411262512,0.6459134817123413,-0.009797141887247562,0.6094316840171814,0.6248886585235596,-0.019788090139627457,0.5749216675758362,0.6092432737350464,-0.032269690185785294,0.5530653595924377,0.5824195742607117,-0.044345807284116745,0.6218835711479187,0.533238410949707,-0.0024373324122279882,0.5847211480140686,0.51991206407547,-0.02902013249695301,0.5638635754585266,0.5387514233589172,-0.05171303078532219,0.5555044412612915,0.5606205463409424,-0.06308985501527786,0.6331192255020142,0.5094985961914062,-0.009566878899931908,0.6079886555671692,0.4491468667984009,-0.026641367003321648,0.5821163058280945,0.415773868560791,-0.03935985267162323,0.5582577586174011,0.39208972454071045,-0.04644780606031418,0.6518311500549316,0.5007503628730774,-0.020792100578546524,0.6377802491188049,0.43726980686187744,-0.03750326856970787,0.6176373958587646,0.40338659286499023,-0.04562786966562271,0.5973871946334839,0.377821147441864,-0.04846116155385971,0.6722394227981567,0.5077446103096008,-0.033410925418138504,0.6759279370307922,0.4522998332977295,-0.04474439471960068,0.6760140657424927,0.414004921913147,-0.04659498855471611,0.6744159460067749,0.38160157203674316,-0.04572678357362747,Ok
0.6929387450218201,0.6524996161460876,6.392738782778906e-08,0.651238203048706,0.647619366645813,-0.0109879644587636,0.6103609204292297,0.6274309754371643,-0.02146228402853012,0.5755151510238647,0.6116185784339905,-0.03411548212170601,0.5533025860786438,0.5844467282295227,-0.04632056504487991,0.6214762330055237,0.5352807641029358,-0.00425919471308589,0.5837716460227966,0.5215947031974792,-0.030768999829888344,0.5635751485824585,0.5407976508140564,-0.05298137292265892,0.5562424063682556,0.5625154376029968,-0.06404516100883484,0.6333862543106079,0.5106808543205261,-0.010796782560646534,0.607960045337677,0.45018813014030457,-0.027891213074326515,0.5817417502403259,0.41637665033340454,-0.04054867476224899,0.5573958158493042,0.39129042625427246,-0.047676604241132736,0.6520769596099854,0.5014762282371521,-0.02140868827700615,0.6383639574050903,0.43819236755371094,-0.038559332489967346,0.6182829737663269,0.4039264917373657,-0.04716118425130844,0.5978957414627075,0.3774200677871704,-0.05034078657627106,0.6723944544792175,0.5081522464752197,-0.03340606391429901,0.6763603687286377,0.4528738856315613,-0.045306649059057236,0.6766031384468079,0.4144786596298218,-0.04765996336936951,0.6749846339225769,0.38171011209487915,-0.04716187343001366,Ok
0.6928465962409973,0.6525614857673645,6.808853925122094e-08,0.6513441205024719,0.6476303339004517,-0.01104460097849369,0.610476016998291,0.6280667781829834,-0.021700477227568626,0.57569819688797,0.6124393939971924,-0.03445590287446976,0.5533980131149292,0.5851806998252869,-0.04673805460333824,0.6213197708129883,0.5352858901023865,-0.004734729882329702,0.5832623243331909,0.5210333466529846,-0.03108261525630951,0.5631378293037415,0.540225625038147,-0.05293140187859535,0.5558270812034607,0.5621606707572937,-0.06372205913066864,0.633126437664032,0.5106770992279053,-0.01119954138994217,0.6068828701972961,0.4497404098510742,-0.0283861942589283,0.5807233452796936,0.4165560305118561,-0.04071760177612305,0.5563067197799683,0.39184683561325073,-0.04750782251358032,0.6518954634666443,0.5014753937721252,-0.021704526618123055,0.6380859613418579,0.43814194202423096,-0.03894025459885597,0.6180577278137207,0.4036971926689148,-0.0474366657435894,0.59757000207901,0.376952588558197,-0.05050444230437279,0.6724377870559692,0.5082940459251404,-0.03356330096721649,0.6764207482337952,0.4528016149997711,-0.04548154026269913,0.6768156290054321,0.4144199788570404,-0.04775473475456238,0.6751255989074707,0.38168275356292725,-0.04719722643494606,Ok
0.6925398111343384,0.6537880301475525,6.022175824682563e-08,0.65040522813797,0.6478015184402466,-0.010369262658059597,0.6101309657096863,0.6273336410522461,-0.020744564011693,0.5758299231529236,0.6119075417518616,-0.03341080993413925,0.5522962808609009,0.5861899256706238,-0.045578211545944214,0.62038654088974,0.5345413088798523,-0.004238439258188009,0.5821870565414429,0.5211170315742493,-0.030726192519068718,0.5612466335296631,0.54207843542099,-0.053063519299030304,0.5528931617736816,0.564719021320343,-0.06432411074638367,0.6322948336601257,0.510312557220459,-0.011025016196072102,0.6063756346702576,0.45106059312820435,-0.028321247547864914,0.5803670883178711,0.4172258973121643,-0.04102557525038719,0.556163489818573,0.39155134558677673,-0.04829421266913414,0.6512961387634277,0.5013483166694641,-0.02175353839993477,0.6374948620796204,0.4384147524833679,-0.0385219044983387,0.6178062558174133,0.4041287899017334,-0.04628980532288551,0.5977062582969666,0.3775596618652344,-0.04904676973819733,0.6723248958587646,0.5083319544792175,-0.03389487415552139,0.6758196949958801,0.453313410282135,-0.045147933065891266,0.675888180732727,0.4152701795101166,-0.04661175608634949,0.6741810441017151,0.38302960991859436,-0.04552410915493965,Ok
0.6920570135116577,0.6533816456794739,6.236562200001572e-08,0.6500409841537476,0.6473882794380188,-0.01051771454513073,0.6100170612335205,0.6270462274551392,-0.021035248413681984,0.5761415362358093,0.6114678382873535,-0.033772751688957214,0.5529367923736572,0.5855551362037659,-0.04604842886328697,0.6207277774810791,0.5341695547103882,-0.004518909379839897,0.5828046798706055,0.5205672979354858,-0.031133485957980156,0.5615018010139465,0.5410320162773132,-0.05358007550239563,0.5527085661888123,0.5634446740150452,-0.06486979871988297,0.6324066519737244,0.5102882981300354,-0.011207185685634613,0.6061437726020813,0.4504970908164978,-0.028410792350769043,0.580149233341217,0.4170321226119995,-0.041012175381183624,0.5559146404266357,0.3915005028247833,-0.04818268120288849,0.6513587832450867,0.5015562772750854,-0.021845413371920586,0.6376755833625793,0.4385206997394562,-0.038636721670627594,0.6179653406143188,0.40409383177757263,-0.046528253704309464,0.5977388024330139,0.37720805406570435,-0.04937943443655968,0.6723736524581909,0.5087592005729675,-0.03388230875134468,0.6762338280677795,0.4536169171333313,-0.04520568996667862,0.6762855648994446,0.4156957268714905,-0.046703536063432693,0.6742838621139526,0.38341736793518066,-0.04566509276628494,Ok
0.6924567818641663,0.6537023186683655,5.7875087833281214e-08,0.6503642201423645,0.648496150970459,-0.010117027908563614,0.6101085543632507,0.6281540393829346,-0.02045384608209133,0.5757887363433838,0.6123854517936707,-0.03306132182478905,0.5530619621276855,0.5860833525657654,-0.045271873474121094,0.6214067935943604,0.5351476669311523,-0.004713182337582111,0.5831841826438904,0.5209044218063354,-0.03061237372457981,0.5622996091842651,0.5414764881134033,-0.05222661420702934,0.5543116331100464,0.5640814304351807,-0.06301884353160858,0.6330429315567017,0.511167049407959,-0.011575951240956783,0.606891393661499,0.45116961002349854,-0.028597133234143257,0.5807415246963501,0.41750067472457886,-0.04079774394631386,0.556667685508728,0.39222460985183716,-0.04760388284921646,0.6517281532287598,0.5024986267089844,-0.02226642332971096,0.6383823156356812,0.43921977281570435,-0.03897485136985779,0.6182073354721069,0.40507087111473083,-0.046751659363508224,0.5977516770362854,0.37867820262908936,-0.04943212494254112,0.6721636056900024,0.5098432898521423,-0.03429282084107399,0.6763712167739868,0.4543122947216034,-0.045709069818258286,0.6765666007995605,0.4158540964126587,-0.04736960306763649,0.6750722527503967,0.38303759694099426,-0.04637433588504791,Ok
0.6924579739570618,0.6534311771392822,5.994653662355631e-08,0.650377631187439,0.6484845280647278,-0.009747079573571682,0.6099371910095215,0.6284886002540588,-0.020113222301006317,0.5756118297576904,0.6129845380783081,-0.03274478390812874,0.5526837110519409,0.5869863033294678,-0.04502073675394058,0.6213509440422058,0.5350582599639893,-0.005214318633079529,0.5827293395996094,0.5212976932525635,-0.031045537441968918,0.5617390275001526,0.5415141582489014,-0.05254640430212021,0.5534289479255676,0.563747763633728,-0.06328751146793365,0.6329899430274963,0.5114065408706665,-0.01227062102407217,0.606623649597168,0.45093923807144165,-0.029361389577388763,0.5804359316825867,0.4175776243209839,-0.04152768850326538,0.5561577081680298,0.3928716778755188,-0.04829005151987076,0.651828408241272,0.5029483437538147,-0.023031387478113174,0.6382327675819397,0.43918392062187195,-0.039674874395132065,0.6181946396827698,0.40470778942108154,-0.04745647683739662,0.5978792309761047,0.37802475690841675,-0.05021453648805618,0.6724516749382019,0.5103499293327332,-0.03506371006369591,0.6766175031661987,0.4545896351337433,-0.046506110578775406,0.6768178939819336,0.4160197973251343,-0.04820860177278519,0.6752293109893799,0.3828898072242737,-0.04728657379746437,Ok
0.6907084584236145,0.6547992825508118,5.4705214580508255e-08,0.648525059223175,0.6485164165496826,-0.010352788493037224,0.6081298589706421,0.6274197101593018,-0.02052309177815914,0.5733398199081421,0.6116123199462891,-0.032970257103443146,0.5508183836936951,0.5849223136901855,-0.04495825618505478,0.6212728023529053,0.5337677597999573,-0.0037504539359360933,0.5830145478248596,0.5198846459388733,-0.029771212488412857,0.5615822076797485,0.5408391952514648,-0.05184422805905342,0.5529696345329285,0.5638812780380249,-0.06294522434473038,0.6326659321784973,0.5107156038284302,-0.010425243526697159,0.6066094636917114,0.45094937086105347,-0.027290571480989456,0.5801886320114136,0.4180533289909363,-0.03977496176958084,0.5558090209960938,0.39337393641471863,-0.04687177389860153,0.6512922048568726,0.5025845170021057,-0.021067872643470764,0.6375208497047424,0.4394294023513794,-0.0376087948679924,0.6173920035362244,0.40532296895980835,-0.04561077803373337,0.5969382524490356,0.37904641032218933,-0.04853108525276184,0.6716532707214355,0.5101858377456665,-0.03310804441571236,0.6757663488388062,0.45472967624664307,-0.04423663392663002,0.675912618637085,0.41656261682510376,-0.04590483009815216,0.6742697954177856,0.3841668963432312,-0.04503416270017624,Ok
0.7046919465065002,0.6516281366348267,1.384781995739104e-07,0.6589453220367432,0.6437652707099915,-0.012576233595609665,0.6179561018943787,0.6203807592391968,-0.021593952551484108,0.5901755690574646,0.590415358543396,-0.03243044391274452,0.5817497372627258,0.5496944785118103,-0.04149843752384186,0.6258352398872375,0.5322951078414917,0.0005422257818281651,0.5970392823219299,0.5007892847061157,-0.023773813620209694,0.5860458016395569,0.50835782289505,-0.04188155382871628,0.5866774916648865,0.5267756581306458,-0.04962002485990524,0.6451840400695801,0.5026524662971497,-0.00437502795830369,0.6182796955108643,0.4380708932876587,-0.01760326512157917,0.5994312167167664,0.39733976125717163,-0.027045466005802155,0.5833549499511719,0.3650325536727905,-0.032344743609428406,0.6719836592674255,0.48996806144714355,-0.014299942180514336,0.6565228700637817,0.43238121271133423,-0.029479341581463814,0.6419494152069092,0.39638614654541016,-0.036782924085855484,0.6274658441543579,0.36849120259284973,-0.03966515138745308,0.702459454536438,0.49331429600715637,-0.02591455541551113,0.7086163759231567,0.44154801964759827,-0.036945756524801254,0.7142338156700134,0.40532875061035156,-0.039121974259614944,0.7186310887336731,0.3752480745315552,-0.03885766491293907,Ok
0.7066238522529602,0.6569560766220093,1.3113256613905833e-07,0.6624504327774048,0.6468391418457031,-0.013362020254135132,0.6220771670341492,0.6214231252670288,-0.023977946490049362,0.592756450176239,0.5916507244110107,-0.03624054417014122,0.5843238830566406,0.551069438457489,-0.0467195138335228,0.6342651844024658,0.5309344530105591,-0.0031179224606603384,0.6040767431259155,0.49954304099082947,-0.027920160442590714,0.5898540019989014,0.5101460814476013,-0.046078652143478394,0.5880861878395081,0.5311545133590698,-0.0538913868367672,0.6528359055519104,0.5020471215248108,-0.00755807152017951,0.6280382871627808,0.4357978403568268,-0.021425345912575722,0.6091226935386658,0.3943744897842407,-0.03022298589348793,0.5927619338035583,0.36137181520462036,-0.03506356105208397,0.6797572374343872,0.4903559982776642,-0.016742616891860962,0.6662980318069458,0.42871466279029846,-0.03145843371748924,0.6518483757972717,0.39154285192489624,-0.03710014373064041,0.6378334164619446,0.36378902196884155,-0.03886297717690468,0.7099713087081909,0.4957360327243805,-0.027744457125663757,0.7186534404754639,0.44131791591644287,-0.03816995024681091,0.72445148229599,0.4027893543243408,-0.03967837244272232,0.7288095951080322,0.3708333969116211,-0.03882664442062378,Ok
0.707202672958374,0.6567111015319824,1.3961701483822253e-07,0.6634044647216797,0.6475006937980652,-0.014706045389175415,0.623149037361145,0.6220539808273315,-0.026000436395406723,0.5947350859642029,0.5923967361450195,-0.03860478475689888,0.586416482925415,0.551853358745575,-0.04935865104198456,0.6329983472824097,0.530360221862793,-0.004808609373867512,0.6042154431343079,0.49877768754959106,-0.029845017939805984,0.5905100703239441,0.5079509615898132,-0.047943975776433945,0.5881093740463257,0.5284178853034973,-0.055736444890499115,0.6522315740585327,0.5013887882232666,-0.00903953704982996,0.6277137994766235,0.4349617063999176,-0.023511802777647972,0.6088137030601501,0.3926781415939331,-0.03289833292365074,0.5923775434494019,0.35983186960220337,-0.03806757926940918,0.6794239282608032,0.4900974631309509,-0.01808767393231392,0.6659941077232361,0.4296255111694336,-0.033994290977716446,0.6518080234527588,0.39244192838668823,-0.04078060761094093,0.6379939913749695,0.3645789623260498,-0.04318000003695488,0.7099249362945557,0.49561160802841187,-0.028938010334968567,0.7186817526817322,0.44193750619888306,-0.04081422835588455,0.7253186106681824,0.4038890600204468,-0.04325931891798973,0.7304689884185791,0.37227410078048706,-0.0429297611117363,Ok
0.7070950269699097,0.6576325297355652,1.3330597425920132e-07,0.6629151105880737,0.6474504470825195,-0.013998477719724178,0.6228750348091125,0.6219391226768494,-0.02479592151939869,0.5945495963096619,0.5926247835159302,-0.03713204339146614,0.5855251550674438,0.5524700284004211,-0.04771964251995087,0.6338083148002625,0.5303777456283569,-0.003175364574417472,0.6049915552139282,0.4986943304538727,-0.028102315962314606,0.5909947752952576,0.5078977346420288,-0.046493761241436005,0.5881050825119019,0.528043806552887,-0.05453404411673546,0.6528313159942627,0.501585841178894,-0.007738652639091015,0.6281609535217285,0.435397207736969,-0.021943802013993263,0.6093330383300781,0.39354515075683594,-0.03138202428817749,0.592814564704895,0.3608209192752838,-0.03666480630636215,0.6799643635749817,0.49027419090270996,-0.01718408800661564,0.6666910648345947,0.4297890365123749,-0.03281700983643532,0.6522380113601685,0.39282724261283875,-0.0395628958940506,0.6379514336585999,0.36506521701812744,-0.04198918119072914,0.71046382188797,0.49556827545166016,-0.02843099646270275,0.7190728783607483,0.4415111541748047,-0.03982139751315117,0.7253426909446716,0.4033351242542267,-0.042012378573417664,0.7299849390983582,0.37154102325439453,-0.04162747412919998,Ok
0.7067556977272034,0.6589651107788086,1.3204684989887028e-07,0.6626984477043152,0.6482753753662109,-0.013982683420181274,0.6229591965675354,0.6226156949996948,-0.0246039517223835,0.5942561030387878,0.5936431884765625,-0.036784302443265915,0.584912121295929,0.5537552237510681,-0.0472639836370945,0.6355469226837158,0.5317444801330566,-0.003031101543456316,0.6059519052505493,0.5007803440093994,-0.028663093224167824,0.5907489061355591,0.5090368390083313,-0.04784804582595825,0.5865415334701538,0.5281165838241577,-0.05638895183801651,0.6537165641784668,0.5030640363693237,-0.00755381491035223,0.6288908123970032,0.4366527199745178,-0.022964192554354668,0.609982967376709,0.3938932418823242,-0.03329044207930565,0.5934417247772217,0.3603481650352478,-0.03886623680591583,0.6800798773765564,0.49140265583992004,-0.016899235546588898,0.6674631237983704,0.43135780096054077,-0.0332106351852417,0.6530141830444336,0.39342164993286133,-0.0401177816092968,0.638619601726532,0.3645601272583008,-0.042299821972846985,0.7098675966262817,0.49672311544418335,-0.02805265784263611,0.7190070152282715,0.44379520416259766,-0.039160728454589844,0.725833535194397,0.4062652587890625,-0.040795281529426575,0.7310824990272522,0.3754984736442566,-0.03988561034202576,Ok
0.7066759467124939,0.6585498452186584,1.3154043188023934e-07,0.6631067991256714,0.648658037185669,-0.013999301008880138,0.6231720447540283,0.6225882172584534,-0.024625670164823532,0.5945420265197754,0.5934235453605652,-0.03671490028500557,0.58587646484375,0.5538744926452637,-0.047055840492248535,0.6350644826889038,0.5313478708267212,-0.0036061580758541822,0.6053043603897095,0.5007961392402649,-0.0284885223954916,0.5907055735588074,0.5089895725250244,-0.046831775456666946,0.5875040292739868,0.5281690955162048,-0.05492083355784416,0.6531926393508911,0.5025843381881714,-0.008147425018250942,0.6280769109725952,0.43651485443115234,-0.023129018023610115,0.6089428067207336,0.39351996779441833,-0.03331124037504196,0.5924065113067627,0.35978955030441284,-0.03897811472415924,0.6795612573623657,0.4910081923007965,-0.017403703182935715,0.6668766140937805,0.4311904311180115,-0.03361712396144867,0.6523280143737793,0.3930499255657196,-0.04114401713013649,0.6379626393318176,0.36413586139678955,-0.04394850507378578,0.7092481851577759,0.4964400827884674,-0.028396205976605415,0.7186769843101501,0.44327327609062195,-0.03990088403224945,0.7256089448928833,0.40531304478645325,-0.04231089726090431,0.730889618396759,0.374124675989151,-0.042048338800668716,Ok
0.7067817449569702,0.6598018407821655,1.3124544295806118e-07,0.6622784733772278,0.6492137908935547,-0.014232924208045006,0.6222758889198303,0.6231266260147095,-0.025058148428797722,0.5937446355819702,0.5931318998336792,-0.03739144280552864,0.5849460959434509,0.5527350306510925,-0.047961968928575516,0.6347971558570862,0.5315302014350891,-0.002919235499575734,0.6054075956344604,0.4996089041233063,-0.0283772274851799,0.5903409719467163,0.5086665153503418,-0.04737643897533417,0.5864056944847107,0.528458833694458,-0.05572602525353432,0.6534897089004517,0.5032111406326294,-0.007299119606614113,0.6282730102539062,0.436594158411026,-0.022172676399350166,0.6091588139533997,0.39393338561058044,-0.031999628990888596,0.5925289392471313,0.3599066734313965,-0.03723542019724846,0.6804284453392029,0.49181026220321655,-0.016580263152718544,0.6670585870742798,0.43173813819885254,-0.03261646255850792,0.6526998281478882,0.39391207695007324,-0.039291951805353165,0.6386647820472717,0.364995539188385,-0.04130609333515167,0.7106702327728271,0.4971657991409302,-0.027713239192962646,0.7188540697097778,0.44392263889312744,-0.03881740942597389,0.7255648374557495,0.4065738916397095,-0.04038029536604881,0.7310563325881958,0.3756580352783203,-0.03934380039572716,Ok
0.70700603723526,0.6602649092674255,1.2962324547061144e-07,0.6626688241958618,0.6490324139595032,-0.014028730802237988,0.6224969029426575,0.6223549246788025,-0.024649541825056076,0.5940219759941101,0.592343270778656,-0.036806948482990265,0.5854247808456421,0.5521354675292969,-0.04717537388205528,0.6347099542617798,0.5313698053359985,-0.0028826287016272545,0.604891300201416,0.4997657537460327,-0.0282876119017601,0.5898799300193787,0.5091801881790161,-0.04708440601825714,0.5863465666770935,0.5292720198631287,-0.05524742975831032,0.6532889604568481,0.5029847025871277,-0.007303938269615173,0.6281957626342773,0.43633073568344116,-0.022152364253997803,0.6090043187141418,0.3935728073120117,-0.03176707774400711,0.5923416018486023,0.3596452474594116,-0.036795079708099365,0.6801325082778931,0.4917278289794922,-0.016607441008090973,0.667195200920105,0.43153440952301025,-0.032646093517541885,0.6528950929641724,0.3937462568283081,-0.03913160786032677,0.6389166712760925,0.36493366956710815,-0.04093821346759796,0.7102091312408447,0.49741145968437195,-0.027747254818677902,0.7188198566436768,0.4441165328025818,-0.038989439606666565,0.7255693078041077,0.40656042098999023,-0.04057731851935387,0.7310965657234192,0.37546873092651367,-0.039468128234148026,Ok
0.706394612789154,0.6588881611824036,1.326839367266075e-07,0.6626711487770081,0.6485423445701599,-0.01486826129257679,0.6223036646842957,0.6229667067527771,-0.0259941965341568,0.5931134819984436,0.5924124717712402,-0.038505908101797104,0.5851991772651672,0.5510433912277222,-0.04902685806155205,0.6343320608139038,0.5310125946998596,-0.00343194417655468,0.6044987440109253,0.4994598925113678,-0.0286458358168602,0.5896583199501038,0.5088753700256348,-0.04689736291766167,0.5863956212997437,0.5291612148284912,-0.05462084338068962,0.6528875231742859,0.5024964809417725,-0.007395650260150433,0.6278241276741028,0.43604785203933716,-0.022057440131902695,0.6086084842681885,0.3935639560222626,-0.030987543985247612,0.5919015407562256,0.3596838116645813,-0.035506486892700195,0.6797294616699219,0.49101370573043823,-0.016353007405996323,0.6672555208206177,0.43171441555023193,-0.03212404251098633,0.6527230739593506,0.3941962718963623,-0.038086630403995514,0.6384620666503906,0.36538073420524597,-0.03957027196884155,0.7097465395927429,0.4963512718677521,-0.027263157069683075,0.718323290348053,0.4438225030899048,-0.03820223733782768,0.72519850730896,0.4067537784576416,-0.03959735482931137,0.7310082912445068,0.376171737909317,-0.038391172885894775,Ok
0.7068408131599426,0.6583424806594849,1.336573376420347e-07,0.6627629995346069,0.648719847202301,-0.014928512275218964,0.6226036548614502,0.6229064464569092,-0.026277799159288406,0.5932797789573669,0.5925849080085754,-0.039116259664297104,0.5847737789154053,0.5515134334564209,-0.050014641135931015,0.6341408491134644,0.5314545631408691,-0.0038993386551737785,0.6039398312568665,0.4994446933269501,-0.029819808900356293,0.5893322229385376,0.5089594721794128,-0.0484829880297184,0.586541473865509,0.5291049480438232,-0.056339044123888016,0.6528254151344299,0.50246262550354,-0.007891222834587097,0.6278238296508789,0.43620532751083374,-0.02266767807304859,0.6087871789932251,0.3937205374240875,-0.03144897520542145,0.5920908451080322,0.35974645614624023,-0.03579969331622124,0.6797206401824951,0.49063628911972046,-0.01693512499332428,0.6667323112487793,0.4313105344772339,-0.03278357908129692,0.6519992351531982,0.39398452639579773,-0.03843534737825394,0.6376283168792725,0.36559930443763733,-0.03963946923613548,0.7096644639968872,0.49577122926712036,-0.027969541028141975,0.7184807658195496,0.44343847036361694,-0.03926631063222885,0.7252622842788696,0.40615859627723694,-0.040809549391269684,0.7309470176696777,0.3753699064254761,-0.03955003246665001,Ok
0.7043570876121521,0.6578229665756226,1.3202479465235228e-07,0.6611543893814087,0.6477765440940857,-0.014287163503468037,0.6218575835227966,0.6217811703681946,-0.025067485868930817,0.5934238433837891,0.592014729976654,-0.03724031522870064,0.5843492150306702,0.5516717433929443,-0.04768826812505722,0.6345228552818298,0.5317116975784302,-0.004127655643969774,0.6056340932846069,0.5000717043876648,-0.029776589944958687,0.5905278325080872,0.5081726908683777,-0.048572976142168045,0.5863478779792786,0.5274772644042969,-0.056657735258340836,0.6528359055519104,0.5030341744422913,-0.008458304218947887,0.6276572942733765,0.4351687431335449,-0.02341865748167038,0.6086199283599854,0.39238202571868896,-0.033055100589990616,0.5918580293655396,0.3587989807128906,-0.03815317898988724,0.6794518232345581,0.49118298292160034,-0.017577480524778366,0.6659970879554749,0.43040400743484497,-0.033522605895996094,0.651485025882721,0.39257118105888367,-0.04012025147676468,0.6370123028755188,0.3639127016067505,-0.04211371764540672,0.7093937397003174,0.49605756998062134,-0.028528409078717232,0.7175849676132202,0.44237107038497925,-0.03946173936128616,0.7243356108665466,0.4046885669231415,-0.04103798419237137,0.7295764684677124,0.3738490641117096,-0.04004957899451256,Ok
0.7042167782783508,0.6583545207977295,1.1812023359425439e-07,0.6613350510597229,0.6477099061012268,-0.014153893105685711,0.6219580769538879,0.6207439303398132,-0.024701666086912155,0.5926990509033203,0.5913770794868469,-0.0366637296974659,0.5828662514686584,0.5516362190246582,-0.04695553705096245,0.6353415250778198,0.5306580662727356,-0.0031562328804284334,0.6063909530639648,0.5011478066444397,-0.029450681060552597,0.5903110504150391,0.5088434219360352,-0.04909811541438103,0.5847666263580322,0.5266546607017517,-0.05771947652101517,0.653242290019989,0.5024815797805786,-0.007611038163304329,0.6281335353851318,0.43543893098831177,-0.023279067128896713,0.6092366576194763,0.39266955852508545,-0.033363793045282364,0.5925210118293762,0.3590235710144043,-0.03859676420688629,0.6796835660934448,0.49113279581069946,-0.016968408599495888,0.6663995385169983,0.4308885335922241,-0.03363969922065735,0.6518292427062988,0.3928932845592499,-0.04054703563451767,0.6371403932571411,0.363543838262558,-0.042438358068466187,0.7093567848205566,0.49649718403816223,-0.028119396418333054,0.7174807190895081,0.44246557354927063,-0.03923916071653366,0.7242099642753601,0.40472838282585144,-0.04083864390850067,0.7291088104248047,0.3734019696712494,-0.03977741673588753,Ok
0.704504132270813,0.6578371524810791,1.1690769952110713e-07,0.6607532501220703,0.6474616527557373,-0.01414511352777481,0.6210477948188782,0.6212199926376343,-0.024691211059689522,0.5918610095977783,0.5915768146514893,-0.036696355789899826,0.5828922390937805,0.5512962937355042,-0.046850062906742096,0.6346555948257446,0.5303328633308411,-0.002990067470818758,0.6050070524215698,0.5004047155380249,-0.02804938517510891,0.5897608399391174,0.5095673203468323,-0.04650728777050972,0.5858834981918335,0.5287335515022278,-0.05448152869939804,0.6528477072715759,0.502011775970459,-0.007126885466277599,0.6277594566345215,0.43639931082725525,-0.022209875285625458,0.6087592840194702,0.39410069584846497,-0.03183205425739288,0.5921292304992676,0.36041387915611267,-0.03699621558189392,0.6792367100715637,0.49040499329566956,-0.016128459945321083,0.6662858128547668,0.43035900592803955,-0.03213462233543396,0.6513628959655762,0.3926547169685364,-0.03903987258672714,0.6364730000495911,0.36397483944892883,-0.04124641418457031,0.7087339758872986,0.49532416462898254,-0.026935802772641182,0.7173731923103333,0.4412243664264679,-0.03759462758898735,0.7241034507751465,0.403667151927948,-0.03949321061372757,0.729278564453125,0.3731233477592468,-0.03887683525681496,Ok
0.704730212688446,0.6567014455795288,1.2340970556579123e-07,0.6611067652702332,0.6473560929298401,-0.014395778998732567,0.6211604475975037,0.6215706467628479,-0.02540205605328083,0.5915319323539734,0.591874361038208,-0.037946708500385284,0.5833777189254761,0.5514111518859863,-0.048615895211696625,0.6344177722930908,0.5307214856147766,-0.0034702725242823362,0.6046273708343506,0.5006179213523865,-0.028716491535305977,0.590064525604248,0.5100847482681274,-0.04714728891849518,0.5871710181236267,0.529364824295044,-0.05514321103692055,0.6526378989219666,0.5020084381103516,-0.007655455265194178,0.6273588538169861,0.43665218353271484,-0.022540943697094917,0.6083301305770874,0.3943548798561096,-0.03213650360703468,0.5917828679084778,0.36024487018585205,-0.03747885674238205,0.6792064905166626,0.4900553226470947,-0.016745787113904953,0.6654768586158752,0.4301852881908417,-0.03276396542787552,0.6505191922187805,0.39328932762145996,-0.039761848747730255,0.6358416676521301,0.36541545391082764,-0.04220050945878029,0.709105372428894,0.49452149868011475,-0.027674047276377678,0.7178575992584229,0.44050005078315735,-0.03884420916438103,0.7246363759040833,0.40244168043136597,-0.04133328050374985,0.7297970652580261,0.3712656497955322,-0.041188642382621765,Ok
0.7045412659645081,0.6565118432044983,1.328563143943029e-07,0.6612979769706726,0.6466687321662903,-0.0146750183776021,0.6216567158699036,0.6222589612007141,-0.026155317202210426,0.5918831825256348,0.5932767391204834,-0.03905073553323746,0.5829985737800598,0.5531809329986572,-0.05014793202280998,0.6343320608139038,0.5308461785316467,-0.004241687711328268,0.6048477292060852,0.5002362728118896,-0.030314870178699493,0.5899186134338379,0.5087960362434387,-0.04956695809960365,0.5858491063117981,0.5276807546615601,-0.05798707529902458,0.6526763439178467,0.5018424987792969,-0.008341671898961067,0.6276914477348328,0.4356716275215149,-0.023428503423929214,0.608726978302002,0.39349961280822754,-0.03317175433039665,0.5916839838027954,0.3594268560409546,-0.03845549747347832,0.67930668592453,0.4899628758430481,-0.01732257567346096,0.6661399602890015,0.43059632182121277,-0.033300481736660004,0.6516291499137878,0.3931702971458435,-0.04010201245546341,0.6371963620185852,0.36456388235092163,-0.042308494448661804,0.708920955657959,0.4952619969844818,-0.02818518504500389,0.717708945274353,0.4424249827861786,-0.03915998712182045,0.7247151732444763,0.4048112630844116,-0.04112497344613075,0.7301450967788696,0.3735746741294861,-0.04047735035419464,Ok
0.7041282057762146,0.6568623781204224,1.2659367598644167e-07,0.6608818769454956,0.6469060182571411,-0.014605158939957619,0.6211521625518799,0.6217235326766968,-0.025867389515042305,0.591744065284729,0.5925976634025574,-0.038544751703739166,0.5828908085823059,0.5525708794593811,-0.04943506419658661,0.633914589881897,0.5305883884429932,-0.004319053143262863,0.6039854884147644,0.500241219997406,-0.030343780294060707,0.5888799428939819,0.5094919204711914,-0.04954976588487625,0.5846880674362183,0.5287181735038757,-0.0579642727971077,0.652384877204895,0.5016128420829773,-0.0083963293582201,0.6271691918373108,0.43573638796806335,-0.023532649502158165,0.6083369255065918,0.3935684263706207,-0.03333693742752075,0.5914928913116455,0.35939741134643555,-0.03867245465517044,0.6792388558387756,0.4897945523262024,-0.01732330024242401,0.6658552885055542,0.4303807020187378,-0.03333181142807007,0.6514008641242981,0.39311927556991577,-0.04014940932393074,0.6370353698730469,0.3644852936267853,-0.04236734285950661,0.7091360092163086,0.49513310194015503,-0.028115270659327507,0.7179163098335266,0.442147433757782,-0.039079148322343826,0.7248528599739075,0.40450626611709595,-0.04101801663637161,0.7301406860351562,0.37307196855545044,-0.040354929864406586,Ok
0.7041236162185669,0.6585061550140381,1.23911490845785e-07,0.6604200005531311,0.6480966210365295,-0.01439487375319004,0.6204354166984558,0.6220986843109131,-0.025560026988387108,0.590790331363678,0.5927168726921082,-0.03827575221657753,0.58186274766922,0.5525017380714417,-0.04910828173160553,0.6336115598678589,0.5297691226005554,-0.003999944310635328,0.6029589176177979,0.4988270699977875,-0.029809676110744476,0.5884678959846497,0.5096902847290039,-0.04858925938606262,0.5853680968284607,0.5300336480140686,-0.056690763682127,0.6523584723472595,0.5009113550186157,-0.008234545588493347,0.6272381544113159,0.4355800151824951,-0.023117126896977425,0.6083682775497437,0.3930390179157257,-0.032519664615392685,0.5915345549583435,0.358817994594574,-0.037578873336315155,0.6791180968284607,0.48940879106521606,-0.01735369674861431,0.6656875014305115,0.4305431842803955,-0.033139146864414215,0.6507618427276611,0.3930748701095581,-0.03947875648736954,0.6361873149871826,0.36446574330329895,-0.04142776504158974,0.7086256146430969,0.49510514736175537,-0.02836371585726738,0.7179055213928223,0.4429659843444824,-0.03956015035510063,0.7247838377952576,0.40508511662483215,-0.04160206764936447,0.7303455471992493,0.37340864539146423,-0.04091129079461098,Ok
0.705036461353302,0.658057689666748,1.2214117361963872e-07,0.6613088250160217,0.6473094820976257,-0.01454568188637495,0.6211958527565002,0.6214965581893921,-0.02545314095914364,0.592034637928009,0.5921990871429443,-0.03777497261762619,0.5824562311172485,0.5519002676010132,-0.04829670116305351,0.633752167224884,0.5298646688461304,-0.00376702006906271,0.6034107804298401,0.49943438172340393,-0.02945711463689804,0.5882821083068848,0.5104672908782959,-0.04867202416062355,0.5842419266700745,0.5308753848075867,-0.05719447880983353,0.6524643301963806,0.5012818574905396,-0.00799561943858862,0.6273776292800903,0.43489697575569153,-0.023177502676844597,0.608434796333313,0.3928084969520569,-0.03323615342378616,0.5917457938194275,0.3589898347854614,-0.038772258907556534,0.6793321371078491,0.4900153875350952,-0.017083512619137764,0.6659941077232361,0.430090993642807,-0.03320477157831192,0.6508932113647461,0.3928292393684387,-0.039952438324689865,0.6359006762504578,0.3639634847640991,-0.04214555025100708,0.7092315554618835,0.4958944618701935,-0.028039177879691124,0.7175188064575195,0.44290000200271606,-0.038895074278116226,0.7240546941757202,0.40570735931396484,-0.04041400924324989,0.7291350960731506,0.37477532029151917,-0.03950021415948868,Ok
0.704383134841919,0.6577892303466797,1.1786660536472482e-07,0.6610183119773865,0.6473701596260071,-0.014272674918174744,0.6209939122200012,0.6213401556015015,-0.02480463869869709,0.591747522354126,0.5919907689094543,-0.036744292825460434,0.5822843909263611,0.5518660545349121,-0.046896543353796005,0.6343900561332703,0.5299943089485168,-0.0033528353087604046,0.6043329238891602,0.5002055764198303,-0.028775766491889954,0.5886358022689819,0.5104908347129822,-0.047735974192619324,0.5839008092880249,0.530163049697876,-0.05604639649391174,0.6527727842330933,0.5012446641921997,-0.007541975937783718,0.6279008388519287,0.43508586287498474,-0.022601990029215813,0.6088889241218567,0.3929325044155121,-0.03227410092949867,0.592094361782074,0.3593084216117859,-0.03738025575876236,0.6793234944343567,0.4898412525653839,-0.016564765945076942,0.6664490103721619,0.4302058219909668,-0.03272099792957306,0.6512165069580078,0.3929029703140259,-0.039263080805540085,0.6360218524932861,0.36423468589782715,-0.041099172085523605,0.7088109254837036,0.4957461655139923,-0.027417821809649467,0.7175652980804443,0.4430995285511017,-0.03832174092531204,0.7242657542228699,0.40585970878601074,-0.03979256749153137,0.7294444441795349,0.3751176595687866,-0.03869781270623207,Ok
0.7042878866195679,0.6576482057571411,1.238178981566307e-07,0.6606807708740234,0.6474409699440002,-0.014612605795264244,0.6211981773376465,0.6220492720603943,-0.025897037237882614,0.5916187763214111,0.592913031578064,-0.03868767246603966,0.5818277597427368,0.5528680682182312,-0.049687761813402176,0.6347149014472961,0.5303671956062317,-0.003961652982980013,0.6045368313789368,0.49904802441596985,-0.02972479537129402,0.5886399149894714,0.5088622570037842,-0.04867691546678543,0.584121823310852,0.5292214155197144,-0.0568646565079689,0.6531236171722412,0.5017032623291016,-0.00798061303794384,0.6285591125488281,0.4354933500289917,-0.02328728698194027,0.6095935702323914,0.3936620354652405,-0.03298947587609291,0.5925652384757996,0.36013418436050415,-0.0381072461605072,0.6794796586036682,0.49001795053482056,-0.016864018514752388,0.6667430996894836,0.43034517765045166,-0.032779842615127563,0.651587963104248,0.39274632930755615,-0.039262983947992325,0.6363767981529236,0.3639448881149292,-0.04116307199001312,0.7085476517677307,0.4956764578819275,-0.027635179460048676,0.7176136374473572,0.442807137966156,-0.03815729171037674,0.7244349122047424,0.4056326150894165,-0.03958999365568161,0.7298679351806641,0.37496858835220337,-0.038505133241415024,Ok
0.7044317126274109,0.6575633883476257,1.278666275084106e-07,0.6607704162597656,0.6474953889846802,-0.014694467186927795,0.6212954521179199,0.6222161054611206,-0.025933340191841125,0.59190434217453,0.5928789973258972,-0.03860262781381607,0.5822286009788513,0.5529580116271973,-0.04943600296974182,0.634719729423523,0.5304269790649414,-0.004113050643354654,0.6045293807983398,0.4992010295391083,-0.02949119731783867,0.588754415512085,0.5089147090911865,-0.0480741448700428,0.5841870307922363,0.5291033983230591,-0.056097134947776794,0.6532006859779358,0.5017229914665222,-0.00807658489793539,0.62856125831604,0.43544769287109375,-0.023294584825634956,0.6096023321151733,0.39338186383247375,-0.033019404858350754,0.592606782913208,0.35947948694229126,-0.03817782178521156,0.6796578168869019,0.4899795651435852,-0.01685365103185177,0.6666638851165771,0.43072009086608887,-0.032841186970472336,0.651366651058197,0.39320218563079834,-0.03958026319742203,0.6361716985702515,0.36448925733566284,-0.04166209325194359,0.7088950276374817,0.495522141456604,-0.027496080845594406,0.7178319692611694,0.4429877996444702,-0.03820332884788513,0.7247030138969421,0.4060478210449219,-0.03987151384353638,0.7302943468093872,0.37560805678367615,-0.038956236094236374,Ok
0.7040231227874756,0.6594687104225159,1.176692450144401e-07,0.6608067154884338,0.648577094078064,-0.014201548881828785,0.62153559923172,0.6220107078552246,-0.02516511268913746,0.5921907424926758,0.5929462313652039,-0.03765713796019554,0.5824886560440063,0.5529727339744568,-0.04847952350974083,0.6348262429237366,0.530620276927948,-0.0035164605360478163,0.604869544506073,0.5005618333816528,-0.029896017163991928,0.5889086127281189,0.5108930468559265,-0.04976852238178253,0.5839208960533142,0.5308939814567566,-0.05859796330332756,0.6530198454856873,0.5020188689231873,-0.007824675180017948,0.6286001801490784,0.43571582436561584,-0.023385513573884964,0.6095020174980164,0.3932499885559082,-0.03373198211193085,0.5923140645027161,0.3592090606689453,-0.03931354358792305,0.6793401837348938,0.4903383255004883,-0.016965452581644058,0.6666128635406494,0.4302968382835388,-0.03315548971295357,0.6515897512435913,0.39282017946243286,-0.04009729623794556,0.636550784111023,0.36404716968536377,-0.04228441044688225,0.7084527611732483,0.49603214859962463,-0.02795424312353134,0.7174351215362549,0.44407692551612854,-0.03876357153058052,0.7245343923568726,0.4077889621257782,-0.040337663143873215,0.7303701639175415,0.3779004216194153,-0.039305005222558975,Ok
0.7038652896881104,0.6594715714454651,1.1513495223880454e-07,0.6604471802711487,0.6474691033363342,-0.013971999287605286,0.6211450695991516,0.6213657259941101,-0.024820420891046524,0.5918987989425659,0.5925164818763733,-0.03717881068587303,0.5818076729774475,0.5526726841926575,-0.04788956046104431,0.6345899701118469,0.5307164788246155,-0.003527887398377061,0.6047064065933228,0.5007349252700806,-0.029632387682795525,0.5887835025787354,0.5110722780227661,-0.04938486963510513,0.583507776260376,0.5311433672904968,-0.05818954110145569,0.6529546976089478,0.5021323561668396,-0.007891406305134296,0.6287381649017334,0.43563413619995117,-0.023584678769111633,0.6098159551620483,0.3932848572731018,-0.034180689603090286,0.5927466750144958,0.35969078540802,-0.04000135138630867,0.6793739795684814,0.49052152037620544,-0.017007941380143166,0.6668235063552856,0.4303278923034668,-0.03330769017338753,0.6518494486808777,0.39293238520622253,-0.040565330535173416,0.6368874311447144,0.3642790913581848,-0.04298581928014755,0.7085582613945007,0.49609577655792236,-0.027902016416192055,0.7173503041267395,0.4434864819049835,-0.03856653720140457,0.7245090007781982,0.4069686830043793,-0.040143467485904694,0.7303304672241211,0.3770594596862793,-0.039197858422994614,Ok
0.7043331861495972,0.6592963933944702,1.1089336027225727e-07,0.6608914136886597,0.6488650441169739,-0.01357936579734087,0.6219885349273682,0.6230092644691467,-0.024198295548558235,0.592179536819458,0.5948902368545532,-0.036475785076618195,0.5811832547187805,0.5559050440788269,-0.047040700912475586,0.6350183486938477,0.5305349230766296,-0.003158924635499716,0.6041550636291504,0.49919965863227844,-0.02854957804083824,0.5879536867141724,0.5102074146270752,-0.04743580147624016,0.5833977460861206,0.531147837638855,-0.05561743676662445,0.6533668041229248,0.5020581483840942,-0.0074935914017260075,0.6288440227508545,0.43607673048973083,-0.02238810807466507,0.6098196506500244,0.3941569924354553,-0.03178383782505989,0.5926589369773865,0.36071422696113586,-0.03675254061818123,0.6796971559524536,0.4908248782157898,-0.01659020595252514,0.6673985719680786,0.4305831491947174,-0.03204948082566261,0.6523153781890869,0.39318084716796875,-0.0381850004196167,0.6371332406997681,0.3646649122238159,-0.039889588952064514,0.7085354924201965,0.49689769744873047,-0.027515092864632607,0.7180721163749695,0.4438862204551697,-0.03795263171195984,0.7250213623046875,0.40653491020202637,-0.039318714290857315,0.7305511236190796,0.3756474256515503,-0.03813380002975464,Ok
0.7055870294570923,0.6612939238548279,1.0424883356563441e-07,0.6609443426132202,0.6494974493980408,-0.013563721440732479,0.6216286420822144,0.6232244372367859,-0.023974061012268066,0.5926802158355713,0.594464123249054,-0.03588935732841492,0.5822914242744446,0.5556595921516418,-0.046103585511446,0.6346102952957153,0.5313917994499207,-0.0027111393865197897,0.6044884324073792,0.49937930703163147,-0.028150685131549835,0.5888832211494446,0.5095999240875244,-0.04755360633134842,0.583797812461853,0.5296849012374878,-0.05621543899178505,0.6538475155830383,0.5030477046966553,-0.007124415598809719,0.6285799145698547,0.4369993805885315,-0.02209298126399517,0.60932856798172,0.3952149748802185,-0.03248266875743866,0.5920014381408691,0.36143815517425537,-0.038279999047517776,0.681033194065094,0.4915374219417572,-0.016246706247329712,0.6683839559555054,0.4310470521450043,-0.03148088604211807,0.6537861227989197,0.3940785527229309,-0.03809759393334389,0.6387284398078918,0.365853488445282,-0.04028068110346794,0.7111028432846069,0.49720415472984314,-0.02720724232494831,0.7188102006912231,0.4447328448295593,-0.036878690123558044,0.7244073748588562,0.40922248363494873,-0.03779389336705208,0.7284674048423767,0.38000422716140747,-0.03648519515991211,Ok
0.7041568160057068,0.6612112522125244,1.0307037712209421e-07,0.6605101823806763,0.6487690806388855,-0.013653936795890331,0.6208216547966003,0.6228039264678955,-0.024058585986495018,0.5917789340019226,0.5948659777641296,-0.03591196984052658,0.5819121599197388,0.5563977360725403,-0.0462113656103611,0.6351043581962585,0.5304732322692871,-0.0032057915814220905,0.6056343913078308,0.5004963874816895,-0.028762808069586754,0.5891660451889038,0.5102174282073975,-0.04822149500250816,0.5829126834869385,0.5301047563552856,-0.056887444108724594,0.6538533568382263,0.502495288848877,-0.007752696983516216,0.6291730403900146,0.4359339773654938,-0.022836554795503616,0.6099310517311096,0.393892765045166,-0.03306162357330322,0.5925285220146179,0.36069127917289734,-0.038657743483781815,0.680453896522522,0.4913277328014374,-0.017009826377034187,0.6692011952400208,0.4312228262424469,-0.03293968364596367,0.6545472145080566,0.3939080834388733,-0.039882127195596695,0.6391217112541199,0.3654910922050476,-0.04209327697753906,0.7097082138061523,0.49750813841819763,-0.028053099289536476,0.7183595895767212,0.4451691508293152,-0.038540318608284,0.7250412702560425,0.40960144996643066,-0.039732009172439575,0.7300071716308594,0.38059771060943604,-0.03851505368947983,Ok
0.7053776979446411,0.6608619689941406,1.1523102472210667e-07,0.661717414855957,0.6500344276428223,-0.015082639642059803,0.6225077509880066,0.6239078044891357,-0.026418739929795265,0.5929282903671265,0.595549464225769,-0.039189934730529785,0.5824742317199707,0.5563000440597534,-0.05020394176244736,0.6347692608833313,0.5316763520240784,-0.004093933384865522,0.6047531366348267,0.49991774559020996,-0.030701741576194763,0.5885815024375916,0.5096399188041687,-0.05046246573328972,0.5835949182510376,0.5299437046051025,-0.05900575965642929,0.6533927321434021,0.5027176141738892,-0.007823025807738304,0.6290695071220398,0.43667319416999817,-0.02337796241044998,0.6101088523864746,0.3944324553012848,-0.03316609561443329,0.5928807854652405,0.3606069087982178,-0.0381547287106514,0.6797906160354614,0.4908774793148041,-0.016543244943022728,0.6680731773376465,0.4314858317375183,-0.03263372927904129,0.6534298658370972,0.3936946392059326,-0.03906501084566116,0.6383247971534729,0.3648228645324707,-0.040685683488845825,0.7086449265480042,0.4966004490852356,-0.0272444449365139,0.7180488109588623,0.4454445540904999,-0.03798987716436386,0.7250699400901794,0.40979498624801636,-0.039325691759586334,0.730932354927063,0.38083308935165405,-0.03788970783352852,Ok
0.7050773501396179,0.6608121991157532,1.1526076093559823e-07,0.6610442996025085,0.6496634483337402,-0.014378256164491177,0.6216529011726379,0.6235542297363281,-0.025366079062223434,0.592005729675293,0.5951160192489624,-0.03786620497703552,0.5826219916343689,0.555543065071106,-0.048628970980644226,0.6351203918457031,0.5319612622261047,-0.0035849909763783216,0.6051088571548462,0.5006861090660095,-0.02960539236664772,0.5887929201126099,0.510418176651001,-0.0489686019718647,0.5835964679718018,0.5304676294326782,-0.05738827958703041,0.6535748243331909,0.5032206177711487,-0.007648827973753214,0.6288674473762512,0.4370933771133423,-0.02279197983443737,0.6095107793807983,0.3948500454425812,-0.03250022232532501,0.5919421911239624,0.36108994483947754,-0.037551067769527435,0.6799317002296448,0.4913061857223511,-0.016577135771512985,0.6679606437683105,0.4313206672668457,-0.03232618421316147,0.6530371308326721,0.39335593581199646,-0.03872649371623993,0.6376984715461731,0.364433228969574,-0.04045705124735832,0.708909273147583,0.4969108998775482,-0.02741830237209797,0.718324601650238,0.44526517391204834,-0.03790611773729324,0.725004255771637,0.4092004597187042,-0.03917790204286575,0.7303314208984375,0.37980031967163086,-0.03781431168317795,Ok
0.703589916229248,0.6614534258842468,1.0573062780849796e-07,0.6606848239898682,0.6501368284225464,-0.01389754842966795,0.6212233304977417,0.6237265467643738,-0.024520225822925568,0.5912346839904785,0.5949949622154236,-0.03656799718737602,0.5807865262031555,0.5556068420410156,-0.0469118095934391,0.6351876258850098,0.5316558480262756,-0.0031743377912789583,0.6058534979820251,0.5011060833930969,-0.02901485562324524,0.5892676115036011,0.5106377601623535,-0.04853159189224243,0.5831510424613953,0.5303414463996887,-0.057114891707897186,0.6534780859947205,0.5035706758499146,-0.007417865563184023,0.6292254328727722,0.43730980157852173,-0.022843800485134125,0.6097783446311951,0.39528727531433105,-0.03292988985776901,0.5918588638305664,0.3618730306625366,-0.03828735277056694,0.6797040700912476,0.492242693901062,-0.01644468680024147,0.6687279343605042,0.4319569766521454,-0.032476846128702164,0.6538587808609009,0.39397144317626953,-0.03914374113082886,0.6380404829978943,0.36464545130729675,-0.041001055389642715,0.7086188793182373,0.4980340301990509,-0.02727304771542549,0.7177112102508545,0.4449629485607147,-0.037450313568115234,0.7239050269126892,0.4088114798069,-0.03849632665514946,0.7282261252403259,0.37924879789352417,-0.03711754456162453,Ok
0.7037335634231567,0.6613829135894775,1.0348031054263629e-07,0.6606468558311462,0.6499146819114685,-0.014515022747218609,0.6213870644569397,0.6241799592971802,-0.02572384662926197,0.5917035937309265,0.5959866046905518,-0.03839099034667015,0.5813116431236267,0.5565955638885498,-0.04944780096411705,0.6347591280937195,0.5314717888832092,-0.0037092326674610376,0.6049402952194214,0.5004937648773193,-0.0297964196652174,0.5883040428161621,0.5104957818984985,-0.0496346578001976,0.5825710296630859,0.5306941270828247,-0.05846930295228958,0.6531866192817688,0.50346839427948,-0.007763236295431852,0.6284271478652954,0.43771737813949585,-0.022813990712165833,0.6092478036880493,0.3962581157684326,-0.03291239216923714,0.5920861959457397,0.3628769516944885,-0.03849077969789505,0.6797456741333008,0.49216073751449585,-0.016688117757439613,0.6673792600631714,0.43185657262802124,-0.03240997716784477,0.6523601412773132,0.39471548795700073,-0.039167098701000214,0.6370641589164734,0.3663559556007385,-0.04133875295519829,0.7090492248535156,0.4978707730770111,-0.02750803716480732,0.7176516056060791,0.4452454447746277,-0.03792411461472511,0.7244068384170532,0.40912771224975586,-0.03932272642850876,0.7295863628387451,0.37943026423454285,-0.03825371339917183,Ok
0.7038697600364685,0.6612048149108887,1.093531665219416e-07,0.6605280041694641,0.6500326991081238,-0.014452910050749779,0.6212599873542786,0.6242741346359253,-0.025604814291000366,0.5918260812759399,0.5959104895591736,-0.03821858763694763,0.5816361904144287,0.5566807985305786,-0.049234092235565186,0.6347975134849548,0.5317245125770569,-0.003771563759073615,0.6049591302871704,0.5009375810623169,-0.02985883690416813,0.5882813334465027,0.5106618404388428,-0.04961399734020233,0.5824837684631348,0.5307257175445557,-0.05833866447210312,0.6532514095306396,0.5035841464996338,-0.007909964770078659,0.6284506916999817,0.4372645914554596,-0.022963039577007294,0.6092816591262817,0.3955519199371338,-0.03293358162045479,0.5922509431838989,0.3621310591697693,-0.03829397261142731,0.6798707842826843,0.49220404028892517,-0.016906149685382843,0.6672824025154114,0.43190476298332214,-0.032740071415901184,0.6521834135055542,0.3945598602294922,-0.03951650857925415,0.6370195150375366,0.366102397441864,-0.04159645363688469,0.7092418670654297,0.49790260195732117,-0.0277815293520689,0.7179530262947083,0.4457218050956726,-0.03835589811205864,0.7249014973640442,0.409746378660202,-0.039768122136592865,0.7304258346557617,0.38021716475486755,-0.03861174359917641,Ok
0.7041096687316895,0.6611248850822449,1.090211654286577e-07,0.6598389744758606,0.6503982543945312,-0.014542522840201855,0.6208134293556213,0.6241269707679749,-0.025538664311170578,0.5917536616325378,0.5954670310020447,-0.03794708475470543,0.5813151001930237,0.5559611916542053,-0.04872189089655876,0.6348479390144348,0.5325126051902771,-0.0036058828700333834,0.605593204498291,0.5010203719139099,-0.029966719448566437,0.5890276432037354,0.5105197429656982,-0.04995379596948624,0.5832663774490356,0.5304092764854431,-0.05879564955830574,0.6538360118865967,0.504108726978302,-0.007658037357032299,0.6294724345207214,0.43792295455932617,-0.02328246831893921,0.6101493239402771,0.3958187997341156,-0.03352825343608856,0.5925735235214233,0.3622744083404541,-0.03898410126566887,0.6804634928703308,0.49268320202827454,-0.016591746360063553,0.66819828748703,0.43280115723609924,-0.032530199736356735,0.6532906889915466,0.3948034346103668,-0.038912083953619,0.6378471255302429,0.3654840588569641,-0.04063630849123001,0.7094334363937378,0.4982379376888275,-0.027441255748271942,0.7176567316055298,0.44564080238342285,-0.03767891228199005,0.7238300442695618,0.40953123569488525,-0.038534313440322876,0.7285457253456116,0.37987208366394043,-0.03695787861943245,Ok
0.7040117383003235,0.6609324216842651,1.1069374750150018e-07,0.6599480509757996,0.6502284407615662,-0.014341647736728191,0.6209579706192017,0.6243283152580261,-0.025307977572083473,0.5918546319007874,0.5957894921302795,-0.037683069705963135,0.5815191268920898,0.5565283298492432,-0.04845208302140236,0.6348216533660889,0.5326527953147888,-0.0034988799598068,0.6058235168457031,0.5012385249137878,-0.02964550070464611,0.5893677473068237,0.5108701586723328,-0.049512967467308044,0.5835036635398865,0.5308476686477661,-0.0583200640976429,0.6536868214607239,0.5041995048522949,-0.007669883780181408,0.6293683648109436,0.43783020973205566,-0.023066405206918716,0.6101219654083252,0.396023690700531,-0.03325250372290611,0.5926424860954285,0.36273878812789917,-0.03870193660259247,0.6803303360939026,0.49278023838996887,-0.016686273738741875,0.6680439710617065,0.43279680609703064,-0.032635223120450974,0.6530600190162659,0.3945607841014862,-0.039292991161346436,0.6376996040344238,0.3650721609592438,-0.04124792292714119,0.7093741297721863,0.4984193444252014,-0.027571046724915504,0.7178128361701965,0.44589337706565857,-0.03798496350646019,0.7240989208221436,0.4096563458442688,-0.039107546210289,0.7289304137229919,0.3798174262046814,-0.03774670884013176,Ok
0.703139066696167,0.6607105135917664,1.0282789020266137e-07,0.6594600677490234,0.6498425006866455,-0.01368530560284853,0.6201794147491455,0.6246854066848755,-0.02442384697496891,0.5908418297767639,0.5970275402069092,-0.036733683198690414,0.5812831521034241,0.5578250885009766,-0.0473475344479084,0.6353111267089844,0.5322701930999756,-0.003864927450194955,0.6048192381858826,0.500945508480072,-0.029576342552900314,0.588166356086731,0.5122158527374268,-0.04875772073864937,0.5827308297157288,0.533013641834259,-0.05717289075255394,0.6539630889892578,0.5045141577720642,-0.00816927757114172,0.629402756690979,0.43873006105422974,-0.02368987165391445,0.6101500988006592,0.39689314365386963,-0.03349941968917847,0.5925894379615784,0.36305373907089233,-0.03861985728144646,0.680336594581604,0.4932573735713959,-0.01717713288962841,0.668109118938446,0.4335951805114746,-0.03318632021546364,0.6532005071640015,0.39602580666542053,-0.039532095193862915,0.63785719871521,0.3669019937515259,-0.041186049580574036,0.7093126773834229,0.4991147816181183,-0.027996806427836418,0.718298614025116,0.44720521569252014,-0.03842046484351158,0.7251521348953247,0.41138410568237305,-0.03953513875603676,0.7307006120681763,0.38197052478790283,-0.03811826929450035,Ok
0.703243613243103,0.6601046919822693,1.0925732141231492e-07,0.6595485210418701,0.6496743559837341,-0.014104544185101986,0.6202893853187561,0.6246025562286377,-0.02509312517940998,0.5910837650299072,0.596588134765625,-0.03749949857592583,0.5815202593803406,0.5573200583457947,-0.048186734318733215,0.6346986293792725,0.5327377915382385,-0.00476087536662817,0.6043617725372314,0.5009984374046326,-0.03059273213148117,0.5879435539245605,0.511707603931427,-0.04973163828253746,0.5825923085212708,0.532365083694458,-0.05809865519404411,0.6536109447479248,0.504839301109314,-0.008870451711118221,0.6290361881256104,0.4384617507457733,-0.024641500785946846,0.6100413799285889,0.39663100242614746,-0.03455531969666481,0.592863142490387,0.3630240559577942,-0.03970363736152649,0.6802541613578796,0.4935588836669922,-0.017653759568929672,0.6674131155014038,0.43380507826805115,-0.03388441726565361,0.6527165174484253,0.39645081758499146,-0.04041547700762749,0.637805700302124,0.36769282817840576,-0.04214413836598396,0.7095121145248413,0.4991925060749054,-0.02824064902961254,0.7177997827529907,0.4470169246196747,-0.0388747900724411,0.7247938513755798,0.41153281927108765,-0.04012912139296532,0.7306186556816101,0.38265717029571533,-0.03876418620347977,Ok
0.7041245698928833,0.6606349945068359,1.1815401990133978e-07,0.6602909564971924,0.6507723927497864,-0.014406874775886536,0.6207812428474426,0.6247195601463318,-0.025180106982588768,0.5906623601913452,0.5957344770431519,-0.03740477189421654,0.5811840891838074,0.5560820698738098,-0.04786192998290062,0.63487309217453,0.5326809287071228,-0.002908049151301384,0.6045973896980286,0.5019222497940063,-0.028669698163866997,0.5881214141845703,0.5116817355155945,-0.04801798611879349,0.5824841856956482,0.5314899682998657,-0.05645282566547394,0.6535208821296692,0.5042518377304077,-0.006839865818619728,0.6285462379455566,0.4378581643104553,-0.02176738530397415,0.6096000075340271,0.39578408002853394,-0.03134246543049812,0.5928422212600708,0.36245205998420715,-0.036272332072257996,0.6801311373710632,0.49256420135498047,-0.015704873949289322,0.6672170162200928,0.4335085153579712,-0.031317707151174545,0.6519225239753723,0.3962785601615906,-0.03775739297270775,0.636631429195404,0.3679642677307129,-0.03947637230157852,0.7091615796089172,0.4978889524936676,-0.026485996320843697,0.7175256013870239,0.4463113248348236,-0.03671029955148697,0.7241180539131165,0.4109784960746765,-0.038017258048057556,0.7293861508369446,0.3820751905441284,-0.03673451766371727,Ok
0.704173743724823,0.661412239074707,1.1277601430492723e-07,0.6604114174842834,0.6509177684783936,-0.013914666138589382,0.6210681200027466,0.6245043277740479,-0.02432967908680439,0.5913547873497009,0.5955403447151184,-0.0363118052482605,0.5807228684425354,0.5564062595367432,-0.046581633388996124,0.6346496939659119,0.5325847268104553,-0.002361050806939602,0.6046421527862549,0.5013720393180847,-0.027991166338324547,0.5881757140159607,0.5111088156700134,-0.047368332743644714,0.5825822353363037,0.5309308171272278,-0.05586112663149834,0.653253436088562,0.5042725801467896,-0.006534503307193518,0.6283992528915405,0.43816474080085754,-0.021507881581783295,0.6095014810562134,0.3960564136505127,-0.03127148374915123,0.5928242206573486,0.36237192153930664,-0.036365851759910583,0.6798429489135742,0.49267950654029846,-0.015586533583700657,0.6671628355979919,0.4332202672958374,-0.031110413372516632,0.6519604921340942,0.39581358432769775,-0.03749261051416397,0.6366406083106995,0.3673069477081299,-0.039217982441186905,0.709037184715271,0.49804359674453735,-0.02653183415532112,0.7175803780555725,0.446300745010376,-0.03653872385621071,0.7240586876869202,0.41080623865127563,-0.03761446103453636,0.7292689085006714,0.38189950585365295,-0.03619988262653351,Ok
0.7049853801727295,0.6622737050056458,1.052945322044252e-07,0.6609737873077393,0.651801347732544,-0.013622206635773182,0.6216245293617249,0.6247734427452087,-0.023933181539177895,0.5917428731918335,0.5961757898330688,-0.035857416689395905,0.5814158320426941,0.5571784973144531,-0.04613707587122917,0.635209321975708,0.5326135158538818,-0.0025662588886916637,0.6049193739891052,0.5019751191139221,-0.028275471180677414,0.588039219379425,0.5122961401939392,-0.04772670939564705,0.5822817087173462,0.5324155688285828,-0.0562569759786129,0.6536180973052979,0.5042341351509094,-0.006860171910375357,0.6286705732345581,0.43849414587020874,-0.021681448444724083,0.6093693375587463,0.39601290225982666,-0.03122624382376671,0.5923234224319458,0.36187779903411865,-0.036219578236341476,0.6802734136581421,0.49270206689834595,-0.015981458127498627,0.6675528287887573,0.433397501707077,-0.031268179416656494,0.65216463804245,0.39570915699005127,-0.03735189884901047,0.6367855668067932,0.3668990731239319,-0.03893598914146423,0.7093900442123413,0.4982461631298065,-0.02699630707502365,0.7179058194160461,0.4462444484233856,-0.03702956438064575,0.7242410182952881,0.4100145697593689,-0.03804522007703781,0.7292937636375427,0.3803693354129791,-0.03657567501068115,Ok
0.705100953578949,0.6627746820449829,1.0686187579267425e-07,0.6609839200973511,0.6521116495132446,-0.013606052845716476,0.6216979026794434,0.6246515512466431,-0.023934409022331238,0.5918000936508179,0.5959218144416809,-0.0358823798596859,0.5816764831542969,0.5567516088485718,-0.04622579365968704,0.6349635124206543,0.5329180359840393,-0.002501004608348012,0.6049551367759705,0.5019521713256836,-0.028329486027359962,0.5881388187408447,0.5118908286094666,-0.04792844504117966,0.5823389887809753,0.5318692922592163,-0.05654986575245857,0.6533920764923096,0.5045289397239685,-0.006887791212648153,0.6286160945892334,0.4381994605064392,-0.02158629521727562,0.6094396710395813,0.3957134485244751,-0.031130226328969002,0.5924336910247803,0.3617902994155884,-0.03614955022931099,0.6800174117088318,0.493038147687912,-0.0161244198679924,0.6676263213157654,0.4335941970348358,-0.03146839886903763,0.6525328159332275,0.39561185240745544,-0.03769737109541893,0.6373163461685181,0.3665884733200073,-0.03939225524663925,0.7090741991996765,0.49869611859321594,-0.027245257049798965,0.7177450656890869,0.44638606905937195,-0.03748257830739021,0.7243505120277405,0.4098425507545471,-0.03861641511321068,0.7295992374420166,0.3800313472747803,-0.037232693284749985,Ok
0.7033486366271973,0.6616500020027161,1.0287561025279501e-07,0.6591516137123108,0.6500992178916931,-0.012813834473490715,0.6197709441184998,0.6228839755058289,-0.022786205634474754,0.5904987454414368,0.5935209393501282,-0.034442055970430374,0.5813739895820618,0.5543748736381531,-0.044403694570064545,0.6344053745269775,0.5315697193145752,-0.001991754863411188,0.6052652597427368,0.49963298439979553,-0.0268253181129694,0.5890718698501587,0.5098187923431396,-0.04558370262384415,0.5837064385414124,0.5301952958106995,-0.05380789563059807,0.6528975963592529,0.5038067698478699,-0.006530158221721649,0.6285744309425354,0.4373584985733032,-0.020979518070816994,0.6095478534698486,0.39510616660118103,-0.030580798164010048,0.5924466252326965,0.3612459599971771,-0.03582054004073143,0.6794602274894714,0.49248525500297546,-0.01574837602674961,0.6673098206520081,0.4317701458930969,-0.030752094462513924,0.6526427865028381,0.3940817713737488,-0.03700408339500427,0.6376025676727295,0.36524027585983276,-0.0388810932636261,0.708742082118988,0.4978693127632141,-0.026754852384328842,0.7173075079917908,0.44482696056365967,-0.03657437488436699,0.723747193813324,0.40859711170196533,-0.037629012018442154,0.728718638420105,0.37924402952194214,-0.03635309636592865,Ok
0.7034389972686768,0.6611074805259705,1.0540588135654616e-07,0.6591194868087769,0.6498594284057617,-0.01310600247234106,0.6197690367698669,0.6228479146957397,-0.0230249110609293,0.5904843807220459,0.5940210819244385,-0.034548647701740265,0.580426037311554,0.5555067658424377,-0.04439523071050644,0.6346309185028076,0.5316500663757324,-0.0021858715917915106,0.6057783961296082,0.4997745156288147,-0.027055447921156883,0.5891055464744568,0.5089453458786011,-0.04580766335129738,0.5830262899398804,0.5287619829177856,-0.05394742265343666,0.6530156135559082,0.5037630200386047,-0.006448120344430208,0.6291502118110657,0.4377136826515198,-0.021043505519628525,0.6102534532546997,0.39534708857536316,-0.030500248074531555,0.5932774543762207,0.3618001937866211,-0.03546752408146858,0.6794715523719788,0.4923430383205414,-0.015428928658366203,0.6672467589378357,0.43201744556427,-0.03050411492586136,0.6522871255874634,0.39431917667388916,-0.03661063686013222,0.6371005177497864,0.3657624125480652,-0.038216687738895416,0.708587110042572,0.4975128173828125,-0.026228249073028564,0.7173293232917786,0.44475361704826355,-0.03609387204051018,0.7235562801361084,0.4084918797016144,-0.037147995084524155,0.728377103805542,0.3791464567184448,-0.03572748601436615,Ok
0.7038596272468567,0.661452054977417,1.0829766949882469e-07,0.6598913073539734,0.6508196592330933,-0.014210812747478485,0.6201223731040955,0.6243146061897278,-0.024929312989115715,0.5900692343711853,0.5956736207008362,-0.03705208748579025,0.5812109112739563,0.5559157133102417,-0.047463055700063705,0.6349009275436401,0.5321418046951294,-0.003360488684847951,0.6046901345252991,0.5016036033630371,-0.029202746227383614,0.5882617235183716,0.5114560723304749,-0.048686154186725616,0.5827831029891968,0.5312972664833069,-0.0573204942047596,0.6530678272247314,0.5039916634559631,-0.007408797275274992,0.6282445788383484,0.43760666251182556,-0.022595157846808434,0.6092444658279419,0.3953392803668976,-0.032641250640153885,0.5925934314727783,0.36186492443084717,-0.038057710975408554,0.6794310808181763,0.4926871061325073,-0.01627667061984539,0.6661564111709595,0.4330998659133911,-0.03214382752776146,0.6510881185531616,0.3951154351234436,-0.03906136751174927,0.6362271904945374,0.3659328818321228,-0.04125148057937622,0.7083842158317566,0.4984118342399597,-0.026996826753020287,0.7171010375022888,0.4462878108024597,-0.03773493692278862,0.7240051627159119,0.410078227519989,-0.03950260579586029,0.7295956015586853,0.38012704253196716,-0.03862733393907547,Ok
0.7044326066970825,0.6620099544525146,1.0618373380566482e-07,0.6603017449378967,0.6509414911270142,-0.01426868699491024,0.6208109259605408,0.6245448589324951,-0.025112254545092583,0.5911483764648438,0.595465362071991,-0.03740251064300537,0.5808898210525513,0.5557318925857544,-0.04794471338391304,0.6343806982040405,0.5330767631530762,-0.0037815659306943417,0.6039212346076965,0.5015556812286377,-0.029827777296304703,0.5875392556190491,0.5111662745475769,-0.04915478825569153,0.5823940634727478,0.5311515927314758,-0.057537633925676346,0.6527122259140015,0.5044695734977722,-0.0076652406714856625,0.627575695514679,0.43872666358947754,-0.02287955768406391,0.608675479888916,0.3966968059539795,-0.032542966306209564,0.5921789407730103,0.36300739645957947,-0.03761950880289078,0.6793307662010193,0.4927331209182739,-0.016366098076105118,0.6656584143638611,0.432608038187027,-0.03193278610706329,0.650611400604248,0.3949369788169861,-0.03801100328564644,0.6358912587165833,0.3664436936378479,-0.039612967520952225,0.7087588310241699,0.49795597791671753,-0.026985306292772293,0.7172504663467407,0.4456799030303955,-0.03748223930597305,0.7235294580459595,0.4090891480445862,-0.038843221962451935,0.7285992503166199,0.37906134128570557,-0.037569787353277206,Ok
0.7037981152534485,0.6626850366592407,1.0359152469163746e-07,0.6598805785179138,0.6515704393386841,-0.013686971738934517,0.6206533908843994,0.6252948641777039,-0.02436254732310772,0.5915733575820923,0.5964921116828918,-0.036628805100917816,0.5808457136154175,0.557563304901123,-0.047295574098825455,0.6349033117294312,0.532584011554718,-0.003229952184483409,0.6046522259712219,0.5027351975440979,-0.02910638600587845,0.5884630680084229,0.5133465528488159,-0.04863331839442253,0.5835344791412354,0.5336863398551941,-0.0573151558637619,0.653235912322998,0.5043076276779175,-0.007844310253858566,0.6283326148986816,0.4389503300189972,-0.02302427589893341,0.6093953847885132,0.39685600996017456,-0.033056262880563736,0.5926730632781982,0.3624582290649414,-0.03846465051174164,0.6795233488082886,0.4932076930999756,-0.017192883417010307,0.6667450666427612,0.4333897829055786,-0.033007316291332245,0.6512700915336609,0.39522457122802734,-0.03938942402601242,0.6356766223907471,0.3655775189399719,-0.04130435362458229,0.7084785103797913,0.49940386414527893,-0.0283794105052948,0.7173484563827515,0.4480203688144684,-0.03918047994375229,0.7239386439323425,0.4115903973579407,-0.04044796898961067,0.7290890216827393,0.38146698474884033,-0.03915732726454735,Ok
0.7038328051567078,0.6625033617019653,1.0630442659476103e-07,0.6599123477935791,0.6517078280448914,-0.014153900556266308,0.6207151412963867,0.6254670023918152,-0.024978812783956528,0.5916306972503662,0.5964228510856628,-0.03727900981903076,0.5811884999275208,0.5574954152107239,-0.04788561537861824,0.6345359683036804,0.5326561331748962,-0.0037245876155793667,0.6045241355895996,0.5022332668304443,-0.02951657399535179,0.5884532928466797,0.5127175450325012,-0.04873157665133476,0.5835961699485779,0.5333485007286072,-0.05709375441074371,0.65317302942276,0.5041131377220154,-0.0079530393704772,0.6289851665496826,0.438641756772995,-0.02304716408252716,0.6102089881896973,0.39669594168663025,-0.03269631788134575,0.5935257077217102,0.3630669116973877,-0.03773688152432442,0.6796353459358215,0.49287042021751404,-0.016967399045825005,0.6673232913017273,0.43339216709136963,-0.032763075083494186,0.6519680023193359,0.3955181837081909,-0.03894931450486183,0.6364826560020447,0.3664554953575134,-0.04058867692947388,0.7085586190223694,0.49889445304870605,-0.02784798853099346,0.7174721956253052,0.4473479390144348,-0.03869360312819481,0.7239176034927368,0.41107285022735596,-0.0399877168238163,0.7289186120033264,0.3812386095523834,-0.03858935460448265,Ok
0.7032021284103394,0.6642041802406311,1.0162790431422764e-07,0.6595936417579651,0.6528992056846619,-0.01351307425647974,0.619959831237793,0.6257356405258179,-0.02372467704117298,0.5901501178741455,0.5973771214485168,-0.03547653555870056,0.5804197192192078,0.5581268668174744,-0.04557538777589798,0.6350498795509338,0.5339858531951904,-0.002346161985769868,0.6055284738540649,0.5039027333259583,-0.02771373651921749,0.5888227224349976,0.5134394764900208,-0.04685927927494049,0.5827335715293884,0.5326620936393738,-0.05527856945991516,0.6532697677612305,0.5060295462608337,-0.006854163482785225,0.6282389760017395,0.4395309388637543,-0.021708400920033455,0.6092294454574585,0.39708876609802246,-0.031399376690387726,0.5923616886138916,0.3631749153137207,-0.03656543791294098,0.6795864105224609,0.4948737323284149,-0.016187557950615883,0.6672250032424927,0.4347814619541168,-0.032067086547613144,0.6522412896156311,0.3965323269367218,-0.03886020928621292,0.6368730664253235,0.3668832778930664,-0.04088345542550087,0.7084428071975708,0.5003207325935364,-0.027292722836136818,0.7170048952102661,0.44651514291763306,-0.03787728771567345,0.7238587737083435,0.4095586836338043,-0.03939184546470642,0.7288485169410706,0.37911200523376465,-0.038374487310647964,Ok
0.7042871117591858,0.6637492179870605,1.0853210596906138e-07,0.660333514213562,0.6529297828674316,-0.013911010697484016,0.6213082075119019,0.6261011362075806,-0.02445404604077339,0.5913448929786682,0.5974447131156921,-0.036584872752428055,0.5803969502449036,0.5582891702651978,-0.047055356204509735,0.6346047520637512,0.5343393683433533,-0.002070255810394883,0.6055659055709839,0.5036196112632751,-0.027725841850042343,0.5887954831123352,0.5125928521156311,-0.04709632322192192,0.582686185836792,0.5316554307937622,-0.05557222291827202,0.6527218222618103,0.5061232447624207,-0.006381391081959009,0.6279032230377197,0.4397128224372864,-0.021289445459842682,0.608992338180542,0.39755862951278687,-0.030870646238327026,0.5922487378120422,0.36333292722702026,-0.03586948662996292,0.6792070269584656,0.4947577118873596,-0.015641916543245316,0.6665356159210205,0.4345167875289917,-0.031514234840869904,0.6516315340995789,0.3963138461112976,-0.03810478374361992,0.6365313529968262,0.3667041063308716,-0.039933644235134125,0.7082347273826599,0.49990805983543396,-0.02676319144666195,0.7166470289230347,0.4465574026107788,-0.037436988204717636,0.7235983610153198,0.40989288687705994,-0.038936421275138855,0.729072630405426,0.3798264265060425,-0.03780360147356987,Ok
0.7031130790710449,0.6630860567092896,1.041464088302746e-07,0.6594650745391846,0.653176486492157,-0.013534225523471832,0.6199286580085754,0.6265465021133423,-0.023840155452489853,0.5902527570724487,0.5976683497428894,-0.03573789820075035,0.5797226428985596,0.5588284134864807,-0.046099089086055756,0.6339719891548157,0.5343448519706726,-0.002340921899303794,0.6050269603729248,0.5049082040786743,-0.028130829334259033,0.5882670879364014,0.5142543911933899,-0.04788033291697502,0.5819626450538635,0.5333765745162964,-0.05661589279770851,0.6521157026290894,0.5059542059898376,-0.0068508624099195,0.6281725764274597,0.43981224298477173,-0.021218471229076385,0.6092851161956787,0.39771169424057007,-0.030585186555981636,0.5923843383789062,0.36419805884361267,-0.0355590358376503,0.678416907787323,0.4946591258049011,-0.016245655715465546,0.6664110422134399,0.43463924527168274,-0.03164849802851677,0.6510715484619141,0.3971400558948517,-0.037849124521017075,0.635515034198761,0.3685241639614105,-0.039536211639642715,0.7072195410728455,0.5003326535224915,-0.02750140056014061,0.7162548899650574,0.4474698603153229,-0.03819982334971428,0.7229503393173218,0.41025054454803467,-0.0396297387778759,0.7279676795005798,0.37956488132476807,-0.03843439742922783,Ok
0.7026239633560181,0.6623866558074951,1.087276899625067e-07,0.6588325500488281,0.6523967385292053,-0.013530505821108818,0.6201115846633911,0.6259157061576843,-0.024001462385058403,0.5909116864204407,0.5969350934028625,-0.03608016297221184,0.5800113677978516,0.5583463311195374,-0.046682100743055344,0.6338069438934326,0.5350953340530396,-0.002946452936157584,0.6048762798309326,0.5044364929199219,-0.028950205072760582,0.5881279706954956,0.5134350657463074,-0.04881684109568596,0.5820669531822205,0.5325827598571777,-0.05765477940440178,0.6519330739974976,0.5065310597419739,-0.007376305293291807,0.6279274821281433,0.4402916729450226,-0.02227007783949375,0.6090314984321594,0.3978336453437805,-0.03211062774062157,0.5921825766563416,0.36346834897994995,-0.03741079568862915,0.6782549619674683,0.4948664903640747,-0.016576362773776054,0.6660463213920593,0.4345487952232361,-0.031954217702150345,0.650960385799408,0.39684242010116577,-0.038233812898397446,0.6357807517051697,0.3680419921875,-0.040071357041597366,0.7071248888969421,0.5003084540367126,-0.02763879857957363,0.7161493301391602,0.4483630359172821,-0.03802533075213432,0.7227779030799866,0.41181689500808716,-0.039289772510528564,0.7280377745628357,0.3818768262863159,-0.038049425929784775,Ok
0.7025684118270874,0.6629449129104614,1.0125894789325685e-07,0.6586432456970215,0.6525987982749939,-0.012948966585099697,0.6183284521102905,0.6259204745292664,-0.02303152158856392,0.587666392326355,0.5977888107299805,-0.03481699526309967,0.577842652797699,0.5586540102958679,-0.04492069035768509,0.6337970495223999,0.5337337851524353,-0.0018305361736565828,0.6033990383148193,0.5040796995162964,-0.026803819462656975,0.5869835019111633,0.5150704979896545,-0.04583735391497612,0.581264078617096,0.5348142981529236,-0.05433814972639084,0.6520233154296875,0.5058953762054443,-0.006600207649171352,0.6268823146820068,0.44060978293418884,-0.020909564569592476,0.6077799797058105,0.3987257480621338,-0.030371053144335747,0.5908146500587463,0.3649868369102478,-0.03555922210216522,0.6779100298881531,0.4948213994503021,-0.01615382730960846,0.6652979254722595,0.43584054708480835,-0.0313904769718647,0.6500497460365295,0.39792442321777344,-0.03789630904793739,0.634590744972229,0.368482768535614,-0.03999433293938637,0.7060661911964417,0.5003970265388489,-0.027496453374624252,0.7143096923828125,0.4483627676963806,-0.037874381989240646,0.7211612462997437,0.4122548997402191,-0.039390239864587784,0.7264201045036316,0.38259708881378174,-0.0384727381169796,Ok
0.703541100025177,0.6634132862091064,1.0299672936753268e-07,0.6590516567230225,0.6531792879104614,-0.013982768170535564,0.6194565296173096,0.6267024278640747,-0.024408193305134773,0.5897288918495178,0.5981506109237671,-0.03644055500626564,0.5783340334892273,0.5592725276947021,-0.04674658179283142,0.6324716806411743,0.5347792506217957,-0.0023737987503409386,0.6024073362350464,0.5031023621559143,-0.028147291392087936,0.5863269567489624,0.5140007138252258,-0.0479632206261158,0.5808708667755127,0.5342310070991516,-0.056850116699934006,0.6513405442237854,0.5062193870544434,-0.006539417430758476,0.6265401244163513,0.44122830033302307,-0.021592581644654274,0.6075611114501953,0.39932435750961304,-0.0320044681429863,0.590703010559082,0.36518388986587524,-0.037811730057001114,0.6780556440353394,0.49458202719688416,-0.015599308535456657,0.6645800471305847,0.4356641173362732,-0.03139040619134903,0.6493834853172302,0.39848417043685913,-0.03847772628068924,0.6342180967330933,0.36984845995903015,-0.040802281349897385,0.7073662281036377,0.49935927987098694,-0.026530710980296135,0.7155563831329346,0.4458830952644348,-0.03705397620797157,0.7217713594436646,0.4092274606227875,-0.03877366706728935,0.726256787776947,0.37930601835250854,-0.03790130466222763,Ok
0.7028520107269287,0.6648632287979126,1.0086623092320224e-07,0.6588947772979736,0.6538231372833252,-0.012325120158493519,0.6189963221549988,0.6268936395645142,-0.021898919716477394,0.5884829163551331,0.5985652208328247,-0.03329138457775116,0.577022910118103,0.5602860450744629,-0.04306481406092644,0.6337185502052307,0.5350893139839172,-0.0013840430183336139,0.6029337048530579,0.504036545753479,-0.026631787419319153,0.5862395763397217,0.5146167874336243,-0.045792367309331894,0.5806789398193359,0.5349215269088745,-0.054164350032806396,0.6518436074256897,0.507001519203186,-0.0061204321682453156,0.6264879703521729,0.4410117566585541,-0.02062223292887211,0.606867253780365,0.39858075976371765,-0.03008841723203659,0.5894804000854492,0.36418551206588745,-0.035002000629901886,0.6780226230621338,0.4954697787761688,-0.015505146235227585,0.6650582551956177,0.43538543581962585,-0.03028038702905178,0.6498488783836365,0.39741748571395874,-0.035905998200178146,0.6346418261528015,0.3682854473590851,-0.03725402429699898,0.7066255807876587,0.5013308525085449,-0.026712480932474136,0.714630663394928,0.4506562054157257,-0.03654199466109276,0.721070408821106,0.41519078612327576,-0.03719884157180786,0.7266699075698853,0.3863925039768219,-0.035422392189502716,Ok
0.7032178640365601,0.6641870141029358,9.648237409010108e-08,0.6589996814727783,0.6542493104934692,-0.012712765485048294,0.6197953820228577,0.6271623373031616,-0.022196931764483452,0.5901565551757812,0.5981703400611877,-0.03348855674266815,0.5778156518936157,0.5597472786903381,-0.043147001415491104,0.6328556537628174,0.5353348851203918,-0.0007219465333037078,0.6024489402770996,0.5042259693145752,-0.025706816464662552,0.586088240146637,0.5139539837837219,-0.04480429366230965,0.5807757377624512,0.5335070490837097,-0.05322059243917465,0.6513186693191528,0.5069326162338257,-0.005445381626486778,0.625556230545044,0.4412097930908203,-0.020040513947606087,0.6062654256820679,0.39920568466186523,-0.029886851087212563,0.5895442366600037,0.36516252160072327,-0.03516542166471481,0.6777837872505188,0.49536779522895813,-0.014940548688173294,0.6638661623001099,0.43501418828964233,-0.03010362945497036,0.6489095687866211,0.39693793654441833,-0.03647739067673683,0.6340709328651428,0.3675450086593628,-0.038426611572504044,0.7068660259246826,0.5008342862129211,-0.02625531330704689,0.7145675420761108,0.44941890239715576,-0.03633236140012741,0.7214419841766357,0.41439083218574524,-0.03741171956062317,0.727310061454773,0.38620060682296753,-0.03607780858874321,Ok
0.7031786441802979,0.6630408763885498,9.97903271127143e-08,0.6590248942375183,0.653235137462616,-0.013278987258672714,0.6195765137672424,0.626639187335968,-0.023863883689045906,0.5889842510223389,0.597929835319519,-0.03614319488406181,0.5781683921813965,0.5589461922645569,-0.04670548439025879,0.632758378982544,0.5343971252441406,-0.0030825624708086252,0.6021797060966492,0.5037740468978882,-0.028304817155003548,0.5860301852226257,0.5152713656425476,-0.0471811443567276,0.5814513564109802,0.5359246134757996,-0.05552484095096588,0.6510816216468811,0.5062761902809143,-0.007597610354423523,0.6257010698318481,0.44135555624961853,-0.022486437112092972,0.6062746047973633,0.399924635887146,-0.032046519219875336,0.5890575051307678,0.36584705114364624,-0.03727521374821663,0.6775504946708679,0.49473831057548523,-0.01677704229950905,0.6641400456428528,0.4343215227127075,-0.03195665404200554,0.6493180990219116,0.3966960608959198,-0.037882886826992035,0.6342197060585022,0.36764824390411377,-0.039655737578868866,0.7066323161125183,0.5001640915870667,-0.027791671454906464,0.7147197127342224,0.4480628967285156,-0.03786980360746384,0.721169650554657,0.41220933198928833,-0.03895091637969017,0.7264053225517273,0.38297954201698303,-0.03770417720079422,Ok
0.7032496929168701,0.6627171039581299,1.0560980712170931e-07,0.6589296460151672,0.6531846523284912,-0.013080136850476265,0.6193107962608337,0.6268005967140198,-0.023611731827259064,0.5886492133140564,0.5979598760604858,-0.03587738424539566,0.5780822038650513,0.5587329864501953,-0.0463801771402359,0.6326340436935425,0.5346975326538086,-0.0027337148785591125,0.6022213697433472,0.5038267970085144,-0.027736738324165344,0.5861897468566895,0.5149601101875305,-0.04642613232135773,0.5815932154655457,0.5354302525520325,-0.054660893976688385,0.6510065793991089,0.506369948387146,-0.0073496806435287,0.625333309173584,0.4412391781806946,-0.022106973454356194,0.6060615181922913,0.39955317974090576,-0.031641244888305664,0.5890296101570129,0.3653123378753662,-0.0368930883705616,0.6776186227798462,0.49460479617118835,-0.016640229150652885,0.6636855006217957,0.43434423208236694,-0.031832095235586166,0.648851215839386,0.3967488408088684,-0.03799312561750412,0.6338524222373962,0.36788561940193176,-0.03994287550449371,0.7070126533508301,0.4995688498020172,-0.027728863060474396,0.7151062488555908,0.44631099700927734,-0.037835102528333664,0.721735954284668,0.41008487343788147,-0.03913190960884094,0.7269800901412964,0.3807239532470703,-0.03809548169374466,Ok
0.7037201523780823,0.6661134958267212,9.261728450837836e-08,0.6586988568305969,0.6549171209335327,-0.012346097268164158,0.6182845234870911,0.62662672996521,-0.02170819602906704,0.5880183577537537,0.5981921553611755,-0.03290452063083649,0.5772030353546143,0.5598066449165344,-0.042472511529922485,0.6331439018249512,0.5338929295539856,-0.0006096209399402142,0.6030135154724121,0.5030946135520935,-0.025281734764575958,0.5867278575897217,0.5145712494850159,-0.044554177671670914,0.5811520218849182,0.5354443788528442,-0.05324498936533928,0.6515642404556274,0.5059689283370972,-0.005503624211996794,0.6265106201171875,0.4412309527397156,-0.019538050517439842,0.6069647073745728,0.3988874554634094,-0.029880743473768234,0.5897297859191895,0.3645317256450653,-0.03583814948797226,0.6780884861946106,0.49464747309684753,-0.015055427327752113,0.6644720435142517,0.4350442886352539,-0.02972586639225483,0.6490303874015808,0.3972225487232208,-0.03670920804142952,0.6335281133651733,0.36835673451423645,-0.039280399680137634,0.7071853280067444,0.5001139044761658,-0.026365172117948532,0.7152875065803528,0.4469723105430603,-0.036092840135097504,0.7214837670326233,0.41037940979003906,-0.0374738872051239,0.7262590527534485,0.38069993257522583,-0.03652126342058182,Ok
0.7032623887062073,0.6670172214508057,7.85067229003289e-08,0.6587284803390503,0.6556229591369629,-0.012681972235441208,0.6189250946044922,0.6266976594924927,-0.022208770737051964,0.5892491340637207,0.5975561141967773,-0.03351094573736191,0.5777254700660706,0.5589569807052612,-0.043243009597063065,0.6333175897598267,0.5337498188018799,-0.0009749943274073303,0.6029831767082214,0.502731204032898,-0.02610248513519764,0.5865532159805298,0.5142708420753479,-0.04594818130135536,0.5811076164245605,0.5351337194442749,-0.05503511056303978,0.6516684889793396,0.5060421228408813,-0.005767806898802519,0.6268253922462463,0.4414525628089905,-0.020169150084257126,0.6072818040847778,0.399735689163208,-0.030803415924310684,0.5902595520019531,0.3660695552825928,-0.036985132843256,0.677908718585968,0.4950926899909973,-0.015248780138790607,0.6649602651596069,0.43481576442718506,-0.030126355588436127,0.6497945189476013,0.39715343713760376,-0.03696656599640846,0.6345191597938538,0.36821597814559937,-0.0394485741853714,0.7066376209259033,0.5009539723396301,-0.02653506211936474,0.7144330739974976,0.4482027590274811,-0.03636559471487999,0.7203500270843506,0.4119485318660736,-0.03754444792866707,0.7248314619064331,0.38250523805618286,-0.03643244132399559,Ok
0.702167809009552,0.6655874252319336,9.54401428998608e-08,0.6583916544914246,0.6552926301956177,-0.013564850203692913,0.6187194585800171,0.6278756856918335,-0.023704783990979195,0.5887888669967651,0.5981802344322205,-0.035536520183086395,0.5771191120147705,0.5591335296630859,-0.04569241777062416,0.6328883171081543,0.5343284010887146,-0.0016026616794988513,0.6026883721351624,0.503864586353302,-0.02669604867696762,0.5860199332237244,0.5152015089988708,-0.045809075236320496,0.5801531672477722,0.5355390906333923,-0.054196178913116455,0.6512375473976135,0.5065625905990601,-0.005959969479590654,0.6258461475372314,0.44083404541015625,-0.02018408291041851,0.6063706278800964,0.39926910400390625,-0.029570197686553,0.5895004868507385,0.365488201379776,-0.03457392007112503,0.6775537133216858,0.4955354332923889,-0.015198908746242523,0.6644037365913391,0.43582645058631897,-0.03055684082210064,0.6490762233734131,0.3982132077217102,-0.0369311198592186,0.6339907050132751,0.36907294392585754,-0.03874723240733147,0.7063738107681274,0.5010137557983398,-0.026303602382540703,0.7145330309867859,0.4487760066986084,-0.036720287054777145,0.7213602066040039,0.41265663504600525,-0.03810035437345505,0.7269102334976196,0.38299980759620667,-0.03692888841032982,Ok
0.7029082179069519,0.6648857593536377,1.052298443937616e-07,0.6584975719451904,0.6548411846160889,-0.014000468887388706,0.6193543076515198,0.6282444596290588,-0.024618493393063545,0.5892137885093689,0.5991238355636597,-0.03696172311902046,0.5765482187271118,0.5602027177810669,-0.04758896306157112,0.6326060891151428,0.5347556471824646,-0.002151578664779663,0.6021706461906433,0.5035321712493896,-0.0275433287024498,0.5855274796485901,0.5146328806877136,-0.04668433964252472,0.5799578428268433,0.535019040107727,-0.05499502643942833,0.651149570941925,0.5066495537757874,-0.006253636442124844,0.6259398460388184,0.4414695203304291,-0.020702507346868515,0.6064462065696716,0.3998839259147644,-0.03002426214516163,0.5893166065216064,0.3657066822052002,-0.03490555286407471,0.6776273846626282,0.4952940046787262,-0.015271242707967758,0.6644027233123779,0.4357360601425171,-0.030429448932409286,0.6491619944572449,0.39831387996673584,-0.03629259765148163,0.6340140700340271,0.3695850074291229,-0.03776557371020317,0.7065268754959106,0.5006976127624512,-0.026249682530760765,0.7148611545562744,0.44920608401298523,-0.03639373183250427,0.7216596603393555,0.4135490655899048,-0.037468332797288895,0.7274559140205383,0.38447844982147217,-0.03600144013762474,Ok
0.7022353410720825,0.6660162806510925,9.714243986991278e-08,0.6580140590667725,0.655078113079071,-0.01288137212395668,0.6187375783920288,0.6274290084838867,-0.02265452966094017,0.588440477848053,0.5992753505706787,-0.034274809062480927,0.5765613913536072,0.5610748529434204,-0.04433398321270943,0.6333929896354675,0.5360797643661499,-0.0011903528356924653,0.603659451007843,0.5056347846984863,-0.026965513825416565,0.5868132710456848,0.5152961015701294,-0.04670674353837967,0.5807119011878967,0.5347664952278137,-0.055407918989658356,0.6513300538063049,0.5078132152557373,-0.005898200441151857,0.6264994740486145,0.44222477078437805,-0.020869307219982147,0.6073075532913208,0.39983242750167847,-0.030811073258519173,0.5903607606887817,0.365662544965744,-0.03601779788732529,0.6775258183479309,0.4961804747581482,-0.015400373376905918,0.6644389629364014,0.4359668791294098,-0.030734386295080185,0.6493667960166931,0.3986446261405945,-0.03656995669007301,0.6340612769126892,0.37011879682540894,-0.03787605091929436,0.7062703967094421,0.50151526927948,-0.02676711231470108,0.7141938805580139,0.4489136040210724,-0.03689946234226227,0.7205243110656738,0.4128507077693939,-0.03756842762231827,0.7254685163497925,0.38380131125450134,-0.03570112958550453,Ok
0.7025706768035889,0.6653692126274109,1.0306785469538227e-07,0.6579408645629883,0.6552066802978516,-0.01296056155115366,0.6187632083892822,0.6275678873062134,-0.022751664742827415,0.5892263054847717,0.5984170436859131,-0.03437002748250961,0.5773869156837463,0.5599685311317444,-0.044401865452528,0.6326528787612915,0.5363970994949341,-0.0011976740788668394,0.603518009185791,0.5053584575653076,-0.02677576057612896,0.5868539810180664,0.5146332383155823,-0.04628659412264824,0.5808766484260559,0.5340805053710938,-0.05478459969162941,0.6508288383483887,0.5080655217170715,-0.005857416428625584,0.6261076927185059,0.4420601427555084,-0.02045084722340107,0.6069996953010559,0.39970409870147705,-0.02999097667634487,0.5902873277664185,0.36566901206970215,-0.03491821885108948,0.6773817539215088,0.49632659554481506,-0.015351444482803345,0.6637728810310364,0.4356827139854431,-0.030628027394413948,0.6487774848937988,0.3983970582485199,-0.03640737384557724,0.6339895129203796,0.3702726364135742,-0.037669017910957336,0.7065194845199585,0.5013532638549805,-0.026721864938735962,0.7145259976387024,0.4484194219112396,-0.03719821572303772,0.7213031053543091,0.41209903359413147,-0.03812586888670921,0.726864218711853,0.3828767240047455,-0.03637406975030899,Ok
0.7027214169502258,0.6663901805877686,9.564250547100528e-08,0.6590749025344849,0.6556769609451294,-0.013142844662070274,0.6196181178092957,0.6278861165046692,-0.02291802503168583,0.589344322681427,0.5989466905593872,-0.034316498786211014,0.577747642993927,0.5602536797523499,-0.04402928054332733,0.6330705881118774,0.536596953868866,-0.0023759803734719753,0.6028477549552917,0.5054377913475037,-0.028305714949965477,0.5864883065223694,0.5161970853805542,-0.047901734709739685,0.5812438130378723,0.5365482568740845,-0.056445781141519547,0.6512723565101624,0.5081531405448914,-0.006693381816148758,0.626285970211029,0.4421771764755249,-0.022131498903036118,0.6070018410682678,0.3998720049858093,-0.03211589902639389,0.5900429487228394,0.36610203981399536,-0.03726479411125183,0.6777294874191284,0.4964767396450043,-0.015703143551945686,0.6641409397125244,0.43585205078125,-0.0311871524900198,0.6488993763923645,0.3981390595436096,-0.0370359867811203,0.6336803436279297,0.36951959133148193,-0.03828970715403557,0.706900417804718,0.5019298195838928,-0.026544863358139992,0.7144155502319336,0.4491848945617676,-0.03647947311401367,0.7204434871673584,0.41339612007141113,-0.03709260746836662,0.7253673672676086,0.38478174805641174,-0.03517491742968559,Ok
0.7193714380264282,0.6720975041389465,8.661853456715107e-08,0.6759331226348877,0.6607158780097961,-0.01619899645447731,0.6358762383460999,0.6340733766555786,-0.028925353661179543,0.6061090230941772,0.604577898979187,-0.04276571422815323,0.5953511595726013,0.5637677907943726,-0.05478639528155327,0.6476039886474609,0.5402443408966064,-0.005633070599287748,0.6177986860275269,0.5073847770690918,-0.032991837710142136,0.6020460724830627,0.5193899273872375,-0.05385715514421463,0.5969471335411072,0.5409682393074036,-0.06339249759912491,0.6676297783851624,0.5133305191993713,-0.009417801164090633,0.6444115042686462,0.4470088481903076,-0.025641320273280144,0.6230456829071045,0.40720826387405396,-0.036789532750844955,0.6028546094894409,0.3758975863456726,-0.043170467019081116,0.6945590376853943,0.5036935210227966,-0.018220843747258186,0.6828510165214539,0.44025757908821106,-0.03484414145350456,0.6667776107788086,0.40492573380470276,-0.0415777750313282,0.6494705677032471,0.3777729868888855,-0.04371801018714905,0.7241773009300232,0.5103578567504883,-0.028995566070079803,0.7296916246414185,0.453915536403656,-0.040385231375694275,0.7305773496627808,0.41586121916770935,-0.04204433411359787,0.7283160090446472,0.38360023498535156,-0.04114944115281105,Ok
0.7178680896759033,0.6737145781517029,8.729093536885557e-08,0.673604428768158,0.6622689962387085,-0.01623215153813362,0.6329354047775269,0.6360074281692505,-0.0291037205606699,0.6029086112976074,0.606175422668457,-0.04328486695885658,0.5940894484519958,0.5641855597496033,-0.055772121995687485,0.6461021900177002,0.5418110489845276,-0.005156564526259899,0.6157980561256409,0.5085051655769348,-0.032883889973163605,0.5995000600814819,0.5210802555084229,-0.05422278493642807,0.5939143896102905,0.5429356098175049,-0.06408553570508957,0.6660335063934326,0.5140498876571655,-0.00908514391630888,0.6424851417541504,0.44813305139541626,-0.02503987029194832,0.6206956505775452,0.408423513174057,-0.03619159758090973,0.60005784034729,0.37639325857162476,-0.042674511671066284,0.693098247051239,0.5038284063339233,-0.018139684572815895,0.6824110746383667,0.44158631563186646,-0.03492502495646477,0.6660751104354858,0.40590763092041016,-0.04180091619491577,0.6487495303153992,0.37767937779426575,-0.04405568167567253,0.7225803136825562,0.5104714035987854,-0.029208509251475334,0.7289940714836121,0.45479530096054077,-0.04111994057893753,0.7317480444908142,0.41669538617134094,-0.04290395975112915,0.7318883538246155,0.38392186164855957,-0.042028021067380905,Ok
0.7173466086387634,0.6751092672348022,7.622343645152796e-08,0.6725807189941406,0.6629588603973389,-0.015906285494565964,0.6320521831512451,0.6363191604614258,-0.028397666290402412,0.6020563840866089,0.6070786118507385,-0.04224296286702156,0.5922180414199829,0.5661327838897705,-0.05449855700135231,0.6451350450515747,0.5417887568473816,-0.004238911438733339,0.6147850751876831,0.5089412927627563,-0.03201042860746384,0.5989513397216797,0.5216286182403564,-0.05399112403392792,0.5933866500854492,0.542892336845398,-0.06442240625619888,0.6654441952705383,0.5143308043479919,-0.008455351926386356,0.6412758827209473,0.4495190382003784,-0.0244614165276289,0.6193525791168213,0.4100385308265686,-0.036615289747714996,0.5987673401832581,0.3783220648765564,-0.04396018385887146,0.6925682425498962,0.5043562054634094,-0.017764149233698845,0.6813305020332336,0.4423621594905853,-0.034377843141555786,0.6650897860527039,0.40696650743484497,-0.04192352294921875,0.6479096412658691,0.378975510597229,-0.044810134917497635,0.721884548664093,0.5112084150314331,-0.029069343581795692,0.7277259230613708,0.4557628631591797,-0.04060261696577072,0.7305011749267578,0.4181201457977295,-0.04239526391029358,0.7308349013328552,0.38572007417678833,-0.04167218133807182,Ok
0.7165547013282776,0.6768442392349243,8.258925277004892e-08,0.6718723773956299,0.6638486981391907,-0.015384248457849026,0.631919264793396,0.6369792222976685,-0.02725757472217083,0.6030649542808533,0.6074634790420532,-0.04060042276978493,0.5922582149505615,0.5666660666465759,-0.05227978900074959,0.6443851590156555,0.5428019762039185,-0.0031650641467422247,0.6143586039543152,0.5094937682151794,-0.030451571568846703,0.5982018113136292,0.5213891267776489,-0.05181098356842995,0.5923113822937012,0.5432448387145996,-0.06173203885555267,0.6646738648414612,0.515499472618103,-0.007494774181395769,0.6407778263092041,0.4499119222164154,-0.023554600775241852,0.6188778877258301,0.4100547134876251,-0.03529224172234535,0.5981297492980957,0.37855958938598633,-0.042066190391778946,0.6918559074401855,0.5054821968078613,-0.016927972435951233,0.6807278394699097,0.4431611895561218,-0.03351682052016258,0.6646162867546082,0.4072257876396179,-0.04056684672832489,0.6475351452827454,0.37920039892196655,-0.042913246899843216,0.7214108109474182,0.5123907327651978,-0.02835758775472641,0.7279403209686279,0.45702770352363586,-0.039832018315792084,0.730853796005249,0.4189797341823578,-0.04135115072131157,0.7312633395195007,0.38657209277153015,-0.04027780517935753,Ok
0.716916024684906,0.6771465539932251,8.10232592129978e-08,0.6723443269729614,0.663888156414032,-0.015251834876835346,0.6324020028114319,0.6371142864227295,-0.027207035571336746,0.6031891107559204,0.6077011823654175,-0.04068264365196228,0.5920706987380981,0.567061722278595,-0.05251670628786087,0.6447030305862427,0.5430654287338257,-0.003125580959022045,0.6146178841590881,0.5097996592521667,-0.030625518411397934,0.5983759164810181,0.5213704705238342,-0.05213085561990738,0.5925643444061279,0.542929470539093,-0.062103934586048126,0.6647475957870483,0.5155811905860901,-0.007547252811491489,0.6409120559692383,0.4499317705631256,-0.023687614127993584,0.6188868284225464,0.4100285768508911,-0.03531492501497269,0.5980055332183838,0.37857353687286377,-0.04198175296187401,0.6917541027069092,0.5055131912231445,-0.017079951241612434,0.6812211275100708,0.442588210105896,-0.033560771495103836,0.6653498411178589,0.4066725969314575,-0.040310367941856384,0.648360013961792,0.37883150577545166,-0.04245602712035179,0.7211737036705017,0.5126160383224487,-0.028633803129196167,0.7281646728515625,0.4573749005794525,-0.040015388280153275,0.730915904045105,0.4191353917121887,-0.04141973704099655,0.7310647964477539,0.3864879608154297,-0.04025127366185188,Ok
0.7173084616661072,0.677441418170929,7.780494826192808e-08,0.6724544763565063,0.665066659450531,-0.01484586764127016,0.6325876116752625,0.637915849685669,-0.026782261207699776,0.6025934815406799,0.608111560344696,-0.04036783427000046,0.5919843912124634,0.5675381422042847,-0.05239721015095711,0.6451114416122437,0.5437911748886108,-0.002911676187068224,0.614830493927002,0.5100799202919006,-0.030011717230081558,0.5983759164810181,0.5223027467727661,-0.0513039231300354,0.592718780040741,0.5438979864120483,-0.061220381408929825,0.6650255918502808,0.5158811807632446,-0.007510608993470669,0.6417209506034851,0.4503893256187439,-0.02274293266236782,0.6197101473808289,0.4107559025287628,-0.03381573036313057,0.5988156795501709,0.3789880573749542,-0.04032985493540764,0.6919707655906677,0.5056569576263428,-0.017184831202030182,0.6816593408584595,0.4421742260456085,-0.03313803672790527,0.6650530099868774,0.4066426157951355,-0.039852533489465714,0.6474043726921082,0.37887394428253174,-0.04217296093702316,0.7211608290672302,0.5127798318862915,-0.028851250186562538,0.7282431721687317,0.45704326033592224,-0.040185585618019104,0.7313239574432373,0.4185199737548828,-0.0418047271668911,0.7320539355278015,0.3854650557041168,-0.04086831212043762,Ok
0.7172724008560181,0.6771185994148254,8.169942589120183e-08,0.6725765466690063,0.664871335029602,-0.014608403667807579,0.6327765583992004,0.6376533508300781,-0.02639700658619404,0.6028728485107422,0.6080073714256287,-0.03991246223449707,0.592187762260437,0.5676268935203552,-0.0519246943295002,0.6449331045150757,0.5436422228813171,-0.0024058797862380743,0.614759624004364,0.5106191635131836,-0.029259495437145233,0.5982253551483154,0.5223745107650757,-0.05036154389381409,0.5925029516220093,0.5438106060028076,-0.060137998312711716,0.6647850275039673,0.515779972076416,-0.007166455965489149,0.6412361264228821,0.45017361640930176,-0.022096041589975357,0.6192986965179443,0.41063594818115234,-0.032983243465423584,0.5986344218254089,0.37933626770973206,-0.03935375064611435,0.6917151212692261,0.5056975483894348,-0.017023665830492973,0.6811653971672058,0.44228968024253845,-0.033078957349061966,0.6645814180374146,0.40672484040260315,-0.04006323218345642,0.6470786929130554,0.3792107105255127,-0.042522601783275604,0.7209154963493347,0.5129175186157227,-0.02881564572453499,0.7280492186546326,0.457078754901886,-0.040510144084692,0.7313248515129089,0.41855788230895996,-0.0424787662923336,0.7322053909301758,0.38559895753860474,-0.041756633669137955,Ok
0.7171106934547424,0.6775104999542236,9.401850320500671e-08,0.6728942394256592,0.664306104183197,-0.015334061346948147,0.6325744390487671,0.6376239657402039,-0.02752186357975006,0.6021928191184998,0.6078809499740601,-0.041279762983322144,0.5916653275489807,0.5668125152587891,-0.05334734171628952,0.6448126435279846,0.5439909100532532,-0.0031456234864890575,0.61420738697052,0.5102365612983704,-0.03007464110851288,0.5978853702545166,0.5210986733436584,-0.05079876631498337,0.5920723080635071,0.542404294013977,-0.06023503094911575,0.6646023392677307,0.5162310004234314,-0.00750109925866127,0.6406713128089905,0.44968512654304504,-0.022781306877732277,0.6186565160751343,0.4100326895713806,-0.03370552882552147,0.5976659059524536,0.37912264466285706,-0.03996118903160095,0.6913912296295166,0.505796492099762,-0.016965486109256744,0.6808703541755676,0.44201257824897766,-0.03309136629104614,0.6641921997070312,0.40585190057754517,-0.03988398611545563,0.6465039849281311,0.37843117117881775,-0.042181938886642456,0.720582127571106,0.5125370621681213,-0.028431333601474762,0.7284609079360962,0.45732831954956055,-0.03996111825108528,0.7315435409545898,0.41888850927352905,-0.04181288927793503,0.7319052219390869,0.38632136583328247,-0.04100494459271431,Ok
0.7174274325370789,0.678087592124939,8.977018950417914e-08,0.6729106307029724,0.6644198894500732,-0.015410725958645344,0.6325291395187378,0.6377907991409302,-0.02764146402478218,0.6022225618362427,0.6082140803337097,-0.04141266271471977,0.5915286540985107,0.5672967433929443,-0.053434692323207855,0.6449728012084961,0.5440553426742554,-0.0033803407568484545,0.6139515042304993,0.5098629593849182,-0.03035328909754753,0.5975821018218994,0.521456241607666,-0.05109383538365364,0.5919291377067566,0.5433225035667419,-0.06055308133363724,0.6649472117424011,0.5163753628730774,-0.007657122798264027,0.6406370401382446,0.4500735402107239,-0.023135429248213768,0.618669867515564,0.4102703332901001,-0.03420203551650047,0.5977935791015625,0.37881773710250854,-0.040599167346954346,0.6918032169342041,0.5059174299240112,-0.017026888206601143,0.6813504099845886,0.4424588978290558,-0.03314395993947983,0.6648974418640137,0.4064215123653412,-0.039824601262807846,0.6473733186721802,0.37888145446777344,-0.04208041727542877,0.720996618270874,0.5126023292541504,-0.028416911140084267,0.728546142578125,0.45728468894958496,-0.03969709947705269,0.7315639853477478,0.418981671333313,-0.041270479559898376,0.7319900989532471,0.3864894509315491,-0.0403132364153862,Ok
0.7174155712127686,0.6782608032226562,7.885380881589299e-08,0.6723275184631348,0.6658657789230347,-0.015903815627098083,0.6318621635437012,0.6390547752380371,-0.02831912413239479,0.6016048192977905,0.6090186834335327,-0.04219171777367592,0.5915029644966125,0.5679006576538086,-0.054320283234119415,0.6447478532791138,0.5443292260169983,-0.003819011617451906,0.6140451431274414,0.5095880031585693,-0.031108727678656578,0.5975237488746643,0.5219988226890564,-0.05241736024618149,0.5917536020278931,0.5442801117897034,-0.06238621100783348,0.6651588082313538,0.5164452791213989,-0.00787827093154192,0.6407860517501831,0.4511677324771881,-0.023344820365309715,0.6187458038330078,0.41166841983795166,-0.03480583429336548,0.5979693531990051,0.3801507353782654,-0.04170007258653641,0.6924664378166199,0.505990743637085,-0.017050836235284805,0.6812077164649963,0.44346296787261963,-0.03302692249417305,0.6650625467300415,0.40785855054855347,-0.03957468271255493,0.6479277014732361,0.3803268074989319,-0.0419282503426075,0.7219427227973938,0.512584388256073,-0.028317635878920555,0.7288216948509216,0.45756471157073975,-0.03962171822786331,0.7317613363265991,0.41939133405685425,-0.04107554256916046,0.7321153879165649,0.38677138090133667,-0.04011838138103485,Ok
0.7173547744750977,0.6778948307037354,7.965542891952282e-08,0.6724822521209717,0.6659494638442993,-0.015580915845930576,0.6319729089736938,0.6388617157936096,-0.027791505679488182,0.6017780900001526,0.6087365746498108,-0.041530486196279526,0.5919235944747925,0.5675771832466125,-0.05353214964270592,0.6444916129112244,0.5439298152923584,-0.00336593110114336,0.6140065789222717,0.5091901421546936,-0.03045068122446537,0.597874641418457,0.5215625762939453,-0.05164267122745514,0.5923565626144409,0.5437939167022705,-0.06154017522931099,0.66485995054245,0.5162222385406494,-0.007610209286212921,0.6404163241386414,0.4509297013282776,-0.02273205853998661,0.6184365153312683,0.41168028116226196,-0.034062862396240234,0.597730815410614,0.3806576728820801,-0.040882665663957596,0.6921108365058899,0.5060372352600098,-0.016961896792054176,0.680275022983551,0.4432707726955414,-0.03288792073726654,0.6638743281364441,0.40761977434158325,-0.03965950384736061,0.6465234160423279,0.3802008628845215,-0.042177714407444,0.721645712852478,0.5128824710845947,-0.02835347317159176,0.7287585139274597,0.4579651653766632,-0.03988494724035263,0.7319002151489258,0.4197007119655609,-0.041661351919174194,0.7323080897331238,0.38706618547439575,-0.04091222584247589,Ok
0.7157384753227234,0.6779845952987671,7.956190017921472e-08,0.6709766983985901,0.6656008958816528,-0.015034381300210953,0.6310263276100159,0.638500452041626,-0.026806261390447617,0.6016796827316284,0.6087994575500488,-0.04001361504197121,0.5913627743721008,0.5686137676239014,-0.05158508941531181,0.64421147108078,0.5449909567832947,-0.0039168656803667545,0.6141592264175415,0.5107669234275818,-0.030909135937690735,0.5976899862289429,0.5228371620178223,-0.05191841349005699,0.5915045142173767,0.5448050498962402,-0.061626024544239044,0.6641298532485962,0.5173079371452332,-0.00823249015957117,0.6406311988830566,0.4510374367237091,-0.02377994731068611,0.618859589099884,0.41132020950317383,-0.035045597702264786,0.5981391072273254,0.38059085607528687,-0.0416337251663208,0.6910771727561951,0.5069053173065186,-0.017493506893515587,0.6806055307388306,0.44342440366744995,-0.03350943699479103,0.66453617811203,0.4074484705924988,-0.04026235267519951,0.6474672555923462,0.3800235390663147,-0.04257674887776375,0.7203882932662964,0.513588011264801,-0.028724007308483124,0.7279762029647827,0.4579036831855774,-0.039979487657547,0.7312933802604675,0.4196002781391144,-0.04151177406311035,0.7320414185523987,0.3871201276779175,-0.04051455482840538,Ok
0.7157661318778992,0.6780296564102173,7.784361599760814e-08,0.6710020899772644,0.6660430431365967,-0.014943107962608337,0.6309612989425659,0.6385887861251831,-0.026580536738038063,0.6018401384353638,0.6089208722114563,-0.039628636091947556,0.5912787914276123,0.5690305829048157,-0.05102495476603508,0.6439926028251648,0.5449769496917725,-0.004242942668497562,0.6137217283248901,0.5104655027389526,-0.0310916006565094,0.5974106788635254,0.522818922996521,-0.05191332846879959,0.5912531018257141,0.544823944568634,-0.0615161769092083,0.6640688180923462,0.5172780752182007,-0.008633258752524853,0.6405954360961914,0.4510117769241333,-0.024265553802251816,0.6188105344772339,0.41135185956954956,-0.03559252619743347,0.5979903936386108,0.3808591365814209,-0.042196374386548996,0.6909977793693542,0.5070387721061707,-0.01790953055024147,0.6803110241889954,0.44354504346847534,-0.03403415158390999,0.6642120480537415,0.40730708837509155,-0.040967587381601334,0.6471585035324097,0.3796297609806061,-0.04339838773012161,0.7202891707420349,0.513874888420105,-0.029109161347150803,0.7280582189559937,0.458143025636673,-0.04048560932278633,0.7314742207527161,0.419772744178772,-0.04217088595032692,0.7323017120361328,0.38728535175323486,-0.04126753658056259,Ok
0.7164117097854614,0.6771153807640076,9.021004387932408e-08,0.6718285083770752,0.665270209312439,-0.015492679551243782,0.6311660408973694,0.6384311318397522,-0.02793162502348423,0.6010841131210327,0.6087769865989685,-0.04189902916550636,0.5910298824310303,0.5686108469963074,-0.05434950068593025,0.644061267375946,0.5446190237998962,-0.0043349540792405605,0.6136691570281982,0.5112024545669556,-0.032118622213602066,0.5970664024353027,0.5230842232704163,-0.053695667535066605,0.5911150574684143,0.5446104407310486,-0.06360785663127899,0.6639620661735535,0.5168089866638184,-0.008711160160601139,0.6399261951446533,0.45035773515701294,-0.0241853054612875,0.6182640790939331,0.41043633222579956,-0.035255901515483856,0.5979214310646057,0.37941402196884155,-0.041618023067712784,0.6908772587776184,0.5064864754676819,-0.018172962591052055,0.6800042390823364,0.4427100419998169,-0.03467981889843941,0.6631785035133362,0.4075464606285095,-0.0416342169046402,0.6455536484718323,0.38115814328193665,-0.04394075646996498,0.7200247645378113,0.5133759379386902,-0.029604194685816765,0.7282771468162537,0.4582321345806122,-0.04178537800908089,0.7319139838218689,0.419929176568985,-0.04389788955450058,0.7328658103942871,0.38720834255218506,-0.0431247316300869,Ok
0.7164165377616882,0.6775519251823425,9.296682179638083e-08,0.6716995239257812,0.6656455397605896,-0.015639731660485268,0.6311999559402466,0.6386268138885498,-0.028021715581417084,0.6012824177742004,0.6091207265853882,-0.04190424829721451,0.5910231471061707,0.5687523484230042,-0.05431000143289566,0.6437504291534424,0.5446685552597046,-0.004272721707820892,0.6130595803260803,0.5120221972465515,-0.032316308468580246,0.5963950157165527,0.5242741107940674,-0.05415071174502373,0.5906607508659363,0.54616779088974,-0.06418870389461517,0.6638216376304626,0.5167349576950073,-0.008624174632132053,0.639979362487793,0.4502822756767273,-0.02433665841817856,0.6185600161552429,0.41016629338264465,-0.03551159054040909,0.5984909534454346,0.37872666120529175,-0.04185651242733002,0.6909548044204712,0.5064391493797302,-0.018111571669578552,0.6804087162017822,0.4433649480342865,-0.03482251986861229,0.6640867590904236,0.40800774097442627,-0.04160682111978531,0.647007167339325,0.3808501362800598,-0.04371132701635361,0.720184326171875,0.5134868025779724,-0.029598215594887733,0.7279908657073975,0.4584367573261261,-0.04176265373826027,0.7319377660751343,0.4202895760536194,-0.043475404381752014,0.7335684299468994,0.38749217987060547,-0.042361605912446976,Ok
0.7171838283538818,0.6790180802345276,8.766415504624092e-08,0.6717448830604553,0.6668583750724792,-0.015338793396949768,0.6314529180526733,0.6392565965652466,-0.027065040543675423,0.6019457578659058,0.6091786026954651,-0.04027070850133896,0.5907569527626038,0.568569540977478,-0.05189512297511101,0.6442276239395142,0.5457584261894226,-0.003680044086650014,0.6134658455848694,0.5117353796958923,-0.03113429620862007,0.5970202684402466,0.5239946842193604,-0.0523722879588604,0.5911976099014282,0.5463280081748962,-0.06200845167040825,0.6646065711975098,0.5177599787712097,-0.00790628045797348,0.6408134698867798,0.4514659643173218,-0.02356790006160736,0.6194011569023132,0.41082316637039185,-0.03477221727371216,0.5991300940513611,0.3787333369255066,-0.04115436598658562,0.6919482350349426,0.5073139071464539,-0.01723688468337059,0.6811521053314209,0.4454248547554016,-0.03370001167058945,0.6647771596908569,0.40956342220306396,-0.040656257420778275,0.6474422216415405,0.38187074661254883,-0.04287903010845184,0.7214797139167786,0.5137774348258972,-0.028543943539261818,0.7288461923599243,0.45834067463874817,-0.04013333469629288,0.7326318025588989,0.42002254724502563,-0.041747502982616425,0.7341477274894714,0.38749927282333374,-0.040661249309778214,Ok
0.717316746711731,0.6782534122467041,8.914781801649951e-08,0.6725221872329712,0.6660252809524536,-0.014790241606533527,0.6322053074836731,0.6384718418121338,-0.02637522853910923,0.6022737622261047,0.6080887913703918,-0.039553750306367874,0.5915478467941284,0.5676485300064087,-0.051179189234972,0.6449193954467773,0.5461365580558777,-0.00308393151499331,0.6148030757904053,0.512016773223877,-0.03006289340555668,0.5981679558753967,0.5231141448020935,-0.050825610756874084,0.5920886993408203,0.5442288517951965,-0.06027848273515701,0.6644004583358765,0.5183029770851135,-0.007549759931862354,0.6405662298202515,0.4518103301525116,-0.022916780784726143,0.6188982725143433,0.4114595651626587,-0.03367087244987488,0.5984739661216736,0.3791874647140503,-0.03978800028562546,0.6910976767539978,0.5078108310699463,-0.017059825360774994,0.6804039478302002,0.44465798139572144,-0.03339022397994995,0.6641231775283813,0.4084569811820984,-0.04016874358057976,0.6469534635543823,0.38042348623275757,-0.042353615164756775,0.7202663421630859,0.5142738223075867,-0.028507253155112267,0.7280787825584412,0.45858830213546753,-0.04022146016359329,0.7320024967193604,0.41976046562194824,-0.042054809629917145,0.733485758304596,0.3864983320236206,-0.0411980003118515,Ok
0.7163578271865845,0.6771584749221802,9.274659618085934e-08,0.6719069480895996,0.6657686233520508,-0.016006097197532654,0.631828248500824,0.6389325857162476,-0.02865719608962536,0.6012495756149292,0.6095178127288818,-0.04266077280044556,0.5915645956993103,0.5684453845024109,-0.055025797337293625,0.644969642162323,0.5453592538833618,-0.004927832633256912,0.6144821643829346,0.5131776928901672,-0.03269346058368683,0.5975225567817688,0.5248668193817139,-0.05390153080224991,0.5914088487625122,0.5463077425956726,-0.06369726359844208,0.6645439267158508,0.5175446271896362,-0.009047533385455608,0.6402062773704529,0.4513195753097534,-0.025265485048294067,0.6184995174407959,0.4113832712173462,-0.036424119025468826,0.5979086756706238,0.379755437374115,-0.04279026761651039,0.6914609670639038,0.5070457458496094,-0.018242506310343742,0.6803601384162903,0.44436216354370117,-0.035124268382787704,0.6645389795303345,0.408197820186615,-0.04187896475195885,0.6475161910057068,0.3799760341644287,-0.04403838887810707,0.7206426858901978,0.5138735771179199,-0.029459713026881218,0.7280591726303101,0.4588678777217865,-0.041467368602752686,0.7321405410766602,0.4207489490509033,-0.043255098164081573,0.7338762879371643,0.3879891037940979,-0.04236026480793953,Ok
0.7158223390579224,0.677034318447113,8.63877147594394e-08,0.6713792681694031,0.6660111546516418,-0.016071485355496407,0.6311892867088318,0.6387482285499573,-0.028351591899991035,0.6013433933258057,0.6091087460517883,-0.04183089733123779,0.59071946144104,0.56830894947052,-0.053626276552677155,0.64427250623703,0.5447872281074524,-0.005547373089939356,0.6136364936828613,0.5119956135749817,-0.0330980159342289,0.5970207452774048,0.5243545174598694,-0.0540371872484684,0.5909842848777771,0.5461330413818359,-0.06362388283014297,0.6642536520957947,0.5169479846954346,-0.0095411017537117,0.6398330330848694,0.4508518576622009,-0.025864388793706894,0.6183366179466248,0.4109463691711426,-0.0370875783264637,0.5980684161186218,0.37959903478622437,-0.04345669224858284,0.691393256187439,0.5067901015281677,-0.01854063756763935,0.6800309419631958,0.4446777105331421,-0.035571109503507614,0.6643177270889282,0.4086853265762329,-0.04249277338385582,0.6476044058799744,0.38050729036331177,-0.04468744620680809,0.7208054065704346,0.5137671828269958,-0.029512828215956688,0.7278035879135132,0.4586375951766968,-0.041609276086091995,0.7319713830947876,0.42082443833351135,-0.04340840131044388,0.7339483499526978,0.38846567273139954,-0.04245908558368683,Ok
0.7159143686294556,0.6794180870056152,8.488345315527113e-08,0.6711963415145874,0.6679122447967529,-0.015454372391104698,0.6307178735733032,0.6399070620536804,-0.027451010420918465,0.6006303429603577,0.6099135279655457,-0.040875308215618134,0.5889809131622314,0.5694350600242615,-0.05262453854084015,0.6435995101928711,0.5459415912628174,-0.004527159966528416,0.6126584410667419,0.5110824108123779,-0.03163459524512291,0.5965606570243835,0.5234904885292053,-0.05236734449863434,0.5912294983863831,0.5457533001899719,-0.06183014437556267,0.6641383171081543,0.5180489420890808,-0.008773371577262878,0.6399421691894531,0.45215117931365967,-0.02429855428636074,0.6184632182121277,0.4119647145271301,-0.03543534874916077,0.5983293652534485,0.3803660273551941,-0.041945185512304306,0.6913185119628906,0.5078313946723938,-0.01800958625972271,0.6802077889442444,0.44474470615386963,-0.03412574157118797,0.6646592617034912,0.40873828530311584,-0.04078492894768715,0.6482623815536499,0.38093143701553345,-0.04310907796025276,0.7206360101699829,0.514750599861145,-0.029234278947114944,0.728047251701355,0.4596099257469177,-0.040879987180233,0.7320829033851624,0.42150768637657166,-0.04262185096740723,0.7340315580368042,0.3889862298965454,-0.041738178580999374,Ok
0.7165029048919678,0.6791118383407593,7.601872908935547e-08,0.6717185974121094,0.6681488156318665,-0.014921821653842926,0.6311402916908264,0.6396077871322632,-0.026511020958423615,0.6011383533477783,0.6098470091819763,-0.03958751633763313,0.589470386505127,0.5695807337760925,-0.051045674830675125,0.6435235142707825,0.5459727048873901,-0.004121096804738045,0.6130362153053284,0.5109988451004028,-0.030896198004484177,0.5970170497894287,0.5239835977554321,-0.0515974797308445,0.5912582874298096,0.546447217464447,-0.06118045747280121,0.6639235615730286,0.518248438835144,-0.008675580844283104,0.6400564908981323,0.45191049575805664,-0.023974400013685226,0.6186673641204834,0.4123467803001404,-0.03533725440502167,0.5984460115432739,0.3817378282546997,-0.042192619293928146,0.6911121606826782,0.5083566308021545,-0.01814853772521019,0.6797617077827454,0.4446328282356262,-0.03403127193450928,0.6643444895744324,0.408624529838562,-0.0411750003695488,0.6479344964027405,0.3806949257850647,-0.044067297130823135,0.7205774784088135,0.5152703523635864,-0.029539844021201134,0.7278227210044861,0.45955216884613037,-0.041068632155656815,0.7318071126937866,0.42134031653404236,-0.04314561188220978,0.7334631085395813,0.388539582490921,-0.04272352531552315,Ok
0.716267466545105,0.6791449785232544,9.788497834506416e-08,0.6716635823249817,0.6668465733528137,-0.01606224663555622,0.6314979195594788,0.6395818591117859,-0.02855760231614113,0.6012024283409119,0.609804630279541,-0.0424271896481514,0.5904709100723267,0.5688287019729614,-0.05463869124650955,0.643886148929596,0.5460030436515808,-0.004934820346534252,0.6131477952003479,0.512763261795044,-0.03263009339570999,0.5962923169136047,0.5251011252403259,-0.05390750244259834,0.5900248289108276,0.5469059348106384,-0.06372852623462677,0.663684070110321,0.5180644392967224,-0.008946910500526428,0.6395900249481201,0.4519767761230469,-0.02494167350232601,0.6183046698570251,0.411697119474411,-0.03605877608060837,0.5980371832847595,0.37929272651672363,-0.0424150675535202,0.6908359527587891,0.5078422427177429,-0.018040014430880547,0.6799069046974182,0.44564300775527954,-0.03464776650071144,0.6644147634506226,0.40923094749450684,-0.04108826816082001,0.6479984521865845,0.3807576298713684,-0.043003905564546585,0.7201491594314575,0.5148754715919495,-0.02921205572783947,0.7275400161743164,0.4593989849090576,-0.04097738116979599,0.7325741648674011,0.4211564362049103,-0.04233575984835625,0.7356719970703125,0.38866931200027466,-0.04104248806834221,Ok
0.7163364887237549,0.6793456077575684,9.84071988341384e-08,0.6717573404312134,0.6669803857803345,-0.016117295250296593,0.6316642165184021,0.6397238969802856,-0.02864471822977066,0.6013453602790833,0.6100384593009949,-0.042544566094875336,0.5903338193893433,0.5691182017326355,-0.05478156730532646,0.6439810395240784,0.5460525751113892,-0.004954793956130743,0.6130627989768982,0.5127663016319275,-0.03272988274693489,0.5961781740188599,0.524996280670166,-0.054039593786001205,0.5900102257728577,0.5467469096183777,-0.06383528560400009,0.6637742519378662,0.518079936504364,-0.008920259773731232,0.6395986676216125,0.4520249366760254,-0.024910934269428253,0.6183921694755554,0.4116549789905548,-0.03593726456165314,0.5982673168182373,0.37909120321273804,-0.042198434472084045,0.6909129023551941,0.5078334212303162,-0.017990857362747192,0.6800248026847839,0.4457424283027649,-0.034566570073366165,0.6645723581314087,0.40924930572509766,-0.04091392830014229,0.6482200026512146,0.3806852698326111,-0.042739953845739365,0.7201629281044006,0.514836311340332,-0.029156943783164024,0.727576732635498,0.45945030450820923,-0.040848251432180405,0.7325974106788635,0.42123886942863464,-0.042134229093790054,0.7357283234596252,0.38876911997795105,-0.04076940566301346,Ok
0.7157787680625916,0.6800645589828491,8.232390769080666e-08,0.6697585582733154,0.6673856377601624,-0.01430477574467659,0.629536509513855,0.639428973197937,-0.025436170399188995,0.600942850112915,0.6093809604644775,-0.0381668396294117,0.5901598930358887,0.5695933103561401,-0.04934157058596611,0.6436532139778137,0.5465310215950012,-0.003579258918762207,0.6126951575279236,0.5115148425102234,-0.03010610118508339,0.5963590145111084,0.5241650342941284,-0.0505714938044548,0.5906507968902588,0.5461256504058838,-0.06003517657518387,0.6638583540916443,0.5188612937927246,-0.008344987407326698,0.6400096416473389,0.45265787839889526,-0.023720862343907356,0.6186661720275879,0.41242408752441406,-0.034999582916498184,0.5986334681510925,0.37990081310272217,-0.04167992249131203,0.6907839179039001,0.5087559223175049,-0.017933059483766556,0.6797903776168823,0.4453641176223755,-0.034095216542482376,0.6641758680343628,0.40872645378112793,-0.040996432304382324,0.6480123996734619,0.37993377447128296,-0.04350678622722626,0.7201052308082581,0.5158524513244629,-0.029413677752017975,0.7277399301528931,0.4608035087585449,-0.04113705828785896,0.7326826453208923,0.4227021038532257,-0.04280250146985054,0.7357387542724609,0.39015835523605347,-0.041882939636707306,Ok
0.715540885925293,0.679554283618927,8.08899613957692e-08,0.669775128364563,0.6673873662948608,-0.014412491582334042,0.6294729113578796,0.6395277976989746,-0.02563265524804592,0.6009447574615479,0.6092616319656372,-0.03837268054485321,0.5900484323501587,0.5693633556365967,-0.049502577632665634,0.643625795841217,0.546510636806488,-0.004169159568846226,0.6128824353218079,0.5113250017166138,-0.030581504106521606,0.5964434146881104,0.5241160988807678,-0.05086594820022583,0.5905088186264038,0.5461919903755188,-0.06024022772908211,0.6636842489242554,0.5188759565353394,-0.008854623883962631,0.6399418115615845,0.4527524709701538,-0.02427981048822403,0.6185367107391357,0.4127342700958252,-0.03547939285635948,0.5984472632408142,0.3807547688484192,-0.042130883783102036,0.6904093623161316,0.508914053440094,-0.01830453798174858,0.6795427799224854,0.44536274671554565,-0.03452340140938759,0.6639417409896851,0.4089598059654236,-0.04137272387742996,0.6478161811828613,0.3806735575199127,-0.04385572299361229,0.7196131348609924,0.5160964727401733,-0.029629968106746674,0.7276322245597839,0.4609878659248352,-0.04153173044323921,0.7325935363769531,0.42265820503234863,-0.04336138442158699,0.7355904579162598,0.39005014300346375,-0.042542681097984314,Ok
0.7149799466133118,0.6814078688621521,9.385404808881503e-08,0.6698668003082275,0.6680252552032471,-0.014790047891438007,0.6301164031028748,0.6400425434112549,-0.02647269144654274,0.6009129285812378,0.6103518009185791,-0.0397661030292511,0.5897650718688965,0.5706830620765686,-0.05148104578256607,0.6437373757362366,0.5471320152282715,-0.0035222272854298353,0.6135448217391968,0.5126680135726929,-0.030556615442037582,0.596652626991272,0.5245800018310547,-0.051390137523412704,0.5901063084602356,0.546342134475708,-0.06094672530889511,0.6636039614677429,0.5200778841972351,-0.008136986754834652,0.6399824023246765,0.4534717798233032,-0.023731190711259842,0.618573009967804,0.4131495952606201,-0.034823618829250336,0.598182201385498,0.38065701723098755,-0.04118281230330467,0.6905868649482727,0.5101137161254883,-0.0177475493401289,0.6798589825630188,0.44608327746391296,-0.03406671807169914,0.6645284295082092,0.40893107652664185,-0.04072700813412666,0.6484408378601074,0.3800041079521179,-0.042868342250585556,0.7198656797409058,0.5172521471977234,-0.029333580285310745,0.727935254573822,0.4611392617225647,-0.04099566116929054,0.7329733967781067,0.4225468337535858,-0.04254690557718277,0.7359493374824524,0.3898333013057709,-0.04143868386745453,Ok
0.7153613567352295,0.6816698908805847,8.830031816842165e-08,0.6702675223350525,0.6685791015625,-0.01464560441672802,0.6306360363960266,0.6403250694274902,-0.026303326711058617,0.6013941168785095,0.6106542348861694,-0.039610717445611954,0.5897383689880371,0.5713055729866028,-0.05132017284631729,0.6438115835189819,0.5471869707107544,-0.0036443579010665417,0.6135385632514954,0.5122984647750854,-0.030654383823275566,0.5966778993606567,0.5244119167327881,-0.05142674967646599,0.5902822613716125,0.5461730360984802,-0.06093287840485573,0.6636949777603149,0.5199251770973206,-0.008292781189084053,0.6401172280311584,0.4535600543022156,-0.023645637556910515,0.6186155080795288,0.41333556175231934,-0.03444787859916687,0.5981404781341553,0.3811168074607849,-0.04069248214364052,0.6905611753463745,0.5099537968635559,-0.01792973279953003,0.6800040602684021,0.44526588916778564,-0.03395838290452957,0.6646809577941895,0.4083753228187561,-0.040327440947294235,0.6485682725906372,0.37999284267425537,-0.04237251356244087,0.7196598052978516,0.5171822309494019,-0.02955598197877407,0.7280592322349548,0.46111586689949036,-0.04125891253352165,0.7329636812210083,0.4223173260688782,-0.04293515905737877,0.7357354164123535,0.38946372270584106,-0.04191559925675392,Ok
0.7165259718894958,0.6812940835952759,8.788268246462394e-08,0.6713423728942871,0.6689273118972778,-0.015023677609860897,0.6309143900871277,0.6404646635055542,-0.026712367311120033,0.6014356017112732,0.6100368499755859,-0.039917975664138794,0.5903904438018799,0.5701393485069275,-0.0514761358499527,0.6431884765625,0.5469118356704712,-0.0038503152318298817,0.6133509278297424,0.5115469694137573,-0.0310840904712677,0.5970542430877686,0.5236008167266846,-0.052147846668958664,0.5909454822540283,0.5457226037979126,-0.06172485277056694,0.6632900238037109,0.5194556713104248,-0.008205307647585869,0.6393566131591797,0.45298299193382263,-0.02323143742978573,0.6180410385131836,0.4129367470741272,-0.03400564193725586,0.5979140996932983,0.38116031885147095,-0.04022718593478203,0.6904955506324768,0.5095313787460327,-0.01756845787167549,0.6796647310256958,0.4452248811721802,-0.033390168100595474,0.6643752455711365,0.4089018702507019,-0.03981418162584305,0.6484191417694092,0.38131630420684814,-0.04186897724866867,0.7199417352676392,0.5168893933296204,-0.028943903744220734,0.7277073264122009,0.46099555492401123,-0.040531497448682785,0.7328484654426575,0.4227050244808197,-0.04207945615053177,0.7361401319503784,0.3905346691608429,-0.040898360311985016,Ok
0.7168008685112,0.681769609451294,8.961863784406887e-08,0.6712841987609863,0.668901801109314,-0.0145950922742486,0.6310429573059082,0.6404157876968384,-0.025895122438669205,0.6020276546478271,0.6101654171943665,-0.038843099027872086,0.5908098220825195,0.5702677369117737,-0.050203606486320496,0.6433345079421997,0.546978235244751,-0.0030040324199944735,0.6132805347442627,0.5118463635444641,-0.030075309798121452,0.5970115065574646,0.5241313576698303,-0.051108621060848236,0.5908498167991638,0.5465764999389648,-0.06069643795490265,0.663558840751648,0.5192955732345581,-0.007590042427182198,0.6397202610969543,0.452528715133667,-0.022660687565803528,0.6185322403907776,0.4126800298690796,-0.03365011885762215,0.5983278155326843,0.3810689151287079,-0.039981406182050705,0.6909105777740479,0.509293258190155,-0.01718381978571415,0.6798602342605591,0.4457114338874817,-0.03300665691494942,0.6644062399864197,0.4091050624847412,-0.03961370140314102,0.648207426071167,0.38091152906417847,-0.041811276227235794,0.7205992341041565,0.5166301131248474,-0.028764190152287483,0.7281743884086609,0.46069493889808655,-0.04003114253282547,0.7331947684288025,0.42243754863739014,-0.041368518024683,0.7363206148147583,0.39020758867263794,-0.04014601930975914,Ok
0.7164415717124939,0.6813474893569946,8.063123146939688e-08,0.6711294054985046,0.6688573956489563,-0.01377627719193697,0.6315188407897949,0.6393605470657349,-0.024452626705169678,0.6022564172744751,0.6095787286758423,-0.0370013602077961,0.5904442667961121,0.5710462927818298,-0.048109687864780426,0.6448218822479248,0.5471961498260498,-0.0020412702579051256,0.6134933829307556,0.5132421851158142,-0.028491185978055,0.5965473651885986,0.5253263711929321,-0.04897952452301979,0.590238094329834,0.54706871509552,-0.058321140706539154,0.6644735336303711,0.5190045833587646,-0.0071053272113204,0.6397886872291565,0.4526595175266266,-0.021848086267709732,0.6182626485824585,0.41230258345603943,-0.03251838684082031,0.5980805158615112,0.3801965117454529,-0.038665082305669785,0.6910320520401001,0.5085278749465942,-0.01711742952466011,0.6805419325828552,0.44569462537765503,-0.03300695866346359,0.6644201874732971,0.4090176820755005,-0.03981933742761612,0.647513210773468,0.3804413974285126,-0.042173147201538086,0.7196239233016968,0.5155134797096252,-0.029039867222309113,0.7281614542007446,0.4607493281364441,-0.040727317333221436,0.7331141829490662,0.422334760427475,-0.04253409430384636,0.7359472513198853,0.38940125703811646,-0.041680943220853806,Ok
0.7156884670257568,0.6809420585632324,7.97698760379717e-08,0.6707705855369568,0.6681593656539917,-0.014507978223264217,0.6309297680854797,0.63898104429245,-0.025718754157423973,0.6014488935470581,0.6091287732124329,-0.038668904453516006,0.5900160670280457,0.5701542496681213,-0.050161074846982956,0.6447035670280457,0.5468187928199768,-0.00300166429951787,0.6135379076004028,0.5129944086074829,-0.0299850907176733,0.5966064929962158,0.5249627828598022,-0.050864480435848236,0.5902588963508606,0.5466339588165283,-0.06036108732223511,0.6642466187477112,0.5187351107597351,-0.007694902829825878,0.6398035287857056,0.45274975895881653,-0.02259395457804203,0.618293821811676,0.4125446677207947,-0.03329808637499809,0.5982040166854858,0.38080695271492004,-0.0394321084022522,0.6907911896705627,0.5083100199699402,-0.017389364540576935,0.6800686717033386,0.44547218084335327,-0.03335483372211456,0.6635639667510986,0.4090191125869751,-0.040152907371520996,0.6464518308639526,0.3807203769683838,-0.04244585707783699,0.7193518877029419,0.5153343677520752,-0.029053304344415665,0.7282134294509888,0.4608309864997864,-0.04084869101643562,0.7331970930099487,0.4224150478839874,-0.04277284815907478,0.7360097169876099,0.3894590735435486,-0.041926514357328415,Ok
0.7167378664016724,0.6818373203277588,8.44922141141069e-08,0.6712434887886047,0.668586015701294,-0.014429166913032532,0.6311723589897156,0.6404612064361572,-0.026006950065493584,0.6013944149017334,0.6104677319526672,-0.0393378883600235,0.5896526575088501,0.57099848985672,-0.05107773467898369,0.6443489789962769,0.5471988916397095,-0.003148400690406561,0.6133965253829956,0.5121551156044006,-0.029924605041742325,0.5965000987052917,0.524462103843689,-0.05066651850938797,0.5902263522148132,0.5464984774589539,-0.060095496475696564,0.6642394661903381,0.5195051431655884,-0.007769863121211529,0.6402835249900818,0.45359817147254944,-0.02245577797293663,0.6185775995254517,0.41344502568244934,-0.032979048788547516,0.5979948043823242,0.38141337037086487,-0.039097514003515244,0.691024124622345,0.5091955065727234,-0.01736416481435299,0.6798123717308044,0.44547879695892334,-0.03266029432415962,0.6632453799247742,0.4086347818374634,-0.038960590958595276,0.6461403369903564,0.38055938482284546,-0.04111189767718315,0.7198658585548401,0.5162925124168396,-0.02897467464208603,0.7282002568244934,0.4613894820213318,-0.03991719335317612,0.7329127788543701,0.4231793284416199,-0.041358545422554016,0.7357438802719116,0.39107996225357056,-0.04026946425437927,Ok
0.7166166305541992,0.6809278726577759,8.982462418316572e-08,0.6711602210998535,0.6684477925300598,-0.014235634356737137,0.6312640309333801,0.6398705244064331,-0.025542404502630234,0.6017175316810608,0.6100963354110718,-0.03861193731427193,0.5903872847557068,0.570915699005127,-0.05004556477069855,0.6441900134086609,0.5469785332679749,-0.0030813785269856453,0.6133415699005127,0.5124580264091492,-0.02936394326388836,0.5965076088905334,0.5250614881515503,-0.049581196159124374,0.5903080701828003,0.5474739074707031,-0.058691542595624924,0.6640552282333374,0.51948481798172,-0.007730651646852493,0.6403705477714539,0.45329809188842773,-0.022306736558675766,0.6188670992851257,0.41331446170806885,-0.032595764845609665,0.5983484387397766,0.3820008933544159,-0.03849619999527931,0.6906977891921997,0.5093023777008057,-0.017305921763181686,0.6793960928916931,0.445342093706131,-0.03265869617462158,0.6633100509643555,0.4086708128452301,-0.03888005390763283,0.6464551687240601,0.38091444969177246,-0.040901441127061844,0.7194726467132568,0.5162616968154907,-0.02884536236524582,0.727817714214325,0.4608657658100128,-0.03994256258010864,0.7326778173446655,0.42235255241394043,-0.04145234823226929,0.7355496287345886,0.39004287123680115,-0.04037083312869072,Ok
0.716340959072113,0.6807207465171814,8.713976029639525e-08,0.670806348323822,0.668536901473999,-0.013686106540262699,0.6302990317344666,0.6404061913490295,-0.02453162893652916,0.6007426977157593,0.6101843118667603,-0.03716406226158142,0.5894423723220825,0.5706024169921875,-0.04820825904607773,0.643500566482544,0.5467407703399658,-0.002313234144821763,0.6129666566848755,0.5121849179267883,-0.028300302103161812,0.5968789458274841,0.5245523452758789,-0.048208899796009064,0.5912877917289734,0.5469574928283691,-0.05713433772325516,0.6636175513267517,0.5190563201904297,-0.00730649009346962,0.6393722295761108,0.4527842104434967,-0.021699929609894753,0.6181220412254333,0.4129476547241211,-0.031905584037303925,0.5981053113937378,0.38146060705184937,-0.03773762658238411,0.6906415224075317,0.5090262293815613,-0.01721029356122017,0.6797029376029968,0.4456016421318054,-0.03277740627527237,0.6637728810310364,0.409182071685791,-0.039170295000076294,0.6471917033195496,0.3813025951385498,-0.041265819221735,0.71982342004776,0.5162367820739746,-0.028982117772102356,0.7279773950576782,0.4608798623085022,-0.040452420711517334,0.733252227306366,0.4224929213523865,-0.04203367605805397,0.7366008162498474,0.39002859592437744,-0.04097806662321091,Ok
0.7154076099395752,0.6753012537956238,1.368024982184579e-07,0.670535147190094,0.6631119847297668,-0.014387407340109348,0.630163848400116,0.6387497186660767,-0.02612786553800106,0.5997511744499207,0.6137418150901794,-0.03931180760264397,0.5897938013076782,0.5765485167503357,-0.05075899884104729,0.6425865292549133,0.5392616391181946,-0.0068859620951116085,0.6088762283325195,0.5107542872428894,-0.03396516665816307,0.5940030217170715,0.5266025066375732,-0.054190151393413544,0.5918009877204895,0.5513967871665955,-0.06328458338975906,0.6628324389457703,0.510918378829956,-0.011761382222175598,0.639194130897522,0.43892139196395874,-0.028891878202557564,0.6237303018569946,0.3921709656715393,-0.04065069183707237,0.6107407808303833,0.3543214797973633,-0.04728521406650543,0.6906351447105408,0.500518262386322,-0.02122115157544613,0.6830189228057861,0.43471622467041016,-0.039080910384655,0.6732003092765808,0.3929767608642578,-0.04920520633459091,0.662579357624054,0.3597368597984314,-0.05379095673561096,0.7214042544364929,0.5096051096916199,-0.03223995864391327,0.7351614236831665,0.45813819766044617,-0.044492945075035095,0.7466990947723389,0.42378750443458557,-0.04725460335612297,0.7573904395103455,0.39662474393844604,-0.04714587703347206,Ok
0.7145814299583435,0.6758748292922974,1.314557920295556e-07,0.6705943942070007,0.6642773151397705,-0.014372051693499088,0.6308538913726807,0.6399180889129639,-0.026157541200518608,0.600734293460846,0.6145929098129272,-0.039422448724508286,0.5887979865074158,0.5777053833007812,-0.051037441939115524,0.6426814198493958,0.5408718585968018,-0.006961778737604618,0.6087040305137634,0.5122952461242676,-0.03399791568517685,0.5933621525764465,0.5278101563453674,-0.05432604253292084,0.591168999671936,0.5514348745346069,-0.06362264603376389,0.6626294255256653,0.5119822025299072,-0.01207764446735382,0.6383631825447083,0.4404463768005371,-0.0289418026804924,0.6225805878639221,0.39377808570861816,-0.04047079384326935,0.6094512939453125,0.3552970290184021,-0.04708509519696236,0.690038800239563,0.5011844635009766,-0.02179609052836895,0.6830323934555054,0.43456244468688965,-0.03957404941320419,0.6734189391136169,0.39264222979545593,-0.04939482733607292,0.6629250049591064,0.3591042459011078,-0.05391573905944824,0.7207647562026978,0.5100233554840088,-0.03312893584370613,0.7348926663398743,0.45869243144989014,-0.045872922986745834,0.7465622425079346,0.4235689640045166,-0.04886719211935997,0.7574177980422974,0.3955681324005127,-0.04893401265144348,Ok
0.7142716646194458,0.6758167743682861,1.381667260602626e-07,0.6705857515335083,0.6638143062591553,-0.013973806984722614,0.6308580636978149,0.6393614411354065,-0.025712741538882256,0.6006200313568115,0.614166796207428,-0.03893482685089111,0.5889097452163696,0.5774394869804382,-0.0505000501871109,0.643049418926239,0.5406650304794312,-0.0070828767493367195,0.6089103817939758,0.5130206942558289,-0.03392040356993675,0.593444287776947,0.5283162593841553,-0.05383080616593361,0.591202974319458,0.5516965985298157,-0.06271763890981674,0.6627720594406128,0.5120745301246643,-0.012286825105547905,0.6383460760116577,0.43997225165367126,-0.02902037277817726,0.6223098039627075,0.39301377534866333,-0.03998710215091705,0.6089699864387512,0.3542262315750122,-0.04599262401461601,0.690085768699646,0.5012977719306946,-0.022021491080522537,0.6831950545310974,0.43420645594596863,-0.039753805845975876,0.6730981469154358,0.39224210381507874,-0.04918943718075752,0.6623090505599976,0.35887861251831055,-0.053231336176395416,0.7207320332527161,0.5101691484451294,-0.03332122415304184,0.7351074814796448,0.45836174488067627,-0.046018101274967194,0.7469633221626282,0.42300575971603394,-0.048815514892339706,0.7580265402793884,0.39482688903808594,-0.0485796295106411,Ok
0.7143757343292236,0.6745554804801941,1.4313889096229104e-07,0.6697314977645874,0.6633778214454651,-0.015196996740996838,0.6292336583137512,0.6396152377128601,-0.02759692445397377,0.5995808839797974,0.6144455671310425,-0.041286617517471313,0.5899491310119629,0.5763998031616211,-0.0532059520483017,0.6411164999008179,0.5400540828704834,-0.008541464805603027,0.6074451208114624,0.5109420418739319,-0.0357215516269207,0.5926732420921326,0.528048038482666,-0.05596967414021492,0.5906983613967896,0.5531997680664062,-0.06524636596441269,0.6619329452514648,0.5112406015396118,-0.013168415986001492,0.6384974718093872,0.43947136402130127,-0.03053634986281395,0.6225146651268005,0.39270636439323425,-0.04235607385635376,0.6088233590126038,0.3543895483016968,-0.04918031394481659,0.6897879242897034,0.500944972038269,-0.02233237400650978,0.683196485042572,0.43448999524116516,-0.040292490273714066,0.6737619042396545,0.3932916224002838,-0.049984198063611984,0.6632280945777893,0.3604029417037964,-0.05440650135278702,0.7205935120582581,0.5103383660316467,-0.03312190622091293,0.7348254323005676,0.4596075415611267,-0.045825958251953125,0.7463214993476868,0.4253944754600525,-0.048528511077165604,0.7569008469581604,0.3980977535247803,-0.048360228538513184,Ok
0.7147109508514404,0.6744735240936279,1.3859016689821146e-07,0.6700506806373596,0.6638356447219849,-0.01512090489268303,0.6294447183609009,0.6401033401489258,-0.027348946779966354,0.5997198224067688,0.6150109767913818,-0.040798068046569824,0.5894536972045898,0.5770667791366577,-0.052571624517440796,0.6413412690162659,0.5408840775489807,-0.008977610617876053,0.6077395081520081,0.5118633508682251,-0.03602052479982376,0.5922603607177734,0.5275018811225891,-0.05613061785697937,0.5897397994995117,0.5513745546340942,-0.0654635801911354,0.6621864438056946,0.5118007659912109,-0.013743148185312748,0.6381979584693909,0.4404643177986145,-0.031039530411362648,0.6225503087043762,0.3939559757709503,-0.042732324451208115,0.6094726324081421,0.35618799924850464,-0.04951341822743416,0.6901231408119202,0.5012078881263733,-0.0230073444545269,0.6826103329658508,0.43461132049560547,-0.041255928575992584,0.6733739376068115,0.39286893606185913,-0.05113428458571434,0.6632051467895508,0.35949596762657166,-0.05572591722011566,0.7211918234825134,0.5103237628936768,-0.033844299614429474,0.7353203296661377,0.45937955379486084,-0.0473233163356781,0.7469239234924316,0.42454129457473755,-0.05058714747428894,0.7575153708457947,0.3966761827468872,-0.050789810717105865,Ok
0.7150671482086182,0.6746990084648132,1.3979358470805892e-07,0.6704679727554321,0.6636515259742737,-0.014001726172864437,0.630553126335144,0.63941490650177,-0.025666382163763046,0.6008528470993042,0.6141062378883362,-0.038747839629650116,0.5892550349235535,0.5772230625152588,-0.050286293029785156,0.6423485279083252,0.5412071347236633,-0.007519896607846022,0.608983039855957,0.5123107433319092,-0.034545596688985825,0.5930999517440796,0.5266751646995544,-0.05484706535935402,0.5900039076805115,0.5498940944671631,-0.06414906680583954,0.6627725958824158,0.5126383900642395,-0.012804258614778519,0.6383764147758484,0.4407755732536316,-0.029781676828861237,0.6225635409355164,0.3940557837486267,-0.041102685034275055,0.6092572212219238,0.3558482229709625,-0.04740510508418083,0.690660297870636,0.5024882555007935,-0.022579411044716835,0.6829599142074585,0.4352942705154419,-0.04054969921708107,0.6734488010406494,0.39285993576049805,-0.04995449259877205,0.6631459593772888,0.35885196924209595,-0.054020918905735016,0.7215251326560974,0.5119086503982544,-0.03388649597764015,0.7353984117507935,0.4599418044090271,-0.04711247608065605,0.7470591068267822,0.42449918389320374,-0.049932513386011124,0.7576471567153931,0.39587026834487915,-0.04966701567173004,Ok
0.7148269414901733,0.6746361255645752,1.4505455681046442e-07,0.6702194213867188,0.6634814739227295,-0.01426093652844429,0.6303496360778809,0.6392238736152649,-0.026230819523334503,0.6009039878845215,0.6136646866798401,-0.039650123566389084,0.5896809101104736,0.576502799987793,-0.05152176320552826,0.6422577500343323,0.5409883260726929,-0.007887804880738258,0.6088891625404358,0.5122326612472534,-0.035009194165468216,0.5931728482246399,0.5272431969642639,-0.05529690533876419,0.5901512503623962,0.5508610606193542,-0.06458985060453415,0.6627763509750366,0.5123443603515625,-0.013132162392139435,0.638651967048645,0.44059818983078003,-0.030274363234639168,0.6227202415466309,0.3937714695930481,-0.041768625378608704,0.6090739369392395,0.35485610365867615,-0.048252642154693604,0.6905579566955566,0.5021605491638184,-0.022865114733576775,0.6832537055015564,0.4352875351905823,-0.040920961648225784,0.6733360886573792,0.39282822608947754,-0.05048985406756401,0.6625583171844482,0.3586699366569519,-0.0547342486679554,0.7211650013923645,0.5115798115730286,-0.03416285291314125,0.7351729273796082,0.45983338356018066,-0.047407276928424835,0.7468669414520264,0.42450782656669617,-0.05030723661184311,0.7575460076332092,0.3960398733615875,-0.0501558743417263,Ok
0.7149003744125366,0.6753031015396118,1.4100987755227834e-07,0.670407772064209,0.6650761365890503,-0.01509243156760931,0.6307977437973022,0.6409386992454529,-0.027576379477977753,0.6013625264167786,0.6158636212348938,-0.04140081629157066,0.5900507569313049,0.5788858532905579,-0.053621791303157806,0.6417683362960815,0.5412473678588867,-0.008967421017587185,0.6084343194961548,0.5119124054908752,-0.03624369576573372,0.5929282903671265,0.5285377502441406,-0.05661630257964134,0.5901254415512085,0.553248941898346,-0.0659649446606636,0.6626163125038147,0.5124696493148804,-0.013837059959769249,0.6391383409500122,0.44097283482551575,-0.030365170910954475,0.6230701208114624,0.3941381871700287,-0.04162374511361122,0.6092464923858643,0.35539907217025757,-0.04820798709988594,0.6905952095985413,0.5022972822189331,-0.02322443388402462,0.6828998327255249,0.4357784688472748,-0.04044047370553017,0.6728102564811707,0.39357253909111023,-0.04964568465948105,0.6618768572807312,0.3597891926765442,-0.054006028920412064,0.7212846279144287,0.5118446946144104,-0.0343228355050087,0.7354703545570374,0.46095699071884155,-0.047193583101034164,0.7467676401138306,0.42541101574897766,-0.05005164071917534,0.7571578025817871,0.396408349275589,-0.04999352991580963,Ok
0.7149010896682739,0.6750929355621338,1.459877410070476e-07,0.6704980731010437,0.6649124622344971,-0.015089998953044415,0.6307437419891357,0.6407389640808105,-0.027486033737659454,0.6012572050094604,0.6156622767448425,-0.041147567331790924,0.5900484919548035,0.5788067579269409,-0.05322831869125366,0.6417236924171448,0.5416876673698425,-0.00940979178994894,0.60825514793396,0.512750506401062,-0.036541834473609924,0.5927197337150574,0.5288223624229431,-0.05666893720626831,0.589928388595581,0.5531608462333679,-0.06587468087673187,0.6625926494598389,0.5127294063568115,-0.014289340935647488,0.6389564871788025,0.4409906268119812,-0.03103221021592617,0.6229144930839539,0.39390838146209717,-0.042327117174863815,0.6091616749763489,0.35513198375701904,-0.048866596072912216,0.6905639171600342,0.5024556517601013,-0.023625396192073822,0.6828585267066956,0.43575069308280945,-0.04119694232940674,0.6727185249328613,0.39325350522994995,-0.05063073709607124,0.6618075370788574,0.35938602685928345,-0.05505146086215973,0.7212607264518738,0.5120048522949219,-0.03461647033691406,0.7355729341506958,0.4609667956829071,-0.047865670174360275,0.7470779418945312,0.4251675307750702,-0.05095519497990608,0.7576555013656616,0.3961217999458313,-0.05100032687187195,Ok
0.7150186896324158,0.6762131452560425,1.3487087358043937e-07,0.6704686880111694,0.664528489112854,-0.01428625825792551,0.6314604878425598,0.6404910683631897,-0.026038793846964836,0.602083146572113,0.6155561804771423,-0.03935093805193901,0.5899041891098022,0.5792453289031982,-0.051226451992988586,0.6422075033187866,0.5407744646072388,-0.006170584354549646,0.6098002195358276,0.5125056505203247,-0.033092498779296875,0.5942038893699646,0.5280808806419373,-0.053988467901945114,0.5907723307609558,0.5520117282867432,-0.06373560428619385,0.6629713773727417,0.5120631456375122,-0.011340968310832977,0.6403339505195618,0.44023793935775757,-0.027501575648784637,0.6240411996841431,0.39407598972320557,-0.03916124254465103,0.6095156669616699,0.3563299775123596,-0.04603194072842598,0.6908814907073975,0.5019785165786743,-0.02118346095085144,0.6847072243690491,0.4344108998775482,-0.03839043155312538,0.6751277446746826,0.3922431468963623,-0.04829942435026169,0.664116382598877,0.3588465750217438,-0.053016357123851776,0.7214524149894714,0.5117366909980774,-0.032667674124240875,0.7361124157905579,0.46030575037002563,-0.04524294659495354,0.747037947177887,0.42518875002861023,-0.04827388748526573,0.7564802765846252,0.3969797194004059,-0.048395007848739624,Ok
0.7143546342849731,0.6752300262451172,1.3755146710536792e-07,0.670289158821106,0.6636693477630615,-0.015225544571876526,0.6310722231864929,0.640357255935669,-0.027721280232071877,0.6014769673347473,0.6154600381851196,-0.041593752801418304,0.5903099179267883,0.578154981136322,-0.053948547691106796,0.6424336433410645,0.5405441522598267,-0.0076128351502120495,0.6096457839012146,0.5123434066772461,-0.0349724255502224,0.5940564870834351,0.5285079479217529,-0.05596626549959183,0.5907890796661377,0.5528676509857178,-0.06577523797750473,0.6633262038230896,0.5118867754936218,-0.012395280413329601,0.6404855251312256,0.4399867057800293,-0.028991948813199997,0.6241407990455627,0.3940027356147766,-0.04076515510678291,0.6095353960990906,0.3562816083431244,-0.04773617535829544,0.6911754012107849,0.5017749071121216,-0.021875770762562752,0.6847639083862305,0.4345299005508423,-0.03935572877526283,0.6753254532814026,0.39245086908340454,-0.04925176128745079,0.6643567681312561,0.3588950037956238,-0.054001811891794205,0.7215688824653625,0.5116381645202637,-0.03305283561348915,0.7359020113945007,0.46065589785575867,-0.04572151228785515,0.7468098402023315,0.4256976842880249,-0.04871775582432747,0.7562807202339172,0.3974907696247101,-0.04886650666594505,Ok
0.7144851684570312,0.6320480108261108,-4.1529776950710584e-08,0.6618940234184265,0.6154224872589111,-0.010802035219967365,0.6163641810417175,0.5833209156990051,-0.023387370631098747,0.5779037475585938,0.5579388737678528,-0.03944568708539009,0.5587052702903748,0.5191748738288879,-0.053860146552324295,0.65543133020401,0.463815838098526,-0.000244815309997648,0.6121552586555481,0.4287760853767395,-0.0320553220808506,0.5822399854660034,0.45218148827552795,-0.05796351656317711,0.5700976252555847,0.48575732111930847,-0.06947638839483261,0.6703230738639832,0.4377753436565399,-0.008835158310830593,0.6418120861053467,0.35203438997268677,-0.029103821143507957,0.6105114817619324,0.30621573328971863,-0.04123653843998909,0.5832971334457397,0.2703806757926941,-0.04661659523844719,0.6914955973625183,0.42863693833351135,-0.022826245054602623,0.6762993335723877,0.3380696773529053,-0.041660163551568985,0.6490347385406494,0.2911258935928345,-0.047650549560785294,0.6239962577819824,0.25498515367507935,-0.047576069831848145,0.7117229104042053,0.43637123703956604,-0.03872079402208328,0.7134267091751099,0.35645920038223267,-0.04983954504132271,0.7110849618911743,0.3036873936653137,-0.04932952672243118,0.707893431186676,0.25921326875686646,-0.04583039507269859,Ok
0.7161740660667419,0.6331382393836975,-4.7124462554393176e-08,0.6623663306236267,0.6161788702011108,-0.008456340059638023,0.6168256998062134,0.5825183987617493,-0.019354436546564102,0.578726589679718,0.5570352673530579,-0.03404321148991585,0.5583184957504272,0.520369827747345,-0.04717308655381203,0.6561325788497925,0.4632229208946228,0.0025736656971275806,0.6133763790130615,0.4288690686225891,-0.028142904862761497,0.583395779132843,0.4520323574542999,-0.05361967161297798,0.5710576772689819,0.4851919114589691,-0.06492802500724792,0.6711609363555908,0.43759027123451233,-0.006719055585563183,0.6418843865394592,0.35282978415489197,-0.025021888315677643,0.6107708215713501,0.3061060905456543,-0.03594602271914482,0.5839686393737793,0.2688019871711731,-0.04076189920306206,0.6922156810760498,0.4287046790122986,-0.021323923021554947,0.6745302081108093,0.3386986255645752,-0.03855180740356445,0.6469496488571167,0.29020610451698303,-0.0438011959195137,0.6220892071723938,0.2527468800544739,-0.043536871671676636,0.7123599052429199,0.4362519085407257,-0.0377371720969677,0.7137675285339355,0.35695546865463257,-0.04814520850777626,0.7112993001937866,0.304103821516037,-0.0473608672618866,0.7080350518226624,0.2594587802886963,-0.04373094066977501,Ok
0.7162714600563049,0.6339911222457886,-4.391187857777368e-08,0.6632001996040344,0.6166476011276245,-0.008918019942939281,0.618111252784729,0.5831744074821472,-0.02040807530283928,0.5800398588180542,0.5577829480171204,-0.03563445806503296,0.5586323738098145,0.5211218595504761,-0.049349356442689896,0.6562328338623047,0.46340176463127136,0.0014024234842509031,0.6131799817085266,0.4284707009792328,-0.029566768556833267,0.5832892656326294,0.4520973563194275,-0.05498066544532776,0.5713703036308289,0.48604443669319153,-0.06616216897964478,0.6714222431182861,0.43811333179473877,-0.007866011932492256,0.6418144702911377,0.35253793001174927,-0.02668076381087303,0.6106053590774536,0.3062219023704529,-0.0377560518682003,0.5837422609329224,0.26913636922836304,-0.04253840073943138,0.6927435994148254,0.42952224612236023,-0.022420156747102737,0.6748238205909729,0.33828070759773254,-0.04023334011435509,0.6469809412956238,0.28967005014419556,-0.04572146385908127,0.6218923330307007,0.2520134449005127,-0.045457057654857635,0.7133245468139648,0.43729838728904724,-0.03875040262937546,0.714005172252655,0.3568551540374756,-0.04954453557729721,0.711268961429596,0.3034988045692444,-0.04885636270046234,0.7078618407249451,0.25846320390701294,-0.04521598666906357,Ok
0.7190638780593872,0.6318695545196533,-4.702815914470193e-08,0.6659345030784607,0.6155474781990051,-0.009188899770379066,0.619865894317627,0.583029568195343,-0.020729420706629753,0.58130943775177,0.558636486530304,-0.03586848825216293,0.5614141225814819,0.522746205329895,-0.04949262738227844,0.6573678255081177,0.4645424783229828,0.0008942528511397541,0.6133953928947449,0.42887040972709656,-0.030076557770371437,0.5838980674743652,0.45182257890701294,-0.05556371062994003,0.5718286037445068,0.4846443235874176,-0.06691619753837585,0.6725682616233826,0.43856945633888245,-0.008168935775756836,0.6419622302055359,0.3530968427658081,-0.02721511572599411,0.6108707785606384,0.30657169222831726,-0.038939349353313446,0.5837215185165405,0.269146203994751,-0.0444498173892498,0.6933329701423645,0.4289856255054474,-0.022461529821157455,0.6760883331298828,0.339127779006958,-0.04029864817857742,0.6492225527763367,0.2917817234992981,-0.04646102711558342,0.6243187189102173,0.2549983263015747,-0.04689152166247368,0.7134726047515869,0.43577098846435547,-0.038515593856573105,0.7150099873542786,0.35603955388069153,-0.04879606515169144,0.7130528688430786,0.30376577377319336,-0.04824326932430267,0.7098225355148315,0.25965145230293274,-0.04503973200917244,Ok
0.7168200612068176,0.632172167301178,-3.091660261134166e-08,0.6643917560577393,0.6136257648468018,-0.009026259183883667,0.6194846630096436,0.5818297863006592,-0.021234693005681038,0.5807443261146545,0.5570790767669678,-0.03724360838532448,0.5601364374160767,0.5193849205970764,-0.051636192947626114,0.6579871773719788,0.46209716796875,0.0015106587670743465,0.6149839758872986,0.42724281549453735,-0.029821481555700302,0.5849030017852783,0.4502353072166443,-0.055615101009607315,0.5721506476402283,0.483191579580307,-0.06708002090454102,0.6724316477775574,0.43715396523475647,-0.00778636010363698,0.6431053876876831,0.35157135128974915,-0.02712973766028881,0.6123014688491821,0.30520176887512207,-0.03857656940817833,0.5851595401763916,0.26762449741363525,-0.043743863701820374,0.692815363407135,0.42840224504470825,-0.022419672459363937,0.6767513155937195,0.33883821964263916,-0.040263112634420395,0.6505457758903503,0.2906660735607147,-0.045760832726955414,0.626201331615448,0.25329169631004333,-0.04566427692770958,0.7124300003051758,0.435952365398407,-0.03889089077711105,0.7147382497787476,0.3562717139720917,-0.049031514674425125,0.713111400604248,0.30351558327674866,-0.04807296767830849,0.7103236317634583,0.25876134634017944,-0.04452570527791977,Ok
0.7176697850227356,0.6318989396095276,-3.107728829832013e-08,0.6647109985351562,0.6146982908248901,-0.009523911401629448,0.6195747256278992,0.5833122730255127,-0.02181180939078331,0.5807436108589172,0.5589168667793274,-0.037728339433670044,0.5598881244659424,0.5208084583282471,-0.05208151414990425,0.6581387519836426,0.4623720943927765,0.0009425803436897695,0.6157069802284241,0.42703014612197876,-0.03009619563817978,0.585976779460907,0.45041969418525696,-0.05570482090115547,0.5733922123908997,0.48402756452560425,-0.0671730637550354,0.6726095080375671,0.4368002116680145,-0.00828346237540245,0.6435369849205017,0.3503996431827545,-0.027765577659010887,0.6120133996009827,0.304767906665802,-0.03956993296742439,0.584264874458313,0.26855728030204773,-0.045052193105220795,0.6933144927024841,0.4278115928173065,-0.022792454808950424,0.6766524910926819,0.3378008008003235,-0.04111843928694725,0.6495657563209534,0.28965044021606445,-0.04744013771414757,0.6244615316390991,0.2523619532585144,-0.047955986112356186,0.7132747173309326,0.43543609976768494,-0.03907715529203415,0.7153723835945129,0.35487282276153564,-0.04952753707766533,0.7143045663833618,0.30238109827041626,-0.048789020627737045,0.7120211124420166,0.25851789116859436,-0.045520152896642685,Ok
0.7179663181304932,0.6317707300186157,-3.2508097547179204e-08,0.6648353338241577,0.6147752404212952,-0.010053053498268127,0.6195948719978333,0.5837706327438354,-0.022572997957468033,0.5806945562362671,0.559201717376709,-0.038676902651786804,0.5599203109741211,0.5207024216651917,-0.053127385675907135,0.6578583717346191,0.4627264142036438,0.0007626779261045158,0.6155185103416443,0.4267802834510803,-0.0304521806538105,0.58573317527771,0.4499284029006958,-0.05620928481221199,0.573261022567749,0.483331561088562,-0.06777217984199524,0.6724404096603394,0.436871737241745,-0.008114295080304146,0.6433259844779968,0.35113275051116943,-0.02733599953353405,0.6117051839828491,0.3052709400653839,-0.039046674966812134,0.5839367508888245,0.2686605453491211,-0.04467156529426575,0.6932997703552246,0.4276147484779358,-0.022367535158991814,0.6766068339347839,0.3380312919616699,-0.0403180792927742,0.6495262980461121,0.2907078266143799,-0.04626380279660225,0.6243475675582886,0.2542954981327057,-0.04665513336658478,0.7136168479919434,0.43480804562568665,-0.03851056471467018,0.7156434059143066,0.3545083999633789,-0.0486796610057354,0.7141999006271362,0.3021245002746582,-0.04785775765776634,0.7114388942718506,0.2583969235420227,-0.044584084302186966,Ok
0.7156500220298767,0.6326313614845276,-3.226492140129267e-08,0.6631391048431396,0.6145117282867432,-0.009925706312060356,0.6194170117378235,0.583145797252655,-0.02266322821378708,0.58132004737854,0.5588858127593994,-0.039109695702791214,0.5609481334686279,0.5211942791938782,-0.05409840866923332,0.6594348549842834,0.4629483222961426,0.00013806505012325943,0.6164430379867554,0.42700859904289246,-0.030905967578291893,0.5864692330360413,0.4498550593852997,-0.056212637573480606,0.5744861364364624,0.4831668734550476,-0.06759679317474365,0.6736630201339722,0.4377526640892029,-0.009010843932628632,0.6440020799636841,0.3518642783164978,-0.028706463053822517,0.6125392913818359,0.30603307485580444,-0.04052376747131348,0.584993839263916,0.2690157890319824,-0.04610065743327141,0.6937811970710754,0.4286457896232605,-0.02344430796802044,0.67658531665802,0.33976513147354126,-0.04177087917923927,0.6500312089920044,0.2920480966567993,-0.04820334538817406,0.6254115104675293,0.25483521819114685,-0.048976171761751175,0.7132141590118408,0.43611276149749756,-0.039731431752443314,0.715370774269104,0.35741811990737915,-0.05050571262836456,0.7134324312210083,0.3048514425754547,-0.0503711998462677,0.7103798985481262,0.26062843203544617,-0.04761665686964989,Ok
0.7149223685264587,0.6324790716171265,-4.27949551351503e-08,0.6626542806625366,0.6144971251487732,-0.009863311424851418,0.6189125776290894,0.5837235450744629,-0.022581737488508224,0.5809890031814575,0.5596631765365601,-0.03904436156153679,0.5611768960952759,0.5213136672973633,-0.053996481001377106,0.6591906547546387,0.46323248744010925,0.0004827840893995017,0.6158473491668701,0.4284721910953522,-0.030305936932563782,0.585871696472168,0.45249703526496887,-0.05555594712495804,0.5743798613548279,0.4862654209136963,-0.06691716611385345,0.6739215850830078,0.43768882751464844,-0.00867478922009468,0.6447257995605469,0.35237550735473633,-0.028406573459506035,0.6126276850700378,0.30728843808174133,-0.04033993184566498,0.5846864581108093,0.27163174748420715,-0.04590952396392822,0.6942466497421265,0.4286141097545624,-0.02309589274227619,0.6785596609115601,0.33863160014152527,-0.041625428944826126,0.6510811448097229,0.29085391759872437,-0.04807563126087189,0.6258524656295776,0.25384321808815,-0.04870913550257683,0.7131508588790894,0.43626582622528076,-0.03930318355560303,0.7159061431884766,0.35669267177581787,-0.050255272537469864,0.713824987411499,0.3040100932121277,-0.0500631183385849,0.7107054591178894,0.2598761320114136,-0.04712889716029167,Ok
0.7173097133636475,0.6305428743362427,-5.030176097875483e-08,0.6627645492553711,0.6138783693313599,-0.008242597803473473,0.6175969839096069,0.5824556350708008,-0.019213613122701645,0.5794071555137634,0.5571292042732239,-0.0341067761182785,0.5601617097854614,0.5192458629608154,-0.04742152988910675,0.657457172870636,0.46432387828826904,0.0041717770509421825,0.6152924299240112,0.4293769299983978,-0.02568488009274006,0.5853402614593506,0.4519481360912323,-0.050757814198732376,0.5728511214256287,0.4852364659309387,-0.061906203627586365,0.6726326942443848,0.4382297992706299,-0.004851645324379206,0.6442000269889832,0.3531990647315979,-0.022374393418431282,0.6136040091514587,0.3071247339248657,-0.03338782116770744,0.5868450999259949,0.2704051733016968,-0.03869113698601723,0.6937156915664673,0.4278102517127991,-0.019230475649237633,0.6789761185646057,0.3385204076766968,-0.03578544780611992,0.6521215438842773,0.29153814911842346,-0.04159135743975639,0.6271207332611084,0.255633682012558,-0.04206565022468567,0.7137131094932556,0.43327778577804565,-0.035372328013181686,0.7161750197410583,0.35476216673851013,-0.04457642883062363,0.7152114510536194,0.3036317825317383,-0.04364977777004242,0.7127895355224609,0.2606949806213379,-0.0404076986014843,Ok
0.7156903743743896,0.6302796602249146,-2.6251379736663694e-08,0.662221372127533,0.614068865776062,-0.00952655915170908,0.6180118322372437,0.5834735631942749,-0.021555623039603233,0.5800189971923828,0.5591303110122681,-0.037246983498334885,0.5615643858909607,0.5206496119499207,-0.05140914395451546,0.6577558517456055,0.46239379048347473,0.0019943967927247286,0.6157034039497375,0.42589935660362244,-0.027804942801594734,0.5865325927734375,0.4503627121448517,-0.0527222603559494,0.5748471021652222,0.48496970534324646,-0.06409113854169846,0.6726018786430359,0.43677473068237305,-0.006811454426497221,0.6439278721809387,0.35119518637657166,-0.024549242109060287,0.6133008003234863,0.30559688806533813,-0.03605451434850693,0.5862915515899658,0.26805365085601807,-0.04206857085227966,0.693602442741394,0.42739957571029663,-0.020932072773575783,0.6770685315132141,0.33956092596054077,-0.03763329237699509,0.6504023671150208,0.2925510108470917,-0.04409085214138031,0.6258364319801331,0.2557603716850281,-0.04556228220462799,0.7135240435600281,0.434137225151062,-0.03690166771411896,0.7154675722122192,0.35667887330055237,-0.046815600246191025,0.7146258354187012,0.3049010634422302,-0.046668123453855515,0.7126224637031555,0.2608259320259094,-0.044329144060611725,Ok
0.7168855667114258,0.6333768367767334,-7.045885297429777e-08,0.6633942723274231,0.6160374879837036,-0.010199286043643951,0.6181802153587341,0.5828708410263062,-0.02221911959350109,0.5786191821098328,0.5566048622131348,-0.037832122296094894,0.5598812103271484,0.5178455114364624,-0.05171886831521988,0.6612009406089783,0.463154137134552,0.0022202618420124054,0.6174290776252747,0.42786115407943726,-0.02876741997897625,0.5861409902572632,0.45208752155303955,-0.054720085114240646,0.5734513998031616,0.48654046654701233,-0.0665728822350502,0.6755892634391785,0.43744581937789917,-0.005982665345072746,0.6449216604232788,0.3559667766094208,-0.024394553154706955,0.6123166680335999,0.310041218996048,-0.03607208654284477,0.5843878388404846,0.27205079793930054,-0.04206644371151924,0.695762574672699,0.42786794900894165,-0.01969514973461628,0.6806043386459351,0.34032273292541504,-0.03691413626074791,0.6542548537254333,0.29377031326293945,-0.042460132390260696,0.6300340294837952,0.2569478154182434,-0.04301154986023903,0.7144482135772705,0.4354211986064911,-0.0354028046131134,0.7198273539543152,0.3593369722366333,-0.045447904616594315,0.7190729975700378,0.3073940873146057,-0.04506460949778557,0.7167394161224365,0.2629171907901764,-0.04231078177690506,Ok
0.7172862887382507,0.6316791772842407,-6.350706627245017e-08,0.6639018058776855,0.6158745884895325,-0.012371302582323551,0.6183474063873291,0.5844441056251526,-0.025394447147846222,0.5797365307807922,0.5578128695487976,-0.04137026518583298,0.560151219367981,0.5204356908798218,-0.05596925690770149,0.6574812531471252,0.46624916791915894,-0.002670970279723406,0.6148033738136292,0.42879095673561096,-0.03360080346465111,0.5865596532821655,0.45274779200553894,-0.05929028242826462,0.5756393671035767,0.4864294230937958,-0.07143056392669678,0.6730762720108032,0.4399080276489258,-0.010261447168886662,0.641164243221283,0.35781803727149963,-0.029704753309488297,0.6090401411056519,0.31398218870162964,-0.043332554399967194,0.5811952352523804,0.27654725313186646,-0.05116663873195648,0.6952008008956909,0.4303407371044159,-0.023079000413417816,0.6794158816337585,0.3421841263771057,-0.04183673858642578,0.653951108455658,0.2957383990287781,-0.05114073306322098,0.6302331686019897,0.2582252025604248,-0.05473034456372261,0.716742992401123,0.43797528743743896,-0.03770679980516434,0.7213442921638489,0.36153244972229004,-0.04933471232652664,0.721043586730957,0.30959948897361755,-0.05140487849712372,0.7192612886428833,0.2653544545173645,-0.050910938531160355,Ok
0.7173724174499512,0.6325761079788208,-5.8937192903840696e-08,0.6634989976882935,0.6164296269416809,-0.012409557588398457,0.6178256869316101,0.5846105217933655,-0.025358228012919426,0.5788364410400391,0.5581234097480774,-0.041332345455884933,0.5600513219833374,0.5202990174293518,-0.05590258166193962,0.6577862501144409,0.46586111187934875,-0.001917840214446187,0.615096926689148,0.4283015727996826,-0.032940737903118134,0.5869861841201782,0.4526936709880829,-0.05866473913192749,0.5762209296226501,0.48677000403404236,-0.07074443995952606,0.6736335754394531,0.4396607279777527,-0.009453260339796543,0.6416587233543396,0.3579683303833008,-0.02863309159874916,0.6096845269203186,0.31432461738586426,-0.04197400435805321,0.581861674785614,0.276866614818573,-0.04958094283938408,0.6957735419273376,0.43007370829582214,-0.02233811281621456,0.6794554591178894,0.3427300453186035,-0.04099050164222717,0.6539948582649231,0.2964929938316345,-0.0499727763235569,0.6303112506866455,0.2590184211730957,-0.05326821282505989,0.7171420454978943,0.43752455711364746,-0.03708318620920181,0.7213150858879089,0.3612116575241089,-0.04881016165018082,0.7210595607757568,0.3091721534729004,-0.0508512519299984,0.7194422483444214,0.2645745873451233,-0.0502326674759388,Ok
0.717664897441864,0.6316288113594055,-5.390971224983332e-08,0.6645052433013916,0.6158894896507263,-0.012304440140724182,0.6187376976013184,0.5849072933197021,-0.02570975571870804,0.5790835022926331,0.5590652823448181,-0.042250026017427444,0.560608983039856,0.5197589993476868,-0.05748452618718147,0.6582188010215759,0.4655880033969879,-0.0024478763807564974,0.6158560514450073,0.42931410670280457,-0.03393694385886192,0.5871433019638062,0.45316994190216064,-0.05993726849555969,0.5759751200675964,0.48708483576774597,-0.07217542082071304,0.6737251281738281,0.43951043486595154,-0.010278429836034775,0.6427927613258362,0.35740575194358826,-0.029825011268258095,0.6109327673912048,0.31359368562698364,-0.0433344766497612,0.5832803249359131,0.2773992419242859,-0.05103018879890442,0.6959785223007202,0.4303724467754364,-0.023441286757588387,0.6803942918777466,0.34131067991256714,-0.042337238788604736,0.6546223759651184,0.295868456363678,-0.051347196102142334,0.6306774616241455,0.25989121198654175,-0.054706037044525146,0.7169297337532043,0.4384969472885132,-0.03843323141336441,0.7216075658798218,0.36221379041671753,-0.05068785697221756,0.722003698348999,0.30987057089805603,-0.05314333736896515,0.721284031867981,0.2649645209312439,-0.05279234051704407,Ok
0.7175520658493042,0.6336338520050049,-5.040379846832366e-08,0.6636187434196472,0.6172847151756287,-0.011824636720120907,0.6182035207748413,0.5857877135276794,-0.024813596159219742,0.5783303380012512,0.5595587491989136,-0.04108920320868492,0.5597598552703857,0.5207858681678772,-0.055968355387449265,0.658168375492096,0.4658134877681732,-0.0008853517938405275,0.6160461902618408,0.42862677574157715,-0.031767114996910095,0.5876736640930176,0.4525362551212311,-0.0574677437543869,0.5766487717628479,0.48644718527793884,-0.06955401599407196,0.6737837195396423,0.43940871953964233,-0.008751793764531612,0.6425566673278809,0.35795438289642334,-0.027912702411413193,0.6108266115188599,0.3140800893306732,-0.0413455031812191,0.5830047130584717,0.2768004834651947,-0.0490243174135685,0.6958117485046387,0.4300282597541809,-0.02194959856569767,0.680217444896698,0.34240490198135376,-0.04043272137641907,0.6544989347457886,0.29685527086257935,-0.049146562814712524,0.6301686763763428,0.260415256023407,-0.05233350396156311,0.7166850566864014,0.43794378638267517,-0.036990344524383545,0.7222476601600647,0.36173662543296814,-0.04878668859601021,0.7228054404258728,0.3090101480484009,-0.05104774609208107,0.7217957973480225,0.2636450529098511,-0.0505872406065464,Ok
0.7184851765632629,0.6334822773933411,-4.992777391521486e-08,0.6642488241195679,0.617357075214386,-0.011683079414069653,0.6187013387680054,0.5859060287475586,-0.024539725854992867,0.5795077681541443,0.5595458745956421,-0.04069431498646736,0.560446560382843,0.5213161706924438,-0.055448584258556366,0.6576237082481384,0.46642735600471497,-0.0011372651206329465,0.6155809164047241,0.42869848012924194,-0.031821005046367645,0.5878958106040955,0.45270079374313354,-0.05724186822772026,0.5774948000907898,0.48675358295440674,-0.06918679177761078,0.6733362674713135,0.43982574343681335,-0.009114880114793777,0.6421498656272888,0.35818424820899963,-0.028398241847753525,0.6103296279907227,0.3141857385635376,-0.042019546031951904,0.5824155807495117,0.27668488025665283,-0.04990699142217636,0.6953043937683105,0.4304123520851135,-0.022350676357746124,0.6800702810287476,0.3424122631549835,-0.040976572781801224,0.6543691754341125,0.2965272068977356,-0.05013597756624222,0.6300896406173706,0.2599436044692993,-0.053705163300037384,0.7163199782371521,0.4384217858314514,-0.037371061742305756,0.7222590446472168,0.36226338148117065,-0.04923258349299431,0.7227950692176819,0.30966266989707947,-0.051696304231882095,0.7217292189598083,0.2646934390068054,-0.05147330090403557,Ok
0.717917263507843,0.6346683502197266,-4.700511979649491e-08,0.6637163162231445,0.6175370216369629,-0.012418920174241066,0.6180834770202637,0.5859806537628174,-0.02554466389119625,0.5786255598068237,0.560321033000946,-0.04185238480567932,0.5613678693771362,0.5213117599487305,-0.05676991119980812,0.6584576368331909,0.4657577574253082,-0.0012337005464360118,0.6158784031867981,0.4281367361545563,-0.03234606981277466,0.5877506732940674,0.4526619613170624,-0.05813441425561905,0.5772722959518433,0.48718971014022827,-0.07012570649385452,0.6740184426307678,0.4399935007095337,-0.008795181289315224,0.642711877822876,0.3578101396560669,-0.027815889567136765,0.6115530729293823,0.31405526399612427,-0.040996767580509186,0.5846218466758728,0.2765299677848816,-0.0483744814991951,0.6961665153503418,0.4309338927268982,-0.021798638626933098,0.6802042722702026,0.3437216281890869,-0.04036014899611473,0.6546614170074463,0.2974579334259033,-0.049197301268577576,0.6309704780578613,0.25997674465179443,-0.05230247974395752,0.7172935009002686,0.4390488266944885,-0.03670460730791092,0.721964955329895,0.3625167906284332,-0.04868205636739731,0.7223418354988098,0.3098093867301941,-0.05084111541509628,0.7217543125152588,0.2645452916622162,-0.05015137419104576,Ok
0.7174246311187744,0.6339582204818726,-4.7347459286584126e-08,0.6638578772544861,0.6166993379592896,-0.013163005001842976,0.6186837553977966,0.5862289071083069,-0.02692156843841076,0.5797047019004822,0.5608368515968323,-0.043778546154499054,0.5615331530570984,0.5220820307731628,-0.05925130471587181,0.6581683158874512,0.4661257266998291,-0.0020271374378353357,0.6159145832061768,0.4287535846233368,-0.033738378435373306,0.5873270034790039,0.4525409936904907,-0.06015113741159439,0.5760886669158936,0.4867906868457794,-0.0725245326757431,0.6736363172531128,0.4403025507926941,-0.009323135949671268,0.6426315307617188,0.35811030864715576,-0.028751928359270096,0.6113694906234741,0.3142243027687073,-0.04238724336028099,0.5841383337974548,0.2767607867717743,-0.05007998272776604,0.6958751082420349,0.431062251329422,-0.02211889438331127,0.6804253458976746,0.34353071451187134,-0.04083016887307167,0.6549667716026306,0.2969926595687866,-0.04993711784482002,0.6311057806015015,0.25953006744384766,-0.05324987322092056,0.7171386480331421,0.43914732336997986,-0.03689022362232208,0.7223874926567078,0.36290276050567627,-0.048683129251003265,0.7226533889770508,0.3105301856994629,-0.05078272521495819,0.7217115163803101,0.2657685875892639,-0.050113581120967865,Ok
0.7181698679924011,0.6342754364013672,-3.227667733085582e-08,0.6647177934646606,0.6180922985076904,-0.014268388040363789,0.618308424949646,0.5869122743606567,-0.028782645240426064,0.5786481499671936,0.5599440932273865,-0.04626772925257683,0.561276376247406,0.5194171667098999,-0.06224968656897545,0.6575572490692139,0.46716007590293884,-0.003468394046649337,0.6156632900238037,0.42891407012939453,-0.0360272191464901,0.5878089070320129,0.4513605535030365,-0.06260448694229126,0.5769343972206116,0.48523589968681335,-0.07498271763324738,0.6734985709190369,0.44114238023757935,-0.010576610453426838,0.643073558807373,0.3582191467285156,-0.030607473105192184,0.6117339730262756,0.31373220682144165,-0.044136326760053635,0.5840394496917725,0.2758689522743225,-0.0517236702144146,0.6960263848304749,0.43169665336608887,-0.023353220894932747,0.6802014112472534,0.3439995050430298,-0.042689427733421326,0.6545926332473755,0.29774895310401917,-0.0515679195523262,0.6303659081459045,0.2606140971183777,-0.05464693158864975,0.7178105115890503,0.43954840302467346,-0.038213733583688736,0.7225498557090759,0.36272719502449036,-0.050475556403398514,0.7229028940200806,0.31054434180259705,-0.052657242864370346,0.7217554450035095,0.26610201597213745,-0.05201337859034538,Ok
0.7192168831825256,0.6347849369049072,-3.0185816513039754e-08,0.6654117703437805,0.6187276840209961,-0.013912739232182503,0.6190154552459717,0.587139368057251,-0.027953343465924263,0.5794799327850342,0.5604339838027954,-0.04499868303537369,0.5613951086997986,0.5203266143798828,-0.06053683161735535,0.6581565141677856,0.4671086072921753,-0.003229074412956834,0.6154701113700867,0.4282405972480774,-0.035507723689079285,0.5875180959701538,0.4510275423526764,-0.0618382953107357,0.5766791105270386,0.4848574995994568,-0.07405179738998413,0.6740218997001648,0.4410145580768585,-0.010510856285691261,0.6435481905937195,0.3579501211643219,-0.030471965670585632,0.6122720241546631,0.3135741949081421,-0.04394529387354851,0.584770679473877,0.2758280038833618,-0.05145105719566345,0.6962168216705322,0.43168386816978455,-0.023414246737957,0.6805139780044556,0.34395140409469604,-0.04288879409432411,0.6546908020973206,0.29778575897216797,-0.051759831607341766,0.6303813457489014,0.26060473918914795,-0.05474797636270523,0.7176035642623901,0.43959733843803406,-0.03834535926580429,0.7223613262176514,0.36224648356437683,-0.05088307335972786,0.7226724624633789,0.3096959590911865,-0.05308280140161514,0.7214870452880859,0.2647254765033722,-0.05236123502254486,Ok
0.5406584143638611,0.7066671252250671,-2.2664080745471438e-07,0.4593264162540436,0.6577520370483398,0.03220002353191376,0.416843444108963,0.6128134727478027,0.03422228991985321,0.36500170826911926,0.5872308611869812,0.023574309423565865,0.32807230949401855,0.5475390553474426,0.012922375462949276,0.4523838758468628,0.4522824287414551,0.03791531175374985,0.3873409032821655,0.4193500280380249,0.008171350695192814,0.34704670310020447,0.46700066328048706,-0.024731185287237167,0.33076921105384827,0.5175251364707947,-0.04369039833545685,0.4650351405143738,0.43523693084716797,0.0034818616695702076,0.4220002293586731,0.31613507866859436,-0.01816648431122303,0.3761134445667267,0.2578531503677368,-0.04151621833443642,0.33706915378570557,0.2163119912147522,-0.05920024216175079,0.479724258184433,0.43980398774147034,-0.03365641087293625,0.4686836004257202,0.30082589387893677,-0.04856118932366371,0.4447077810764313,0.22065964341163635,-0.06098874658346176,0.4232184886932373,0.15426570177078247,-0.07148856669664383,0.48921236395835876,0.4563080072402954,-0.06925943493843079,0.5026982426643372,0.3410460948944092,-0.07905134558677673,0.5126680135726929,0.2642972469329834,-0.08103831112384796,0.5214738845825195,0.19663453102111816,-0.08358471095561981,Ok
0.5512661933898926,0.7259925007820129,-2.7397518920224684e-07,0.4612462818622589,0.670653760433197,0.048502758145332336,0.4205416440963745,0.6401877403259277,0.056564878672361374,0.36964723467826843,0.6240904927253723,0.05010310560464859,0.34529516100883484,0.5807368755340576,0.04451317712664604,0.4609748125076294,0.47967615723609924,0.04039322957396507,0.3909711241722107,0.4517439901828766,0.0100666843354702,0.36044013500213623,0.502358615398407,-0.018463192507624626,0.3548123836517334,0.5546069741249084,-0.033482592552900314,0.4745669364929199,0.46444225311279297,0.001490877359174192,0.4289451241493225,0.33713072538375854,-0.03006291575729847,0.38638240098953247,0.2761813700199127,-0.05191480368375778,0.34787675738334656,0.2298801839351654,-0.06565836071968079,0.4887298047542572,0.46935272216796875,-0.037675872445106506,0.4752553701400757,0.325903058052063,-0.05581304803490639,0.4558645486831665,0.24786001443862915,-0.06017226725816727,0.4346274733543396,0.1803646683692932,-0.06220248341560364,0.49846434593200684,0.4877690076828003,-0.07351583987474442,0.5091909766197205,0.36886435747146606,-0.0811089500784874,0.5134739279747009,0.2951112389564514,-0.07746418565511703,0.5172008872032166,0.2324349582195282,-0.07448489218950272,Ok
