0.7307198643684387,0.489574670791626,-3.727195405645034e-07,0.6687957048416138,0.46951889991760254,-0.012867560610175133,0.6212888956069946,0.41827192902565,-0.021455787122249603,0.6239506006240845,0.3548803925514221,-0.032689839601516724,0.6654863953590393,0.3416091501712799,-0.04172280803322792,0.6425209045410156,0.341952919960022,0.002793170977383852,0.6347972750663757,0.3010476231575012,-0.02347618155181408,0.6466912627220154,0.34323692321777344,-0.04131241515278816,0.6551416516304016,0.38047903776168823,-0.049069203436374664,0.6778937578201294,0.3303621709346771,-0.001268273568712175,0.669464647769928,0.29201775789260864,-0.028127744793891907,0.6818063259124756,0.35016342997550964,-0.0366596020758152,0.688786506652832,0.3945726752281189,-0.03438816964626312,0.7132861018180847,0.32705265283584595,-0.009849285706877708,0.7063273191452026,0.29304781556129456,-0.03610365837812424,0.7120120525360107,0.35279494524002075,-0.03285003826022148,0.7152823209762573,0.40078791975975037,-0.021118339151144028,0.7502593994140625,0.33319294452667236,-0.01982804574072361,0.7403804063796997,0.2951657176017761,-0.033515091985464096,0.7388066053390503,0.33322566747665405,-0.02658691816031933,0.7387655377388,0.36933451890945435,-0.015958113595843315,Stop
0.739861786365509,0.4800412058830261,-3.397263981241849e-07,0.6787826418876648,0.45425674319267273,-0.013469453901052475,0.6350857019424438,0.3986981213092804,-0.022437382489442825,0.6415103673934937,0.3362150192260742,-0.03411230444908142,0.6834522485733032,0.3299533724784851,-0.04363197088241577,0.6568096876144409,0.3308871388435364,0.004134746268391609,0.6507521867752075,0.2869689464569092,-0.02158127911388874,0.6623647809028625,0.3290269672870636,-0.04002558812499046,0.6701234579086304,0.3659670650959015,-0.048420168459415436,0.6915560960769653,0.31984996795654297,0.0005186019116081297,0.6858238577842712,0.2773706912994385,-0.025003118440508842,0.6960394382476807,0.3339051306247711,-0.03390327841043472,0.7008682489395142,0.3792850375175476,-0.032150838524103165,0.7261080741882324,0.31790971755981445,-0.007803232409060001,0.7222504615783691,0.2816677689552307,-0.03233642876148224,0.725502610206604,0.3403397798538208,-0.030142948031425476,0.7262250781059265,0.3893158733844757,-0.019440729171037674,0.7620896100997925,0.325684517621994,-0.017698630690574646,0.7552858591079712,0.28709256649017334,-0.02980455569922924,0.7523010969161987,0.3228728771209717,-0.023495953530073166,0.750221312046051,0.35915273427963257,-0.013723156414926052,Stop
0.7385150790214539,0.47930678725242615,-3.5107117923871556e-07,0.6779477000236511,0.4545959234237671,-0.012735103257000446,0.6342808604240417,0.3976305425167084,-0.021349474787712097,0.6403424143791199,0.33514827489852905,-0.032719340175390244,0.6824869513511658,0.330623984336853,-0.0420156866312027,0.6563220620155334,0.3291359841823578,0.003512344555929303,0.6504707932472229,0.28514403104782104,-0.021267827600240707,0.6615143418312073,0.3276263177394867,-0.038660451769828796,0.6689537763595581,0.3647761344909668,-0.04650323837995529,0.6910527348518372,0.31863975524902344,-0.00036021650885231793,0.6854289770126343,0.27649521827697754,-0.025340845808386803,0.695044219493866,0.33343905210494995,-0.03359980136156082,0.6996157169342041,0.3794054687023163,-0.03150109201669693,0.7257786393165588,0.3171396851539612,-0.00869591161608696,0.7216459512710571,0.28175321221351624,-0.032515764236450195,0.7246654033660889,0.3404087424278259,-0.030027247965335846,0.7254064679145813,0.38910654187202454,-0.019390350207686424,0.7619020938873291,0.32512837648391724,-0.018527047708630562,0.7548595070838928,0.2868783473968506,-0.029994826763868332,0.7519571781158447,0.3223841190338135,-0.023517703637480736,0.7503199577331543,0.3581010401248932,-0.013844628818333149,Stop
0.7384824752807617,0.4793187379837036,-3.7268509345267375e-07,0.6779287457466125,0.4537086486816406,-0.012540201656520367,0.6328646540641785,0.39877763390541077,-0.020592184737324715,0.6378189325332642,0.3360314965248108,-0.03156591206789017,0.6802508234977722,0.3291199803352356,-0.04019980505108833,0.6560153961181641,0.32804977893829346,0.0059127770364284515,0.6486902236938477,0.2860829532146454,-0.01921895332634449,0.658917248249054,0.3310546875,-0.03681459277868271,0.6671977639198303,0.3671723008155823,-0.04478806257247925,0.6905936598777771,0.31781530380249023,0.0020528328604996204,0.6838769316673279,0.2768945097923279,-0.023486018180847168,0.6934033632278442,0.3359276056289673,-0.03149616718292236,0.7000401616096497,0.38009113073349,-0.029035799205303192,0.7249491810798645,0.31618085503578186,-0.0065737138502299786,0.7200716137886047,0.28094977140426636,-0.031020741909742355,0.7228215932846069,0.3412471413612366,-0.027875015512108803,0.7254970669746399,0.38940873742103577,-0.01651521399617195,0.7609596848487854,0.32398971915245056,-0.016813291236758232,0.7532070279121399,0.28655463457107544,-0.028756173327565193,0.7497357130050659,0.32296156883239746,-0.02234004996716976,0.7491550445556641,0.35823482275009155,-0.012520870193839073,Stop
0.7382124662399292,0.4785718619823456,-3.685245246742852e-07,0.6778411865234375,0.4528554379940033,-0.012730294838547707,0.6327594518661499,0.3985097110271454,-0.02107318304479122,0.6371850371360779,0.33617424964904785,-0.032214779406785965,0.6801141500473022,0.32773303985595703,-0.041044868528842926,0.6556943655014038,0.3277696669101715,0.005047615151852369,0.6484181880950928,0.2852911353111267,-0.01974840834736824,0.6591715216636658,0.3294958174228668,-0.03703968971967697,0.6671825647354126,0.36579644680023193,-0.044834770262241364,0.69070965051651,0.31777817010879517,0.0012719687074422836,0.6840899586677551,0.27654752135276794,-0.024049898609519005,0.6940208673477173,0.3348928987979889,-0.03195222467184067,0.700153648853302,0.3797934651374817,-0.02944251149892807,0.725426971912384,0.31651920080184937,-0.007151220925152302,0.7202883958816528,0.2815440893173218,-0.03153624385595322,0.723402202129364,0.3414379060268402,-0.028429972007870674,0.7255114912986755,0.3899681568145752,-0.017099617049098015,0.761767566204071,0.3246239721775055,-0.017123034223914146,0.7536503076553345,0.28724175691604614,-0.029105020686984062,0.7504283785820007,0.32362768054008484,-0.02255990169942379,0.7493916153907776,0.3592437207698822,-0.012623191811144352,Stop
0.7357544302940369,0.47755447030067444,-3.6759442423317523e-07,0.676326334476471,0.45276835560798645,-0.012258526869118214,0.6324489712715149,0.3981083929538727,-0.020978277549147606,0.6369057297706604,0.335997074842453,-0.03244983032345772,0.6784892082214355,0.3276730179786682,-0.04171065613627434,0.6539589762687683,0.32812729477882385,0.0026310686953365803,0.6480209827423096,0.2846013009548187,-0.02258877456188202,0.658081591129303,0.32971441745758057,-0.03980446979403496,0.6656758189201355,0.3666914105415344,-0.04742651432752609,0.6887844800949097,0.3185158669948578,-0.0015146613586694002,0.6842765212059021,0.2762794494628906,-0.026980092748999596,0.6928690075874329,0.3350827693939209,-0.034423280507326126,0.6982818245887756,0.38034138083457947,-0.03167388215661049,0.7234902381896973,0.31725242733955383,-0.010071109980344772,0.7202627062797546,0.28174424171447754,-0.034172240644693375,0.7223156094551086,0.34088578820228577,-0.030741751194000244,0.7239198088645935,0.38852906227111816,-0.01947498880326748,0.7595611810684204,0.3251013159751892,-0.02009676955640316,0.7526800632476807,0.28682589530944824,-0.03167250007390976,0.7494418621063232,0.322652667760849,-0.024764355272054672,0.7486602067947388,0.35743799805641174,-0.014765243977308273,Stop
0.7361036539077759,0.47803324460983276,-3.6908144807057397e-07,0.6767646074295044,0.45302557945251465,-0.012203490361571312,0.6328628659248352,0.3989499509334564,-0.021042397245764732,0.6369577646255493,0.3370075225830078,-0.03261105716228485,0.6787227392196655,0.3277493119239807,-0.04195857048034668,0.654024600982666,0.3287706971168518,0.002587492112070322,0.648375391960144,0.2851299047470093,-0.023023022338747978,0.6580425500869751,0.33011767268180847,-0.040505122393369675,0.6654115319252014,0.3669433295726776,-0.04825691133737564,0.6890642642974854,0.3193333148956299,-0.001641893177293241,0.6848238706588745,0.27711963653564453,-0.02722223289310932,0.6927642226219177,0.33573800325393677,-0.03478190675377846,0.697571337223053,0.38017737865448,-0.03214754909276962,0.7239049673080444,0.318286269903183,-0.010297496803104877,0.7208955883979797,0.2825145423412323,-0.03449136018753052,0.7223368287086487,0.34155401587486267,-0.03102225810289383,0.7232629060745239,0.3884256184101105,-0.01975126564502716,0.7602187395095825,0.32647842168807983,-0.020393749698996544,0.753525972366333,0.2876954674720764,-0.03186856210231781,0.7498450875282288,0.32367753982543945,-0.02477296255528927,0.748495876789093,0.35810327529907227,-0.01467126701027155,Stop
0.7347344160079956,0.4797896444797516,-3.63677941095375e-07,0.6758337616920471,0.45442211627960205,-0.011558006517589092,0.6315919756889343,0.4010668992996216,-0.019999563694000244,0.6369485855102539,0.3399648666381836,-0.03141690418124199,0.6788171529769897,0.3278293311595917,-0.04072371497750282,0.6528101563453674,0.3289569914340973,0.003901419462636113,0.6471832990646362,0.28620922565460205,-0.02180986851453781,0.6564733982086182,0.32923242449760437,-0.04006863012909889,0.6642290949821472,0.3665730357170105,-0.04838185012340546,0.6879307627677917,0.31905457377433777,-0.0006026882329024374,0.6826385855674744,0.27780234813690186,-0.026497798040509224,0.6908056735992432,0.33590734004974365,-0.03495371341705322,0.6967718601226807,0.382098913192749,-0.03284812346100807,0.7227778434753418,0.317595511674881,-0.009549105539917946,0.7191271185874939,0.28242966532707214,-0.03366760164499283,0.7206565141677856,0.34125202894210815,-0.030570847913622856,0.7223607897758484,0.39001503586769104,-0.01948496885597706,0.7591292858123779,0.32584863901138306,-0.019977014511823654,0.7520703077316284,0.2880636751651764,-0.03188178688287735,0.7479995489120483,0.3235856294631958,-0.025313129648566246,0.7465752363204956,0.35884442925453186,-0.015432020649313927,Stop
0.7356634736061096,0.47948965430259705,-3.6228777844371507e-07,0.6764837503433228,0.4546714127063751,-0.01194220595061779,0.6316244602203369,0.40148961544036865,-0.020092185586690903,0.6358311772346497,0.33958423137664795,-0.03118559531867504,0.6783040165901184,0.3285902142524719,-0.040108609944581985,0.6530575752258301,0.32940319180488586,0.004825238138437271,0.6465114951133728,0.28686293959617615,-0.020644687116146088,0.656730055809021,0.3288157880306244,-0.038527339696884155,0.6648573279380798,0.3648822009563446,-0.04655753821134567,0.6881452202796936,0.31911277770996094,0.000570526288356632,0.6817733645439148,0.2778348922729492,-0.025322552770376205,0.6909792423248291,0.33491140604019165,-0.03375577926635742,0.6969896554946899,0.38002559542655945,-0.03147660568356514,0.7230756282806396,0.3175913095474243,-0.008233420550823212,0.7182718515396118,0.28286391496658325,-0.03291954845190048,0.7207000851631165,0.34127292037010193,-0.03012445941567421,0.7226679921150208,0.38911861181259155,-0.018926965072751045,0.7598133683204651,0.32581883668899536,-0.0184946209192276,0.751694917678833,0.28796887397766113,-0.030616771429777145,0.74819016456604,0.3231813311576843,-0.0241499412804842,0.74727863073349,0.35805025696754456,-0.014206438325345516,Stop
0.7361473441123962,0.4807825982570648,-3.449544294653606e-07,0.6739023923873901,0.45400339365005493,-0.012425392866134644,0.62992262840271,0.3987569510936737,-0.02119896002113819,0.6354694366455078,0.33565017580986023,-0.03308325260877609,0.6787880063056946,0.33031144738197327,-0.04295753687620163,0.6526908278465271,0.32944032549858093,0.006772506516426802,0.6464049220085144,0.28663647174835205,-0.01932830549776554,0.6583119630813599,0.32714903354644775,-0.0385793074965477,0.6671646237373352,0.36516326665878296,-0.04737042635679245,0.6876121759414673,0.3184930086135864,0.0025696461088955402,0.6816229820251465,0.2782745957374573,-0.02339710295200348,0.6919001340866089,0.3344413638114929,-0.03313399478793144,0.6977912187576294,0.3816453814506531,-0.03183963894844055,0.7224279642105103,0.3169434368610382,-0.006420660763978958,0.7175832390785217,0.28224319219589233,-0.031423214823007584,0.7208973169326782,0.3405376970767975,-0.02982640452682972,0.722705066204071,0.3907279968261719,-0.019282858818769455,0.7588334083557129,0.32555320858955383,-0.016915827989578247,0.7511396408081055,0.2877405881881714,-0.029410455375909805,0.7478271722793579,0.3233906030654907,-0.023405833169817924,0.7463633418083191,0.36060768365859985,-0.013661891222000122,Stop
0.7358751893043518,0.48129358887672424,-3.477685766029026e-07,0.673842191696167,0.45414456725120544,-0.012059582397341728,0.6297734975814819,0.3983161151409149,-0.020703541114926338,0.6352135539054871,0.3351001441478729,-0.03246384114027023,0.6784440279006958,0.3288540840148926,-0.042257096618413925,0.6527605056762695,0.32847917079925537,0.006325333379209042,0.6459192633628845,0.28608202934265137,-0.0192604698240757,0.6576917767524719,0.3268255591392517,-0.038021307438611984,0.6664898991584778,0.3644896447658539,-0.04658202826976776,0.687685489654541,0.3180628716945648,0.001986432122066617,0.6815701723098755,0.27760380506515503,-0.02360536903142929,0.6913748979568481,0.3337855637073517,-0.03299706056714058,0.6970438361167908,0.381184458732605,-0.03157223388552666,0.7224874496459961,0.316936194896698,-0.007003568112850189,0.7173838019371033,0.28227943181991577,-0.03168563172221184,0.7204360365867615,0.34062469005584717,-0.029921019449830055,0.7221997976303101,0.3909470736980438,-0.01940474659204483,0.7588319778442383,0.3258213400840759,-0.017449457198381424,0.7510813474655151,0.2876068949699402,-0.029806124046444893,0.7478682994842529,0.3230159878730774,-0.023744473233819008,0.7465032339096069,0.3601897060871124,-0.014034955762326717,Stop
0.7343782186508179,0.48153364658355713,-3.6914741485816194e-07,0.6744212508201599,0.4549741744995117,-0.012538827955722809,0.6299207806587219,0.40145987272262573,-0.021496808156371117,0.6331729292869568,0.33777326345443726,-0.033406876027584076,0.6756203770637512,0.3283819854259491,-0.04298269376158714,0.6516616344451904,0.3289268910884857,0.004993997979909182,0.644214391708374,0.2865709066390991,-0.020944485440850258,0.6564483642578125,0.3308956027030945,-0.039107490330934525,0.6657751202583313,0.36816754937171936,-0.047190915793180466,0.6864961981773376,0.3186812102794647,0.0009144829236902297,0.679882824420929,0.2777591347694397,-0.024797819554805756,0.6901674866676331,0.33606693148612976,-0.03294145315885544,0.6963462829589844,0.38092827796936035,-0.03070683218538761,0.721227765083313,0.3172406554222107,-0.007898207753896713,0.7161704897880554,0.2814297676086426,-0.03270971029996872,0.7189972400665283,0.34161239862442017,-0.029476366937160492,0.7211102843284607,0.3904019594192505,-0.01806788146495819,0.7576043605804443,0.3256062865257263,-0.01824919506907463,0.7498494982719421,0.28627142310142517,-0.030420251190662384,0.7460899353027344,0.32287269830703735,-0.02370762825012207,0.7446724772453308,0.3593706786632538,-0.013631947338581085,Stop
0.7162628173828125,0.3929732143878937,-5.776121838607651e-07,0.6329192519187927,0.3637617826461792,-0.019402284175157547,0.5691396594047546,0.29341113567352295,-0.03251767158508301,0.5689709186553955,0.2053338885307312,-0.04940607398748398,0.6236931085586548,0.1890803724527359,-0.06290597468614578,0.6032719612121582,0.1789637804031372,0.007549682166427374,0.5869972109794617,0.12751023471355438,-0.030051520094275475,0.6033655405044556,0.19349762797355652,-0.05711500346660614,0.6172987818717957,0.2468239814043045,-0.06969688087701797,0.651766836643219,0.164348304271698,0.001771829673089087,0.6347030997276306,0.11223860830068588,-0.03782853111624718,0.6508209109306335,0.197260320186615,-0.05215490609407425,0.6628909707069397,0.26185864210128784,-0.04996982961893082,0.7007055282592773,0.16177132725715637,-0.010728626511991024,0.6848458647727966,0.11331744492053986,-0.04904278367757797,0.6910984516143799,0.201390340924263,-0.044442448765039444,0.6980791687965393,0.2710595726966858,-0.027418192476034164,0.7536645531654358,0.17257428169250488,-0.025506500154733658,0.7335826754570007,0.12043144553899765,-0.04651531204581261,0.7281710505485535,0.17761541903018951,-0.03727098926901817,0.7288222312927246,0.23111167550086975,-0.022192765027284622,Stop
0.7151869535446167,0.39345675706863403,-5.743563065152557e-07,0.6329268217086792,0.363770991563797,-0.0203058123588562,0.5695453882217407,0.29458528757095337,-0.03403697907924652,0.5685371160507202,0.20700101554393768,-0.051481593400239944,0.6241409182548523,0.18871793150901794,-0.06530335545539856,0.602430522441864,0.17840194702148438,0.007479985244572163,0.5865005254745483,0.1274489462375641,-0.03083520196378231,0.6025955080986023,0.19446022808551788,-0.058049168437719345,0.6165234446525574,0.24696117639541626,-0.07058976590633392,0.650978684425354,0.16416697204113007,0.0019970564171671867,0.6341039538383484,0.11272723972797394,-0.038597576320171356,0.6500346064567566,0.19911539554595947,-0.05284101143479347,0.6623713374137878,0.26289603114128113,-0.050318729132413864,0.7000430822372437,0.1619238257408142,-0.010434979572892189,0.6845133900642395,0.11329825967550278,-0.04965784028172493,0.6905636191368103,0.2025631070137024,-0.044787801802158356,0.6976019144058228,0.27203238010406494,-0.027264973148703575,0.7531582117080688,0.17296135425567627,-0.025218801572918892,0.7338448762893677,0.12113121151924133,-0.046550922095775604,0.7282105088233948,0.1786700040102005,-0.03730076178908348,0.7284942865371704,0.23194213211536407,-0.022078445181250572,Stop
0.7133617997169495,0.39280498027801514,-5.971024279460835e-07,0.6319828033447266,0.36422237753868103,-0.01836344227194786,0.5684516429901123,0.29472413659095764,-0.030948679894208908,0.5685372948646545,0.20672981441020966,-0.04748743027448654,0.6250835061073303,0.19044171273708344,-0.06084715202450752,0.603524923324585,0.1791001558303833,0.008088091388344765,0.5867351293563843,0.12914755940437317,-0.028629546985030174,0.6019051671028137,0.19494789838790894,-0.0544063076376915,0.616282045841217,0.24739696085453033,-0.06609874963760376,0.6515672206878662,0.16514819860458374,0.0022453453857451677,0.6340257525444031,0.115061916410923,-0.036502059549093246,0.6491284966468811,0.20027577877044678,-0.04981940612196922,0.6617211699485779,0.26386240124702454,-0.047021590173244476,0.7001534104347229,0.16280947625637054,-0.01022210344672203,0.6837471723556519,0.11623091250658035,-0.04831913486123085,0.6894590258598328,0.20472820103168488,-0.043566979467868805,0.6970399618148804,0.2734352648258209,-0.026431890204548836,0.7529399394989014,0.17381051182746887,-0.024796079844236374,0.7316856980323792,0.12192905694246292,-0.045528843998909,0.7268354892730713,0.17904895544052124,-0.03625188022851944,0.7288569808006287,0.2315119355916977,-0.021211452782154083,Stop
0.7140082120895386,0.39339810609817505,-5.74331693314889e-07,0.6318343281745911,0.3642212748527527,-0.019058719277381897,0.5686045289039612,0.2950323820114136,-0.03159313648939133,0.5693969130516052,0.20728075504302979,-0.04800662025809288,0.6253593564033508,0.19002994894981384,-0.06120659410953522,0.6033045053482056,0.1813807189464569,0.009506408125162125,0.5871177911758423,0.13166938722133636,-0.02728971652686596,0.6026157140731812,0.1954171359539032,-0.05362297594547272,0.6171450614929199,0.24754345417022705,-0.06566127389669418,0.6513466238975525,0.16650447249412537,0.004032190889120102,0.6340838074684143,0.11545614153146744,-0.03484868258237839,0.6496062874794006,0.19981223344802856,-0.048823293298482895,0.6625261306762695,0.26422902941703796,-0.0463050901889801,0.6998826861381531,0.16389727592468262,-0.008267221041023731,0.6840745210647583,0.11690059304237366,-0.04668304696679115,0.6897184252738953,0.2046675682067871,-0.042688027024269104,0.6972546577453613,0.2743637263774872,-0.025819137692451477,0.7528108358383179,0.17496263980865479,-0.022747909650206566,0.7326598167419434,0.12296729534864426,-0.04386027902364731,0.7270238399505615,0.17912571132183075,-0.03509964048862457,0.7278128862380981,0.23235271871089935,-0.020291654393076897,Stop
0.7146338820457458,0.3937280774116516,-5.671001304108358e-07,0.6318321824073792,0.36465761065483093,-0.019629111513495445,0.5677260756492615,0.2951335310935974,-0.03246978670358658,0.5686911344528198,0.20661674439907074,-0.04899249225854874,0.626453697681427,0.191945418715477,-0.061955034732818604,0.6014114618301392,0.18513637781143188,0.00823510717600584,0.5860422849655151,0.13194866478443146,-0.028857246041297913,0.601990282535553,0.19799867272377014,-0.055143218487501144,0.6155694127082825,0.24994967877864838,-0.06725875288248062,0.6495128273963928,0.16978028416633606,0.0029596826061606407,0.6325501799583435,0.11615362763404846,-0.03644680976867676,0.6492651700973511,0.20058682560920715,-0.05017222836613655,0.6619594097137451,0.26420387625694275,-0.04746789112687111,0.697905421257019,0.16632261872291565,-0.009167272597551346,0.6823898553848267,0.11708149313926697,-0.047415729612112045,0.6895147562026978,0.2049955576658249,-0.0428585521876812,0.6970958709716797,0.2745775580406189,-0.025651151314377785,0.7508571147918701,0.17601269483566284,-0.02362476848065853,0.7307831645011902,0.12429226189851761,-0.04461274296045303,0.7263997793197632,0.1803426593542099,-0.03599110245704651,0.7277214527130127,0.233556866645813,-0.021364595741033554,Stop
0.7137783765792847,0.39205002784729004,-5.725829055336362e-07,0.6335942149162292,0.3641986846923828,-0.02067343331873417,0.5695685148239136,0.29805147647857666,-0.03432874009013176,0.5654041767120361,0.21036773920059204,-0.05141795426607132,0.6219985485076904,0.18941929936408997,-0.06467990577220917,0.6021631360054016,0.1836193948984146,0.006884563714265823,0.5858692526817322,0.12935058772563934,-0.030420837923884392,0.6026821136474609,0.19534654915332794,-0.05600166320800781,0.6170578002929688,0.24668671190738678,-0.06740859150886536,0.6498127579689026,0.16876085102558136,0.002091700676828623,0.6322994828224182,0.11490882933139801,-0.03769594058394432,0.6492437124252319,0.2002924084663391,-0.05077221244573593,0.661834180355072,0.2631736993789673,-0.04739129915833473,0.6979067325592041,0.16572128236293793,-0.009574612602591515,0.6823889017105103,0.11684779077768326,-0.049061521887779236,0.6896491050720215,0.20554068684577942,-0.04431167244911194,0.6968076825141907,0.2744642198085785,-0.026566114276647568,0.7505228519439697,0.17551018297672272,-0.0234549418091774,0.7306362986564636,0.1240251213312149,-0.04523736611008644,0.7262038588523865,0.18065860867500305,-0.03639785572886467,0.7267835736274719,0.2338600605726242,-0.021317051723599434,Stop
0.7146202325820923,0.39216428995132446,-5.803876206300629e-07,0.6338247060775757,0.36477163434028625,-0.01996190845966339,0.5693814158439636,0.2968316078186035,-0.03290773555636406,0.5663717985153198,0.20820488035678864,-0.04937945306301117,0.6226868033409119,0.19039630889892578,-0.06217261031270027,0.6020978093147278,0.1822972297668457,0.007633490022271872,0.5863239765167236,0.1291959285736084,-0.02901141531765461,0.6018432378768921,0.19458496570587158,-0.054268043488264084,0.6154118776321411,0.2458660900592804,-0.06563656777143478,0.6499648690223694,0.16752056777477264,0.0026595499366521835,0.6329712271690369,0.11532208323478699,-0.03643679991364479,0.6491289138793945,0.20000635087490082,-0.04952618107199669,0.6612125635147095,0.26235926151275635,-0.046384893357753754,0.6981950998306274,0.16448642313480377,-0.009082593955099583,0.6829373836517334,0.11656418442726135,-0.047907281666994095,0.6896204352378845,0.2047390341758728,-0.043254636228084564,0.6963720917701721,0.2731049656867981,-0.025862259790301323,0.7507801651954651,0.1744096577167511,-0.023006245493888855,0.7310250401496887,0.12350313365459442,-0.044452592730522156,0.726301372051239,0.18027175962924957,-0.035684678703546524,0.726815402507782,0.23310603201389313,-0.02077486179769039,Stop
0.7161738276481628,0.39380186796188354,-5.866849051017198e-07,0.6352782249450684,0.3638889193534851,-0.019941236823797226,0.5717871189117432,0.2971828579902649,-0.03334574028849602,0.5660324692726135,0.20995724201202393,-0.05033576861023903,0.6209906339645386,0.19170783460140228,-0.06353498995304108,0.6028246879577637,0.1820085048675537,0.00811686459928751,0.5872032046318054,0.12951239943504333,-0.028605643659830093,0.602772057056427,0.1957707703113556,-0.05383511260151863,0.6158612966537476,0.24798238277435303,-0.06517171114683151,0.6506596207618713,0.16726380586624146,0.0029823125805705786,0.6338172554969788,0.11667026579380035,-0.0358663871884346,0.6504504680633545,0.20233312249183655,-0.04911206662654877,0.6621494293212891,0.26395294070243835,-0.04626748710870743,0.6991256475448608,0.16418907046318054,-0.008904855698347092,0.6840649843215942,0.11730541288852692,-0.047526441514492035,0.6912969350814819,0.20593450963497162,-0.04263640195131302,0.698020339012146,0.27371281385421753,-0.025227345526218414,0.7515723705291748,0.17431537806987762,-0.022962268441915512,0.7319021821022034,0.12417089194059372,-0.04401965066790581,0.7274969816207886,0.18174180388450623,-0.03471393883228302,0.7277966141700745,0.23424668610095978,-0.019471479579806328,Stop
0.7147126197814941,0.3948662281036377,-5.893431307413266e-07,0.6340748071670532,0.3645244240760803,-0.019291743636131287,0.5705744028091431,0.29672351479530334,-0.032654162496328354,0.5670086741447449,0.20905618369579315,-0.04971538484096527,0.622860312461853,0.19217151403427124,-0.06307971477508545,0.6026303172111511,0.18244674801826477,0.007387544494122267,0.5864052772521973,0.1301807314157486,-0.02969842217862606,0.602222204208374,0.19763652980327606,-0.055163078010082245,0.6160668134689331,0.2498818337917328,-0.06657774746417999,0.6506309509277344,0.16817861795425415,0.0019460145849734545,0.6333104968070984,0.11644429713487625,-0.037148959934711456,0.649580180644989,0.20232847332954407,-0.050115615129470825,0.6621270179748535,0.2640966475009918,-0.04699673503637314,0.6990745067596436,0.1652141958475113,-0.010188297368586063,0.6836850643157959,0.11810734868049622,-0.04838209226727486,0.6903627514839172,0.20681418478488922,-0.043173737823963165,0.6977711915969849,0.27433931827545166,-0.025645101442933083,0.7515901923179626,0.17500101029872894,-0.024517357349395752,0.7317282557487488,0.12411044538021088,-0.04488440975546837,0.7273008823394775,0.18177573382854462,-0.03540806099772453,0.7286445498466492,0.23409117758274078,-0.02023245394229889,Stop
0.7148795127868652,0.3946644365787506,-5.87073998303822e-07,0.6346405744552612,0.3638148009777069,-0.01926228776574135,0.5711133480072021,0.29714861512184143,-0.03260457143187523,0.5664477348327637,0.2095721960067749,-0.04972954839468002,0.6223301291465759,0.19154752790927887,-0.0630774274468422,0.6029165387153625,0.1832166612148285,0.008405299857258797,0.5864099264144897,0.130296528339386,-0.028827747330069542,0.6025055050849915,0.19745399057865143,-0.054527878761291504,0.6165395975112915,0.24957521259784698,-0.06603658199310303,0.6508355736732483,0.16906367242336273,0.003066049190238118,0.6332743167877197,0.11688017845153809,-0.03608967736363411,0.6500130295753479,0.20238280296325684,-0.04918649420142174,0.6626034379005432,0.26420512795448303,-0.046153102070093155,0.69915771484375,0.16607658565044403,-0.009067842736840248,0.6834720373153687,0.11828185617923737,-0.047333378344774246,0.6903955340385437,0.2067091017961502,-0.042220231145620346,0.6978273391723633,0.27465128898620605,-0.024732861667871475,0.7516630291938782,0.17583373188972473,-0.023416681215167046,0.7315791249275208,0.12488562613725662,-0.04389446973800659,0.7269105315208435,0.1823599934577942,-0.03462784364819527,0.727954089641571,0.23509527742862701,-0.01958288811147213,Stop
0.7143124938011169,0.3950638771057129,-5.866556307410065e-07,0.6324812173843384,0.3645627200603485,-0.017708050087094307,0.5695739984512329,0.29527610540390015,-0.03039572201669216,0.5683996081352234,0.20795942842960358,-0.04707980155944824,0.6237078905105591,0.19481755793094635,-0.06058146059513092,0.6040306091308594,0.18467426300048828,0.007210042327642441,0.587287187576294,0.13183702528476715,-0.028641950339078903,0.6035312414169312,0.19757047295570374,-0.05376497283577919,0.6173582673072815,0.2511080205440521,-0.06522293388843536,0.6515437960624695,0.17042304575443268,0.0012177038006484509,0.6344846487045288,0.11931222677230835,-0.036440808326005936,0.6506567001342773,0.20267480611801147,-0.049524057656526566,0.6622024178504944,0.2658856511116028,-0.047115668654441833,0.6996867060661316,0.1677454710006714,-0.011101240292191505,0.684086263179779,0.12107010930776596,-0.04797482118010521,0.6909000873565674,0.20758117735385895,-0.04342425987124443,0.6975916028022766,0.27607211470603943,-0.026981117203831673,0.7517164945602417,0.17813973128795624,-0.025474347174167633,0.7315420508384705,0.12646213173866272,-0.045633114874362946,0.7271479368209839,0.18240435421466827,-0.03658793866634369,0.728125810623169,0.23521600663661957,-0.022035257890820503,Stop
0.7144859433174133,0.3960253596305847,-5.711909238925728e-07,0.6328284740447998,0.3638722896575928,-0.01874169521033764,0.5699887871742249,0.2958030700683594,-0.03175695985555649,0.5676106810569763,0.20901928842067719,-0.048794426023960114,0.6228030323982239,0.19416311383247375,-0.06240840256214142,0.6042557954788208,0.18572112917900085,0.00960164237767458,0.5872524380683899,0.1330411732196808,-0.026965444907546043,0.6039593815803528,0.19826246798038483,-0.052975133061409,0.6181076765060425,0.25083303451538086,-0.06488820165395737,0.6514775156974792,0.17111210525035858,0.0039809937588870525,0.6334571242332458,0.1188770979642868,-0.03468199819326401,0.6503833532333374,0.20239290595054626,-0.04859855771064758,0.6624484062194824,0.26601293683052063,-0.04632355645298958,0.699313223361969,0.16816657781600952,-0.008372335694730282,0.6828655004501343,0.1201661080121994,-0.04641176387667656,0.6902409195899963,0.2072383612394333,-0.04244690760970116,0.6974491477012634,0.2769014537334442,-0.02581314742565155,0.7514455914497375,0.17828156054019928,-0.022889573127031326,0.7308266162872314,0.12683925032615662,-0.043734487146139145,0.7260633707046509,0.18287597596645355,-0.03517541661858559,0.7266302108764648,0.23667632043361664,-0.02066378854215145,Stop
0.7004600763320923,0.45446401834487915,-5.090403192298254e-07,0.6343132257461548,0.4462302327156067,-0.02992631308734417,0.5704935193061829,0.4072262644767761,-0.049293190240859985,0.5468186140060425,0.3470817804336548,-0.06879401206970215,0.5835418701171875,0.31861087679862976,-0.08193393796682358,0.6011421084403992,0.2658819854259491,-0.014838985167443752,0.5837016701698303,0.1960156112909317,-0.05027998238801956,0.5970121622085571,0.26139262318611145,-0.06818666309118271,0.6092362403869629,0.30565345287323,-0.075330451130867,0.6455075144767761,0.24834968149662018,-0.015001440420746803,0.6278817653656006,0.17780400812625885,-0.05123963952064514,0.6394021511077881,0.2622503340244293,-0.05615649372339249,0.6474151611328125,0.29990190267562866,-0.04976114258170128,0.6905134320259094,0.24422815442085266,-0.021809706464409828,0.6808412075042725,0.17503897845745087,-0.05655524507164955,0.6830570697784424,0.25468558073043823,-0.04488609358668327,0.6867294311523438,0.2963988780975342,-0.026191722601652145,0.73801589012146,0.2535233497619629,-0.03165094926953316,0.7325044274330139,0.19235871732234955,-0.05017278343439102,0.724166989326477,0.24336212873458862,-0.039481841027736664,0.7196364402770996,0.2785261571407318,-0.025270182639360428,Stop
0.7076005339622498,0.4530588984489441,-5.348788363335188e-07,0.6402944922447205,0.44504284858703613,-0.02592897228896618,0.5748699903488159,0.40048959851264954,-0.04079977422952652,0.5543286204338074,0.33351489901542664,-0.056244660168886185,0.5944722294807434,0.31021183729171753,-0.06576366722583771,0.6084256768226624,0.2626773715019226,-0.007213589735329151,0.5933731198310852,0.19563357532024384,-0.03960724174976349,0.6052167415618896,0.26148638129234314,-0.0561632364988327,0.6163959503173828,0.30392149090766907,-0.06281210482120514,0.6530407071113586,0.24600034952163696,-0.008356011472642422,0.6366940140724182,0.17855830490589142,-0.04117203503847122,0.6470367908477783,0.2631874680519104,-0.04468967393040657,0.6549907922744751,0.2998294234275818,-0.03753438591957092,0.6981269717216492,0.24273939430713654,-0.016124311834573746,0.6887912154197693,0.1758849322795868,-0.048967018723487854,0.6903781294822693,0.25707390904426575,-0.03788505494594574,0.6934086084365845,0.29871511459350586,-0.01964634843170643,0.7457103133201599,0.2535189092159271,-0.026578295975923538,0.7400557398796082,0.19291391968727112,-0.04478400945663452,0.7316873073577881,0.24454431235790253,-0.03496163338422775,0.727249264717102,0.2796577513217926,-0.021284310147166252,Stop
0.7070063352584839,0.45370614528656006,-5.316543933986395e-07,0.6397705674171448,0.44438815116882324,-0.02577921748161316,0.5746110081672668,0.399746835231781,-0.040641605854034424,0.5548046231269836,0.3331807553768158,-0.05612359941005707,0.5950294733047485,0.3107847571372986,-0.0656597912311554,0.6076313853263855,0.2618524432182312,-0.007085949648171663,0.5933207273483276,0.19589874148368835,-0.039419881999492645,0.6055057644844055,0.2617740035057068,-0.055904798209667206,0.6165873408317566,0.30389776825904846,-0.06261568516492844,0.652423620223999,0.2452661246061325,-0.00847449991852045,0.6363822817802429,0.17817306518554688,-0.04133393242955208,0.647205650806427,0.2631794214248657,-0.04477788135409355,0.6553543210029602,0.2990577518939972,-0.037619974464178085,0.6977133750915527,0.24231690168380737,-0.01649494096636772,0.6892125606536865,0.17611835896968842,-0.04936934635043144,0.6908543705940247,0.2575473189353943,-0.03823015093803406,0.6937280297279358,0.29834944009780884,-0.020003793761134148,0.745473325252533,0.25349119305610657,-0.027215199545025826,0.7408819198608398,0.1935693621635437,-0.045147839933633804,0.7324790954589844,0.24466843903064728,-0.035287704318761826,0.7278006672859192,0.27834364771842957,-0.021714817732572556,Stop
0.7064576148986816,0.45314839482307434,-5.158771045898902e-07,0.6403157711029053,0.4414964020252228,-0.02683745138347149,0.5772764682769775,0.39826270937919617,-0.04313598573207855,0.5578255653381348,0.33358365297317505,-0.059958551079034805,0.597274661064148,0.30797120928764343,-0.07085038721561432,0.6108599901199341,0.26086515188217163,-0.009190932847559452,0.5960978269577026,0.19574344158172607,-0.04238913953304291,0.6073442697525024,0.2619289755821228,-0.05944729223847389,0.6185738444328308,0.30483582615852356,-0.06634894758462906,0.6554754972457886,0.2455117255449295,-0.010439559817314148,0.6398203372955322,0.1790814995765686,-0.04487522318959236,0.6493827104568481,0.2635580897331238,-0.04941225424408913,0.6577199697494507,0.3001863658428192,-0.04276874661445618,0.7003622055053711,0.24333910644054413,-0.018248889595270157,0.692154049873352,0.17728225886821747,-0.051942694932222366,0.6927728652954102,0.25709524750709534,-0.0408858023583889,0.6957172155380249,0.29752489924430847,-0.022561468183994293,0.7472537755966187,0.2550642192363739,-0.028808731585741043,0.7421622276306152,0.19460943341255188,-0.04674302414059639,0.7336099743843079,0.2452392280101776,-0.03630448505282402,0.7294192910194397,0.2788867950439453,-0.022283166646957397,Stop
0.707451343536377,0.45269298553466797,-5.145287786945119e-07,0.6410067677497864,0.44156837463378906,-0.02652893401682377,0.5779228210449219,0.39897119998931885,-0.0429622083902359,0.5579765439033508,0.3340977728366852,-0.05987633392214775,0.5966118574142456,0.30888867378234863,-0.07067268341779709,0.6113755702972412,0.2612228989601135,-0.009141769260168076,0.5969993472099304,0.19511643052101135,-0.043458957225084305,0.608354389667511,0.2603863775730133,-0.061062294989824295,0.619598925113678,0.3037770986557007,-0.06799773871898651,0.656011164188385,0.24524842202663422,-0.010487176477909088,0.6405258774757385,0.17807269096374512,-0.04479055106639862,0.6505138278007507,0.2625860869884491,-0.04874847084283829,0.6586487889289856,0.2987729012966156,-0.04174471274018288,0.7008338570594788,0.24244670569896698,-0.01854400336742401,0.6927382349967957,0.17722466588020325,-0.051964305341243744,0.6936454176902771,0.257425993680954,-0.04032537341117859,0.6965646147727966,0.2971743941307068,-0.021758882328867912,0.7478075623512268,0.25364795327186584,-0.029391545802354813,0.7430635690689087,0.1948043406009674,-0.04706726595759392,0.7343462705612183,0.24585998058319092,-0.036447539925575256,0.7297139763832092,0.27833107113838196,-0.022332286462187767,Stop
0.7075145840644836,0.4529654383659363,-5.107405058879522e-07,0.641188383102417,0.44158685207366943,-0.026702512055635452,0.5783184766769409,0.3991682827472687,-0.04329504445195198,0.5580338835716248,0.3344466984272003,-0.0603436604142189,0.5965496301651001,0.3096013069152832,-0.07127134501934052,0.6112973690032959,0.26115089654922485,-0.008971729315817356,0.5972186923027039,0.19522210955619812,-0.04320022836327553,0.6084585785865784,0.26034054160118103,-0.06082816794514656,0.6194534301757812,0.30349987745285034,-0.0678616315126419,0.655868649482727,0.24518384039402008,-0.010258990339934826,0.6405770182609558,0.17800447344779968,-0.044407375156879425,0.6505317091941833,0.26236096024513245,-0.04834311828017235,0.6583744883537292,0.2981322705745697,-0.04141130670905113,0.7007122039794922,0.24266010522842407,-0.01829461008310318,0.6929931640625,0.17679257690906525,-0.05163419619202614,0.6938297748565674,0.2567081153392792,-0.04008052498102188,0.6965097784996033,0.29633522033691406,-0.021635519340634346,0.747679591178894,0.25431329011917114,-0.029142985120415688,0.7433874011039734,0.1953894942998886,-0.04686927795410156,0.7347375154495239,0.246074840426445,-0.036447230726480484,0.7300195097923279,0.2783336341381073,-0.022503817453980446,Stop
0.7099665403366089,0.4515882730484009,-5.1942237178082e-07,0.6423485279083252,0.44019171595573425,-0.027073854580521584,0.5786092877388,0.3964116871356964,-0.04327134042978287,0.5588919520378113,0.3311789631843567,-0.05979633703827858,0.5981435179710388,0.3082735538482666,-0.07021043449640274,0.6139096021652222,0.2605772018432617,-0.009263899177312851,0.5992965698242188,0.19429124891757965,-0.0423579178750515,0.6107625365257263,0.26205623149871826,-0.05935429036617279,0.6213387250900269,0.3041745722293854,-0.06637763977050781,0.6586047410964966,0.2447461634874344,-0.010157129727303982,0.6433526277542114,0.17816852033138275,-0.04438738524913788,0.6528481841087341,0.2639783024787903,-0.048687949776649475,0.6603584289550781,0.29976093769073486,-0.042064275592565536,0.7034262418746948,0.24231667816638947,-0.017603427171707153,0.6953176259994507,0.17568013072013855,-0.051127880811691284,0.6958115100860596,0.25686419010162354,-0.03958987072110176,0.6981077194213867,0.2974907159805298,-0.021124981343746185,0.7499380707740784,0.2540990114212036,-0.02784014493227005,0.7449509501457214,0.19418427348136902,-0.04606274887919426,0.7360173463821411,0.24689112603664398,-0.03547947481274605,0.7312195301055908,0.2814830243587494,-0.021336371079087257,Stop
0.710957944393158,0.45235657691955566,-5.228692998571205e-07,0.6435132622718811,0.441678524017334,-0.02680084854364395,0.5797778964042664,0.396768182516098,-0.04268290102481842,0.5579164624214172,0.33142396807670593,-0.05899301543831825,0.5958092212677002,0.308893084526062,-0.06914730370044708,0.6153542995452881,0.2600640654563904,-0.007676343433558941,0.6000258326530457,0.19357675313949585,-0.04116160795092583,0.6112795472145081,0.2605304718017578,-0.058775074779987335,0.6225234270095825,0.3029567301273346,-0.06606638431549072,0.6595636606216431,0.24456728994846344,-0.008588025346398354,0.6438202857971191,0.17730453610420227,-0.04263490065932274,0.6532191634178162,0.2626940608024597,-0.04682248458266258,0.6610093116760254,0.2984609007835388,-0.03999809920787811,0.7041024565696716,0.2425530105829239,-0.016252126544713974,0.6957719922065735,0.17612557113170624,-0.04921053722500801,0.6960800886154175,0.25649550557136536,-0.03761174902319908,0.6988465189933777,0.29629260301589966,-0.01913151703774929,0.7508535981178284,0.2545250356197357,-0.026788363233208656,0.7458802461624146,0.19497272372245789,-0.04416896030306816,0.7363110184669495,0.24624375998973846,-0.033632971346378326,0.7312799692153931,0.27943286299705505,-0.019643958657979965,Stop
0.7108575105667114,0.45216482877731323,-5.236277047515614e-07,0.6432921886444092,0.4415644705295563,-0.027133794501423836,0.5793483257293701,0.3969072699546814,-0.04322401061654091,0.5579470992088318,0.3312250077724457,-0.05971571430563927,0.5963056683540344,0.30865344405174255,-0.07003268599510193,0.6150140762329102,0.26089203357696533,-0.008430528454482555,0.5998232364654541,0.19351929426193237,-0.041890401393175125,0.6110504269599915,0.2610747814178467,-0.05918305739760399,0.6221556067466736,0.3033739924430847,-0.06629841029644012,0.6593270897865295,0.2451876699924469,-0.009241788648068905,0.6436878442764282,0.17701944708824158,-0.0434410534799099,0.6530889272689819,0.2628422975540161,-0.04747568070888519,0.6608611941337585,0.29860392212867737,-0.040530700236558914,0.703948974609375,0.24291622638702393,-0.016794292256236076,0.6958388090133667,0.1755906045436859,-0.04998280480504036,0.696252167224884,0.2565583884716034,-0.03831113129854202,0.6989523768424988,0.29648908972740173,-0.01973252184689045,0.7507114410400391,0.25460267066955566,-0.027218392118811607,0.7459895610809326,0.1946316361427307,-0.04470907151699066,0.7367284297943115,0.24595314264297485,-0.034212563186883926,0.7319278120994568,0.278911292552948,-0.02026217244565487,Stop
0.7111551761627197,0.45271819829940796,-5.23953360698215e-07,0.6434924602508545,0.4418317973613739,-0.026892008259892464,0.579574465751648,0.39700716733932495,-0.04265929386019707,0.5580371022224426,0.33138009905815125,-0.05886441841721535,0.5962535738945007,0.3090020418167114,-0.0688631683588028,0.6151890158653259,0.2607598304748535,-0.00769547326490283,0.5999491810798645,0.19357526302337646,-0.0408814512193203,0.6110690832138062,0.2609191834926605,-0.05806129053235054,0.6221433877944946,0.30310872197151184,-0.06513410061597824,0.6593727469444275,0.2450834959745407,-0.00852824468165636,0.643672525882721,0.17698118090629578,-0.042471155524253845,0.6530093550682068,0.26253220438957214,-0.04647804796695709,0.6608325839042664,0.2979747951030731,-0.03954559192061424,0.703946053981781,0.24299171566963196,-0.01610749028623104,0.695862352848053,0.17584633827209473,-0.049055274575948715,0.6961773633956909,0.25644451379776,-0.03745162487030029,0.6989550590515137,0.29608994722366333,-0.018948722630739212,0.7507705092430115,0.25492557883262634,-0.02655777893960476,0.7461217045783997,0.19484710693359375,-0.043837253004312515,0.736686646938324,0.24579834938049316,-0.033368345350027084,0.7318701148033142,0.27860593795776367,-0.019463643431663513,Stop
0.7102341651916504,0.4515901803970337,-5.223972152634815e-07,0.6433956027030945,0.4409602880477905,-0.026704085990786552,0.5795267820358276,0.39427417516708374,-0.04204661771655083,0.5609236359596252,0.32789790630340576,-0.05786949023604393,0.6008766889572144,0.30552855134010315,-0.06787095218896866,0.6146544218063354,0.25796937942504883,-0.008122093975543976,0.6011000275611877,0.19270667433738708,-0.0407707616686821,0.6121928691864014,0.2596820592880249,-0.05766061693429947,0.6228557229042053,0.3022342324256897,-0.06462971121072769,0.6596325039863586,0.24262036383152008,-0.00932694599032402,0.6447372436523438,0.17674218118190765,-0.04330369830131531,0.6538636684417725,0.261919230222702,-0.04755842313170433,0.6619123220443726,0.29889243841171265,-0.0406997986137867,0.7047503590583801,0.24118298292160034,-0.017165130004286766,0.6966778635978699,0.17590437829494476,-0.05086374282836914,0.697105884552002,0.25705739855766296,-0.03994785621762276,0.6997212767601013,0.29816803336143494,-0.021680377423763275,0.7518523931503296,0.2538803219795227,-0.027738111093640327,0.7468215227127075,0.19489583373069763,-0.046241678297519684,0.7373971343040466,0.24725686013698578,-0.03621017187833786,0.7324078679084778,0.2818307876586914,-0.02239435352385044,Stop
0.7207001447677612,0.45478975772857666,-5.585313829215011e-07,0.6538242101669312,0.4349965453147888,-0.01700608991086483,0.5979607105255127,0.36859285831451416,-0.024030525237321854,0.6065109968185425,0.2958899736404419,-0.032623764127492905,0.6543596982955933,0.2951800227165222,-0.03636934980750084,0.6349568367004395,0.2771269381046295,7.0659166340192314e-06,0.6217498779296875,0.2289552092552185,-0.03007364086806774,0.6318196654319763,0.29901400208473206,-0.044010888785123825,0.6389608383178711,0.31673452258110046,-0.05080350860953331,0.6763393878936768,0.2688499987125397,-0.004617585334926844,0.6606659889221191,0.21814730763435364,-0.036100681871175766,0.6684760451316833,0.3000763952732086,-0.03657270595431328,0.6770071983337402,0.3138570785522461,-0.027943415567278862,0.7164275646209717,0.2690228819847107,-0.015536034479737282,0.703779399394989,0.22219708561897278,-0.0458606481552124,0.7056162357330322,0.30290812253952026,-0.031006768345832825,0.71333909034729,0.32094600796699524,-0.011451820842921734,0.7603952884674072,0.27705174684524536,-0.028868502005934715,0.7447436451911926,0.23342017829418182,-0.042050108313560486,0.7412667870521545,0.2876766324043274,-0.028529344126582146,0.7479804158210754,0.30662932991981506,-0.013860847800970078,Stop
0.7253614664077759,0.45976847410202026,-5.552323045776575e-07,0.658214271068573,0.4357870817184448,-0.01692921668291092,0.6042321920394897,0.3676489591598511,-0.02378614991903305,0.6138263940811157,0.2962888777256012,-0.03247774392366409,0.6615346670150757,0.2958039343357086,-0.036250825971364975,0.6422756910324097,0.2776711881160736,0.002558850683271885,0.6294140815734863,0.22998633980751038,-0.028128761798143387,0.6380669474601746,0.2999582588672638,-0.042551189661026,0.6446570158004761,0.31735512614250183,-0.0493801012635231,0.6834166049957275,0.27070772647857666,-0.0022807170171290636,0.6680551171302795,0.22002354264259338,-0.03409801796078682,0.6737366318702698,0.3031005263328552,-0.0350228026509285,0.6815021634101868,0.315712034702301,-0.02637268416583538,0.723749577999115,0.2719584107398987,-0.013677913695573807,0.711976170539856,0.22482192516326904,-0.04467099905014038,0.7118274569511414,0.30717602372169495,-0.03021472692489624,0.719116747379303,0.32452908158302307,-0.010476164519786835,0.7675960063934326,0.2813153564929962,-0.02747339941561222,0.7523714900016785,0.23782768845558167,-0.040606122463941574,0.747448742389679,0.2930954694747925,-0.02678525820374489,0.7538625001907349,0.31217125058174133,-0.011623688973486423,Stop
0.7250298857688904,0.46044254302978516,-5.568044230130909e-07,0.6584900617599487,0.4349706172943115,-0.01629479043185711,0.6047489047050476,0.36615362763404846,-0.023148946464061737,0.6136899590492249,0.2961481511592865,-0.031934767961502075,0.6607775092124939,0.29711008071899414,-0.03576493635773659,0.6428446769714355,0.2772286832332611,0.0026936368085443974,0.6296135187149048,0.22953537106513977,-0.027958132326602936,0.6382936835289001,0.3000858426094055,-0.04237794876098633,0.645065188407898,0.31644222140312195,-0.04928336292505264,0.6839084029197693,0.27103036642074585,-0.0024597044102847576,0.668458104133606,0.22052603960037231,-0.034254442900419235,0.6739099025726318,0.3031552731990814,-0.035080015659332275,0.6818894147872925,0.3149425685405731,-0.026442335918545723,0.7241621613502502,0.2724667489528656,-0.014110540971159935,0.711786150932312,0.22515109181404114,-0.04451389238238335,0.7114052176475525,0.30693763494491577,-0.029797621071338654,0.718990683555603,0.3236517906188965,-0.010151201859116554,0.767943263053894,0.2817014157772064,-0.02817920409142971,0.7519000768661499,0.2389906644821167,-0.040908075869083405,0.7469772696495056,0.29425162076950073,-0.027057401835918427,0.7537837624549866,0.31301289796829224,-0.01202328223735094,Stop
0.7251859903335571,0.46055543422698975,-5.528345354832709e-07,0.6587755084037781,0.4349856972694397,-0.01677663065493107,0.6049399971961975,0.3664483428001404,-0.02405407279729843,0.6142974495887756,0.29667943716049194,-0.03319069370627403,0.661777675151825,0.2970317602157593,-0.03730584308505058,0.6421440243721008,0.2774466574192047,0.0022404685150831938,0.6284427046775818,0.22981524467468262,-0.028652476146817207,0.637892484664917,0.3007020950317383,-0.04316718503832817,0.6449115872383118,0.31701627373695374,-0.05006544664502144,0.683359682559967,0.2710396647453308,-0.002764553762972355,0.6680108308792114,0.21999600529670715,-0.03489835187792778,0.6740330457687378,0.30316171050071716,-0.03574575111269951,0.681864321231842,0.3155686557292938,-0.02694626897573471,0.7237135767936707,0.2724194824695587,-0.01431833952665329,0.7115240693092346,0.22486963868141174,-0.04485056549310684,0.7114612460136414,0.30694881081581116,-0.030014963820576668,0.7188698649406433,0.32397133111953735,-0.010164421051740646,0.767620861530304,0.28167524933815,-0.028340816497802734,0.7516148686408997,0.23912310600280762,-0.04107467830181122,0.7468515038490295,0.2944176495075226,-0.027167603373527527,0.7533808946609497,0.31333526968955994,-0.012034555897116661,Stop
0.7250253558158875,0.46095606684684753,-5.56576082999527e-07,0.658657431602478,0.4351767599582672,-0.016501856967806816,0.604953944683075,0.36628276109695435,-0.023572387173771858,0.6140619516372681,0.296234667301178,-0.03257257863879204,0.6613863110542297,0.2970373332500458,-0.03660649061203003,0.6426137685775757,0.2774880826473236,0.0024723843671381474,0.6290155053138733,0.22953331470489502,-0.028267059475183487,0.6382169723510742,0.30044105648994446,-0.04267513379454613,0.6452324986457825,0.31696417927742004,-0.049519989639520645,0.6836864352226257,0.2712116837501526,-0.0026159114204347134,0.6682155132293701,0.22006863355636597,-0.03464571759104729,0.6740245819091797,0.30306175351142883,-0.035507701337337494,0.682021975517273,0.3155148923397064,-0.02673993445932865,0.7239288687705994,0.2725692391395569,-0.014208842068910599,0.7116000652313232,0.22495266795158386,-0.04470723867416382,0.7114642262458801,0.30709752440452576,-0.02996690198779106,0.7190498113632202,0.32435691356658936,-0.010178329423069954,0.7677023410797119,0.28172948956489563,-0.02823660708963871,0.7515624165534973,0.23890963196754456,-0.040963903069496155,0.7467752695083618,0.2942418158054352,-0.02708655409514904,0.7535560131072998,0.3133031725883484,-0.01197041105479002,Stop
0.7277610898017883,0.459222674369812,-5.599677592726948e-07,0.6598164439201355,0.43569958209991455,-0.016948102042078972,0.605893611907959,0.36791637539863586,-0.023834599182009697,0.6163008213043213,0.2961980104446411,-0.032556913793087006,0.6642408967018127,0.2962510585784912,-0.03621926158666611,0.6443898677825928,0.2791667878627777,0.0021611046977341175,0.631174623966217,0.22870880365371704,-0.02856718748807907,0.6395813226699829,0.29891112446784973,-0.04291811212897301,0.6462463140487671,0.3169705271720886,-0.049654506146907806,0.6853452324867249,0.2721473276615143,-0.002522385446354747,0.6703165769577026,0.21963292360305786,-0.034577347338199615,0.6760767102241516,0.3021017014980316,-0.035690028220415115,0.6839722394943237,0.3150944411754608,-0.027123665437102318,0.7252455353736877,0.2728300094604492,-0.013708989135921001,0.7133576273918152,0.22434720396995544,-0.04433927685022354,0.7135003209114075,0.3056905269622803,-0.029948145151138306,0.7210899591445923,0.32324981689453125,-0.01033507939428091,0.7688257694244385,0.28161078691482544,-0.02736014500260353,0.7537862062454224,0.2365906834602356,-0.04047534242272377,0.7492362856864929,0.29101336002349854,-0.02698695659637451,0.7559748888015747,0.31078943610191345,-0.012030101381242275,Stop
0.5816078782081604,0.4781298339366913,-5.302042609400814e-07,0.5259461998939514,0.5131784081459045,-0.019390637055039406,0.4604182839393616,0.5219913125038147,-0.03233913704752922,0.427095890045166,0.47760075330734253,-0.04698614403605461,0.4475047290325165,0.4237811267375946,-0.0558532290160656,0.4392589032649994,0.41058963537216187,-0.005016310140490532,0.3966883420944214,0.40447643399238586,-0.039301205426454544,0.4399625062942505,0.4468163847923279,-0.054415058344602585,0.4572764039039612,0.44216209650039673,-0.06088484451174736,0.4643576741218567,0.37230074405670166,-0.00909877847880125,0.4214650094509125,0.36534276604652405,-0.04434872791171074,0.4701789319515228,0.41971051692962646,-0.04322850704193115,0.4862377345561981,0.40972900390625,-0.03292708471417427,0.4913350045681,0.3382718563079834,-0.019971938803792,0.4514545798301697,0.32923442125320435,-0.05254251882433891,0.4951256513595581,0.3867473006248474,-0.034535933285951614,0.5141774415969849,0.38070613145828247,-0.012653901241719723,0.5251847505569458,0.3063237965106964,-0.03369990736246109,0.48776376247406006,0.2952660322189331,-0.049397822469472885,0.5108738541603088,0.3417206406593323,-0.035428039729595184,0.5285000801086426,0.3464079797267914,-0.01956779696047306,Stop
0.5861606001853943,0.48867806792259216,-5.470586756928242e-07,0.5267530083656311,0.5219273567199707,-0.01666061021387577,0.4617229700088501,0.5273506045341492,-0.02806503139436245,0.4273635447025299,0.4850338101387024,-0.041941720992326736,0.44528016448020935,0.43294617533683777,-0.04997784644365311,0.4431995749473572,0.40833455324172974,0.0010366858914494514,0.40186625719070435,0.4053475856781006,-0.03160643205046654,0.44304293394088745,0.45050185918807983,-0.04640147462487221,0.459950715303421,0.44578367471694946,-0.052852824330329895,0.4685359299182892,0.3734648823738098,-0.004462821874767542,0.42489755153656006,0.36860227584838867,-0.039412666112184525,0.4721035957336426,0.42549797892570496,-0.03911714255809784,0.48971134424209595,0.4146098792552948,-0.029092611744999886,0.49602043628692627,0.34134313464164734,-0.016613131389021873,0.4550604522228241,0.33563941717147827,-0.04884685203433037,0.4977603554725647,0.3950597643852234,-0.03131959214806557,0.5177534222602844,0.3875848054885864,-0.009520182386040688,0.5308555960655212,0.3114359974861145,-0.03144492581486702,0.49175000190734863,0.30164265632629395,-0.04609841853380203,0.5134572386741638,0.34971630573272705,-0.03157675266265869,0.53147292137146,0.35375237464904785,-0.01526673510670662,Stop
0.5829728245735168,0.4908149540424347,-5.246199066277768e-07,0.5237922668457031,0.5218551158905029,-0.018096204847097397,0.4606595039367676,0.5261538028717041,-0.03102804906666279,0.42789751291275024,0.48723065853118896,-0.04632097855210304,0.4466160535812378,0.43512463569641113,-0.05579884722828865,0.4427403211593628,0.40915656089782715,-0.001474606106057763,0.4012157618999481,0.40459612011909485,-0.035470858216285706,0.44217297434806824,0.4497643709182739,-0.050586357712745667,0.45942866802215576,0.44551461935043335,-0.05675458535552025,0.4684470593929291,0.375212699174881,-0.0063246130011975765,0.4254991412162781,0.36901381611824036,-0.04234553128480911,0.47179850935935974,0.4263730049133301,-0.04220758005976677,0.48932120203971863,0.4170442819595337,-0.03202810883522034,0.4964044690132141,0.3433593213558197,-0.01793581061065197,0.4566974639892578,0.33741503953933716,-0.05072103068232536,0.4985741078853607,0.39607498049736023,-0.03360908105969429,0.5183503031730652,0.389242947101593,-0.011916478164494038,0.5314760804176331,0.313754677772522,-0.03229174390435219,0.4933122396469116,0.3026673197746277,-0.0468868650496006,0.5141844749450684,0.34930819272994995,-0.032534439116716385,0.5316678285598755,0.3533325791358948,-0.016318920999765396,Stop
0.5834643840789795,0.49005815386772156,-5.254080974737008e-07,0.5245774984359741,0.52117919921875,-0.01792401634156704,0.4605390429496765,0.5262563228607178,-0.03061530366539955,0.42761513590812683,0.48629307746887207,-0.04553757980465889,0.4470238983631134,0.4341054856777191,-0.054544415324926376,0.4420540928840637,0.41021353006362915,-0.0020027621649205685,0.4008924067020416,0.4048495888710022,-0.035790927708148956,0.4417772889137268,0.4500513970851898,-0.05086029693484306,0.4587864577770233,0.44576406478881836,-0.05718438699841499,0.46825850009918213,0.37594765424728394,-0.006823137402534485,0.42601776123046875,0.3704712688922882,-0.042350511997938156,0.4719449281692505,0.4271204173564911,-0.04202292487025261,0.48897042870521545,0.41725799441337585,-0.03209507465362549,0.49650251865386963,0.3439066410064697,-0.018363606184720993,0.4569084048271179,0.3376736640930176,-0.05083373188972473,0.4983663856983185,0.3962852358818054,-0.033778585493564606,0.5181676149368286,0.3896561563014984,-0.012424713931977749,0.531806230545044,0.31409284472465515,-0.032641541212797165,0.494016170501709,0.3035741150379181,-0.04745939373970032,0.5145631432533264,0.35006195306777954,-0.03360097482800484,0.5318562388420105,0.3543306589126587,-0.01787770725786686,Stop
0.5848883390426636,0.4899287819862366,-5.643813665301423e-07,0.5263445377349854,0.5230211615562439,-0.016672369092702866,0.4595620632171631,0.526939332485199,-0.027317091822624207,0.42735007405281067,0.483034610748291,-0.040181003510951996,0.44795775413513184,0.4307492971420288,-0.047009021043777466,0.44371193647384644,0.4096675515174866,-0.000992021756246686,0.4001856744289398,0.4050939679145813,-0.03403662145137787,0.44320783019065857,0.45056337118148804,-0.04912032186985016,0.4601118266582489,0.44537028670310974,-0.05594416707754135,0.47024738788604736,0.37531688809394836,-0.005909615196287632,0.42573365569114685,0.3695272207260132,-0.04018460959196091,0.4734823703765869,0.426786869764328,-0.03940817713737488,0.49002423882484436,0.4163209795951843,-0.029681038111448288,0.4981805682182312,0.3438059389591217,-0.01741895265877247,0.45628783106803894,0.3363180160522461,-0.048621632158756256,0.49907413125038147,0.3966299891471863,-0.03065890073776245,0.5192615985870361,0.38993245363235474,-0.009198353625833988,0.5328639149665833,0.31389495730400085,-0.03167789429426193,0.49322497844696045,0.30334579944610596,-0.04631853476166725,0.5151101350784302,0.35178497433662415,-0.03219516947865486,0.53352290391922,0.3564896583557129,-0.016445470973849297,Stop
0.5859562158584595,0.48874521255493164,-5.419136641648947e-07,0.5266886949539185,0.5219714641571045,-0.017470233142375946,0.4630756080150604,0.5283552408218384,-0.030133698135614395,0.4293358623981476,0.48895490169525146,-0.045062460005283356,0.4436207711696625,0.4356742799282074,-0.053929757326841354,0.4438133239746094,0.40884193778038025,-0.0018277883064001799,0.4019649624824524,0.4056202471256256,-0.03665225952863693,0.4433463215827942,0.4507818818092346,-0.052688825875520706,0.46079447865486145,0.44610586762428284,-0.059538621455430984,0.4698389172554016,0.37515854835510254,-0.00690640090033412,0.42708083987236023,0.3710435926914215,-0.0432501919567585,0.47357141971588135,0.42660385370254517,-0.04365787282586098,0.4905346632003784,0.4147995710372925,-0.03433630242943764,0.4973877966403961,0.34343257546424866,-0.018684586510062218,0.45733800530433655,0.33770477771759033,-0.05148858204483986,0.49918293952941895,0.3953949809074402,-0.03400237113237381,0.5189294815063477,0.3865322172641754,-0.012540815398097038,0.5318091511726379,0.31354257464408875,-0.033230651170015335,0.49364832043647766,0.30428585410118103,-0.04813263937830925,0.5148286819458008,0.3514689803123474,-0.033830128610134125,0.5323060750961304,0.3545195162296295,-0.01780085265636444,Stop
0.5854455828666687,0.4878028929233551,-5.478523235069588e-07,0.5260010361671448,0.5221577286720276,-0.016538729891180992,0.4625438153743744,0.5282527208328247,-0.028343956917524338,0.4284833073616028,0.4899440407752991,-0.04259084165096283,0.4410771131515503,0.43798717856407166,-0.051016416400671005,0.4452475905418396,0.4071168899536133,-0.000266434857621789,0.40346986055374146,0.40453043580055237,-0.03405673801898956,0.44423335790634155,0.44964900612831116,-0.04969772323966026,0.46155378222465515,0.44522395730018616,-0.05640554055571556,0.47078779339790344,0.37418943643569946,-0.005659601651132107,0.4273701310157776,0.36896660923957825,-0.04159335419535637,0.4738948345184326,0.4253261685371399,-0.04227405786514282,0.4916940927505493,0.41473302245140076,-0.0330132432281971,0.49805283546447754,0.3430183529853821,-0.01757204532623291,0.45724618434906006,0.33685925602912903,-0.05014563724398613,0.4992990791797638,0.3952838182449341,-0.03279878944158554,0.5195420980453491,0.38750484585762024,-0.011314739473164082,0.5324134826660156,0.31346648931503296,-0.032128576189279556,0.49343299865722656,0.30353105068206787,-0.047121480107307434,0.5146724581718445,0.3512689769268036,-0.03269835561513901,0.5324605107307434,0.35509583353996277,-0.01647142693400383,Stop
0.5843799114227295,0.4893721044063568,-5.327567009771883e-07,0.5247355699539185,0.5209603309631348,-0.0176388006657362,0.46266406774520874,0.5253723859786987,-0.030051250010728836,0.4287818968296051,0.4855470657348633,-0.04480033740401268,0.4436786472797394,0.43320947885513306,-0.053613919764757156,0.4447430968284607,0.40916112065315247,-0.00020755456353072077,0.40334638953208923,0.40150144696235657,-0.033944740891456604,0.4435504972934723,0.44691455364227295,-0.04942196235060692,0.46046867966651917,0.4441275894641876,-0.05596880242228508,0.470419704914093,0.37566110491752625,-0.005124332383275032,0.4276309013366699,0.36721837520599365,-0.040712930262088776,0.47381311655044556,0.4241884648799896,-0.04122653231024742,0.4910457134246826,0.41498860716819763,-0.031719326972961426,0.4981975853443146,0.34405526518821716,-0.016772544011473656,0.45832282304763794,0.3354356586933136,-0.04928429424762726,0.4997170865535736,0.39401981234550476,-0.032360635697841644,0.519629180431366,0.38764095306396484,-0.010966120287775993,0.5331609845161438,0.31436192989349365,-0.031144293025135994,0.49491778016090393,0.30314067006111145,-0.04600147530436516,0.5156372785568237,0.35055863857269287,-0.03191455826163292,0.5331846475601196,0.35530218482017517,-0.015872467309236526,Stop
0.5845673084259033,0.48998382687568665,-5.40276346328028e-07,0.5248415470123291,0.5207071900367737,-0.016302717849612236,0.4619365334510803,0.5249707102775574,-0.0281125009059906,0.42896848917007446,0.48454079031944275,-0.04246092215180397,0.4449261426925659,0.43250298500061035,-0.05108766257762909,0.44496914744377136,0.4088982045650482,-0.0004756220441777259,0.40284180641174316,0.4026423990726471,-0.033602505922317505,0.4429733157157898,0.44812649488449097,-0.04870013892650604,0.46031343936920166,0.4450679421424866,-0.055124979466199875,0.4708387553691864,0.3752729892730713,-0.005918416194617748,0.4273300766944885,0.3681560158729553,-0.040781911462545395,0.47321832180023193,0.42494770884513855,-0.040974210947752,0.4908854067325592,0.41554170846939087,-0.03158341348171234,0.49879080057144165,0.34364908933639526,-0.01782231591641903,0.4580233097076416,0.33530738949775696,-0.04959927871823311,0.49943241477012634,0.3936282992362976,-0.03256126493215561,0.519821047782898,0.387045294046402,-0.011458239518105984,0.5338926315307617,0.31421416997909546,-0.032317206263542175,0.4949744939804077,0.3019633889198303,-0.046805430203676224,0.5155850052833557,0.34924039244651794,-0.03260655328631401,0.5335814952850342,0.3539504110813141,-0.016704535111784935,Stop
0.5847304463386536,0.48994219303131104,-5.333882313607319e-07,0.5243157148361206,0.5206714868545532,-0.01598881557583809,0.46169623732566833,0.5249593257904053,-0.027798492461442947,0.4289509654045105,0.48434799909591675,-0.042225927114486694,0.4452378451824188,0.43266716599464417,-0.0510285384953022,0.4452310800552368,0.40918853878974915,-0.00011821210500784218,0.4029238224029541,0.4021458625793457,-0.03294360265135765,0.4426572918891907,0.4474164545536041,-0.04811917990446091,0.4603203237056732,0.4448055326938629,-0.054648835211992264,0.4709494411945343,0.37573298811912537,-0.005599061027169228,0.4272836744785309,0.3675582706928253,-0.04013307765126228,0.4726632237434387,0.4240417182445526,-0.04065781459212303,0.4907049834728241,0.4154753088951111,-0.031570520251989365,0.49880293011665344,0.34409067034721375,-0.017456188797950745,0.457868754863739,0.3350234031677246,-0.04870470613241196,0.4988967776298523,0.3929796516895294,-0.03208935260772705,0.5195892453193665,0.3869750201702118,-0.011409403756260872,0.5338178277015686,0.3146015405654907,-0.031871914863586426,0.49497631192207336,0.3026561141014099,-0.04603299871087074,0.5154140591621399,0.34925463795661926,-0.03209606930613518,0.53349369764328,0.35364052653312683,-0.01647808775305748,Stop
0.5853370428085327,0.48953530192375183,-5.479409992403816e-07,0.5250257253646851,0.5209161043167114,-0.01514633558690548,0.4604858458042145,0.5238932371139526,-0.025727171450853348,0.42962539196014404,0.48075413703918457,-0.03894689306616783,0.4472983777523041,0.4297184944152832,-0.04681559279561043,0.44661402702331543,0.4081996977329254,0.0004140673845540732,0.40498071908950806,0.3989854156970978,-0.03165809065103531,0.4443797469139099,0.44489985704421997,-0.046158939599990845,0.4626917541027069,0.4437735974788666,-0.0521555095911026,0.4728497266769409,0.3748423457145691,-0.0052689011208713055,0.43024906516075134,0.3644782602787018,-0.03905364125967026,0.4744032621383667,0.4221438765525818,-0.039310917258262634,0.4928329885005951,0.41509270668029785,-0.030093057081103325,0.5006071925163269,0.3439452648162842,-0.0172281414270401,0.4607391953468323,0.3333989381790161,-0.04806126281619072,0.5006884336471558,0.39243897795677185,-0.03149549290537834,0.5215174555778503,0.3882477283477783,-0.010863467119634151,0.5353489518165588,0.31494972109794617,-0.03167406842112541,0.49697601795196533,0.30284565687179565,-0.04577736556529999,0.5172625184059143,0.3502283990383148,-0.03183262050151825,0.5355254411697388,0.35598522424697876,-0.01621723175048828,Stop
0.5853187441825867,0.4896840453147888,-5.436178298623418e-07,0.5242202281951904,0.5207905769348145,-0.014662032015621662,0.46040043234825134,0.5236778855323792,-0.025388065725564957,0.43028172850608826,0.48177236318588257,-0.03882555663585663,0.4466765820980072,0.43071264028549194,-0.04696781933307648,0.4462614357471466,0.40660205483436584,0.00029032572638243437,0.40500545501708984,0.39949047565460205,-0.03199893608689308,0.4443075954914093,0.44525688886642456,-0.04682187736034393,0.4626554548740387,0.44342029094696045,-0.053022243082523346,0.472609281539917,0.3740822970867157,-0.005689898040145636,0.4297690689563751,0.36455783247947693,-0.039889782667160034,0.47396236658096313,0.4221080243587494,-0.04053853452205658,0.49298495054244995,0.41502267122268677,-0.031543150544166565,0.5005857348442078,0.34344372153282166,-0.017826521769165993,0.4602058529853821,0.3339146077632904,-0.04874968156218529,0.5003973841667175,0.39268964529037476,-0.0323847196996212,0.5216586589813232,0.38804373145103455,-0.011946999467909336,0.5357240438461304,0.3146877884864807,-0.032379914075136185,0.49694305658340454,0.30314210057258606,-0.04661037400364876,0.517147958278656,0.35037940740585327,-0.03275679796934128,0.5355213284492493,0.3556433916091919,-0.017192063853144646,Stop
0.7920060157775879,0.48779773712158203,-4.2156503354817687e-07,0.7353559732437134,0.4757853150367737,-0.020366035401821136,0.6836669445037842,0.4290179908275604,-0.029528481885790825,0.6899182200431824,0.366176038980484,-0.03954547643661499,0.7327097058296204,0.34693461656570435,-0.04395293444395065,0.6938791275024414,0.3431510925292969,-0.0007755019469186664,0.6838173270225525,0.30245327949523926,-0.029428694397211075,0.7034350633621216,0.3579442501068115,-0.04213355854153633,0.706805408000946,0.3741381764411926,-0.0472894012928009,0.7291742563247681,0.3269073963165283,-0.0030099060386419296,0.7201791405677795,0.2842809557914734,-0.03229653835296631,0.7377239465713501,0.3512697219848633,-0.034659143537282944,0.735535740852356,0.3599264323711395,-0.028396660462021828,0.7652303576469421,0.31929975748062134,-0.011529549024999142,0.7624818682670593,0.27921515703201294,-0.04067043215036392,0.7730380296707153,0.3451007604598999,-0.029933582991361618,0.7704352736473083,0.35895928740501404,-0.013799857348203659,0.8027322292327881,0.31974393129348755,-0.022541269659996033,0.798820972442627,0.27741971611976624,-0.035557445138692856,0.8027811050415039,0.31889310479164124,-0.02469501458108425,0.8023383021354675,0.33548763394355774,-0.011954586952924728,Stop
0.7853963375091553,0.4938569664955139,-4.1052527421925333e-07,0.7257368564605713,0.4780382513999939,-0.01762734353542328,0.6746283769607544,0.42928096652030945,-0.02637278288602829,0.680456817150116,0.36561015248298645,-0.03683961182832718,0.7237576246261597,0.3497295081615448,-0.0426056906580925,0.6887416243553162,0.34722545742988586,0.0030112883541733027,0.6772629618644714,0.30604490637779236,-0.0257281344383955,0.6955819129943848,0.36051273345947266,-0.04020825773477554,0.7005209922790527,0.3794771134853363,-0.046414926648139954,0.7241130471229553,0.33118465542793274,-0.0006678818608634174,0.7130801677703857,0.28860509395599365,-0.02909265086054802,0.7301101088523865,0.354498028755188,-0.032251231372356415,0.7309567928314209,0.3675355315208435,-0.026366950944066048,0.7601639628410339,0.32420510053634644,-0.010594462044537067,0.7544594407081604,0.28417229652404785,-0.038794275373220444,0.7650365233421326,0.35007748007774353,-0.0283595509827137,0.7654221653938293,0.36892324686050415,-0.012167703360319138,0.7985823154449463,0.32562386989593506,-0.02284363843500614,0.7908962965011597,0.2831099331378937,-0.034967873245477676,0.7948887348175049,0.3254074156284332,-0.023516111075878143,0.7965658903121948,0.3446325957775116,-0.010305448435246944,Stop
0.784273624420166,0.49275991320610046,-4.199239924673748e-07,0.7257918119430542,0.4781997501850128,-0.018620286136865616,0.6738927364349365,0.4271031320095062,-0.02729342319071293,0.6799178123474121,0.36257243156433105,-0.037303175777196884,0.7249278426170349,0.35201916098594666,-0.04235226660966873,0.6900803446769714,0.34450000524520874,0.0028315563686192036,0.6775911450386047,0.3037886619567871,-0.026180140674114227,0.695232629776001,0.35964691638946533,-0.04118867963552475,0.7003827095031738,0.37477827072143555,-0.04830942302942276,0.7251927256584167,0.32941296696662903,-0.0003430515935178846,0.7132918834686279,0.2879739999771118,-0.029515348374843597,0.7287963032722473,0.3547852337360382,-0.03259555622935295,0.7297914028167725,0.3642944395542145,-0.02668190933763981,0.760702908039093,0.3237582743167877,-0.009987405501306057,0.7545020580291748,0.28391075134277344,-0.038039833307266235,0.7634972333908081,0.349551260471344,-0.027333417907357216,0.7641132473945618,0.36346516013145447,-0.01128142699599266,0.7983241677284241,0.3258683681488037,-0.022219320759177208,0.7912294268608093,0.2856687009334564,-0.03417343646287918,0.793499231338501,0.32920941710472107,-0.02321053296327591,0.794696033000946,0.34599974751472473,-0.010644553229212761,Stop
0.7849976420402527,0.49061205983161926,-4.1975403064498096e-07,0.7242597937583923,0.47563493251800537,-0.017764076590538025,0.6723592281341553,0.42580321431159973,-0.026213020086288452,0.6781823039054871,0.36064794659614563,-0.036238931119441986,0.7224403023719788,0.34768930077552795,-0.04141698777675629,0.6892235279083252,0.3442855477333069,0.0032716772984713316,0.6774104237556458,0.3030873239040375,-0.025878803804516792,0.695760190486908,0.35828477144241333,-0.040963221341371536,0.7002003192901611,0.37505167722702026,-0.047802843153476715,0.7246592044830322,0.3297571539878845,-0.00015176112356130034,0.7136480808258057,0.28794270753860474,-0.02917862869799137,0.7301398515701294,0.354006826877594,-0.03293489292263985,0.7295212745666504,0.36566978693008423,-0.027538415044546127,0.7604809403419495,0.3235246539115906,-0.009847297333180904,0.7545299530029297,0.28324466943740845,-0.03817761316895485,0.764995813369751,0.34910911321640015,-0.02801227755844593,0.7646164298057556,0.3659127652645111,-0.01215787697583437,0.7983600497245789,0.3253233730792999,-0.021903064101934433,0.7915387749671936,0.2845195531845093,-0.03390173986554146,0.79493248462677,0.32790350914001465,-0.022793525829911232,0.795372724533081,0.34597399830818176,-0.009993096813559532,Stop
0.7844855785369873,0.4901825189590454,-4.1824358731901157e-07,0.7245650887489319,0.47588101029396057,-0.01843249425292015,0.6731702089309692,0.4270908534526825,-0.027413850650191307,0.6785318851470947,0.36238980293273926,-0.0378958024084568,0.7226099371910095,0.34818241000175476,-0.0435369499027729,0.689585268497467,0.344367653131485,0.0021759525407105684,0.6773989200592041,0.3030661940574646,-0.027269791811704636,0.6962006092071533,0.3574657440185547,-0.04212372750043869,0.7014077305793762,0.37546655535697937,-0.048559676855802536,0.724861204624176,0.32955729961395264,-0.0010936851613223553,0.7135963439941406,0.28769010305404663,-0.0305672325193882,0.7305520176887512,0.3537706434726715,-0.03416243568062782,0.7305110096931458,0.36660492420196533,-0.028470007702708244,0.760661244392395,0.3234545588493347,-0.010667476803064346,0.7547698616981506,0.2827201187610626,-0.039840273559093475,0.7654147744178772,0.34899356961250305,-0.029732586815953255,0.7651901841163635,0.36726486682891846,-0.013605359941720963,0.798431932926178,0.3258202075958252,-0.022590622305870056,0.7918844223022461,0.28471261262893677,-0.03538547828793526,0.7950065732002258,0.3282484710216522,-0.024436747655272484,0.7949694395065308,0.3475186824798584,-0.011513171717524529,Stop
0.7845897078514099,0.49014759063720703,-4.2375825159979286e-07,0.7245852947235107,0.4759802520275116,-0.01826021820306778,0.6731148958206177,0.4261538088321686,-0.02706015110015869,0.6788480877876282,0.361423522233963,-0.03737536817789078,0.7230911254882812,0.34847912192344666,-0.04286623373627663,0.6893977522850037,0.344046026468277,0.0023160367272794247,0.6774590611457825,0.302926629781723,-0.02705301344394684,0.6958622932434082,0.3582996129989624,-0.04203004390001297,0.7005609273910522,0.37588533759117126,-0.04868355765938759,0.7247410416603088,0.32922646403312683,-0.001031499239616096,0.7136052250862122,0.2877039909362793,-0.030302077531814575,0.7303022146224976,0.35430023074150085,-0.033778950572013855,0.7301240563392639,0.36678946018218994,-0.028072072193026543,0.7605788111686707,0.32320496439933777,-0.010678947903215885,0.7547847628593445,0.2829698920249939,-0.03959064558148384,0.7653490304946899,0.3496113121509552,-0.029328132048249245,0.7652021646499634,0.367792010307312,-0.013166525401175022,0.7984427213668823,0.3255436420440674,-0.022692183032631874,0.7918335199356079,0.28450754284858704,-0.03533143177628517,0.7951319217681885,0.32800552248954773,-0.024313712492585182,0.7953222990036011,0.347148597240448,-0.011382772587239742,Stop
0.7829052805900574,0.49149441719055176,-4.195968585918308e-07,0.7246996760368347,0.4763675332069397,-0.017705852165818214,0.6745336055755615,0.4268271028995514,-0.02658313885331154,0.6809728741645813,0.36383944749832153,-0.037105705589056015,0.7244365215301514,0.34820619225502014,-0.042895104736089706,0.6909862160682678,0.34439966082572937,0.0011518332175910473,0.679013729095459,0.3019244372844696,-0.027924222871661186,0.6967689990997314,0.35617753863334656,-0.04232609272003174,0.7021993398666382,0.3750162422657013,-0.0483892485499382,0.7260633111000061,0.3301507830619812,-0.0023898803628981113,0.7146077752113342,0.2864147424697876,-0.03134480118751526,0.7305486798286438,0.3524807393550873,-0.03452950716018677,0.7312580943107605,0.36592280864715576,-0.02862979657948017,0.7616796493530273,0.3244827687740326,-0.012014823034405708,0.7558329105377197,0.2835281491279602,-0.040267154574394226,0.7651172280311584,0.34916016459465027,-0.029871299862861633,0.7649836540222168,0.36767956614494324,-0.013759939931333065,0.7992204427719116,0.3269229531288147,-0.023953283205628395,0.7921635508537292,0.2835497260093689,-0.03594478219747543,0.7945931553840637,0.32520321011543274,-0.02469237893819809,0.7951378226280212,0.3443269729614258,-0.011687170714139938,Stop
0.7824926376342773,0.48987653851509094,-4.176262962118926e-07,0.7245416641235352,0.47397810220718384,-0.017557082697749138,0.6747004985809326,0.4266113042831421,-0.026470473036170006,0.6798065304756165,0.3645364046096802,-0.036850642412900925,0.7226510643959045,0.3484061658382416,-0.04227880388498306,0.6900622248649597,0.34160324931144714,0.0015705571277067065,0.678854763507843,0.3017708659172058,-0.026812758296728134,0.6958602666854858,0.357820063829422,-0.04062196612358093,0.7007399201393127,0.3741009831428528,-0.04668331891298294,0.7255171537399292,0.32851600646972656,-0.002106114523485303,0.7142987251281738,0.2870795428752899,-0.030620886012911797,0.7294961810112,0.35376667976379395,-0.03347920626401901,0.730811595916748,0.3638899028301239,-0.02759920433163643,0.7617332339286804,0.3232611119747162,-0.01179811917245388,0.754996120929718,0.2834532856941223,-0.03979109227657318,0.7639132142066956,0.34990566968917847,-0.028681430965662003,0.7649730443954468,0.36506086587905884,-0.012361575849354267,0.8000108003616333,0.32571396231651306,-0.023801665753126144,0.7923067212104797,0.2850150763988495,-0.035748884081840515,0.7941409945487976,0.32858380675315857,-0.024010302498936653,0.7952790260314941,0.34550195932388306,-0.010728440247476101,Stop
0.7824181914329529,0.48929014801979065,-4.184381339200627e-07,0.7249104976654053,0.4743846356868744,-0.01782202534377575,0.674878716468811,0.42709264159202576,-0.026842495426535606,0.6793986558914185,0.3650309443473816,-0.037244901061058044,0.7221745252609253,0.34846439957618713,-0.042733512818813324,0.6902392506599426,0.3420892357826233,0.0007183386478573084,0.6787927746772766,0.3019436001777649,-0.02766577899456024,0.695886492729187,0.35765451192855835,-0.04127085208892822,0.7010685205459595,0.37448301911354065,-0.04711362347006798,0.7256752252578735,0.3286837637424469,-0.0028204594273120165,0.7141457200050354,0.28690969944000244,-0.03129160404205322,0.7295836806297302,0.35351482033729553,-0.033879466354846954,0.7312904596328735,0.3645380139350891,-0.02775287628173828,0.7618314623832703,0.323204904794693,-0.012347915209829807,0.7547982335090637,0.28312066197395325,-0.040529634803533554,0.7639397978782654,0.34992390871047974,-0.029325857758522034,0.765221118927002,0.3663683235645294,-0.012840635143220425,0.800100564956665,0.3255806565284729,-0.024172361940145493,0.7921520471572876,0.28499332070350647,-0.03650977090001106,0.7940477132797241,0.3288274109363556,-0.024894654750823975,0.7950799465179443,0.3465800881385803,-0.011614406481385231,Stop
0.8148975372314453,0.3632323443889618,-4.152963981596258e-07,0.7548831701278687,0.340208500623703,-0.015945114195346832,0.7059822678565979,0.2871421277523041,-0.02431517280638218,0.7122412323951721,0.22304731607437134,-0.03491605445742607,0.7562131285667419,0.2088439166545868,-0.041215624660253525,0.7274209260940552,0.20686359703540802,0.0037768047768622637,0.7163485288619995,0.16022630035877228,-0.02377886138856411,0.7316498160362244,0.2146473526954651,-0.03844578191637993,0.7382084131240845,0.23757781088352203,-0.044780414551496506,0.7636520862579346,0.19447028636932373,-0.00025044294307008386,0.7539578676223755,0.14686715602874756,-0.027732595801353455,0.7666227221488953,0.2142951786518097,-0.03127244859933853,0.7689613103866577,0.23556403815746307,-0.025746028870344162,0.7999775409698486,0.19171427190303802,-0.010092230513691902,0.7956718802452087,0.14682793617248535,-0.0376640260219574,0.8015676140785217,0.2155405730009079,-0.02818751521408558,0.8023088574409485,0.24444478750228882,-0.012391327880322933,0.8382714986801147,0.19836555421352386,-0.021967623382806778,0.8332333564758301,0.1518809199333191,-0.034319840371608734,0.8316189050674438,0.19406630098819733,-0.023852553218603134,0.8301728367805481,0.2192753553390503,-0.011175242252647877,Stop
0.8163015842437744,0.3633539378643036,-4.1366678260601475e-07,0.7555474042892456,0.34045612812042236,-0.015835626050829887,0.706235945224762,0.2882618010044098,-0.02416183054447174,0.7126837372779846,0.22363688051700592,-0.034811291843652725,0.7567019462585449,0.2074083536863327,-0.0410284623503685,0.7265584468841553,0.20725834369659424,0.005088229198008776,0.7160466313362122,0.16174285113811493,-0.02287188544869423,0.7312242388725281,0.21687540411949158,-0.03800628334283829,0.7374980449676514,0.23891672492027283,-0.04461972042918205,0.7631016373634338,0.19491520524024963,0.0009027974447235465,0.7536572813987732,0.14754366874694824,-0.026798533275723457,0.7664904594421387,0.21512238681316376,-0.03058391623198986,0.7689099907875061,0.23511797189712524,-0.02520216628909111,0.7996692657470703,0.19175873696804047,-0.009230063296854496,0.7950248718261719,0.1468592882156372,-0.03681924194097519,0.8011900186538696,0.21538034081459045,-0.026970384642481804,0.8022199273109436,0.24261775612831116,-0.010988005436956882,0.8383681774139404,0.1979387402534485,-0.021446429193019867,0.8332297205924988,0.15210722386837006,-0.03345977142453194,0.8315443992614746,0.1947098821401596,-0.022486405447125435,0.8299729824066162,0.21904894709587097,-0.009500413201749325,Stop
0.8168198466300964,0.3633635640144348,-4.247339404628292e-07,0.7559041976928711,0.3415911793708801,-0.01589239202439785,0.7065056562423706,0.28876107931137085,-0.02352776564657688,0.7137752771377563,0.22381478548049927,-0.03346330299973488,0.7581734657287598,0.20923995971679688,-0.03887464106082916,0.7257521152496338,0.2078801393508911,0.006941987667232752,0.7161527872085571,0.16253504157066345,-0.020768743008375168,0.7309707999229431,0.2191121131181717,-0.035482633858919144,0.7361776828765869,0.23949939012527466,-0.041953470557928085,0.7625195980072021,0.19575145840644836,0.0025975648313760757,0.7536875605583191,0.14883756637573242,-0.02583678625524044,0.7658327221870422,0.21732331812381744,-0.030440179631114006,0.766582727432251,0.2345847338438034,-0.025273500010371208,0.7992932796478271,0.19233320653438568,-0.0077713304199278355,0.7953965067863464,0.14817309379577637,-0.03616264462471008,0.801732063293457,0.21751481294631958,-0.026923850178718567,0.8018848896026611,0.24140498042106628,-0.011058084666728973,0.8382205963134766,0.1978645622730255,-0.020197398960590363,0.8326202630996704,0.15319444239139557,-0.03241127356886864,0.8321778178215027,0.19759172201156616,-0.021357281133532524,0.8315194845199585,0.22030727565288544,-0.008181247860193253,Stop
0.8165350556373596,0.3630242645740509,-4.204229924198444e-07,0.755199670791626,0.3406595289707184,-0.015589660964906216,0.7059846520423889,0.2876753807067871,-0.022962113842368126,0.7136625051498413,0.22313112020492554,-0.03273680806159973,0.7578325271606445,0.2081759124994278,-0.03805398568511009,0.725917398929596,0.20763877034187317,0.007351345382630825,0.7156062126159668,0.16256707906723022,-0.020337730646133423,0.7308134436607361,0.2183605432510376,-0.035078469663858414,0.7361404895782471,0.2384740263223648,-0.04150259494781494,0.7625597715377808,0.19569708406925201,0.0030026352033019066,0.7535161375999451,0.14940106868743896,-0.025374071672558784,0.7658361196517944,0.2173043042421341,-0.030067725107073784,0.7662384510040283,0.23440159857273102,-0.02500581182539463,0.7992562055587769,0.1923854798078537,-0.00736370962113142,0.7951919436454773,0.14832884073257446,-0.03571610897779465,0.8017046451568604,0.21731269359588623,-0.026595115661621094,0.8016640543937683,0.24124544858932495,-0.010828761383891106,0.83809494972229,0.1978626698255539,-0.019755495712161064,0.8326842784881592,0.1530211716890335,-0.0318412110209465,0.8323715925216675,0.1970924735069275,-0.020816775038838387,0.8316232562065125,0.21954651176929474,-0.0076757692731916904,Stop
0.8170205354690552,0.3640751838684082,-4.213796671592718e-07,0.7561320066452026,0.3425412178039551,-0.01591670885682106,0.7066659331321716,0.29047882556915283,-0.02348729968070984,0.7141708731651306,0.22541990876197815,-0.033341843634843826,0.7583808302879333,0.209570050239563,-0.0386052243411541,0.7268998026847839,0.20943725109100342,0.0066982745192945,0.7156074643135071,0.16290950775146484,-0.021166903898119926,0.7315112352371216,0.2185623049736023,-0.03607814759016037,0.7377353310585022,0.23916085064411163,-0.04261941835284233,0.7634733319282532,0.19710557162761688,0.0027219890616834164,0.7539271116256714,0.14999628067016602,-0.025208337232470512,0.7670575380325317,0.21767714619636536,-0.029369117692112923,0.7683117985725403,0.23490719497203827,-0.0241982601583004,0.7998220920562744,0.19377616047859192,-0.007348778657615185,0.7954423427581787,0.14840346574783325,-0.035454295575618744,0.8021482229232788,0.21738623082637787,-0.025860296562314034,0.8026654124259949,0.24191924929618835,-0.009971619583666325,0.8385111689567566,0.19929149746894836,-0.019506823271512985,0.8333256244659424,0.15370401740074158,-0.03184264153242111,0.8327168226242065,0.19812043011188507,-0.020964814350008965,0.8318300247192383,0.22155910730361938,-0.00798577256500721,Stop
0.8169169425964355,0.36395975947380066,-4.1647979287517956e-07,0.7558059096336365,0.34282276034355164,-0.01696791499853134,0.706551730632782,0.28912895917892456,-0.025384094566106796,0.7136199474334717,0.22352232038974762,-0.03590225428342819,0.757972002029419,0.21133315563201904,-0.04199233651161194,0.7265259027481079,0.2097417265176773,0.0043157548643648624,0.7155927419662476,0.16476061940193176,-0.023380538448691368,0.731269359588623,0.2198445200920105,-0.03761137276887894,0.736547589302063,0.24033169448375702,-0.04376685246825218,0.7629857659339905,0.1968214362859726,0.0004834612482227385,0.7535099387168884,0.15110266208648682,-0.027696657925844193,0.7669187188148499,0.2189401090145111,-0.03122306428849697,0.7677346467971802,0.23676039278507233,-0.025500722229480743,0.7996571660041809,0.1935952603816986,-0.009387238882482052,0.7957755327224731,0.15050853788852692,-0.037870053201913834,0.8025398254394531,0.21918785572052002,-0.028181083500385284,0.8021572828292847,0.24424324929714203,-0.012110377661883831,0.8382468223571777,0.19994530081748962,-0.021392470225691795,0.8331089019775391,0.15442001819610596,-0.03400741145014763,0.833024263381958,0.1974608302116394,-0.023166712373495102,0.8321730494499207,0.22092121839523315,-0.010182234458625317,Stop
0.816287636756897,0.3634669780731201,-4.140704561450548e-07,0.7551655173301697,0.34196895360946655,-0.016242651268839836,0.7061044573783875,0.2879847288131714,-0.02413403056561947,0.7143706679344177,0.2229914516210556,-0.03421829640865326,0.7584671974182129,0.21084153652191162,-0.0399944968521595,0.7270635962486267,0.20938576757907867,0.0046975864097476006,0.7160806655883789,0.16485708951950073,-0.023133501410484314,0.7314113974571228,0.21916604042053223,-0.03780672699213028,0.7368375658988953,0.239382803440094,-0.044275444000959396,0.7633777260780334,0.19682860374450684,0.0006326205912046134,0.753699541091919,0.1513359546661377,-0.027595536783337593,0.7666161060333252,0.21847328543663025,-0.03150219842791557,0.7675421833992004,0.2363899052143097,-0.026093263179063797,0.7998479604721069,0.193771094083786,-0.009390252642333508,0.7956330180168152,0.15020427107810974,-0.037784039974212646,0.8021673560142517,0.21878382563591003,-0.028205182403326035,0.8020036816596985,0.2442815750837326,-0.012257837690412998,0.8383867740631104,0.20015503466129303,-0.021495165303349495,0.8332086801528931,0.1545158326625824,-0.034203555434942245,0.8329038023948669,0.19745656847953796,-0.02346782572567463,0.8321340680122375,0.22077468037605286,-0.010551976040005684,Stop
0.8149634599685669,0.36680376529693604,-4.3200600430282066e-07,0.755983829498291,0.3461577594280243,-0.016276411712169647,0.7066634893417358,0.29263216257095337,-0.024419505149126053,0.7139713168144226,0.22685453295707703,-0.03462081775069237,0.7582186460494995,0.2110706865787506,-0.04043755680322647,0.7264626622200012,0.21117612719535828,0.0038025814574211836,0.7155426740646362,0.16635090112686157,-0.025009889155626297,0.7312389016151428,0.22206062078475952,-0.04027774930000305,0.7375884652137756,0.2424306422472,-0.047037407755851746,0.7630008459091187,0.198879674077034,-0.00045978117850609124,0.7532615661621094,0.15278106927871704,-0.0292297825217247,0.7659839987754822,0.22127412259578705,-0.03316846117377281,0.7674618363380432,0.23839178681373596,-0.02768959291279316,0.799526572227478,0.19550952315330505,-0.010709471069276333,0.7949111461639404,0.1517617404460907,-0.03951239958405495,0.8011305332183838,0.22159698605537415,-0.029445389285683632,0.8014183044433594,0.24543578922748566,-0.013161738403141499,0.8381713032722473,0.20130307972431183,-0.023045262321829796,0.8322532176971436,0.15646545588970184,-0.036274708807468414,0.8318925499916077,0.20153716206550598,-0.025194305926561356,0.8313952684402466,0.2247209995985031,-0.01191507838666439,Stop
0.8157443404197693,0.36874139308929443,-4.266737505531637e-07,0.7555147409439087,0.34671664237976074,-0.01579972915351391,0.7058123350143433,0.2926454544067383,-0.0234279315918684,0.713534414768219,0.22723160684108734,-0.03322163596749306,0.7579361200332642,0.21287822723388672,-0.03847414627671242,0.7261661887168884,0.2112809419631958,0.0056782676838338375,0.7155301570892334,0.16761937737464905,-0.022459393367171288,0.7310234904289246,0.22336964309215546,-0.03715578094124794,0.7368266582489014,0.24333560466766357,-0.04353956878185272,0.7623989582061768,0.1996670663356781,0.001383612398058176,0.7531417012214661,0.15455687046051025,-0.02692575938999653,0.7659876346588135,0.2224959135055542,-0.030868619680404663,0.7667378783226013,0.23846979439258575,-0.02538159489631653,0.7988156080245972,0.19680379331111908,-0.008941739797592163,0.7947211265563965,0.1541379690170288,-0.037132974714040756,0.8010597825050354,0.22300630807876587,-0.027240410447120667,0.8008576035499573,0.24516968429088593,-0.011192788369953632,0.8373889923095703,0.20281165838241577,-0.021359266713261604,0.8318455219268799,0.1588238924741745,-0.03363436833024025,0.8316325545310974,0.20312508940696716,-0.022439289838075638,0.8309777975082397,0.2247496247291565,-0.009231876581907272,Stop
0.8163918256759644,0.3682352304458618,-4.167089571183169e-07,0.7560757994651794,0.3459697961807251,-0.015139898285269737,0.7061947584152222,0.29111170768737793,-0.022015850991010666,0.71367347240448,0.22508995234966278,-0.03128262236714363,0.7572134137153625,0.21020416915416718,-0.03614164888858795,0.7262609004974365,0.21202945709228516,0.0073335799388587475,0.7153742909431458,0.166463240981102,-0.02017924003303051,0.7318263649940491,0.22019897401332855,-0.03466572239995003,0.7380487322807312,0.2409094125032425,-0.0407961942255497,0.7622950077056885,0.20005276799201965,0.003062889212742448,0.7532272338867188,0.15418177843093872,-0.0246126726269722,0.7664090991020203,0.22056825459003448,-0.028846384957432747,0.766488254070282,0.23731298744678497,-0.023626595735549927,0.7985944747924805,0.1969652622938156,-0.007208547089248896,0.7947689294815063,0.1541363000869751,-0.03488108888268471,0.8014291524887085,0.22184158861637115,-0.02564200945198536,0.8005311489105225,0.2444101721048355,-0.010165412910282612,0.8371140360832214,0.20263929665088654,-0.019490443170070648,0.8321701288223267,0.15852844715118408,-0.03141019493341446,0.8320078253746033,0.2024138867855072,-0.020511606708168983,0.8309250473976135,0.22437623143196106,-0.007625069003552198,Stop
0.816079318523407,0.36884987354278564,-4.206314656585164e-07,0.7556900382041931,0.3462449610233307,-0.015260152518749237,0.7057533860206604,0.29204148054122925,-0.022380191832780838,0.7127476930618286,0.22633449733257294,-0.031880348920822144,0.7569921016693115,0.21202674508094788,-0.03697127476334572,0.7263895273208618,0.21097366511821747,0.00717945396900177,0.7153748273849487,0.16629862785339355,-0.020354846492409706,0.731286883354187,0.2205626666545868,-0.03470073640346527,0.7376877069473267,0.24152272939682007,-0.040728386491537094,0.762396514415741,0.19928206503391266,0.0029083823319524527,0.7532824277877808,0.15431693196296692,-0.02491779997944832,0.766318142414093,0.22112809121608734,-0.02894951030611992,0.7669296860694885,0.2379697561264038,-0.02350112982094288,0.7987268567085266,0.1965511292219162,-0.007387692108750343,0.7949632406234741,0.15436625480651855,-0.035285595804452896,0.8015478849411011,0.2222813218832016,-0.026021651923656464,0.8010040521621704,0.2450973242521286,-0.01038177590817213,0.8372108936309814,0.20278610289096832,-0.0196999479085207,0.8321770429611206,0.15876805782318115,-0.031753815710544586,0.8320048451423645,0.2025434672832489,-0.02091524377465248,0.8311018347740173,0.22451215982437134,-0.007983577437698841,Stop
0.8159241676330566,0.37273234128952026,-4.2802037114597624e-07,0.7557993531227112,0.35132846236228943,-0.01602838560938835,0.7065123915672302,0.2962116003036499,-0.023810165002942085,0.7122254967689514,0.2295522391796112,-0.033825039863586426,0.75576251745224,0.2177058905363083,-0.03959238901734352,0.7251152992248535,0.2149842530488968,0.0053658680990338326,0.7145127654075623,0.1702607274055481,-0.02219454199075699,0.7300601005554199,0.22517061233520508,-0.03722007945179939,0.7359491586685181,0.2466842234134674,-0.04397466406226158,0.7616918087005615,0.20235109329223633,0.0012317149667069316,0.7524257898330688,0.15639851987361908,-0.026209168136119843,0.7650683522224426,0.22390668094158173,-0.03039935976266861,0.7660502195358276,0.24304309487342834,-0.025335989892482758,0.7985445857048035,0.199223130941391,-0.00878390483558178,0.7943323254585266,0.15510964393615723,-0.03666365146636963,0.8005552291870117,0.22423119843006134,-0.027616921812295914,0.8006690740585327,0.25085756182670593,-0.012135636061429977,0.837214469909668,0.20571620762348175,-0.020827917382121086,0.8318770527839661,0.16072969138622284,-0.03346523642539978,0.8311278223991394,0.20433741807937622,-0.022939113900065422,0.83028644323349,0.22866879403591156,-0.010150667279958725,Stop
0.8169336318969727,0.37244170904159546,-4.227127021749766e-07,0.7558421492576599,0.35203516483306885,-0.015936437994241714,0.7049850225448608,0.294512003660202,-0.0226924829185009,0.7125095725059509,0.22725938260555267,-0.03169030323624611,0.7563583850860596,0.21459726989269257,-0.03634897246956825,0.7255153656005859,0.21476493775844574,0.006724283564835787,0.7144332528114319,0.17015081644058228,-0.02070644497871399,0.7300252318382263,0.2254718691110611,-0.03562575578689575,0.7363004088401794,0.24545013904571533,-0.04236220940947533,0.7617926001548767,0.20230495929718018,0.0028092071879655123,0.7524834871292114,0.156033456325531,-0.024952776730060577,0.7649641633033752,0.22423489391803741,-0.02909618802368641,0.765921950340271,0.24197429418563843,-0.023781778290867805,0.7982503771781921,0.1991661936044693,-0.007154489401727915,0.7938509583473206,0.154706209897995,-0.034962039440870285,0.8003489375114441,0.22411313652992249,-0.025713609531521797,0.8006494641304016,0.24896472692489624,-0.010120081715285778,0.8368710875511169,0.20479325950145721,-0.01921984553337097,0.8316293358802795,0.15997444093227386,-0.031526993960142136,0.8312667012214661,0.20436382293701172,-0.02089778520166874,0.830847978591919,0.22730423510074615,-0.008132081478834152,Stop
0.762391209602356,0.5513004064559937,-3.876801031310606e-07,0.7089977264404297,0.5359821915626526,-0.014054819941520691,0.6638414263725281,0.4896059036254883,-0.020672140643000603,0.6701788306236267,0.43643343448638916,-0.028746502473950386,0.7093777656555176,0.43024155497550964,-0.03253910318017006,0.6839340925216675,0.416378378868103,0.00210427469573915,0.6706751585006714,0.3823891282081604,-0.023019826039671898,0.6840901970863342,0.43309763073921204,-0.034747060388326645,0.6900980472564697,0.4463936984539032,-0.03970693051815033,0.7150264382362366,0.4063272774219513,-0.0014868248254060745,0.7019420862197876,0.37248697876930237,-0.027397479861974716,0.7134748101234436,0.431517630815506,-0.029246708378195763,0.7171315550804138,0.4379475712776184,-0.02301611751317978,0.7458920478820801,0.4025237560272217,-0.01042053010314703,0.7368535399436951,0.37063518166542053,-0.03462318703532219,0.7436003088951111,0.4283658266067505,-0.024424459785223007,0.7470645308494568,0.4372258186340332,-0.009724531322717667,0.7788161039352417,0.40467333793640137,-0.021411139518022537,0.7685390114784241,0.3736560344696045,-0.030578583478927612,0.769795835018158,0.4133286476135254,-0.020007537677884102,0.7737669944763184,0.42480289936065674,-0.008373156189918518,Stop
0.7629002928733826,0.5504714250564575,-3.893361224527325e-07,0.709824800491333,0.535807192325592,-0.013808682560920715,0.6644911170005798,0.49025654792785645,-0.020377954468131065,0.6687400937080383,0.4350419044494629,-0.02853894978761673,0.7055571675300598,0.42490556836128235,-0.03244319185614586,0.6839931011199951,0.41761845350265503,0.002148787258192897,0.6706057190895081,0.38152754306793213,-0.023296859115362167,0.6845744848251343,0.4309283494949341,-0.03504973649978638,0.6910964846611023,0.4465691149234772,-0.03974926471710205,0.715501070022583,0.4074244201183319,-0.001672557438723743,0.7023773193359375,0.3731280267238617,-0.027768712490797043,0.7145458459854126,0.43028780817985535,-0.03032081201672554,0.7177607417106628,0.4376927614212036,-0.02473216876387596,0.7467321157455444,0.40312114357948303,-0.01072757039219141,0.7375818490982056,0.3712526857852936,-0.03553656116127968,0.7447102069854736,0.42801934480667114,-0.02572445385158062,0.7473301291465759,0.4374237060546875,-0.011345146223902702,0.7798752188682556,0.40452542901039124,-0.021734949201345444,0.7698233723640442,0.3735296428203583,-0.03148888424038887,0.7713982462882996,0.41270333528518677,-0.020974639803171158,0.7750154733657837,0.4242740869522095,-0.009354891255497932,Stop
0.7633677124977112,0.5540475845336914,-3.9838784005041816e-07,0.7106651663780212,0.5396881699562073,-0.015103654004633427,0.664582371711731,0.49124062061309814,-0.021270666271448135,0.6689820289611816,0.4350433945655823,-0.02876679226756096,0.7069264054298401,0.4267148971557617,-0.031566984951496124,0.684096097946167,0.41858842968940735,0.003093458479270339,0.6710050702095032,0.3819575011730194,-0.021738197654485703,0.6850338578224182,0.43356481194496155,-0.03350089490413666,0.6902514100074768,0.44543614983558655,-0.03880414366722107,0.7154930830001831,0.40774643421173096,7.736832048976794e-05,0.70332932472229,0.37275218963623047,-0.024821894243359566,0.7148144841194153,0.43223997950553894,-0.026211535558104515,0.7170305848121643,0.4364098310470581,-0.020149223506450653,0.7466059327125549,0.40396392345428467,-0.00858360342681408,0.7384132146835327,0.36980244517326355,-0.032126497477293015,0.7447475790977478,0.42775052785873413,-0.021356362849473953,0.7474837899208069,0.4355192482471466,-0.006718733813613653,0.779634952545166,0.40567547082901,-0.019520344212651253,0.7706959843635559,0.3732150197029114,-0.028501544147729874,0.7715550661087036,0.4129398763179779,-0.017822759225964546,0.7750401496887207,0.4246257245540619,-0.006292795762419701,Stop
0.7642273902893066,0.5548357963562012,-3.9698326759207703e-07,0.7108879685401917,0.5394100546836853,-0.014971878379583359,0.6645342111587524,0.49031245708465576,-0.02118784748017788,0.6693932414054871,0.4339226484298706,-0.028809616342186928,0.7074850797653198,0.42630577087402344,-0.031704071909189224,0.6840891242027283,0.4187430143356323,0.0034360752906650305,0.6707294583320618,0.3822176158428192,-0.02184971794486046,0.6853528022766113,0.43394723534584045,-0.033857230097055435,0.69081711769104,0.44567471742630005,-0.03923403471708298,0.7153225541114807,0.4078163802623749,0.00033597444416955113,0.7029299736022949,0.3727395832538605,-0.025397419929504395,0.7152818441390991,0.4324277341365814,-0.027077902108430862,0.7178323864936829,0.4367607831954956,-0.020924676209688187,0.7463159561157227,0.40370646119117737,-0.008432603441178799,0.7378005981445312,0.36975470185279846,-0.03241825848817825,0.7449042797088623,0.427978515625,-0.021580735221505165,0.7479104399681091,0.4354073405265808,-0.006674483418464661,0.7793008089065552,0.4047764539718628,-0.019477656111121178,0.7699146270751953,0.373165488243103,-0.028335874900221825,0.771202802658081,0.41301947832107544,-0.01748557575047016,0.774982213973999,0.4240571856498718,-0.0057810512371361256,Stop
0.7646257281303406,0.5545634031295776,-3.956022567308537e-07,0.7108110785484314,0.5390636324882507,-0.01475339662283659,0.6644941568374634,0.4893675446510315,-0.020578010007739067,0.6701699495315552,0.43329867720603943,-0.02782747708261013,0.7086367011070251,0.42724665999412537,-0.03037344478070736,0.6840116381645203,0.41873833537101746,0.003876789938658476,0.6705381870269775,0.38207846879959106,-0.02121003344655037,0.6854156255722046,0.4335390329360962,-0.03316018357872963,0.6911710500717163,0.44567397236824036,-0.03850296139717102,0.7153583765029907,0.40774238109588623,0.0008165825274772942,0.7029094696044922,0.3727932572364807,-0.024875175207853317,0.7152709364891052,0.4320555329322815,-0.026801474392414093,0.7178531885147095,0.43649956583976746,-0.02081705816090107,0.7463654279708862,0.4035789370536804,-0.007880650460720062,0.737932562828064,0.36971864104270935,-0.03172263503074646,0.7449886202812195,0.42765894532203674,-0.02121899463236332,0.7479649782180786,0.4349766969680786,-0.006561990827322006,0.7792189717292786,0.4045410454273224,-0.018838832154870033,0.7700201272964478,0.37324512004852295,-0.027521464973688126,0.7713099718093872,0.41319942474365234,-0.016790179535746574,0.7751821875572205,0.42413365840911865,-0.005218038335442543,Stop
0.7655344605445862,0.5551219582557678,-3.995573933934793e-07,0.7125914096832275,0.539289116859436,-0.01435778383165598,0.6669929027557373,0.4899823069572449,-0.020566856488585472,0.6714419722557068,0.43371403217315674,-0.028233708813786507,0.7098556160926819,0.42812901735305786,-0.031366463750600815,0.6855541467666626,0.4167805016040802,0.0033074934035539627,0.672090470790863,0.37998512387275696,-0.02168866991996765,0.6864181160926819,0.4309232532978058,-0.03361363336443901,0.6922641396522522,0.4443483054637909,-0.03880522400140762,0.7174813747406006,0.4067889153957367,-0.00017513892089482397,0.7047616839408875,0.371329128742218,-0.02568500116467476,0.7163200974464417,0.43078774213790894,-0.02788732945919037,0.7187039256095886,0.43650463223457336,-0.022091861814260483,0.7489413619041443,0.4033454358577728,-0.009085950441658497,0.7401964068412781,0.3700632154941559,-0.033257901668548584,0.7466806769371033,0.4282916784286499,-0.02337832562625408,0.7495786547660828,0.4368021786212921,-0.008969358168542385,0.7822909951210022,0.4053194224834442,-0.02009088546037674,0.7726519107818604,0.37323376536369324,-0.029218915849924088,0.7739220857620239,0.41265279054641724,-0.018701868131756783,0.7779828310012817,0.42421576380729675,-0.0071288165636360645,Stop
0.7659708261489868,0.5561809539794922,-4.004645290933695e-07,0.7124255895614624,0.5394423604011536,-0.014153603464365005,0.6661480665206909,0.48867344856262207,-0.02004343830049038,0.6713301539421082,0.43231314420700073,-0.027433952316641808,0.7098034620285034,0.42788243293762207,-0.03027922846376896,0.6846048831939697,0.41627806425094604,0.004364381078630686,0.6721258163452148,0.3796493113040924,-0.020697327330708504,0.6858272552490234,0.431567907333374,-0.03286302089691162,0.6911213994026184,0.4449303448200226,-0.03829960525035858,0.7167024612426758,0.4062977135181427,0.0008273589774034917,0.704795241355896,0.37107062339782715,-0.024980703368782997,0.7161290049552917,0.4314265549182892,-0.027464643120765686,0.718353807926178,0.43713799118995667,-0.021698622032999992,0.7484062314033508,0.40284907817840576,-0.008207835257053375,0.7403597235679626,0.37043336033821106,-0.03226726874709129,0.7468090057373047,0.4290392994880676,-0.022451752796769142,0.7493714690208435,0.43685823678970337,-0.008079024963080883,0.7820120453834534,0.4045841693878174,-0.019357824698090553,0.7724518775939941,0.3739703893661499,-0.028181733563542366,0.7740421295166016,0.4137552082538605,-0.0176056157797575,0.7780880928039551,0.42434224486351013,-0.006028928328305483,Stop
0.765547513961792,0.5546799898147583,-4.029173794606322e-07,0.7113155126571655,0.5371364951133728,-0.013853205367922783,0.6653860807418823,0.4878793954849243,-0.020008856430649757,0.6707230806350708,0.43250009417533875,-0.027691271156072617,0.7094358801841736,0.42743921279907227,-0.030927985906600952,0.6850590109825134,0.4145566523075104,0.003531260648742318,0.6718116998672485,0.37908250093460083,-0.02151375636458397,0.6859291791915894,0.43090420961380005,-0.033500175923109055,0.6914601922035217,0.4442651569843292,-0.03875972330570221,0.7170514464378357,0.40514296293258667,-8.050181349972263e-05,0.7043193578720093,0.37024882435798645,-0.025896981358528137,0.7159987092018127,0.4306483864784241,-0.028160154819488525,0.7185699343681335,0.437028169631958,-0.02230389043688774,0.7486604452133179,0.40201497077941895,-0.009063586592674255,0.7398645281791687,0.36918386816978455,-0.03327348828315735,0.7464866638183594,0.4283159375190735,-0.023267636075615883,0.7495844960212708,0.4373997449874878,-0.00871119275689125,0.7821276783943176,0.4044029414653778,-0.02008149027824402,0.7720265984535217,0.3731985092163086,-0.029106663540005684,0.7733814120292664,0.4134494960308075,-0.018467824906110764,0.7776578664779663,0.4250374138355255,-0.006800762377679348,Stop
0.7648943662643433,0.5539860725402832,-4.0361516084885807e-07,0.7108030915260315,0.536372184753418,-0.01385685708373785,0.6651976108551025,0.48796048760414124,-0.02019294537603855,0.6701361536979675,0.4328547716140747,-0.0280431117862463,0.7088058590888977,0.427432119846344,-0.031466756016016006,0.6853833198547363,0.41449740529060364,0.0030291189905256033,0.6721296310424805,0.378912091255188,-0.021821679547429085,0.6857870221138,0.43049198389053345,-0.03333002328872681,0.691357433795929,0.44424325227737427,-0.03820040076971054,0.7173646092414856,0.4052116274833679,-0.0006159397889859974,0.7044933438301086,0.37022414803504944,-0.026376336812973022,0.7160203456878662,0.43033260107040405,-0.028390496969223022,0.7188814282417297,0.43711280822753906,-0.022319473326206207,0.7489973902702332,0.4020741581916809,-0.009563477709889412,0.7398988604545593,0.3695943355560303,-0.033974580466747284,0.7465242743492126,0.4286934435367584,-0.023925019428133965,0.7497923374176025,0.4381553530693054,-0.009233728051185608,0.7825588583946228,0.40463578701019287,-0.02049364149570465,0.7720158100128174,0.3731924891471863,-0.02972482517361641,0.7733588814735413,0.4134674668312073,-0.019050005823373795,0.7777008414268494,0.4254658818244934,-0.007277666125446558,Stop
0.7654717564582825,0.551976203918457,-3.939761938909214e-07,0.7114855051040649,0.5353034138679504,-0.014489094726741314,0.6654545068740845,0.48902660608291626,-0.021352948620915413,0.6702325940132141,0.4340989887714386,-0.02954437956213951,0.7102569937705994,0.42826589941978455,-0.033054985105991364,0.6848556995391846,0.4156987965106964,0.0023829375859349966,0.672775387763977,0.37829065322875977,-0.023337965831160545,0.687036395072937,0.43082866072654724,-0.03576291725039482,0.6919845342636108,0.44264206290245056,-0.04149184376001358,0.717134952545166,0.4066151976585388,-0.0012881341390311718,0.7051478624343872,0.36938825249671936,-0.028074519708752632,0.7169471383094788,0.42988964915275574,-0.030742142349481583,0.7192158102989197,0.4355754256248474,-0.02519330568611622,0.748489499092102,0.4029002785682678,-0.010343875735998154,0.7406850457191467,0.3685256838798523,-0.035160768777132034,0.7473233938217163,0.42724892497062683,-0.024998418986797333,0.7497802376747131,0.4351053237915039,-0.010352232493460178,0.7814313769340515,0.40460601449012756,-0.02152128890156746,0.7727438807487488,0.37249839305877686,-0.030763959512114525,0.7743661999702454,0.41257596015930176,-0.019957149401307106,0.7780025601387024,0.4239039123058319,-0.008237771689891815,Stop
0.7738600969314575,0.5147117376327515,-3.458810908796295e-07,0.7252262830734253,0.5050272941589355,-0.01689177379012108,0.6793826818466187,0.4743514657020569,-0.027073724195361137,0.6754903793334961,0.428640216588974,-0.03789786994457245,0.7054493427276611,0.4060020446777344,-0.04379446431994438,0.6915520429611206,0.38869017362594604,-0.0034917218144983053,0.677797257900238,0.3576849400997162,-0.029824061319231987,0.692655622959137,0.40500617027282715,-0.04111643508076668,0.7002820372581482,0.416833758354187,-0.04538918286561966,0.7243809103965759,0.3781092166900635,-0.006343145854771137,0.7110022306442261,0.34890416264533997,-0.03369756042957306,0.7238414287567139,0.40578967332839966,-0.03609176352620125,0.7277164459228516,0.4090438485145569,-0.030488530173897743,0.7571834325790405,0.37224915623664856,-0.014513788744807243,0.748121440410614,0.34692737460136414,-0.040549226105213165,0.7553216814994812,0.4009709358215332,-0.030575187876820564,0.7580868601799011,0.4053681492805481,-0.01619178242981434,0.7919090390205383,0.3711932897567749,-0.024686580523848534,0.7816253900527954,0.3448520302772522,-0.03535579890012741,0.7828067541122437,0.38220006227493286,-0.024950973689556122,0.7854504585266113,0.38997915387153625,-0.013271157629787922,Stop
0.7719760537147522,0.5190417766571045,-3.576635094759695e-07,0.7225872874259949,0.5087637901306152,-0.016949107870459557,0.675873339176178,0.4741114675998688,-0.026560606434941292,0.6759145855903625,0.4250984489917755,-0.03666218742728233,0.7111932635307312,0.40871506929397583,-0.04178335890173912,0.6932355761528015,0.3912494480609894,-0.004635713063180447,0.6783661246299744,0.3590012490749359,-0.031070584431290627,0.6925549507141113,0.4079112112522125,-0.042433470487594604,0.6998140811920166,0.4185689389705658,-0.04712044820189476,0.7260378003120422,0.3812519907951355,-0.007430323399603367,0.7113487124443054,0.3491591215133667,-0.03547218441963196,0.7235930562019348,0.4071265757083893,-0.03753112629055977,0.7279710173606873,0.4101932942867279,-0.031563159078359604,0.7582398056983948,0.3761126399040222,-0.015483408235013485,0.7478553056716919,0.34797412157058716,-0.04161607474088669,0.7547767162322998,0.40317970514297485,-0.030865035951137543,0.7584200501441956,0.4077964425086975,-0.015902657061815262,0.7925897240638733,0.37584468722343445,-0.025676678866147995,0.7820764183998108,0.34717434644699097,-0.0366147980093956,0.7832465171813965,0.3847173750400543,-0.02624937891960144,0.7868747115135193,0.39274469017982483,-0.014632063917815685,Stop
0.7727599740028381,0.5224515795707703,-3.7542622521868907e-07,0.722181499004364,0.5104951858520508,-0.015087168663740158,0.675140917301178,0.47148650884628296,-0.023600054904818535,0.67735755443573,0.4204440116882324,-0.03294294700026512,0.715381383895874,0.407457172870636,-0.037721674889326096,0.69353187084198,0.38977205753326416,-0.002415341790765524,0.6786952614784241,0.3577360510826111,-0.02796650119125843,0.6913660764694214,0.4084008038043976,-0.03975505381822586,0.6982879638671875,0.42021703720092773,-0.04499062895774841,0.7264126539230347,0.3791482150554657,-0.005849855951964855,0.7115220427513123,0.34765392541885376,-0.032004665583372116,0.7223390340805054,0.40617460012435913,-0.03370580077171326,0.7272228598594666,0.41032832860946655,-0.027801012620329857,0.7587671279907227,0.3750559389591217,-0.014419948682188988,0.7482897639274597,0.3478894829750061,-0.038504041731357574,0.7542794346809387,0.4028819799423218,-0.027992475777864456,0.7586376667022705,0.40838927030563354,-0.013555685058236122,0.7933686375617981,0.3763922452926636,-0.025069493800401688,0.7815757989883423,0.3478086292743683,-0.03469108045101166,0.7822290062904358,0.3850143551826477,-0.024384504184126854,0.7865690588951111,0.3937210440635681,-0.01305452547967434,Stop
0.772935688495636,0.5230964422225952,-3.712704028657754e-07,0.7217035293579102,0.5100945830345154,-0.01591244898736477,0.6745134592056274,0.47148993611335754,-0.02507205680012703,0.6761887669563293,0.42033177614212036,-0.034962162375450134,0.7144818902015686,0.40785449743270874,-0.04014785215258598,0.6937937140464783,0.38985010981559753,-0.003497692057862878,0.677934467792511,0.35736680030822754,-0.02921845205128193,0.6913305521011353,0.40829721093177795,-0.04053127020597458,0.6989691853523254,0.41993725299835205,-0.04538750648498535,0.7267780303955078,0.3793729245662689,-0.006654161028563976,0.7113796472549438,0.34775328636169434,-0.03333977982401848,0.7225677371025085,0.4062609374523163,-0.03478383645415306,0.7276700735092163,0.410017192363739,-0.02863260731101036,0.7592105865478516,0.3752903640270233,-0.015009099617600441,0.7482489943504333,0.3473677337169647,-0.03977258875966072,0.7542415261268616,0.4029587507247925,-0.029092857614159584,0.7586917877197266,0.40844622254371643,-0.01438196375966072,0.7937344312667847,0.37684202194213867,-0.0254853256046772,0.7819238305091858,0.3482760787010193,-0.03547653183341026,0.782253623008728,0.3856937885284424,-0.025243233889341354,0.7865215539932251,0.3944186866283417,-0.013903651386499405,Stop
0.7721067070960999,0.5214932560920715,-3.7263947660903796e-07,0.7207481265068054,0.5077328085899353,-0.016365649178624153,0.6744533181190491,0.4706585705280304,-0.026066599413752556,0.6766384840011597,0.421331524848938,-0.03644094243645668,0.7142568230628967,0.4076816141605377,-0.042065560817718506,0.6944366693496704,0.3888700306415558,-0.00469482084736228,0.6792927384376526,0.35694074630737305,-0.030803270637989044,0.6918498873710632,0.4079003632068634,-0.04190128296613693,0.6986035108566284,0.4192310869693756,-0.046570781618356705,0.7272825837135315,0.3794778287410736,-0.007722211070358753,0.7121265530586243,0.34844526648521423,-0.035282716155052185,0.723118245601654,0.40738797187805176,-0.036958612501621246,0.7280240058898926,0.410871297121048,-0.030986325815320015,0.759570837020874,0.3751157224178314,-0.015897804871201515,0.7485554814338684,0.34768205881118774,-0.04153076931834221,0.7545322179794312,0.4042333960533142,-0.030685411766171455,0.7586104869842529,0.4095689654350281,-0.015828320756554604,0.7937453389167786,0.37617427110671997,-0.026174146682024002,0.782158613204956,0.3476478159427643,-0.036572039127349854,0.7825997471809387,0.3863435685634613,-0.026023605838418007,0.7865315675735474,0.3951879143714905,-0.014429074712097645,Stop
0.7721012234687805,0.5206850171089172,-3.642377919277351e-07,0.7213178277015686,0.5077101588249207,-0.017046255990862846,0.6755611300468445,0.4708828926086426,-0.026677986606955528,0.6768535375595093,0.42070916295051575,-0.03686938062310219,0.7137807607650757,0.4053681194782257,-0.042273104190826416,0.6937658786773682,0.3885536789894104,-0.003672360209748149,0.6802236437797546,0.3562089502811432,-0.03002101555466652,0.6939944624900818,0.4055376350879669,-0.04210742563009262,0.7009117007255554,0.4194672405719757,-0.04715115949511528,0.7266748547554016,0.37923136353492737,-0.00634339451789856,0.7135151624679565,0.34705978631973267,-0.03369251638650894,0.7249427437782288,0.4051210582256317,-0.03653080761432648,0.7282730340957642,0.4116714298725128,-0.03130222484469414,0.7591062188148499,0.37544554471969604,-0.014247332699596882,0.7503913044929504,0.34606096148490906,-0.04013955220580101,0.7564135193824768,0.4018239974975586,-0.030387181788682938,0.7590728998184204,0.4099658727645874,-0.016087960451841354,0.7934732437133789,0.3773248791694641,-0.02426130324602127,0.7844120264053345,0.3468676209449768,-0.035225700587034225,0.7846425175666809,0.38525936007499695,-0.025131868198513985,0.7868684530258179,0.3963783383369446,-0.013682770542800426,Stop
0.7724358439445496,0.5201661586761475,-3.6671096381724055e-07,0.7214699983596802,0.5076138377189636,-0.016863400116562843,0.6755771636962891,0.47060105204582214,-0.026397326961159706,0.6770684719085693,0.42039576172828674,-0.036530595272779465,0.7142996788024902,0.40580764412879944,-0.04194146394729614,0.6936718821525574,0.3881751000881195,-0.0035547588486224413,0.6802518963813782,0.3561987578868866,-0.029877280816435814,0.6938943266868591,0.40579792857170105,-0.04198513552546501,0.7006813883781433,0.419557124376297,-0.04708055406808853,0.726647138595581,0.37884587049484253,-0.006340273655951023,0.7135367393493652,0.3470824062824249,-0.03359514847397804,0.7248939275741577,0.40539002418518066,-0.036329563707113266,0.7282615900039673,0.41174110770225525,-0.03103601187467575,0.7591548562049866,0.3751228451728821,-0.01436485443264246,0.7504299879074097,0.3460811376571655,-0.040175337344408035,0.7564090490341187,0.4021280109882355,-0.030420055612921715,0.7590541243553162,0.410171777009964,-0.016130629926919937,0.7936496138572693,0.37708792090415955,-0.024487614631652832,0.7843907475471497,0.3468712866306305,-0.03537590056657791,0.784676730632782,0.3852800726890564,-0.025300659239292145,0.7870385646820068,0.3961978554725647,-0.0138940941542387,Stop
0.7041842341423035,0.5139334201812744,-4.3005525185435545e-07,0.6483638882637024,0.4853876233100891,-0.01139713916927576,0.6054577231407166,0.42482346296310425,-0.016074977815151215,0.612917423248291,0.3621426224708557,-0.023576712235808372,0.6529398560523987,0.36004188656806946,-0.027621973305940628,0.6357438564300537,0.3604952394962311,0.009038698859512806,0.6229400038719177,0.3160189986228943,-0.014261256903409958,0.6317882537841797,0.3695184886455536,-0.026093516498804092,0.6383068561553955,0.39008569717407227,-0.030893908813595772,0.6692352294921875,0.3530119061470032,0.004230544902384281,0.6582065224647522,0.30951106548309326,-0.019572332501411438,0.6641403436660767,0.3732667565345764,-0.02149106375873089,0.6697403788566589,0.3917039930820465,-0.015130730345845222,0.7034966349601746,0.3540501892566681,-0.0058553460985422134,0.6948482990264893,0.31037116050720215,-0.029891641810536385,0.6957356929779053,0.3743192255496979,-0.019679022952914238,0.7004145979881287,0.3978116512298584,-0.004286637995392084,0.7403301000595093,0.3634728193283081,-0.017667312175035477,0.7299935817718506,0.32086247205734253,-0.027664178982377052,0.7261934876441956,0.3625694811344147,-0.016589350998401642,0.7300306558609009,0.38427531719207764,-0.0040972353890538216,Stop
0.7065421342849731,0.5208998918533325,-4.499149781622691e-07,0.6509983539581299,0.4910661578178406,-0.009914407506585121,0.6075753569602966,0.4311613142490387,-0.014368747361004353,0.6139398813247681,0.36976635456085205,-0.021810267120599747,0.6546521782875061,0.3683067262172699,-0.02579502761363983,0.6417491436004639,0.3658875524997711,0.008459655568003654,0.6270781755447388,0.32154417037963867,-0.015021330676972866,0.6358913779258728,0.37638410925865173,-0.026784317567944527,0.6442638635635376,0.39540359377861023,-0.03163624182343483,0.6752220392227173,0.36036768555641174,0.0030409875325858593,0.6623517274856567,0.3159213364124298,-0.020721103996038437,0.6674917936325073,0.38100695610046387,-0.021880801767110825,0.6745563745498657,0.39842352271080017,-0.015155192464590073,0.7087886333465576,0.3621537983417511,-0.007529869209975004,0.6979708075523376,0.3164173662662506,-0.030865583568811417,0.6980625987052917,0.38103964924812317,-0.0197919774800539,0.7042213678359985,0.4036112129688263,-0.004120908677577972,0.7450855374336243,0.3722303509712219,-0.01974841207265854,0.7325776815414429,0.3269820511341095,-0.029034750536084175,0.7281216979026794,0.3685239255428314,-0.017544588074088097,0.7332631945610046,0.3901568353176117,-0.00499328225851059,Stop
0.7079041004180908,0.5211099982261658,-4.4540749399857305e-07,0.6512651443481445,0.49085137248039246,-0.01013465877622366,0.6081980466842651,0.4295068383216858,-0.014601965434849262,0.6155068278312683,0.3687512278556824,-0.022102966904640198,0.6552565097808838,0.37072956562042236,-0.026382794603705406,0.6417937874794006,0.36633893847465515,0.00849835854023695,0.6279798746109009,0.32253560423851013,-0.015272934921085835,0.6360067129135132,0.37663179636001587,-0.027094991877675056,0.6437358856201172,0.39734262228012085,-0.03172335773706436,0.6752669811248779,0.35984528064727783,0.003142179921269417,0.6627600193023682,0.3165825307369232,-0.021150171756744385,0.667543888092041,0.38149088621139526,-0.022685982286930084,0.6745995283126831,0.4003683030605316,-0.015823844820261,0.7090829610824585,0.3610116243362427,-0.007386698387563229,0.6987730264663696,0.31728604435920715,-0.03134172037243843,0.6987584233283997,0.38213416934013367,-0.020939316600561142,0.7046395540237427,0.4058798849582672,-0.0052993823774158955,0.7453045845031738,0.3707974851131439,-0.01952916570007801,0.7331600189208984,0.3265994191169739,-0.029160693287849426,0.7286643981933594,0.36869704723358154,-0.017881441861391068,0.7336313724517822,0.3911007344722748,-0.005220141727477312,Stop
0.7081348299980164,0.5218425393104553,-4.530976696059952e-07,0.6513509750366211,0.49095967411994934,-0.009138155728578568,0.6076654195785522,0.42993831634521484,-0.012696056626737118,0.6140939593315125,0.3693019151687622,-0.01951146498322487,0.6540846824645996,0.3710300028324127,-0.022990651428699493,0.6434288620948792,0.36579567193984985,0.011431271210312843,0.6295651197433472,0.3223101496696472,-0.0116566251963377,0.6368035078048706,0.37706243991851807,-0.0236115213483572,0.644685685634613,0.3964027762413025,-0.0286184661090374,0.676611602306366,0.36031848192214966,0.005884296260774136,0.6638776063919067,0.3170507550239563,-0.01798064634203911,0.6680719256401062,0.3822528123855591,-0.01986416056752205,0.6757583618164062,0.3999626338481903,-0.013350460678339005,0.7101244926452637,0.36174681782722473,-0.004890673793852329,0.6992612481117249,0.31723839044570923,-0.02820521779358387,0.6987369060516357,0.38230183720588684,-0.01785513199865818,0.7051856517791748,0.4052750766277313,-0.002439025789499283,0.7462936639785767,0.37139710783958435,-0.01727192848920822,0.7332603335380554,0.3271661400794983,-0.02623286098241806,0.7285649180412292,0.3698572814464569,-0.014915671199560165,0.7341970205307007,0.3918284475803375,-0.0024064243771135807,Stop
0.7087748646736145,0.5221379995346069,-4.5079801225256233e-07,0.651866614818573,0.49181023240089417,-0.00944830384105444,0.6077979207038879,0.43048906326293945,-0.013095306232571602,0.6139300465583801,0.36968252062797546,-0.019947359338402748,0.6537760496139526,0.3716154992580414,-0.02339787222445011,0.6429430842399597,0.36590078473091125,0.01143515296280384,0.6301146149635315,0.3224760591983795,-0.011457718908786774,0.6365126371383667,0.3774954378604889,-0.0230167955160141,0.6436303853988647,0.3965177834033966,-0.027798743918538094,0.6763638257980347,0.3602392077445984,0.005970614496618509,0.6640531420707703,0.31737595796585083,-0.017813459038734436,0.6678327918052673,0.38247767090797424,-0.019375218078494072,0.6754430532455444,0.39946699142456055,-0.012610840611159801,0.7101131677627563,0.36165687441825867,-0.00478852353990078,0.6994593143463135,0.31797081232070923,-0.02807338908314705,0.698762834072113,0.3825935125350952,-0.01762321963906288,0.7052124738693237,0.40458619594573975,-0.002162362914532423,0.7465037107467651,0.37135568261146545,-0.017185982316732407,0.7334257364273071,0.32797712087631226,-0.026128171011805534,0.7286704778671265,0.3703521490097046,-0.014853641390800476,0.7343288064002991,0.3916546404361725,-0.0023916992358863354,Stop
0.7086483836174011,0.522418200969696,-4.538374867024686e-07,0.6518888473510742,0.49202853441238403,-0.009350310079753399,0.6079077124595642,0.4298678934574127,-0.012671361677348614,0.614097535610199,0.36895379424095154,-0.019202277064323425,0.6536663770675659,0.3714958429336548,-0.022291431203484535,0.6432812213897705,0.3664659857749939,0.011796558275818825,0.6304852366447449,0.3223675787448883,-0.010899724438786507,0.636911153793335,0.37758439779281616,-0.022316915914416313,0.6438551545143127,0.396393746137619,-0.027075987309217453,0.6765539646148682,0.3606153428554535,0.006417838390916586,0.6642078757286072,0.31730198860168457,-0.017245840281248093,0.668030321598053,0.3826618790626526,-0.018723245710134506,0.6755425930023193,0.3994642198085785,-0.011912493035197258,0.710227906703949,0.3618648648262024,-0.004264621064066887,0.6994698643684387,0.31807518005371094,-0.02726304903626442,0.6988714337348938,0.38287439942359924,-0.01672283746302128,0.7053491473197937,0.4045431613922119,-0.0012866005999967456,0.7465589642524719,0.3711647689342499,-0.016604462638497353,0.7335437536239624,0.328157514333725,-0.0252384003251791,0.7288520932197571,0.3705824911594391,-0.013946164399385452,0.7346259355545044,0.39139124751091003,-0.0015680387150496244,Stop
0.7079870104789734,0.5229768753051758,-4.3560299900491373e-07,0.6524447798728943,0.49274492263793945,-0.010831768624484539,0.6091430187225342,0.4320334494113922,-0.016027381643652916,0.6156347990036011,0.3709467947483063,-0.024151749908924103,0.6570785641670227,0.37187260389328003,-0.02902277559041977,0.6440120339393616,0.36635926365852356,0.008288003504276276,0.6306794285774231,0.32372963428497314,-0.015093237161636353,0.6370193958282471,0.37758201360702515,-0.026649314910173416,0.6446019411087036,0.39731869101524353,-0.031244879588484764,0.677273154258728,0.36035221815109253,0.0032075168564915657,0.6644893884658813,0.3183531165122986,-0.020797252655029297,0.66767418384552,0.3820224702358246,-0.0221825260668993,0.6752065420150757,0.39986148476600647,-0.01535086054354906,0.7107874751091003,0.3623160719871521,-0.00712426146492362,0.6998823881149292,0.3201413154602051,-0.031124329194426537,0.6987364292144775,0.38373157382011414,-0.0209713913500309,0.7050960659980774,0.4068627655506134,-0.005514859687536955,0.7470192313194275,0.37293729186058044,-0.01911456324160099,0.7339305877685547,0.3292241394519806,-0.02880479209125042,0.7291061878204346,0.36984938383102417,-0.017969736829400063,0.7349540591239929,0.39183053374290466,-0.005683927796781063,Stop
0.7076992988586426,0.5225609540939331,-4.44197468141283e-07,0.6519078016281128,0.4939577281475067,-0.011136156506836414,0.6082393527030945,0.4318850338459015,-0.015971897169947624,0.6154382824897766,0.3708409070968628,-0.023632341995835304,0.6562835574150085,0.372283011674881,-0.028102334588766098,0.642932116985321,0.36831432580947876,0.0075922380201518536,0.6293312907218933,0.32541003823280334,-0.01559081207960844,0.6357434391975403,0.38037368655204773,-0.026824094355106354,0.6430708765983582,0.39898377656936646,-0.03139149397611618,0.6763527989387512,0.3617267310619354,0.0026330009568482637,0.6638853549957275,0.318395733833313,-0.021393630653619766,0.6672936677932739,0.38361796736717224,-0.02227451279759407,0.6745985746383667,0.40109696984291077,-0.015056579373776913,0.7100391983985901,0.36306920647621155,-0.0075786421075463295,0.6995351314544678,0.3193621039390564,-0.03166373446583748,0.6987773180007935,0.3844044506549835,-0.020853422582149506,0.705251157283783,0.40728941559791565,-0.005018572323024273,0.7464689016342163,0.37291914224624634,-0.019487375393509865,0.733793318271637,0.3278414309024811,-0.029697926715016365,0.7291648387908936,0.370246559381485,-0.018571477383375168,0.7348374128341675,0.3931223154067993,-0.006045531947165728,Stop
0.7087144255638123,0.5216612219810486,-4.358568901352555e-07,0.6514157056808472,0.4916435778141022,-0.010078711435198784,0.6082707643508911,0.4323218762874603,-0.014364957809448242,0.6157324314117432,0.3721594214439392,-0.021790772676467896,0.6553922891616821,0.3711712956428528,-0.026007212698459625,0.6433117985725403,0.3688340485095978,0.010326819494366646,0.6302955746650696,0.32584866881370544,-0.013187705539166927,0.6370141506195068,0.3795728087425232,-0.025393953546881676,0.6435434818267822,0.3990175724029541,-0.030487753450870514,0.676701545715332,0.3623974919319153,0.004916682373732328,0.6639050245285034,0.3186796307563782,-0.01924281008541584,0.6680659651756287,0.3834126591682434,-0.0214060191065073,0.6752704977989197,0.40066686272621155,-0.01507580652832985,0.7104518413543701,0.3631156086921692,-0.005773784592747688,0.6998627185821533,0.319276362657547,-0.029718676581978798,0.6995102763175964,0.38377493619918823,-0.01941586658358574,0.7056963443756104,0.4058304727077484,-0.003919288981705904,0.7467089295387268,0.372219055891037,-0.01810433343052864,0.7347931265830994,0.32690393924713135,-0.02776801958680153,0.7300809621810913,0.3695205748081207,-0.01621134765446186,0.7351590394973755,0.3921979069709778,-0.0033818320371210575,Stop
0.7079684734344482,0.5211575031280518,-4.2983475623259437e-07,0.6511419415473938,0.4910486340522766,-0.010148761793971062,0.608284592628479,0.43270909786224365,-0.014550215564668179,0.6157089471817017,0.37288984656333923,-0.022051066160202026,0.655605673789978,0.3707238733768463,-0.02636575512588024,0.6428526639938354,0.36883795261383057,0.010315041057765484,0.629887580871582,0.3262544572353363,-0.013252666220068932,0.6370713710784912,0.3794555068016052,-0.025659281760454178,0.643822431564331,0.39872056245803833,-0.030932096764445305,0.6762862205505371,0.3621812164783478,0.004893759731203318,0.6635293960571289,0.3186812400817871,-0.01925712078809738,0.6679025292396545,0.3828645348548889,-0.021669238805770874,0.6750367879867554,0.4000549614429474,-0.015576736070215702,0.7101146578788757,0.3627912998199463,-0.005804467014968395,0.6995370388031006,0.31938523054122925,-0.029763171449303627,0.6994010210037231,0.3834591209888458,-0.019605295732617378,0.7055496573448181,0.4053708016872406,-0.004250681027770042,0.7465109825134277,0.37185755372047424,-0.018143951892852783,0.7343863844871521,0.3273285925388336,-0.027912111952900887,0.7298229932785034,0.3698732554912567,-0.016449809074401855,0.7349162101745605,0.3922409415245056,-0.003696841886267066,Stop
0.7073846459388733,0.5211454033851624,-4.2600129290804034e-07,0.6516887545585632,0.49191954731941223,-0.011514060199260712,0.6087494492530823,0.43308132886886597,-0.016513822600245476,0.616339921951294,0.3716884255409241,-0.024334309622645378,0.6574011445045471,0.36896416544914246,-0.028920819982886314,0.6439611911773682,0.3695654273033142,0.009152496233582497,0.6309058666229248,0.32685527205467224,-0.014362363144755363,0.6377118229866028,0.3798770308494568,-0.0264736395329237,0.6447469592094421,0.39825236797332764,-0.031646471470594406,0.6770258545875549,0.3623971939086914,0.004318661987781525,0.6643813252449036,0.31875771284103394,-0.01985117234289646,0.668332576751709,0.3827657699584961,-0.02177674137055874,0.6756671667098999,0.3996874988079071,-0.015342991799116135,0.7105263471603394,0.363042414188385,-0.005917043425142765,0.7000951766967773,0.3187803626060486,-0.030313508585095406,0.6996302604675293,0.3829457759857178,-0.02000397816300392,0.7057477831840515,0.40543612837791443,-0.0044279093854129314,0.7467175722122192,0.37237876653671265,-0.01789942756295204,0.7346207499504089,0.3275671899318695,-0.028434308245778084,0.7298023104667664,0.3699723184108734,-0.01740175485610962,0.7346841096878052,0.3929857015609741,-0.004836400505155325,Stop
0.7065653204917908,0.5203418135643005,-4.3349766087885655e-07,0.6515047550201416,0.4916734993457794,-0.011054785922169685,0.6085026860237122,0.4329332411289215,-0.015749843791127205,0.6167418956756592,0.37239041924476624,-0.023248981684446335,0.6576632857322693,0.36926910281181335,-0.027494600042700768,0.6433166265487671,0.3704473674297333,0.008532753214240074,0.630052924156189,0.3272305727005005,-0.014811568893492222,0.6369659304618835,0.38127121329307556,-0.026807671412825584,0.6439273357391357,0.39898642897605896,-0.03214237838983536,0.6768232583999634,0.36343106627464294,0.0034032671246677637,0.6641137003898621,0.3190992772579193,-0.020631013438105583,0.667980968952179,0.38396620750427246,-0.022389991208910942,0.6752721667289734,0.4000456929206848,-0.016068613156676292,0.7106279730796814,0.3639408349990845,-0.007017376832664013,0.7000405192375183,0.31857967376708984,-0.031068574637174606,0.6995301842689514,0.3829914331436157,-0.02037985809147358,0.7060291171073914,0.40410110354423523,-0.0048707472160458565,0.7470334768295288,0.37273576855659485,-0.019165249541401863,0.734814465045929,0.32776790857315063,-0.029694916680455208,0.7298581600189209,0.3704663813114166,-0.018505465239286423,0.734906792640686,0.39288225769996643,-0.005989295430481434,Stop
0.7069504857063293,0.5194488167762756,-4.3003095129279245e-07,0.6504666805267334,0.49009621143341064,-0.010255929082632065,0.6084265112876892,0.43049800395965576,-0.014181059785187244,0.6181058883666992,0.37099000811576843,-0.021054625511169434,0.6580780744552612,0.37119218707084656,-0.024879034608602524,0.6431118249893188,0.3696320354938507,0.01020699180662632,0.630111813545227,0.3273967504501343,-0.012507095001637936,0.6370881795883179,0.3801115155220032,-0.024760976433753967,0.644207775592804,0.3993045389652252,-0.030225533992052078,0.6764891743659973,0.3623519241809845,0.005079732742160559,0.6639542579650879,0.317465603351593,-0.018166469410061836,0.668197751045227,0.38206177949905396,-0.02030368335545063,0.6757123470306396,0.40149229764938354,-0.014186867512762547,0.7104088068008423,0.3631174564361572,-0.005250920075923204,0.7000471949577332,0.31800377368927,-0.028311824426054955,0.6995282769203186,0.3822460174560547,-0.018298836424946785,0.7058186531066895,0.40645501017570496,-0.003249469446018338,0.7470616102218628,0.37263762950897217,-0.01725185662508011,0.7349052429199219,0.32752734422683716,-0.02690691500902176,0.7298169732093811,0.36936232447624207,-0.01596231758594513,0.7346844673156738,0.39246681332588196,-0.0037194467149674892,Stop
0.770308256149292,0.3777657747268677,-3.7901389760008897e-07,0.7128245830535889,0.3515138328075409,-0.010475873947143555,0.6702350974082947,0.2986021935939789,-0.014842459000647068,0.6780458688735962,0.24001479148864746,-0.02228960022330284,0.7177976369857788,0.23234741389751434,-0.02675088308751583,0.6930978894233704,0.23409228026866913,0.011272773146629333,0.682063639163971,0.1946614384651184,-0.011841920204460621,0.6924974918365479,0.24270810186862946,-0.024990636855363846,0.698316216468811,0.26448360085487366,-0.030524801462888718,0.726545512676239,0.22316066920757294,0.0060297767631709576,0.715866208076477,0.18142759799957275,-0.017111480236053467,0.7247125506401062,0.2409977912902832,-0.020707551389932632,0.7300892472267151,0.26170897483825684,-0.015450232662260532,0.760870099067688,0.2217906415462494,-0.0044076889753341675,0.7538349032402039,0.18290795385837555,-0.028262298554182053,0.7576195001602173,0.24424633383750916,-0.02018091268837452,0.7612736225128174,0.2708524465560913,-0.005824740044772625,0.7980191111564636,0.22972573339939117,-0.01635967195034027,0.7897323369979858,0.18764057755470276,-0.026507243514060974,0.7875403165817261,0.22697415947914124,-0.016176629811525345,0.7890462279319763,0.2507694661617279,-0.0039090970531105995,Stop
0.7706918120384216,0.37976014614105225,-3.8592597206843493e-07,0.7139135599136353,0.3544354736804962,-0.011421683244407177,0.6704246997833252,0.29934483766555786,-0.016075266525149345,0.6785869598388672,0.2389172911643982,-0.023591207340359688,0.7192977070808411,0.2288961559534073,-0.027896203100681305,0.6931695342063904,0.2352433204650879,0.01020956039428711,0.6811965703964233,0.1953449547290802,-0.01380463782697916,0.6924476027488708,0.24463461339473724,-0.02712296135723591,0.6992307901382446,0.2654600739479065,-0.03269188478589058,0.7269843816757202,0.22404640913009644,0.005369011778384447,0.7161016464233398,0.18257974088191986,-0.018403807654976845,0.7252789735794067,0.2438446283340454,-0.021362075582146645,0.7312051653862,0.2628975212574005,-0.015607829205691814,0.7614026665687561,0.22264808416366577,-0.004883446730673313,0.7536630630493164,0.18262764811515808,-0.029130933806300163,0.7576814889907837,0.24603597819805145,-0.019732175394892693,0.7621444463729858,0.2714887261390686,-0.004578772000968456,0.7987273931503296,0.22988243401050568,-0.016794616356492043,0.7892816066741943,0.18913304805755615,-0.027156488969922066,0.7871196866035461,0.23068395256996155,-0.016216475516557693,0.7896907925605774,0.25323453545570374,-0.0035333794075995684,Stop
0.7708753347396851,0.3802892863750458,-3.842947080556769e-07,0.7140195965766907,0.3544062674045563,-0.011353656649589539,0.6706047654151917,0.2987692356109619,-0.016072191298007965,0.6784961223602295,0.23833376169204712,-0.02371184341609478,0.7187677621841431,0.2283485233783722,-0.028097713366150856,0.6931305527687073,0.2357012778520584,0.0101748863235116,0.6812159419059753,0.1948823183774948,-0.01397127378731966,0.692752480506897,0.24470384418964386,-0.027221282944083214,0.6995500326156616,0.2656015157699585,-0.03266551345586777,0.726936399936676,0.22450675070285797,0.005298635922372341,0.716060996055603,0.1825372874736786,-0.018605966120958328,0.7253751158714294,0.243839293718338,-0.021557815372943878,0.7313492894172668,0.2627270519733429,-0.01579737290740013,0.7613641619682312,0.22290432453155518,-0.004986303858458996,0.7534538507461548,0.18222734332084656,-0.029200628399848938,0.7575662732124329,0.24560105800628662,-0.01975579746067524,0.7621105313301086,0.2708529233932495,-0.004611262585967779,0.7985892295837402,0.22974562644958496,-0.016931233927607536,0.7891508936882019,0.18880783021450043,-0.027131419628858566,0.7871540188789368,0.23031343519687653,-0.01613079011440277,0.7900218367576599,0.25282591581344604,-0.0034362964797765017,Stop
0.7704640030860901,0.38039252161979675,-3.8436749605352816e-07,0.714401364326477,0.3555963635444641,-0.011777800507843494,0.6712014675140381,0.30351823568344116,-0.017229730263352394,0.6767420172691345,0.2440319061279297,-0.025430526584386826,0.7161847949028015,0.23014861345291138,-0.03023538365960121,0.6924231052398682,0.23518534004688263,0.009440284222364426,0.6811144351959229,0.1952826976776123,-0.014429895207285881,0.6926788091659546,0.24553732573986053,-0.027129627764225006,0.6993114948272705,0.2657090127468109,-0.03226831555366516,0.726253867149353,0.22430108487606049,0.00439300574362278,0.7158806324005127,0.18263058364391327,-0.019515573978424072,0.7250840663909912,0.2437104433774948,-0.022446924820542336,0.7304545044898987,0.261715829372406,-0.016656722873449326,0.7609936594963074,0.22272858023643494,-0.005981619004160166,0.7541399598121643,0.1837662309408188,-0.030626952648162842,0.7581290602684021,0.24645376205444336,-0.02137131802737713,0.761802077293396,0.26978200674057007,-0.006320131942629814,0.7983593940734863,0.23014187812805176,-0.017966413870453835,0.7896000146865845,0.19063904881477356,-0.028432071208953857,0.7877964973449707,0.2321625053882599,-0.017266295850276947,0.7898979187011719,0.2537924349308014,-0.004406358115375042,Stop
0.7695678472518921,0.3824715316295624,-3.9418841879523825e-07,0.713525116443634,0.35524100065231323,-0.011463228613138199,0.6710968017578125,0.30450087785720825,-0.017539547756314278,0.6771879196166992,0.24595323204994202,-0.02649163268506527,0.7178052663803101,0.23072189092636108,-0.03193110227584839,0.6943306922912598,0.23663175106048584,0.008064714260399342,0.6811725497245789,0.19617776572704315,-0.016832659021019936,0.6928842067718506,0.24715693295001984,-0.029982512816786766,0.700295090675354,0.267400324344635,-0.0352017804980278,0.7280746698379517,0.22689072787761688,0.002828632015734911,0.7162247896194458,0.18484720587730408,-0.02169734053313732,0.725602924823761,0.2470160573720932,-0.024452975019812584,0.7317649722099304,0.2648766338825226,-0.018621983006596565,0.7624212503433228,0.22589674592018127,-0.007691101171076298,0.7541555166244507,0.18563759326934814,-0.032688044011592865,0.7579824328422546,0.24916474521160126,-0.022781161591410637,0.7627835273742676,0.273548424243927,-0.007149728946387768,0.799525260925293,0.23344826698303223,-0.019810831174254417,0.7897760272026062,0.19066877663135529,-0.030137022957205772,0.78773432970047,0.23101180791854858,-0.018617846071720123,0.7907677292823792,0.25325289368629456,-0.005455518141388893,Stop
0.7693789005279541,0.38228780031204224,-3.9769429349689744e-07,0.7136282920837402,0.3549283444881439,-0.011130832135677338,0.6713919639587402,0.3048401176929474,-0.01690657064318657,0.6778650283813477,0.24642261862754822,-0.025512462481856346,0.7180145978927612,0.23056703805923462,-0.030564825981855392,0.694371223449707,0.23678448796272278,0.008701806887984276,0.6813887357711792,0.19600969552993774,-0.01585778221487999,0.6931201815605164,0.2475399523973465,-0.028828924521803856,0.7003321647644043,0.2670983076095581,-0.03404473885893822,0.7282067537307739,0.2272038757801056,0.0034434148110449314,0.7163741588592529,0.18415501713752747,-0.020788103342056274,0.7258504033088684,0.2469886690378189,-0.023339582607150078,0.7321734428405762,0.2650506794452667,-0.01738705113530159,0.7626717686653137,0.226286843419075,-0.007068715523928404,0.7540928721427917,0.18479637801647186,-0.031766198575496674,0.7582390308380127,0.248753622174263,-0.0214708112180233,0.7636158466339111,0.27295300364494324,-0.005677239038050175,0.8002185225486755,0.23400673270225525,-0.01915079355239868,0.7900797128677368,0.19111983478069305,-0.029454167932271957,0.7882011532783508,0.23233917355537415,-0.017681116238236427,0.7917510271072388,0.2544030249118805,-0.004347245208919048,Stop
0.7694517374038696,0.38215529918670654,-3.9597901491106313e-07,0.7135543823242188,0.3546368479728699,-0.010914253070950508,0.6714797019958496,0.30528727173805237,-0.016644394025206566,0.6778835654258728,0.24716399610042572,-0.025247879326343536,0.7179253697395325,0.23100203275680542,-0.030332569032907486,0.6943387389183044,0.23699286580085754,0.009103398770093918,0.6813756227493286,0.19655033946037292,-0.015440085902810097,0.6931508183479309,0.24769744277000427,-0.028540167957544327,0.7005240321159363,0.26748794317245483,-0.03379403054714203,0.7281829714775085,0.2273116111755371,0.0037769265472888947,0.7163912057876587,0.18412961065769196,-0.02033006027340889,0.7258955240249634,0.24670234322547913,-0.022990897297859192,0.7323320508003235,0.26508381962776184,-0.01712205447256565,0.7626864910125732,0.22633096575737,-0.006790606305003166,0.7541364431381226,0.18495529890060425,-0.03143523260951042,0.7582911849021912,0.24872934818267822,-0.0212425347417593,0.7637736201286316,0.2731712758541107,-0.005489811766892672,0.8002866506576538,0.23411524295806885,-0.01889500580728054,0.7901278734207153,0.19104060530662537,-0.029097924008965492,0.7882298827171326,0.2321593016386032,-0.01724732108414173,0.7917789220809937,0.25443193316459656,-0.003843619953840971,Stop
0.7713975310325623,0.382483571767807,-3.785353897001187e-07,0.7145469784736633,0.3562750220298767,-0.010983696207404137,0.6716456413269043,0.3026673197746277,-0.016559818759560585,0.6788222193717957,0.2426864206790924,-0.02494090236723423,0.7199368476867676,0.23322653770446777,-0.03025238774716854,0.6949999332427979,0.23767992854118347,0.008524032309651375,0.6825696229934692,0.1968086063861847,-0.015187039971351624,0.6940814852714539,0.24473075568675995,-0.02807570993900299,0.701288640499115,0.2670338749885559,-0.033175863325595856,0.7288236021995544,0.22707977890968323,0.0034964443184435368,0.7170041799545288,0.18499884009361267,-0.019682399928569794,0.7262202501296997,0.24407163262367249,-0.022594241425395012,0.732235848903656,0.2647358775138855,-0.016988610848784447,0.7634377479553223,0.2259967029094696,-0.006621390115469694,0.754906177520752,0.1854792833328247,-0.03044900670647621,0.7585970759391785,0.2468486726284027,-0.021586626768112183,0.7628052234649658,0.27339592576026917,-0.006904923357069492,0.8008583784103394,0.23408204317092896,-0.01823611371219158,0.7907280921936035,0.1922498643398285,-0.028483081609010696,0.7885988354682922,0.2321503758430481,-0.017768561840057373,0.7913324236869812,0.25569987297058105,-0.0052686333656311035,Stop
0.7713660001754761,0.3825070858001709,-3.79477199885514e-07,0.714185357093811,0.3561190366744995,-0.011559548787772655,0.6712000966072083,0.30208563804626465,-0.01698385179042816,0.6786430478096008,0.24196970462799072,-0.025177987292408943,0.7197886109352112,0.23383013904094696,-0.030159302055835724,0.694707989692688,0.23776039481163025,0.009224483743309975,0.6830171346664429,0.19701680541038513,-0.014086419716477394,0.6943833827972412,0.24603645503520966,-0.02658761665225029,0.7006174325942993,0.26691383123397827,-0.03167067468166351,0.7285168170928955,0.22695301473140717,0.004460472613573074,0.7171934843063354,0.1849433183670044,-0.018832964822649956,0.7264241576194763,0.24513205885887146,-0.02159024216234684,0.7320159077644348,0.2648823857307434,-0.015801630914211273,0.7631807923316956,0.22580185532569885,-0.005532436538487673,0.755123496055603,0.18520277738571167,-0.02942650206387043,0.7589191198348999,0.24717989563941956,-0.02045225165784359,0.762893557548523,0.27285900712013245,-0.005640413612127304,0.8006899356842041,0.2336534708738327,-0.017109079286456108,0.7910367250442505,0.19219088554382324,-0.027226904407143593,0.7891571521759033,0.23221656680107117,-0.016533130779862404,0.7919389605522156,0.2549035847187042,-0.004067141562700272,Stop
0.7714264988899231,0.3847602605819702,-3.8632916243841464e-07,0.7143402099609375,0.3594355583190918,-0.012000557966530323,0.6709412932395935,0.30498334765434265,-0.017208445817232132,0.6770433783531189,0.24380528926849365,-0.02514476701617241,0.7178024649620056,0.23276756703853607,-0.029718711972236633,0.6946281790733337,0.2375362366437912,0.009471717290580273,0.6828967332839966,0.19779466092586517,-0.014839998446404934,0.6941514015197754,0.2472350001335144,-0.027694744989275932,0.7015059590339661,0.2683940529823303,-0.032657645642757416,0.7287667393684387,0.2270652949810028,0.004602479748427868,0.7177647948265076,0.1855553388595581,-0.019882895052433014,0.7265805602073669,0.2466917634010315,-0.02295367419719696,0.732546329498291,0.26569581031799316,-0.0169005636125803,0.7634435296058655,0.2259169965982437,-0.005679060705006123,0.7562321424484253,0.18781232833862305,-0.031016144901514053,0.7597755193710327,0.25041061639785767,-0.022223791107535362,0.7637375593185425,0.27483218908309937,-0.007024321239441633,0.8008249998092651,0.2337268441915512,-0.017569996416568756,0.7920225858688354,0.19266891479492188,-0.02839655987918377,0.7897843718528748,0.23370592296123505,-0.01757018454372883,0.7918962240219116,0.2565668821334839,-0.0047226157039403915,Stop
0.7712899446487427,0.38502827286720276,-3.7975553368596593e-07,0.7143905162811279,0.35874760150909424,-0.011953265406191349,0.6714795827865601,0.30421507358551025,-0.017535241320729256,0.6779590249061584,0.24356456100940704,-0.02581067755818367,0.718624472618103,0.2335478961467743,-0.03072444535791874,0.6948944330215454,0.23846940696239471,0.008357267826795578,0.6828811168670654,0.1973564624786377,-0.01614031381905079,0.6945157647132874,0.2469625473022461,-0.028964195400476456,0.7018606066703796,0.2680661976337433,-0.03392903879284859,0.7290744185447693,0.22798487544059753,0.0034057858865708113,0.7178316712379456,0.18525561690330505,-0.02110552228987217,0.7268478870391846,0.24614983797073364,-0.02398843504488468,0.7328583002090454,0.26505374908447266,-0.017954329028725624,0.7637743949890137,0.2268892228603363,-0.006872605998069048,0.7561436295509338,0.18708664178848267,-0.0319712869822979,0.7599543333053589,0.2493951916694641,-0.02280389331281185,0.7641597390174866,0.27385619282722473,-0.007560463156551123,0.8011062741279602,0.23463574051856995,-0.01876670867204666,0.7922617197036743,0.19274313747882843,-0.029577160254120827,0.7902072072029114,0.2337075173854828,-0.018640564754605293,0.7926483154296875,0.25669074058532715,-0.005811119452118874,Stop
0.7715067267417908,0.3854323625564575,-3.940909891753108e-07,0.7152222394943237,0.3580085337162018,-0.011764985509216785,0.6720671653747559,0.30443695187568665,-0.016950905323028564,0.6790614128112793,0.2446383237838745,-0.024914121255278587,0.7202934622764587,0.23315678536891937,-0.029397010803222656,0.695667564868927,0.2387283593416214,0.009504848159849644,0.6840515732765198,0.19782936573028564,-0.013953190296888351,0.6948093771934509,0.24920442700386047,-0.025727486237883568,0.7009546160697937,0.2683509588241577,-0.030320843681693077,0.7294833064079285,0.22838784754276276,0.004678585100919008,0.7181198000907898,0.18565097451210022,-0.019135914742946625,0.7268129587173462,0.2480841875076294,-0.021217303350567818,0.7325332164764404,0.2654401659965515,-0.014806869439780712,0.7642270922660828,0.2271905243396759,-0.005510055460035801,0.7562351226806641,0.1870879828929901,-0.030495287850499153,0.7596775889396667,0.2508390247821808,-0.020879657939076424,0.7638709545135498,0.2745344340801239,-0.0053581674583256245,0.8017546534538269,0.23474831879138947,-0.017279433086514473,0.7921751737594604,0.19259966909885406,-0.028079839423298836,0.7904141545295715,0.23423297703266144,-0.016939429566264153,0.79352867603302,0.2566846013069153,-0.003957689739763737,Stop
0.7719704508781433,0.3853849172592163,-3.9596568512934027e-07,0.7152915596961975,0.35799479484558105,-0.011414392851293087,0.6721956729888916,0.30447763204574585,-0.01641203835606575,0.6797061562538147,0.2447471171617508,-0.02421947754919529,0.7206011414527893,0.23319005966186523,-0.028599316254258156,0.6956242322921753,0.23886823654174805,0.009789901785552502,0.6840735673904419,0.19803428649902344,-0.01371659617871046,0.6953129172325134,0.2495417594909668,-0.02578056789934635,0.7012187838554382,0.26894062757492065,-0.030571600422263145,0.7295564413070679,0.22839394211769104,0.004853922873735428,0.7182787656784058,0.18557006120681763,-0.018606100231409073,0.7274758815765381,0.24801868200302124,-0.02072776108980179,0.7328746318817139,0.2656134068965912,-0.014478450641036034,0.7643791437149048,0.22711162269115448,-0.005424649454653263,0.7562536597251892,0.18667490780353546,-0.029817821457982063,0.7602957487106323,0.25028252601623535,-0.01999695785343647,0.7644473314285278,0.27395951747894287,-0.004569659009575844,0.8020577430725098,0.23463967442512512,-0.01728075183928013,0.7922205328941345,0.19243007898330688,-0.02757282555103302,0.7908779978752136,0.2343817502260208,-0.016123110428452492,0.7940556406974792,0.2567570209503174,-0.003069288795813918,Stop
0.7719183564186096,0.3871051073074341,-3.90356063917352e-07,0.715483546257019,0.36133378744125366,-0.013189463876187801,0.671329140663147,0.30561184883117676,-0.018647965043783188,0.679100513458252,0.2451401948928833,-0.026552656665444374,0.7207014560699463,0.23654505610466003,-0.030743779614567757,0.6951785683631897,0.2379041165113449,0.008772552013397217,0.684322714805603,0.19897273182868958,-0.015115161426365376,0.6947458982467651,0.2512504458427429,-0.02704685926437378,0.700152575969696,0.2681923806667328,-0.03202580660581589,0.7292007207870483,0.227850079536438,0.004298111889511347,0.7186214923858643,0.18730229139328003,-0.02033730410039425,0.7270574569702148,0.2509457767009735,-0.022459549829363823,0.7320295572280884,0.2652788758277893,-0.0159457977861166,0.7638990879058838,0.22725850343704224,-0.005784372333437204,0.7569558620452881,0.18906733393669128,-0.031206129118800163,0.7603179812431335,0.2532222867012024,-0.02131602354347706,0.7642164826393127,0.27340593934059143,-0.005633673630654812,0.8010345697402954,0.2350378781557083,-0.017672812566161156,0.7925344109535217,0.1946849226951599,-0.028609076514840126,0.7906667590141296,0.23667208850383759,-0.01746201701462269,0.7936437129974365,0.25694558024406433,-0.004515874665230513,Stop
0.7718084454536438,0.3866986930370331,-3.9535748896923906e-07,0.7155590653419495,0.36117833852767944,-0.01340994331985712,0.6714035868644714,0.30523765087127686,-0.0189700648188591,0.6795467734336853,0.24442894756793976,-0.02689635567367077,0.7212929725646973,0.23615388572216034,-0.030965715646743774,0.6950434446334839,0.2377023696899414,0.008565428666770458,0.6842287182807922,0.19864033162593842,-0.015869533643126488,0.695094645023346,0.2521122694015503,-0.028125733137130737,0.7003563046455383,0.26846033334732056,-0.033333420753479004,0.7291707396507263,0.22779756784439087,0.004162273369729519,0.7185719013214111,0.187387153506279,-0.021028699353337288,0.7274397611618042,0.2520853281021118,-0.023202011361718178,0.7322638630867004,0.2656378448009491,-0.016660165041685104,0.7638920545578003,0.22711963951587677,-0.005915546324104071,0.7568959593772888,0.1884233057498932,-0.03162439167499542,0.7606431841850281,0.25350990891456604,-0.021429551765322685,0.7645097374916077,0.2730884850025177,-0.005539960227906704,0.8010566234588623,0.23453277349472046,-0.017848394811153412,0.7927206754684448,0.19466686248779297,-0.028960520401597023,0.791239857673645,0.23747849464416504,-0.017766078934073448,0.7943587303161621,0.2571713626384735,-0.0047704679891467094,Stop
0.772853434085846,0.3874956965446472,-3.846094500659092e-07,0.7168927788734436,0.36326250433921814,-0.013063602149486542,0.6728389263153076,0.3066011071205139,-0.0186381284147501,0.6797976493835449,0.24533027410507202,-0.026592379435896873,0.7216225266456604,0.23472921550273895,-0.030912678688764572,0.6954693794250488,0.23988258838653564,0.007273042108863592,0.6844612956047058,0.19890624284744263,-0.016660457476973534,0.6956824064254761,0.24952301383018494,-0.028606904670596123,0.7017854452133179,0.26844561100006104,-0.0333397276699543,0.7294793128967285,0.229331374168396,0.002912049414590001,0.7187649607658386,0.18736299872398376,-0.02123739756643772,0.7273738980293274,0.24890989065170288,-0.02330455183982849,0.7321133613586426,0.26522788405418396,-0.016898004338145256,0.7642077803611755,0.2282128930091858,-0.006867473479360342,0.7571668028831482,0.1896144598722458,-0.03206450119614601,0.7607136368751526,0.2526087760925293,-0.022768357768654823,0.7640090584754944,0.2747955918312073,-0.007583527825772762,0.8015188574790955,0.23552106320858002,-0.018353240564465523,0.7928440570831299,0.19598829746246338,-0.02959541603922844,0.7910356521606445,0.23698148131370544,-0.019050510600209236,0.7932727336883545,0.2583492398262024,-0.006535856518894434,Stop
0.7731732130050659,0.3862932622432709,-3.991434880390443e-07,0.7175843715667725,0.3612961769104004,-0.012159793637692928,0.6738304495811462,0.3048440217971802,-0.017622685059905052,0.6813377141952515,0.24372848868370056,-0.025635166093707085,0.7236253023147583,0.23624373972415924,-0.030135367065668106,0.6977835297584534,0.2395840883255005,0.006907718256115913,0.6856391429901123,0.19763171672821045,-0.017476791515946388,0.6967127323150635,0.24889838695526123,-0.029973067343235016,0.7033399939537048,0.2676181197166443,-0.03516736999154091,0.7317793965339661,0.22997678816318512,0.002370784990489483,0.7207537293434143,0.18793699145317078,-0.021969076246023178,0.7287423014640808,0.25028595328330994,-0.024042678996920586,0.7338719964027405,0.2667612135410309,-0.017827214673161507,0.7659305334091187,0.22922363877296448,-0.0074605271220207214,0.758882462978363,0.1892944574356079,-0.032073818147182465,0.7613778710365295,0.25362348556518555,-0.02226247452199459,0.764947772026062,0.27738386392593384,-0.006988826673477888,0.8025007843971252,0.23659321665763855,-0.01900552399456501,0.7936283349990845,0.19689372181892395,-0.029597468674182892,0.7908253073692322,0.2386004775762558,-0.018999846652150154,0.7932063937187195,0.26050740480422974,-0.006677326280623674,Stop
0.7739207744598389,0.3868871331214905,-3.9899919102026615e-07,0.7180232405662537,0.3625766932964325,-0.01287008635699749,0.6733429431915283,0.3052396774291992,-0.01817801408469677,0.6809476613998413,0.24339614808559418,-0.025935204699635506,0.723447859287262,0.23687197268009186,-0.030054165050387383,0.6977246403694153,0.23987478017807007,0.007388943340629339,0.6855983138084412,0.19824013113975525,-0.01673511229455471,0.6967931985855103,0.2497682273387909,-0.0290287546813488,0.7032191753387451,0.2677716314792633,-0.03421411290764809,0.7317920923233032,0.22981250286102295,0.003192085539922118,0.720921516418457,0.18764331936836243,-0.021037276834249496,0.7290947437286377,0.2504764497280121,-0.022834619507193565,0.7339781522750854,0.26652011275291443,-0.01639789715409279,0.7660775780677795,0.22902050614356995,-0.006474579684436321,0.759103000164032,0.1888597458600998,-0.031304288655519485,0.7617231011390686,0.2534599304199219,-0.021363014355301857,0.7652289867401123,0.27689507603645325,-0.005901143420487642,0.8027822375297546,0.236246258020401,-0.0179340448230505,0.7940047979354858,0.19578471779823303,-0.02877306006848812,0.7913960218429565,0.23744535446166992,-0.018155939877033234,0.7937857508659363,0.2593660354614258,-0.005765432957559824,Stop
0.7740915417671204,0.38662540912628174,-3.9732793766233954e-07,0.7180330753326416,0.3624662458896637,-0.012979230843484402,0.67351895570755,0.3054877519607544,-0.01830439083278179,0.6812313199043274,0.2436002641916275,-0.026009447872638702,0.7234109044075012,0.23633424937725067,-0.030042147263884544,0.6975213885307312,0.24019335210323334,0.007126383949071169,0.6856286525726318,0.19813081622123718,-0.01694267801940441,0.6969970464706421,0.24984946846961975,-0.029216140508651733,0.703257143497467,0.2677817940711975,-0.03443685546517372,0.7316405177116394,0.230118528008461,0.0029913638718426228,0.7210476994514465,0.1875467300415039,-0.021220613270998,0.7292537093162537,0.2505815029144287,-0.023059284314513206,0.7339394688606262,0.26667535305023193,-0.01671157032251358,0.7659119963645935,0.22922813892364502,-0.0065887016244232655,0.759281575679779,0.18864503502845764,-0.03134807571768761,0.7619703412055969,0.2531472444534302,-0.021395182237029076,0.7654345631599426,0.2764444053173065,-0.006011909805238247,0.8025684952735901,0.23630180954933167,-0.01796860806643963,0.7942396402359009,0.19579347968101501,-0.028864607214927673,0.7917571067810059,0.23748941719532013,-0.018275339156389236,0.7941731214523315,0.2592523992061615,-0.005931084975600243,Stop
0.7741317749023438,0.38829129934310913,-4.0273613421959453e-07,0.7179779410362244,0.3602561354637146,-0.012086966075003147,0.6748336553573608,0.3047921359539032,-0.01754329353570938,0.6818076372146606,0.2443288266658783,-0.025817211717367172,0.7230443358421326,0.23598115146160126,-0.030476776883006096,0.7002468705177307,0.2376037985086441,0.009884793311357498,0.6886652708053589,0.1974475085735321,-0.01485209260135889,0.6994061470031738,0.24927331507205963,-0.027549147605895996,0.705995500087738,0.2677736282348633,-0.03256969526410103,0.7343569397926331,0.22886964678764343,0.005059963557869196,0.7229954600334167,0.18899182975292206,-0.019891992211341858,0.7310205698013306,0.2519976794719696,-0.022528229281306267,0.7366030812263489,0.26691514253616333,-0.016322005540132523,0.7687522172927856,0.2285700887441635,-0.005362376570701599,0.7607300281524658,0.1900140941143036,-0.03102014772593975,0.7632580995559692,0.254202276468277,-0.021652990952134132,0.767450749874115,0.2756682336330414,-0.006131959613412619,0.8057236671447754,0.23657968640327454,-0.01745474711060524,0.7960743308067322,0.19598037004470825,-0.028002172708511353,0.7929099798202515,0.23821544647216797,-0.01698385924100876,0.7956039309501648,0.2596549987792969,-0.004087044391781092,Stop
0.7740480303764343,0.38787609338760376,-3.887653292622417e-07,0.7170079350471497,0.36019036173820496,-0.011746570467948914,0.6736147999763489,0.3056313097476959,-0.016931679099798203,0.6814263463020325,0.24549314379692078,-0.024890858680009842,0.7224522829055786,0.23733170330524445,-0.029459472745656967,0.6985109448432922,0.2381816953420639,0.010192402638494968,0.6870779991149902,0.19874489307403564,-0.01382917258888483,0.6980504393577576,0.24955551326274872,-0.026211202144622803,0.7046852111816406,0.2687844932079315,-0.031086204573512077,0.7328742146492004,0.22870801389217377,0.005060011520981789,0.7220715284347534,0.18726986646652222,-0.019494131207466125,0.7305684089660645,0.24948398768901825,-0.022365422919392586,0.73580402135849,0.2661595940589905,-0.01625225320458412,0.7678804993629456,0.2281547337770462,-0.005511202849447727,0.7600919008255005,0.18912234902381897,-0.031044570729136467,0.7638614773750305,0.25259390473365784,-0.021733706817030907,0.76814204454422,0.27416732907295227,-0.006224417593330145,0.8055903911590576,0.23656035959720612,-0.017662493512034416,0.7962650060653687,0.19470953941345215,-0.02848239429295063,0.7945911884307861,0.23711195588111877,-0.01704573631286621,0.7978363633155823,0.25866755843162537,-0.0037730662152171135,Stop
0.7738633751869202,0.3903994858264923,-3.9213389868564263e-07,0.7172046899795532,0.3637579381465912,-0.012369110248982906,0.6734161972999573,0.3071235716342926,-0.017465518787503242,0.6816208362579346,0.24678969383239746,-0.02514786273241043,0.7237370610237122,0.2389346957206726,-0.029258063063025475,0.6988316178321838,0.2412828505039215,0.008549231104552746,0.6867337822914124,0.1992672085762024,-0.014833359979093075,0.6972984671592712,0.25131604075431824,-0.02689584530889988,0.7038841247558594,0.26966384053230286,-0.03201184794306755,0.7330719232559204,0.23138682544231415,0.0039951191283762455,0.7221460938453674,0.1880224347114563,-0.01964137889444828,0.7296731472015381,0.2509040832519531,-0.021773945540189743,0.7349870204925537,0.2676311135292053,-0.015575320459902287,0.7676663398742676,0.2308923900127411,-0.005933794192969799,0.7601171731948853,0.1903286576271057,-0.03034026362001896,0.7627431154251099,0.2548322379589081,-0.02063589356839657,0.7670969367027283,0.2785091996192932,-0.005290912464261055,0.8048193454742432,0.2387031465768814,-0.017602091655135155,0.7957663536071777,0.19664597511291504,-0.028258124366402626,0.793405294418335,0.23855872452259064,-0.017371801659464836,0.7967358827590942,0.26108962297439575,-0.004699963144958019,Stop
0.7742814421653748,0.39072078466415405,-3.9579262534061854e-07,0.7180029153823853,0.3632959723472595,-0.01279758382588625,0.6745310425758362,0.3077886700630188,-0.018484506756067276,0.6824434399604797,0.24730350077152252,-0.02669442631304264,0.7246426343917847,0.23709017038345337,-0.031136242672801018,0.6988407969474792,0.2405509352684021,0.008218291215598583,0.6872718334197998,0.19812864065170288,-0.015682578086853027,0.6980428099632263,0.2513366639614105,-0.02774973213672638,0.7042474746704102,0.2694360911846161,-0.032759398221969604,0.7332928776741028,0.23111939430236816,0.003702402813360095,0.7223187685012817,0.18799956142902374,-0.020481055602431297,0.7303263545036316,0.2517063319683075,-0.022561095654964447,0.7355508804321289,0.2677641808986664,-0.016237027943134308,0.7680143713951111,0.23070989549160004,-0.006273095495998859,0.7603714466094971,0.19015860557556152,-0.03108326904475689,0.7633234262466431,0.2549925446510315,-0.021083347499370575,0.7676087021827698,0.27787959575653076,-0.005493218544870615,0.8052499890327454,0.2385995239019394,-0.018015872687101364,0.7959693670272827,0.19696561992168427,-0.02872670255601406,0.7935124039649963,0.23952849209308624,-0.01758892834186554,0.7967133522033691,0.2617849111557007,-0.0046922978945076466,Stop
0.7726671695709229,0.393680214881897,-3.775324444177386e-07,0.7169489860534668,0.36599141359329224,-0.011961343698203564,0.6741142272949219,0.31116238236427307,-0.017552493140101433,0.68015056848526,0.25051671266555786,-0.02594606950879097,0.7206521034240723,0.24113741517066956,-0.03093118779361248,0.6971357464790344,0.24497836828231812,0.008831053040921688,0.6849914789199829,0.2027527391910553,-0.014845223166048527,0.6963358521461487,0.25146231055259705,-0.027093565091490746,0.7036292552947998,0.2721463739871979,-0.03186189383268356,0.7311915755271912,0.2341204732656479,0.00394465122371912,0.7205221652984619,0.18984036147594452,-0.019922930747270584,0.7288820147514343,0.2500833570957184,-0.022487103939056396,0.7344088554382324,0.26847323775291443,-0.01635529100894928,0.7662971615791321,0.23307940363883972,-0.006243396084755659,0.7595078945159912,0.19289085268974304,-0.030993016436696053,0.7622409462928772,0.2549811899662018,-0.021982984617352486,0.7660394906997681,0.2788723111152649,-0.006858079228550196,0.8039470911026001,0.24126796424388885,-0.018061455339193344,0.7961748242378235,0.1987263560295105,-0.0284029021859169,0.7928134202957153,0.238536536693573,-0.017531489953398705,0.7946431636810303,0.2613079845905304,-0.004833383020013571,Stop
0.5725567936897278,0.5221713781356812,-4.994551545678405e-07,0.5356371402740479,0.5824941992759705,-0.011996434070169926,0.48215439915657043,0.6183555722236633,-0.018920263275504112,0.44281572103500366,0.5938035249710083,-0.02898353338241577,0.4364485442638397,0.539757490158081,-0.034590356051921844,0.44067618250846863,0.5373339056968689,0.005978022702038288,0.4025493860244751,0.5494452118873596,-0.02321344055235386,0.44596487283706665,0.5641680359840393,-0.03641176596283913,0.461611807346344,0.5530750751495361,-0.04116348177194595,0.44812196493148804,0.49588122963905334,0.0001472326839575544,0.40891575813293457,0.5062339901924133,-0.030178628861904144,0.46073660254478455,0.5280241370201111,-0.03103804960846901,0.4738105535507202,0.5122011303901672,-0.022369004786014557,0.4588871896266937,0.45454519987106323,-0.011606508865952492,0.42098215222358704,0.4634277820587158,-0.04051204398274422,0.47134169936180115,0.48941677808761597,-0.026036102324724197,0.48696404695510864,0.47499147057533264,-0.006939311511814594,0.4766235947608948,0.4095306396484375,-0.025387659668922424,0.4400377571582794,0.4169017970561981,-0.03940201923251152,0.4713035523891449,0.44357728958129883,-0.026869148015975952,0.4876420199871063,0.43828269839286804,-0.012232102453708649,Stop
0.5752294659614563,0.537975549697876,-4.972898750565946e-07,0.5378046631813049,0.5965183973312378,-0.011890782043337822,0.4840119183063507,0.6318003535270691,-0.02007916197180748,0.44559934735298157,0.6089035272598267,-0.03119894675910473,0.44192707538604736,0.5568962693214417,-0.037888314574956894,0.4400949776172638,0.546904444694519,0.0023064124397933483,0.4033241868019104,0.5597721338272095,-0.02763436920940876,0.4467918574810028,0.5753583908081055,-0.0411754734814167,0.46343421936035156,0.5652134418487549,-0.04616851359605789,0.44959884881973267,0.5056246519088745,-0.003923626150935888,0.4110582172870636,0.5185202360153198,-0.03459367901086807,0.46420159935951233,0.5411087870597839,-0.034641019999980927,0.4784247577190399,0.5247271060943604,-0.02545047737658024,0.4622482657432556,0.4641592800617218,-0.01590205356478691,0.4251779019832611,0.47602295875549316,-0.04459282010793686,0.4757396876811981,0.5020800828933716,-0.029403632506728172,0.491380900144577,0.4864855110645294,-0.009952533058822155,0.4820862412452698,0.41958898305892944,-0.029863756150007248,0.4450305998325348,0.4277339577674866,-0.04365280643105507,0.47541752457618713,0.454617977142334,-0.030657416209578514,0.4917745888233185,0.4487234354019165,-0.015710124745965004,Stop
0.5740308165550232,0.5390563607215881,-4.950636025569111e-07,0.5368492007255554,0.5971349477767944,-0.012165638618171215,0.4833052158355713,0.6317360997200012,-0.020478904247283936,0.44617271423339844,0.6080965399742126,-0.03169778734445572,0.44272473454475403,0.5575987696647644,-0.03864593058824539,0.4410749673843384,0.5457611680030823,0.0012581337941810489,0.4034563899040222,0.5581761598587036,-0.029275326058268547,0.4459279775619507,0.5751895904541016,-0.0436687096953392,0.4628458619117737,0.567248523235321,-0.0491996593773365,0.4508739411830902,0.5051957964897156,-0.004747227765619755,0.41136202216148376,0.5172934532165527,-0.03604402020573616,0.46327394247055054,0.5410662889480591,-0.03732161968946457,0.47841209173202515,0.5263357758522034,-0.029212720692157745,0.46361926198005676,0.4642084538936615,-0.016397319734096527,0.4242245852947235,0.47453242540359497,-0.04569825157523155,0.47472625970840454,0.5018163323402405,-0.031028185039758682,0.4920758306980133,0.48750606179237366,-0.012053187936544418,0.48327985405921936,0.4201336205005646,-0.030016083270311356,0.44574373960494995,0.4263230860233307,-0.044758766889572144,0.47575056552886963,0.45380479097366333,-0.03240535780787468,0.49245384335517883,0.44841843843460083,-0.01794896088540554,Stop
0.5739108324050903,0.5383414030075073,-4.852307142755308e-07,0.5368490815162659,0.5970131158828735,-0.01266397349536419,0.48437047004699707,0.6324422955513,-0.02118687890470028,0.4475080966949463,0.6101719737052917,-0.03253019228577614,0.44386205077171326,0.5600183010101318,-0.039461035281419754,0.4415166676044464,0.546582818031311,0.0016726551111787558,0.40391892194747925,0.559277355670929,-0.02884984202682972,0.44620281457901,0.5759286284446716,-0.04348347336053848,0.4628048539161682,0.5670312643051147,-0.04926425218582153,0.4513183534145355,0.5056432485580444,-0.004119597375392914,0.41154229640960693,0.517865777015686,-0.03546487167477608,0.4630059003829956,0.541867733001709,-0.03712449595332146,0.4782179594039917,0.5267629027366638,-0.029324691742658615,0.4640703499317169,0.4643038213253021,-0.015658250078558922,0.42445722222328186,0.47427576780319214,-0.045202262699604034,0.47449177503585815,0.5022129416465759,-0.030926965177059174,0.49221527576446533,0.487962007522583,-0.012098504230380058,0.4837772250175476,0.4198882281780243,-0.02920330874621868,0.4460141658782959,0.42566168308258057,-0.044043391942977905,0.4753700792789459,0.45368579030036926,-0.03193821385502815,0.4922434389591217,0.4486638009548187,-0.01761164516210556,Stop
0.5753693580627441,0.5407731533050537,-4.779367372975685e-07,0.537881076335907,0.5993189215660095,-0.012825872749090195,0.4845948815345764,0.6331776976585388,-0.021086204797029495,0.4477347433567047,0.6098319292068481,-0.03237109258770943,0.44335827231407166,0.5580906271934509,-0.03913266584277153,0.4397236704826355,0.5490926504135132,0.004399398807436228,0.4051402509212494,0.563625156879425,-0.026186885312199593,0.4476742148399353,0.5810451507568359,-0.04048217460513115,0.4630906879901886,0.5700731873512268,-0.04586874321103096,0.4489304721355438,0.5077142715454102,-0.0016481614438816905,0.41115739941596985,0.5211599469184875,-0.033149927854537964,0.46288666129112244,0.5461328625679016,-0.03416123986244202,0.4765339195728302,0.5280662178993225,-0.025386836379766464,0.46190038323402405,0.46591976284980774,-0.013803171925246716,0.4251854419708252,0.47734466195106506,-0.043942179530858994,0.4750185012817383,0.5060103535652161,-0.02950580045580864,0.4908846616744995,0.48975494503974915,-0.010014358907938004,0.4823709726333618,0.4210834503173828,-0.028043290600180626,0.4453077018260956,0.42701929807662964,-0.042717643082141876,0.47452661395072937,0.4556117057800293,-0.030192501842975616,0.49108025431632996,0.44995182752609253,-0.015268005430698395,Stop
0.5756604671478271,0.5413360595703125,-4.979228833690286e-07,0.5384947061538696,0.5988755226135254,-0.012031035497784615,0.4843291938304901,0.631788432598114,-0.01959991455078125,0.4464890658855438,0.6081398725509644,-0.030322644859552383,0.441965788602829,0.5557728409767151,-0.03642192482948303,0.4404791593551636,0.545461118221283,0.004990797955542803,0.40440014004707336,0.5583786368370056,-0.02535347081720829,0.44800809025764465,0.5772931575775146,-0.03936082497239113,0.4638301432132721,0.5667405724525452,-0.044548433274030685,0.45022130012512207,0.5053073763847351,-0.0012488149804994464,0.4124269485473633,0.5171834230422974,-0.03299897909164429,0.4647628664970398,0.5425939559936523,-0.033823516219854355,0.47852909564971924,0.5247124433517456,-0.02476418949663639,0.46303126215934753,0.4649273455142975,-0.013532431796193123,0.4256962537765503,0.4758480489253998,-0.04343300685286522,0.4758667051792145,0.5050996541976929,-0.028670422732830048,0.49175283312797546,0.4890475273132324,-0.00894220545887947,0.482924222946167,0.42127716541290283,-0.02788580022752285,0.44530418515205383,0.427676796913147,-0.042342767119407654,0.47504618763923645,0.45658284425735474,-0.029790323227643967,0.49186980724334717,0.4511389434337616,-0.014852556400001049,Stop
0.5748338103294373,0.5414797067642212,-4.968730422660883e-07,0.5374060273170471,0.5983690023422241,-0.012096550315618515,0.48421478271484375,0.632867693901062,-0.02026200108230114,0.44780462980270386,0.6121760010719299,-0.031364805996418,0.44214916229248047,0.5634715557098389,-0.03760465607047081,0.44003480672836304,0.544001579284668,0.0025715231895446777,0.40349864959716797,0.5570328235626221,-0.028229201212525368,0.4476155936717987,0.5750308036804199,-0.04267692193388939,0.4617767632007599,0.5650538206100464,-0.04839944466948509,0.45107632875442505,0.5048317909240723,-0.0035332266706973314,0.41285932064056396,0.5177724957466125,-0.03549985960125923,0.46501579880714417,0.542639434337616,-0.03650620952248573,0.47726303339004517,0.525922954082489,-0.028167912736535072,0.4637402296066284,0.4652048349380493,-0.01549726352095604,0.4258536994457245,0.4760921001434326,-0.04488776996731758,0.4760590195655823,0.5048193335533142,-0.029454676434397697,0.4911029040813446,0.48948991298675537,-0.009969538077712059,0.482715368270874,0.42212772369384766,-0.02955353446304798,0.44557082653045654,0.4275844693183899,-0.0434163473546505,0.4754749536514282,0.45668232440948486,-0.030241219326853752,0.49131786823272705,0.4519432783126831,-0.015238720923662186,Stop
0.5746010541915894,0.5408374667167664,-4.92913898142433e-07,0.5369190573692322,0.5983318090438843,-0.012836047448217869,0.48445573449134827,0.633140504360199,-0.02159230224788189,0.4477955400943756,0.6133965849876404,-0.033173542469739914,0.44194748997688293,0.5645405054092407,-0.03968975320458412,0.439511775970459,0.544240415096283,0.0023675980046391487,0.4032793343067169,0.5581433773040771,-0.028813781216740608,0.4476475119590759,0.5753456354141235,-0.04353881627321243,0.46139615774154663,0.5645896792411804,-0.049454595893621445,0.4504719078540802,0.5049333572387695,-0.0034443133044987917,0.4128637909889221,0.5185279846191406,-0.03559901937842369,0.46520599722862244,0.54278963804245,-0.036665577441453934,0.47670966386795044,0.5255828499794006,-0.028423363342881203,0.46312615275382996,0.46500998735427856,-0.015239959582686424,0.4255119562149048,0.47630181908607483,-0.0446939617395401,0.47574400901794434,0.5046716928482056,-0.029170705005526543,0.4901982247829437,0.48869726061820984,-0.009680560790002346,0.4822380244731903,0.4218399226665497,-0.02923666313290596,0.4456205368041992,0.4279405474662781,-0.043020572513341904,0.4754143953323364,0.4569332003593445,-0.02987184002995491,0.4908410310745239,0.45155853033065796,-0.014921335503458977,Stop
0.577278196811676,0.5422899723052979,-4.850359118790948e-07,0.5388078689575195,0.5995182394981384,-0.011119301430881023,0.48585569858551025,0.6319237947463989,-0.019453952088952065,0.4481481909751892,0.6134705543518066,-0.03144798055291176,0.44188714027404785,0.5675660371780396,-0.03894231095910072,0.4412793517112732,0.5446907877922058,0.00639015156775713,0.4024338126182556,0.5572500228881836,-0.02453240379691124,0.44244691729545593,0.572478711605072,-0.03999378904700279,0.46226707100868225,0.5636399984359741,-0.04541514068841934,0.45112675428390503,0.5055251717567444,-2.3558437533210963e-05,0.4115016758441925,0.5189306139945984,-0.030581695958971977,0.46137166023254395,0.5428401231765747,-0.032797761261463165,0.47792157530784607,0.5276824235916138,-0.024982383474707603,0.4637979567050934,0.46532073616981506,-0.012421180494129658,0.4253718852996826,0.4772421419620514,-0.04062672704458237,0.47340553998947144,0.5053164958953857,-0.026889827102422714,0.49176180362701416,0.4914200007915497,-0.008226646110415459,0.4836168885231018,0.4222537875175476,-0.026839150115847588,0.4453238248825073,0.42755216360092163,-0.0397183857858181,0.4729532301425934,0.45640257000923157,-0.02703823149204254,0.49069944024086,0.4530275762081146,-0.012231012806296349,Stop
0.5785035490989685,0.5425339937210083,-4.987865054317808e-07,0.5387194156646729,0.5995665788650513,-0.010246694087982178,0.4855886399745941,0.6314640641212463,-0.01841657981276512,0.4478405714035034,0.6137000322341919,-0.030509142205119133,0.44060784578323364,0.5681621432304382,-0.038123149424791336,0.44110384583473206,0.5433592200279236,0.007248690817505121,0.4019150137901306,0.5567472577095032,-0.024336131289601326,0.4428045451641083,0.5727393627166748,-0.04037518426775932,0.4624061584472656,0.5640733242034912,-0.04612251743674278,0.4510509669780731,0.5046132802963257,0.00024994544219225645,0.4110473692417145,0.5181854963302612,-0.030942004173994064,0.46130818128585815,0.5426998138427734,-0.03360253572463989,0.47715845704078674,0.5278662443161011,-0.026033451780676842,0.4637332856655121,0.46465787291526794,-0.01269510667771101,0.424950510263443,0.4765699803829193,-0.0412924587726593,0.4738891124725342,0.505277156829834,-0.02720007114112377,0.4915229082107544,0.49147704243659973,-0.008275575004518032,0.4835986793041229,0.42208153009414673,-0.02760319970548153,0.4456210434436798,0.42727628350257874,-0.040293704718351364,0.47417908906936646,0.45684051513671875,-0.026928402483463287,0.4913385212421417,0.4533441960811615,-0.011626451276242733,Stop
0.5793725848197937,0.5422670245170593,-4.996801976631104e-07,0.5391393899917603,0.5993707776069641,-0.010436836630105972,0.48575183749198914,0.6316204071044922,-0.01873740367591381,0.4473766088485718,0.6143905520439148,-0.030991999432444572,0.44029203057289124,0.5686573386192322,-0.03869660198688507,0.44162875413894653,0.5426681041717529,0.007530670613050461,0.4025307893753052,0.5565275549888611,-0.0241635013371706,0.4436664879322052,0.5726125240325928,-0.040242552757263184,0.46275508403778076,0.5639014840126038,-0.04606465995311737,0.45163536071777344,0.5039713382720947,0.000549272692296654,0.4117622971534729,0.5180437564849854,-0.030832385644316673,0.46190932393074036,0.542509913444519,-0.033431410789489746,0.47691747546195984,0.5274404287338257,-0.0258194487541914,0.46434250473976135,0.4642093777656555,-0.01245527621358633,0.4247947931289673,0.4759121239185333,-0.04136141017079353,0.4736948609352112,0.5051493048667908,-0.026992179453372955,0.49086982011795044,0.4914674162864685,-0.007808152586221695,0.48417624831199646,0.4220680296421051,-0.02745501883327961,0.44631341099739075,0.4273318946361542,-0.04016923904418945,0.47466132044792175,0.4570883512496948,-0.02664632350206375,0.49127593636512756,0.45330557227134705,-0.011218375526368618,Stop
0.5780723094940186,0.5471283197402954,-5.336435719982546e-07,0.5372895002365112,0.6032933592796326,-0.00878233928233385,0.4824207127094269,0.633496105670929,-0.015553186647593975,0.44631707668304443,0.6115401983261108,-0.026403257623314857,0.4402986466884613,0.563586950302124,-0.032999470829963684,0.4421733319759369,0.5394574403762817,0.007390112616121769,0.40431877970695496,0.5537139177322388,-0.022595735266804695,0.44671428203582764,0.5735239386558533,-0.037421416491270065,0.4633980989456177,0.5645765066146851,-0.04326682910323143,0.45274513959884644,0.5023764967918396,-0.00011310263653285801,0.41359055042266846,0.5171787738800049,-0.031211163848638535,0.4650545120239258,0.5436655282974243,-0.033144596964120865,0.4793240427970886,0.5272968411445618,-0.02547367848455906,0.4653201699256897,0.464045912027359,-0.01322767324745655,0.4258374273777008,0.47650793194770813,-0.04177243262529373,0.47597113251686096,0.5067412853240967,-0.02675335481762886,0.49248889088630676,0.49217545986175537,-0.007639376912266016,0.484769731760025,0.4230632185935974,-0.028165694326162338,0.4457886517047882,0.429187148809433,-0.04106847569346428,0.47560063004493713,0.4591295123100281,-0.02728293463587761,0.49259060621261597,0.4541345536708832,-0.011924820020794868,Stop
0.5758431553840637,0.544282078742981,-4.890949867331074e-07,0.5379883050918579,0.6014837026596069,-0.011758040636777878,0.4824683666229248,0.6359788775444031,-0.019223902374505997,0.4436075687408447,0.6143134832382202,-0.029767468571662903,0.4394785761833191,0.5621061325073242,-0.03583336994051933,0.43994060158729553,0.5521913766860962,0.004402600694447756,0.4035147726535797,0.5654599070549011,-0.02485995925962925,0.4456653594970703,0.5829089879989624,-0.0382285937666893,0.4610289931297302,0.5724490880966187,-0.04334738850593567,0.4495396614074707,0.5117743611335754,-0.0017998156836256385,0.4099681079387665,0.523418128490448,-0.032798442989587784,0.46174535155296326,0.5477820038795471,-0.03345819190144539,0.47653728723526,0.5319133400917053,-0.024679480120539665,0.4626668393611908,0.470422625541687,-0.013774069957435131,0.4252297282218933,0.4805408716201782,-0.04341372475028038,0.4753003418445587,0.5099155902862549,-0.02859049290418625,0.49213430285453796,0.4965192377567291,-0.009122773073613644,0.4830262362957001,0.4262917637825012,-0.02767072804272175,0.44462260603904724,0.43035948276519775,-0.04194093868136406,0.4750601351261139,0.4595201909542084,-0.028819622471928596,0.49265360832214355,0.4564441442489624,-0.013690068386495113,Stop
0.5762341618537903,0.5445507168769836,-5.073592888038547e-07,0.5366111397743225,0.6021069884300232,-0.012402644380927086,0.48260074853897095,0.6356944441795349,-0.020736297592520714,0.4440283179283142,0.6132223010063171,-0.031960614025592804,0.4373837113380432,0.5602362751960754,-0.03853325918316841,0.43890801072120667,0.5467352867126465,0.0029060025699436665,0.4042314291000366,0.5631897449493408,-0.027432557195425034,0.44839733839035034,0.5806133151054382,-0.04108297452330589,0.462654709815979,0.568935215473175,-0.04633244127035141,0.4493122100830078,0.5066496729850769,-0.003387544769793749,0.41152840852737427,0.5220106244087219,-0.035363901406526566,0.46566200256347656,0.5464216470718384,-0.035443298518657684,0.4788820743560791,0.5276361107826233,-0.025989839807152748,0.4625987410545349,0.46623724699020386,-0.01558594685047865,0.42514756321907043,0.47994521260261536,-0.04567916691303253,0.47627297043800354,0.5083178877830505,-0.029664907604455948,0.49133920669555664,0.4909111261367798,-0.009271209128201008,0.48320773243904114,0.422828733921051,-0.02985730953514576,0.4453701972961426,0.4318876564502716,-0.04460674524307251,0.4761123061180115,0.46097636222839355,-0.0311338659375906,0.4928834140300751,0.4546970725059509,-0.015485825948417187,Stop
0.5751463174819946,0.5437142848968506,-4.978512038178451e-07,0.5372710227966309,0.6015945672988892,-0.012329205870628357,0.4824473261833191,0.6357884407043457,-0.019631220027804375,0.4428848624229431,0.6140463948249817,-0.02988583780825138,0.43580085039138794,0.5622464418411255,-0.03561832010746002,0.44133299589157104,0.5490904450416565,0.005509971175342798,0.40540891885757446,0.563614010810852,-0.023488327860832214,0.44770547747612,0.5816647410392761,-0.03691098466515541,0.46335259079933167,0.5714696049690247,-0.042047012597322464,0.45065900683403015,0.5083760023117065,-0.0005214682896621525,0.4105268716812134,0.5215135812759399,-0.03170343488454819,0.46207600831985474,0.5469133257865906,-0.032939363270998,0.47765976190567017,0.5303420424461365,-0.024233074858784676,0.46370187401771545,0.4675185978412628,-0.01242633257061243,0.42440319061279297,0.4777980446815491,-0.04232824221253395,0.47428351640701294,0.5078616142272949,-0.027761999517679214,0.4914921820163727,0.4935045838356018,-0.008218491449952126,0.48415082693099976,0.4233741760253906,-0.026306070387363434,0.44635647535324097,0.42938855290412903,-0.04130612313747406,0.4761025309562683,0.45925939083099365,-0.02880813740193844,0.4931357800960541,0.45522162318229675,-0.013889418914914131,Stop
0.5753454566001892,0.5439773201942444,-4.9945168711929e-07,0.537479043006897,0.601355791091919,-0.012950146570801735,0.48287415504455566,0.6359632611274719,-0.02080412395298481,0.44308215379714966,0.6151466369628906,-0.03136575222015381,0.43606215715408325,0.5637189745903015,-0.037223488092422485,0.4406577944755554,0.5479245781898499,0.00376882147975266,0.4053557217121124,0.5637096166610718,-0.025620022788643837,0.4485979378223419,0.5810688734054565,-0.03896119073033333,0.46324440836906433,0.569671094417572,-0.04416387155652046,0.45037510991096497,0.5071120262145996,-0.0021473532542586327,0.4107819199562073,0.5215817093849182,-0.03365694731473923,0.46323299407958984,0.5469305515289307,-0.03435084596276283,0.4776333272457123,0.5295945405960083,-0.02532140724360943,0.4635274410247803,0.46631544828414917,-0.013955947943031788,0.42493510246276855,0.4781823754310608,-0.04399813711643219,0.47528669238090515,0.5078977346420288,-0.028755968436598778,0.4913475215435028,0.4923984110355377,-0.008837912231683731,0.48390012979507446,0.42239660024642944,-0.027824219316244125,0.446479469537735,0.429735004901886,-0.0428151972591877,0.4765339493751526,0.45925313234329224,-0.02998286858201027,0.4929567277431488,0.45417320728302,-0.014863286167383194,Stop
0.5726411938667297,0.5467601418495178,-5.002356715522183e-07,0.5339873433113098,0.6021842956542969,-0.010880733840167522,0.48064032196998596,0.6341161131858826,-0.01883709244430065,0.444378137588501,0.6099796295166016,-0.0300504919141531,0.4377026855945587,0.5593639612197876,-0.03696133941411972,0.4385344088077545,0.5475896000862122,0.0031465599313378334,0.4017125368118286,0.5609465837478638,-0.02722708135843277,0.444444477558136,0.5795670747756958,-0.041250042617321014,0.46128058433532715,0.569891631603241,-0.04643664509057999,0.4499039947986603,0.5074549913406372,-0.00363360159099102,0.40984272956848145,0.5198830962181091,-0.035231977701187134,0.46186038851737976,0.5464459657669067,-0.03633926808834076,0.4775901138782501,0.530284583568573,-0.027752751484513283,0.46389952301979065,0.46681687235832214,-0.01602669432759285,0.4247892200946808,0.4781282842159271,-0.045467838644981384,0.474685937166214,0.5079920887947083,-0.030593987554311752,0.4919455945491791,0.49305489659309387,-0.01121088583022356,0.48488906025886536,0.4229179918766022,-0.030250292271375656,0.4463411867618561,0.42990827560424805,-0.04473591223359108,0.47569888830184937,0.45996010303497314,-0.0318954661488533,0.4930596649646759,0.45562058687210083,-0.01689762808382511,Stop
0.5720449090003967,0.5459182858467102,-5.053286713518901e-07,0.533437967300415,0.6016912460327148,-0.01067302469164133,0.48045670986175537,0.6337648630142212,-0.018828604370355606,0.44458121061325073,0.6108272075653076,-0.030282406136393547,0.43836870789527893,0.561913013458252,-0.0373985692858696,0.4402759373188019,0.5461277961730957,0.001910847844555974,0.4012642502784729,0.5592799782752991,-0.028838707134127617,0.4439135789871216,0.5777007937431335,-0.042912114411592484,0.46089792251586914,0.5682164430618286,-0.04804215207695961,0.451594740152359,0.5069180130958557,-0.004878032021224499,0.41011694073677063,0.5195792317390442,-0.03642555698752403,0.46175840497016907,0.5456095933914185,-0.03733352571725845,0.47715330123901367,0.5296816229820251,-0.028841182589530945,0.4651940166950226,0.4665678143501282,-0.017189519479870796,0.4249047040939331,0.4777085781097412,-0.04631926119327545,0.474661648273468,0.5070927143096924,-0.031202521175146103,0.49185246229171753,0.49186447262763977,-0.011919756419956684,0.4856378734111786,0.42287981510162354,-0.03134796768426895,0.44645431637763977,0.42879706621170044,-0.04562361165881157,0.4755001664161682,0.4586164653301239,-0.0326848104596138,0.49290069937705994,0.4543771743774414,-0.01776779443025589,Stop
0.572912335395813,0.5500927567481995,-4.955766712555487e-07,0.5351690649986267,0.6048488616943359,-0.009919017553329468,0.4804149270057678,0.6343934535980225,-0.016800351440906525,0.4439900815486908,0.6109812259674072,-0.027393551543354988,0.4419403672218323,0.5625463724136353,-0.033965904265642166,0.43935272097587585,0.5468813180923462,0.0069036236964166164,0.40120387077331543,0.5587843656539917,-0.022679710760712624,0.4422508478164673,0.5769453644752502,-0.037420302629470825,0.4621209502220154,0.5683488845825195,-0.04288100823760033,0.44939571619033813,0.5077908039093018,-6.4304604165954515e-06,0.40788304805755615,0.5197311639785767,-0.030345134437084198,0.4581775367259979,0.546391487121582,-0.03243602067232132,0.47657978534698486,0.5314570665359497,-0.024336932227015495,0.46300485730171204,0.4676091969013214,-0.012558971531689167,0.42406144738197327,0.4778135418891907,-0.040853749960660934,0.4726601541042328,0.5080638527870178,-0.027514735236763954,0.49161335825920105,0.4944521486759186,-0.008961479179561138,0.4840671420097351,0.4244536757469177,-0.026912523433566093,0.44557881355285645,0.42860907316207886,-0.04020078107714653,0.47363805770874023,0.45850613713264465,-0.027736332267522812,0.4916303753852844,0.45499569177627563,-0.013076746836304665,Stop
0.5733596682548523,0.5490756630897522,-4.956494876751094e-07,0.5354932546615601,0.6048320531845093,-0.010428120382130146,0.48024630546569824,0.6356344819068909,-0.01754401996731758,0.4433378577232361,0.6124544739723206,-0.028207408264279366,0.4429801404476166,0.5634509325027466,-0.03476246818900108,0.4388800263404846,0.5486984252929688,0.006105788052082062,0.4001847803592682,0.559983491897583,-0.023433536291122437,0.44178152084350586,0.5785603523254395,-0.03804831951856613,0.46182554960250854,0.5702873468399048,-0.04351511597633362,0.449214905500412,0.50874263048172,-0.0006187300896272063,0.40736010670661926,0.5199183225631714,-0.031185785308480263,0.45740604400634766,0.5468301773071289,-0.033339716494083405,0.47579464316368103,0.5326248407363892,-0.025333216413855553,0.46305298805236816,0.46801838278770447,-0.012977395206689835,0.4238787293434143,0.4772722125053406,-0.0412723571062088,0.472161203622818,0.507867693901062,-0.02796846441924572,0.4910504221916199,0.4949136972427368,-0.00951824989169836,0.48424750566482544,0.42451608180999756,-0.027196140959858894,0.4456721544265747,0.4280253052711487,-0.04029564931988716,0.4737851619720459,0.4584726095199585,-0.027824418619275093,0.4917305111885071,0.45572343468666077,-0.013274590484797955,Stop
0.8011455535888672,0.5292274355888367,-3.953048803850834e-07,0.7466722130775452,0.4935302734375,-0.013275730423629284,0.706854522228241,0.4305485785007477,-0.01923670805990696,0.7215120792388916,0.3708938658237457,-0.027550071477890015,0.7642419338226318,0.371470183134079,-0.0319199301302433,0.73557049036026,0.36651602387428284,0.00792656559497118,0.729092538356781,0.3223138749599457,-0.01822262443602085,0.7375839352607727,0.3758707642555237,-0.032755766063928604,0.7407127618789673,0.39409253001213074,-0.03948673978447914,0.7707071900367737,0.3626221716403961,0.003557133488357067,0.7653312087059021,0.31921759247779846,-0.022359369322657585,0.7699121236801147,0.3827301263809204,-0.02638513781130314,0.7699020504951477,0.3969130516052246,-0.021695002913475037,0.8048436641693115,0.3663957715034485,-0.006455339025706053,0.8030925393104553,0.32526057958602905,-0.032183870673179626,0.8021040558815002,0.3900938630104065,-0.023075802251696587,0.8016114830970764,0.41096222400665283,-0.008342946879565716,0.8400728106498718,0.3786551356315613,-0.018354712054133415,0.8367151021957397,0.3388647437095642,-0.029216472059488297,0.8324174284934998,0.3812546730041504,-0.01866583339869976,0.8323830366134644,0.40139490365982056,-0.00644708052277565,Stop
0.7983505129814148,0.5263664722442627,-4.0183311966757174e-07,0.7434965968132019,0.4918754994869232,-0.013844446279108524,0.7029075622558594,0.42750924825668335,-0.01957659237086773,0.7181679010391235,0.36837297677993774,-0.02772333100438118,0.7619965672492981,0.36685237288475037,-0.03187737241387367,0.7311353087425232,0.3637889623641968,0.00774187408387661,0.7253294587135315,0.3190450966358185,-0.018024638295173645,0.7324772477149963,0.37499526143074036,-0.0315517820417881,0.7349031567573547,0.3930754065513611,-0.03758887201547623,0.7663703560829163,0.35919439792633057,0.003510894486680627,0.7615813612937927,0.31380724906921387,-0.022663425654172897,0.7656412124633789,0.37996798753738403,-0.025854414328932762,0.7659090757369995,0.3952386975288391,-0.0201946422457695,0.8008358478546143,0.3626018762588501,-0.0064770239405334,0.7995408773422241,0.32076114416122437,-0.03231731057167053,0.798875629901886,0.3868885338306427,-0.02269914001226425,0.7986898422241211,0.4083922803401947,-0.007385403383523226,0.8368779420852661,0.3744107782840729,-0.018445802852511406,0.8344493508338928,0.3334961533546448,-0.029249966144561768,0.8302296996116638,0.37603211402893066,-0.01857459358870983,0.829863429069519,0.39655745029449463,-0.006220286246389151,Stop
0.7966223955154419,0.5260143280029297,-3.9764083226145885e-07,0.7415338158607483,0.4914246201515198,-0.013268202543258667,0.7019010782241821,0.4272540509700775,-0.019402988255023956,0.7168205380439758,0.36799564957618713,-0.02796272374689579,0.7602658867835999,0.36846765875816345,-0.032869331538677216,0.7305197715759277,0.36365219950675964,0.006501996424049139,0.7242334485054016,0.31934067606925964,-0.018540743738412857,0.7311117649078369,0.37435874342918396,-0.03164944425225258,0.7337985634803772,0.39423975348472595,-0.03750583529472351,0.7653108835220337,0.35797959566116333,0.00194102106615901,0.7597867250442505,0.3135914206504822,-0.023264270275831223,0.7641072869300842,0.37803635001182556,-0.02614993043243885,0.7650637030601501,0.39479538798332214,-0.020623087882995605,0.7999693751335144,0.36102068424224854,-0.008093991316854954,0.7976611256599426,0.3203763961791992,-0.033101119101047516,0.7972288131713867,0.38494858145713806,-0.023567182943224907,0.7971722483634949,0.4072425663471222,-0.008691307157278061,0.8360492587089539,0.3729301989078522,-0.020021045580506325,0.8324106931686401,0.3315402865409851,-0.030578508973121643,0.8289669156074524,0.37356632947921753,-0.019820472225546837,0.8293492197990417,0.394685834646225,-0.007594638969749212,Stop
0.7971056699752808,0.525485634803772,-4.018717731923971e-07,0.7418877482414246,0.49067288637161255,-0.013508814387023449,0.702311098575592,0.4274270534515381,-0.01993642933666706,0.7170567512512207,0.36812201142311096,-0.028796780854463577,0.7601635456085205,0.3681600093841553,-0.03380381688475609,0.7308539152145386,0.3631558418273926,0.007074395194649696,0.7246312499046326,0.3189799189567566,-0.01883094385266304,0.7317293286323547,0.37460052967071533,-0.03259332850575447,0.7340590953826904,0.39460980892181396,-0.03865203261375427,0.765765905380249,0.3581244945526123,0.002564077964052558,0.7600531578063965,0.31429529190063477,-0.02324994094669819,0.7647671699523926,0.37911778688430786,-0.026552796363830566,0.7652912139892578,0.3954242765903473,-0.021195437759160995,0.8003665804862976,0.361307293176651,-0.007556801196187735,0.7978612780570984,0.31980130076408386,-0.033133603632450104,0.7979309558868408,0.38481634855270386,-0.02363572083413601,0.7978055477142334,0.40731433033943176,-0.008583800867199898,0.8362070322036743,0.37310791015625,-0.01958445832133293,0.8324683308601379,0.33198797702789307,-0.030392801389098167,0.8293015360832214,0.3744470477104187,-0.01957906037569046,0.8296420574188232,0.3956696689128876,-0.00714285159483552,Stop
0.7951698899269104,0.5244875550270081,-3.863671622639231e-07,0.7403169274330139,0.487900048494339,-0.012796225026249886,0.701291561126709,0.42609089612960815,-0.019245339557528496,0.7158568501472473,0.3680992126464844,-0.02833896316587925,0.7584801316261292,0.3683028519153595,-0.03382403776049614,0.7301000952720642,0.3636219799518585,0.007676985580474138,0.7228362560272217,0.31800413131713867,-0.018361639231443405,0.7306651473045349,0.3717702627182007,-0.03266039863228798,0.7343098521232605,0.39388832449913025,-0.03878893703222275,0.7649618983268738,0.35850295424461365,0.003005334874615073,0.7589910626411438,0.31288641691207886,-0.02246955782175064,0.7635598182678223,0.3763255774974823,-0.026240244507789612,0.7646971344947815,0.3951254189014435,-0.02117440104484558,0.7996204495429993,0.3617997467517853,-0.00719849718734622,0.7973452210426331,0.31991881132125854,-0.032444071024656296,0.7966371774673462,0.3843840956687927,-0.023493217304348946,0.7965049147605896,0.4090588688850403,-0.008706025779247284,0.8357157707214355,0.3742443919181824,-0.019206851720809937,0.8321693539619446,0.3320589065551758,-0.029628388583660126,0.8282477855682373,0.3732554614543915,-0.018940379843115807,0.8283376693725586,0.39530205726623535,-0.006606457754969597,Stop
0.79544597864151,0.5238221883773804,-3.9013846730995283e-07,0.7404412627220154,0.4873960614204407,-0.013261138461530209,0.7014412879943848,0.4274156093597412,-0.020302647724747658,0.7152400612831116,0.36973732709884644,-0.029886705800890923,0.7574961185455322,0.3690614402294159,-0.03566667437553406,0.7305065989494324,0.36333373188972473,0.007102915085852146,0.7231371998786926,0.3177904188632965,-0.019114278256893158,0.7309821844100952,0.3723095655441284,-0.0333755686879158,0.7344170212745667,0.394183874130249,-0.03948347270488739,0.7653685212135315,0.35882437229156494,0.0024520803708583117,0.7591719627380371,0.313457190990448,-0.023394115269184113,0.7639143466949463,0.37726444005966187,-0.02736356109380722,0.7648168206214905,0.3953855335712433,-0.022464441135525703,0.7999415993690491,0.3622140884399414,-0.007712036836892366,0.7974205017089844,0.3193871080875397,-0.033510081470012665,0.7967800498008728,0.3844110667705536,-0.02441893145442009,0.7965079545974731,0.4091413915157318,-0.009443647228181362,0.8358307480812073,0.3745776414871216,-0.019688086584210396,0.8322024941444397,0.3322821259498596,-0.03056093119084835,0.8283141255378723,0.37402990460395813,-0.0197056382894516,0.828071117401123,0.3964642286300659,-0.007122376933693886,Stop
0.7956941723823547,0.5242537260055542,-4.113879583655944e-07,0.7404322028160095,0.48879706859588623,-0.012944789603352547,0.7003301382064819,0.42501622438430786,-0.018589001148939133,0.7150835394859314,0.365424245595932,-0.02663053385913372,0.758111834526062,0.3684025704860687,-0.030864909291267395,0.7313586473464966,0.36362406611442566,0.006835856009274721,0.7240937352180481,0.3181307315826416,-0.01901371218264103,0.7309300303459167,0.37386807799339294,-0.032876741141080856,0.7339995503425598,0.3925255835056305,-0.039177630096673965,0.7659361958503723,0.35978853702545166,0.0022834124974906445,0.7592827677726746,0.3127742111682892,-0.023986652493476868,0.7629489302635193,0.3783167600631714,-0.027363814413547516,0.764691174030304,0.3947298526763916,-0.021834619343280792,0.8000071048736572,0.36291471123695374,-0.007732402998954058,0.7972342371940613,0.31808871030807495,-0.03351442515850067,0.7958911061286926,0.3847678303718567,-0.023760007694363594,0.7969006299972534,0.4081125259399414,-0.00829275045543909,0.8356145024299622,0.37453675270080566,-0.019627651199698448,0.8318802118301392,0.33136215806007385,-0.030424054712057114,0.8276480436325073,0.37424811720848083,-0.019533628597855568,0.8288199305534363,0.39608168601989746,-0.006978833582252264,Stop
0.7957445979118347,0.5240201354026794,-4.106837820927467e-07,0.7405924201011658,0.48909521102905273,-0.012933101505041122,0.7005049586296082,0.4252496063709259,-0.018512815237045288,0.7154799699783325,0.3655591309070587,-0.026439514011144638,0.7586484551429749,0.3675381541252136,-0.03049483709037304,0.7310882210731506,0.3635341227054596,0.006622530985623598,0.7239807844161987,0.31818050146102905,-0.019425755366683006,0.7312585711479187,0.3739235997200012,-0.03333832696080208,0.7344261407852173,0.3922906816005707,-0.03965044021606445,0.765847384929657,0.35967347025871277,0.0020670434460043907,0.7592220902442932,0.31321874260902405,-0.02426379919052124,0.7632481455802917,0.3786883056163788,-0.02757895365357399,0.7648217678070068,0.3942665755748749,-0.022059690207242966,0.7999504208564758,0.3627336025238037,-0.007967634126543999,0.7971837520599365,0.31860750913619995,-0.03372011333703995,0.7962251901626587,0.38490694761276245,-0.0238326508551836,0.7971468567848206,0.40705934166908264,-0.008389522321522236,0.8355703353881836,0.3741900622844696,-0.019895007833838463,0.8319482803344727,0.33181530237197876,-0.03071124479174614,0.8281083703041077,0.37466704845428467,-0.019787561148405075,0.8293144702911377,0.395556777715683,-0.007250887341797352,Stop
0.7975289821624756,0.5257241129875183,-4.07017409997934e-07,0.7423771023750305,0.4909520745277405,-0.013131608255207539,0.7019049525260925,0.4270904064178467,-0.018695348873734474,0.7167822122573853,0.36700084805488586,-0.026500839740037918,0.761073648929596,0.3652145266532898,-0.03020075522363186,0.7312326431274414,0.36272096633911133,0.0073316702619194984,0.7241793274879456,0.31787940859794617,-0.018159184604883194,0.7319806814193726,0.37350812554359436,-0.031833797693252563,0.7351911067962646,0.39122286438941956,-0.03814242035150528,0.7664141058921814,0.3580349087715149,0.0029357941821217537,0.7596649527549744,0.3123907446861267,-0.022271277382969856,0.7643311023712158,0.37783873081207275,-0.02497868984937668,0.7660531401634216,0.392612487077713,-0.019332587718963623,0.8006631731987,0.36132457852363586,-0.007063551805913448,0.7977956533432007,0.31859129667282104,-0.03194756805896759,0.7973565459251404,0.38423874974250793,-0.021705210208892822,0.7986340522766113,0.40588119626045227,-0.006314881145954132,0.8365804553031921,0.3729235529899597,-0.019014928489923477,0.8322060108184814,0.331213116645813,-0.0294159147888422,0.8282570838928223,0.3740611970424652,-0.018276233226060867,0.8293672800064087,0.395123690366745,-0.005683175753802061,Stop
0.7979958057403564,0.5257832407951355,-4.0657536715116294e-07,0.7426432967185974,0.49100545048713684,-0.013109849765896797,0.702073335647583,0.4268273413181305,-0.01859239675104618,0.7164771556854248,0.3669050931930542,-0.026426956057548523,0.7602396607398987,0.36534756422042847,-0.0301501527428627,0.7307539582252502,0.36255502700805664,0.00760229304432869,0.7241787314414978,0.31762391328811646,-0.01748567447066307,0.7318482398986816,0.37369245290756226,-0.030820384621620178,0.7343267798423767,0.39126119017601013,-0.0369807668030262,0.765762448310852,0.35775992274284363,0.003196428529918194,0.7598413228988647,0.3124109208583832,-0.0219504963606596,0.7645149230957031,0.3779498338699341,-0.024829864501953125,0.76555335521698,0.3924672305583954,-0.01932382583618164,0.7999492287635803,0.36064884066581726,-0.006778591778129339,0.797781765460968,0.31903743743896484,-0.031359460204839706,0.7974432110786438,0.38422903418540955,-0.02136196196079254,0.7981476187705994,0.4048503041267395,-0.006253988482058048,0.8357242345809937,0.37156930565834045,-0.01872645877301693,0.8323060870170593,0.3300004005432129,-0.028526823967695236,0.8285529613494873,0.37244153022766113,-0.017335232347249985,0.8292673230171204,0.392893522977829,-0.0048659504391252995,Stop
0.7973659634590149,0.5248624682426453,-3.9006687302389764e-07,0.7421227097511292,0.48888492584228516,-0.013010944239795208,0.7023106813430786,0.4248557686805725,-0.019065996631979942,0.7163732051849365,0.36565741896629333,-0.027627451345324516,0.7592300176620483,0.36821457743644714,-0.03235217183828354,0.7305287718772888,0.36387842893600464,0.006775293033570051,0.7236639261245728,0.31701189279556274,-0.01772598922252655,0.7324199676513672,0.37122875452041626,-0.030844058841466904,0.7350813746452332,0.39108866453170776,-0.03680539131164551,0.7653617262840271,0.3582058548927307,0.00249252887442708,0.7597333192825317,0.3125954568386078,-0.022058427333831787,0.7654173970222473,0.37594789266586304,-0.025196578353643417,0.765480637550354,0.3934665024280548,-0.020105982199311256,0.7996959686279297,0.361156165599823,-0.00713764876127243,0.797607958316803,0.3180422782897949,-0.031107768416404724,0.7980135083198547,0.38164663314819336,-0.021839134395122528,0.7973213195800781,0.4059602916240692,-0.007385545875877142,0.8352113962173462,0.3728310763835907,-0.018678918480873108,0.8326243162155151,0.3300244212150574,-0.028491592034697533,0.829299807548523,0.37032991647720337,-0.018114572390913963,0.8288811445236206,0.3926583528518677,-0.006332832854241133,Stop
0.7971711754798889,0.5249919891357422,-3.8975773009042314e-07,0.7418886423110962,0.4888399839401245,-0.012688878923654556,0.7020125389099121,0.4248463213443756,-0.018568558618426323,0.7160101532936096,0.3661481738090515,-0.026977404952049255,0.7588146328926086,0.3689875602722168,-0.03157464787364006,0.7306217551231384,0.3633548617362976,0.007000481244176626,0.723433256149292,0.31671881675720215,-0.017346272245049477,0.7322216033935547,0.37093111872673035,-0.030455797910690308,0.7353888750076294,0.3916124403476715,-0.03637685254216194,0.7654542922973633,0.35765206813812256,0.0026040212251245975,0.7596585154533386,0.3119846284389496,-0.021735331043601036,0.7654326558113098,0.3754290044307709,-0.024814000353217125,0.7661544680595398,0.3938038647174835,-0.019658155739307404,0.7998799681663513,0.3608368933200836,-0.00709996884688735,0.7977616786956787,0.3176966607570648,-0.03098173625767231,0.7980025410652161,0.38146713376045227,-0.021738404408097267,0.7976068258285522,0.406520813703537,-0.007266389671713114,0.8355116844177246,0.3728964626789093,-0.018673811107873917,0.8328644037246704,0.32989102602005005,-0.028563572093844414,0.8291125893592834,0.3703417479991913,-0.018181007355451584,0.8284876346588135,0.3931697905063629,-0.006339309737086296,Stop
0.7955674529075623,0.5232185125350952,-3.9787769878785184e-07,0.7401900887489319,0.4869600236415863,-0.012211364693939686,0.7003130316734314,0.4261156916618347,-0.017951926216483116,0.7129845023155212,0.3680626153945923,-0.026324408128857613,0.7552134394645691,0.3686147630214691,-0.031009787693619728,0.7302566766738892,0.36129030585289,0.008594175800681114,0.7245157957077026,0.31729835271835327,-0.015469751320779324,0.730434775352478,0.37174883484840393,-0.02872570976614952,0.7330741286277771,0.3914102017879486,-0.03493338078260422,0.7651680707931519,0.35708147287368774,0.003753472352400422,0.7598965167999268,0.31192049384117126,-0.020544879138469696,0.7622997164726257,0.37551426887512207,-0.024316934868693352,0.7633242607116699,0.3930293023586273,-0.01975320279598236,0.7998248338699341,0.36099129915237427,-0.006352441851049662,0.7980644106864929,0.3186042308807373,-0.030706332996487617,0.7954069972038269,0.3830040395259857,-0.022013245150446892,0.7953426241874695,0.4070945084095001,-0.007832301780581474,0.8358959555625916,0.3738306760787964,-0.018204770982265472,0.8326808214187622,0.33179256319999695,-0.028316209092736244,0.827247142791748,0.37277165055274963,-0.017846357077360153,0.8269622325897217,0.3945047855377197,-0.005895097274333239,Stop
0.796798050403595,0.5219388008117676,-3.988031380686152e-07,0.7412880659103394,0.48758161067962646,-0.012939863838255405,0.7004685401916504,0.42715561389923096,-0.019124101847410202,0.7134166955947876,0.3683444559574127,-0.02761635184288025,0.7561942934989929,0.3682835102081299,-0.03232947364449501,0.7297986149787903,0.3618297576904297,0.006901250686496496,0.7240213751792908,0.3176405727863312,-0.01817947067320347,0.7308483123779297,0.3722103536128998,-0.03188726678490639,0.7334157228469849,0.39217430353164673,-0.03818715736269951,0.7652487754821777,0.35760757327079773,0.0023606771137565374,0.7598140835762024,0.3126315772533417,-0.022753136232495308,0.7635846734046936,0.37674909830093384,-0.026644457131624222,0.763850748538971,0.39394861459732056,-0.02204872854053974,0.7999745607376099,0.360975980758667,-0.007474064361304045,0.7980523109436035,0.3185136914253235,-0.03276132792234421,0.7967473864555359,0.38362208008766174,-0.023907886818051338,0.7961019277572632,0.4077901244163513,-0.009423566050827503,0.8358446359634399,0.37307897210121155,-0.019052062183618546,0.8326220512390137,0.3316921591758728,-0.030148861929774284,0.8287873864173889,0.37356406450271606,-0.019732380285859108,0.828610897064209,0.39530473947525024,-0.007603926584124565,Stop
0.7952653765678406,0.5242834091186523,-4.1914239545803866e-07,0.7410637140274048,0.4893222153186798,-0.012617357075214386,0.7001756429672241,0.42672795057296753,-0.01785276085138321,0.7128904461860657,0.3681342899799347,-0.025737103074789047,0.7558489441871643,0.3685794472694397,-0.029571441933512688,0.7303630113601685,0.36327359080314636,0.008782424964010715,0.7237465977668762,0.31801316142082214,-0.01766807585954666,0.7311033010482788,0.3746127486228943,-0.031144117936491966,0.7341377139091492,0.39228084683418274,-0.036861926317214966,0.7653577923774719,0.359679251909256,0.0037751116324216127,0.7591090202331543,0.31342941522598267,-0.02339763566851616,0.7631086707115173,0.38025325536727905,-0.02674022689461708,0.764260470867157,0.39418134093284607,-0.020707424730062485,0.7997118234634399,0.362775981426239,-0.006956825498491526,0.7971208691596985,0.32031774520874023,-0.0338955819606781,0.7963171005249023,0.3877919018268585,-0.02400236949324608,0.7970176935195923,0.4077918827533722,-0.007946904748678207,0.835620641708374,0.37389180064201355,-0.019506331533193588,0.8316993713378906,0.33248603343963623,-0.03033413179218769,0.827812135219574,0.37617310881614685,-0.018894121050834656,0.8286800980567932,0.39608219265937805,-0.005750088952481747,Stop
0.7954998016357422,0.5252233147621155,-4.1339063727718894e-07,0.7413347959518433,0.48974713683128357,-0.012631455436348915,0.7005427479743958,0.426403671503067,-0.017899436876177788,0.7138596177101135,0.36720994114875793,-0.025739146396517754,0.7567515969276428,0.36744171380996704,-0.029546208679676056,0.7303928136825562,0.36407792568206787,0.00832346361130476,0.7232236862182617,0.31832170486450195,-0.017476672306656837,0.7308988571166992,0.37426459789276123,-0.03070041351020336,0.7342547178268433,0.3924243152141571,-0.036387454718351364,0.7654191255569458,0.35992562770843506,0.0035186223685741425,0.7588733434677124,0.3137708604335785,-0.02264220640063286,0.7630095481872559,0.37970343232154846,-0.02565082535147667,0.7642888426780701,0.39407333731651306,-0.019774947315454483,0.7998070120811462,0.3631196916103363,-0.006920214742422104,0.7969573736190796,0.3199779987335205,-0.03288847208023071,0.7961204051971436,0.38649871945381165,-0.02288368158042431,0.7969619035720825,0.40715864300727844,-0.007190718315541744,0.8356508612632751,0.3745344579219818,-0.01919882744550705,0.831758975982666,0.33276036381721497,-0.029834292829036713,0.8277009725570679,0.37579312920570374,-0.01859705150127411,0.8287349939346313,0.39609581232070923,-0.005788102280348539,Stop
0.7943211793899536,0.5268876552581787,-4.1967598463088507e-07,0.7396239042282104,0.49235090613365173,-0.01313328929245472,0.6985961198806763,0.4252316951751709,-0.01837972179055214,0.7136822938919067,0.36560630798339844,-0.026054177433252335,0.7571364045143127,0.3683267831802368,-0.029797865077853203,0.7281320691108704,0.3628266453742981,0.007392928469926119,0.7209311723709106,0.3184056282043457,-0.018176104873418808,0.7284371852874756,0.37560006976127625,-0.031398139894008636,0.7316809892654419,0.3926507234573364,-0.03743956238031387,0.7631980180740356,0.3581457734107971,0.0026766746304929256,0.7571203708648682,0.3127780258655548,-0.023369072005152702,0.7610676884651184,0.3798162639141083,-0.02598738484084606,0.7622004151344299,0.39414820075035095,-0.019909121096134186,0.7979177236557007,0.36148136854171753,-0.007710878271609545,0.7950581312179565,0.3187675178050995,-0.03312163054943085,0.7941557765007019,0.3858337700366974,-0.022760819643735886,0.7948975563049316,0.4059750437736511,-0.007133952341973782,0.8343774676322937,0.37295517325401306,-0.020091256126761436,0.8301448822021484,0.33110037446022034,-0.030663007870316505,0.8260096907615662,0.37503522634506226,-0.019515125080943108,0.8267953395843506,0.39547452330589294,-0.006942736450582743,Stop
0.7937530279159546,0.3349457085132599,-3.457831212472229e-07,0.7413330674171448,0.3296533226966858,-0.01456498820334673,0.6934019923210144,0.2877888083457947,-0.02070556953549385,0.696831464767456,0.23006671667099,-0.028692414984107018,0.733941376209259,0.2123774290084839,-0.0333542637526989,0.7015306949615479,0.22721609473228455,0.0024062958545982838,0.6877334117889404,0.1900196075439453,-0.022679055109620094,0.7048563361167908,0.2339862436056137,-0.035114165395498276,0.7112651467323303,0.2506261467933655,-0.04022013023495674,0.7302087545394897,0.20970211923122406,-0.0010543568059802055,0.7184702754020691,0.17231030762195587,-0.026445765048265457,0.7351059317588806,0.22587141394615173,-0.029341435059905052,0.7378882169723511,0.23799529671669006,-0.02390868403017521,0.7599442601203918,0.20010854303836823,-0.009880748577415943,0.7532287836074829,0.16619035601615906,-0.0349278450012207,0.7653473019599915,0.2213963270187378,-0.026925133541226387,0.7672103643417358,0.2389066070318222,-0.01342472992837429,0.7922948598861694,0.19695432484149933,-0.020605819299817085,0.7841116189956665,0.16471830010414124,-0.03176518902182579,0.7888219952583313,0.20205281674861908,-0.022786332294344902,0.7909309267997742,0.22035837173461914,-0.012047079391777515,Stop
0.7877094745635986,0.34595638513565063,-3.187139157034835e-07,0.7340473532676697,0.3370083272457123,-0.01398281380534172,0.6872897744178772,0.29361116886138916,-0.020610541105270386,0.6911908388137817,0.23661403357982635,-0.02917313203215599,0.7275304198265076,0.22119499742984772,-0.0342651829123497,0.6959755420684814,0.23071803152561188,0.0037407074123620987,0.6818462014198303,0.19576404988765717,-0.020505189895629883,0.6987330913543701,0.238005131483078,-0.03363402560353279,0.7055633664131165,0.25450214743614197,-0.03939397633075714,0.7253713011741638,0.2140851765871048,0.00019234017236158252,0.7138440012931824,0.17801964282989502,-0.02368219569325447,0.7292868494987488,0.22987473011016846,-0.02691277675330639,0.7321264147758484,0.24326397478580475,-0.022188490256667137,0.755824863910675,0.20615488290786743,-0.008605155162513256,0.7497373819351196,0.1724960207939148,-0.032095834612846375,0.7605406641960144,0.22677059471607208,-0.02415435202419758,0.7629425525665283,0.2473662793636322,-0.01102920901030302,0.7886810898780823,0.2049209624528885,-0.019340094178915024,0.7812709808349609,0.17084020376205444,-0.029767343774437904,0.7847656011581421,0.2068318873643875,-0.02081298641860485,0.7865719795227051,0.22695976495742798,-0.01014614850282669,Stop
0.7879201173782349,0.3459475040435791,-3.1893512186798034e-07,0.7340907454490662,0.3367033898830414,-0.013487353920936584,0.6871230602264404,0.29328009486198425,-0.019744519144296646,0.6901225447654724,0.23589281737804413,-0.028124896809458733,0.7265139818191528,0.2210085242986679,-0.03306738659739494,0.6962289214134216,0.2315351814031601,0.004940244369208813,0.6822237968444824,0.1948109269142151,-0.019058164209127426,0.6992083191871643,0.2363787591457367,-0.032024260610342026,0.7061415314674377,0.25397899746894836,-0.03755234181880951,0.7254718542098999,0.2149098515510559,0.0012847648467868567,0.7137489318847656,0.1784256398677826,-0.022519545629620552,0.7294655442237854,0.2287876456975937,-0.026076802983880043,0.7321804165840149,0.24302612245082855,-0.021534781903028488,0.755853533744812,0.2066214233636856,-0.007596411742269993,0.749552309513092,0.1727483570575714,-0.031053731217980385,0.7606526613235474,0.22612036764621735,-0.02362050488591194,0.7627615332603455,0.24737372994422913,-0.01078561507165432,0.7884733080863953,0.2050025314092636,-0.018350159749388695,0.7810336351394653,0.17118507623672485,-0.028505997732281685,0.784756064414978,0.20688572525978088,-0.019748371094465256,0.786654531955719,0.22726626694202423,-0.009271233342587948,Stop
0.7882014513015747,0.3489292860031128,-3.203582252808701e-07,0.732524037361145,0.339150071144104,-0.014463452622294426,0.6843301653862,0.2947002649307251,-0.02088329941034317,0.6890806555747986,0.2366010993719101,-0.029261967167258263,0.7270405292510986,0.22287175059318542,-0.03412384167313576,0.6937862038612366,0.2344411313533783,0.0049839927814900875,0.6799501180648804,0.1984296292066574,-0.019642384722828865,0.6972306370735168,0.24158895015716553,-0.03306267783045769,0.7038367986679077,0.2581787407398224,-0.03901350125670433,0.7234557867050171,0.21661563217639923,0.0015148959355428815,0.7116719484329224,0.17991924285888672,-0.023190023377537727,0.7278416752815247,0.23258697986602783,-0.02689259499311447,0.7311921715736389,0.24591080844402313,-0.022107599303126335,0.7541830539703369,0.20762275159358978,-0.007426085416227579,0.7476950883865356,0.17416150867938995,-0.03169317916035652,0.7594606876373291,0.22902967035770416,-0.024189898744225502,0.7624539732933044,0.24896922707557678,-0.010948981158435345,0.7871203422546387,0.2056511491537094,-0.018356051295995712,0.7794855237007141,0.1724611222743988,-0.02894943207502365,0.7836677432060242,0.20929798483848572,-0.020044075325131416,0.7860901355743408,0.2290010005235672,-0.009247883222997189,Stop
0.7873361110687256,0.34819626808166504,-3.291911525593605e-07,0.7323155999183655,0.33862847089767456,-0.013744834810495377,0.6846423149108887,0.2945142388343811,-0.020082183182239532,0.6888610124588013,0.23590950667858124,-0.028666140511631966,0.7266433238983154,0.22196272015571594,-0.033851828426122665,0.6948243379592896,0.233857661485672,0.005211988929659128,0.6806780695915222,0.19615982472896576,-0.020348280668258667,0.6981620788574219,0.23875930905342102,-0.034158799797296524,0.7052420973777771,0.25648626685142517,-0.039937395602464676,0.7243977785110474,0.21720629930496216,0.001405012677423656,0.71186763048172,0.1800518035888672,-0.024092158302664757,0.7278857827186584,0.23207125067710876,-0.02818942256271839,0.7309890389442444,0.24588580429553986,-0.023507947102189064,0.7546412348747253,0.20833292603492737,-0.007861089892685413,0.7473465204238892,0.1744365394115448,-0.03294115886092186,0.7589581608772278,0.22959332168102264,-0.0257224440574646,0.7617151141166687,0.24997802078723907,-0.012407158501446247,0.7869848012924194,0.20626267790794373,-0.018990429118275642,0.7785950899124146,0.17211437225341797,-0.029739417135715485,0.7828934192657471,0.20938047766685486,-0.0208110548555851,0.7858774065971375,0.2295275330543518,-0.009911073371767998,Stop
0.7863517999649048,0.35036349296569824,-3.194700752828794e-07,0.730911910533905,0.34006279706954956,-0.013836364261806011,0.6834604740142822,0.2954048216342926,-0.019779996946454048,0.6877990961074829,0.2381029725074768,-0.02796618826687336,0.724220871925354,0.22307315468788147,-0.03254523500800133,0.6925230026245117,0.23570354282855988,0.006422895472496748,0.6779719591140747,0.1994948834180832,-0.01785716973245144,0.6956530213356018,0.24212467670440674,-0.030843419954180717,0.7023873925209045,0.2581077814102173,-0.03641016408801079,0.7220261096954346,0.21827256679534912,0.0027036857791244984,0.7104194164276123,0.18272212147712708,-0.021832110360264778,0.7265206575393677,0.23406943678855896,-0.02564951963722706,0.7293222546577454,0.246080681681633,-0.02101976051926613,0.7527483105659485,0.20949958264827728,-0.006514870561659336,0.7461719512939453,0.1766819804906845,-0.030502572655677795,0.7579022645950317,0.23043861985206604,-0.023133421316742897,0.7603297829627991,0.24898910522460938,-0.010133355855941772,0.7854976654052734,0.2074020355939865,-0.01770796813070774,0.7780082821846008,0.1754610240459442,-0.027740953490138054,0.7818426489830017,0.21175481379032135,-0.01882804185152054,0.7838892936706543,0.23026832938194275,-0.00817918498069048,Stop
0.7857776284217834,0.35096555948257446,-3.224618865260709e-07,0.7309638261795044,0.3403737246990204,-0.012972154654562473,0.6837856769561768,0.2955847978591919,-0.018641909584403038,0.6868098974227905,0.23780135810375214,-0.02685002237558365,0.7225449681282043,0.22253112494945526,-0.03157784044742584,0.6936430931091309,0.23646876215934753,0.007300206925719976,0.6791191697120667,0.19811663031578064,-0.01698773354291916,0.6965348720550537,0.23961852490901947,-0.029974689707159996,0.7036022543907166,0.2573889493942261,-0.03523475304245949,0.7228962779045105,0.21965113282203674,0.003328509395942092,0.7107314467430115,0.1826084852218628,-0.020961705595254898,0.7267094254493713,0.23286469280719757,-0.02481057122349739,0.7298300266265869,0.24685156345367432,-0.020133579149842262,0.7533802390098572,0.2109484225511551,-0.006074069999158382,0.7457125782966614,0.17675340175628662,-0.0298704095184803,0.7574211359024048,0.23023521900177002,-0.02259848453104496,0.7601290941238403,0.2509714663028717,-0.009572061710059643,0.7858994603157043,0.2087571918964386,-0.01734534651041031,0.7773726582527161,0.1755456030368805,-0.027095435187220573,0.7810732126235962,0.21156355738639832,-0.01813252456486225,0.7835862636566162,0.23112870752811432,-0.007436212617903948,Stop
0.7842288017272949,0.3517826795578003,-3.198654212610563e-07,0.7286437153816223,0.3421245515346527,-0.013731910847127438,0.6810048222541809,0.298784077167511,-0.01934458315372467,0.6855370402336121,0.2414620965719223,-0.027175461873412132,0.7220118641853333,0.22492608428001404,-0.03152472525835037,0.6920962333679199,0.2378513067960739,0.006478107534348965,0.6776257753372192,0.20192667841911316,-0.01763484813272953,0.6943924427032471,0.244792178273201,-0.03030472807586193,0.7009315490722656,0.260111927986145,-0.03578566387295723,0.721377968788147,0.2206176221370697,0.002620022976770997,0.7092173099517822,0.1840718686580658,-0.022447289898991585,0.724861204624176,0.23591667413711548,-0.026287972927093506,0.7280567288398743,0.24745433032512665,-0.02142924815416336,0.7520632147789001,0.21189387142658234,-0.0066980039700865746,0.7454624176025391,0.17885559797286987,-0.031241919845342636,0.7568852305412292,0.2333860993385315,-0.02351711131632328,0.7590616345405579,0.25078001618385315,-0.010142158716917038,0.7852046489715576,0.20997515320777893,-0.017979392781853676,0.7777271270751953,0.17746992409229279,-0.028514314442873,0.7819254398345947,0.2145666480064392,-0.019360413774847984,0.7842332720756531,0.23215897381305695,-0.008489827625453472,Stop
0.7827035188674927,0.35120782256126404,-3.0539089834746846e-07,0.7274993658065796,0.34113508462905884,-0.012877433560788631,0.6808016896247864,0.29772186279296875,-0.01858152262866497,0.6846396327018738,0.24052415788173676,-0.026740677654743195,0.7202224731445312,0.225313201546669,-0.03173141926527023,0.6930689215660095,0.2377995401620865,0.00673697842285037,0.6782704591751099,0.20066747069358826,-0.017833324149250984,0.6948650479316711,0.2395104467868805,-0.031249934807419777,0.7026869058609009,0.25753065943717957,-0.036625128239393234,0.7220998406410217,0.22150938212871552,0.002738063456490636,0.7094264626502991,0.184538334608078,-0.021970221772789955,0.724827766418457,0.23277351260185242,-0.026424402371048927,0.7284379601478577,0.24722474813461304,-0.022007687017321587,0.7523412108421326,0.2131224274635315,-0.006601930595934391,0.7447807788848877,0.1791214942932129,-0.031068917363882065,0.7559503316879272,0.23183149099349976,-0.024273129180073738,0.7585391998291016,0.25290197134017944,-0.011366801336407661,0.7849685549736023,0.21147003769874573,-0.017725400626659393,0.776797890663147,0.17713096737861633,-0.02830939181149006,0.7805704474449158,0.21310219168663025,-0.019621413201093674,0.7831503748893738,0.23316040635108948,-0.008956504054367542,Stop
0.782137393951416,0.3532872200012207,-3.119689608865883e-07,0.7273914813995361,0.3434741497039795,-0.012844705954194069,0.6810944676399231,0.300075888633728,-0.019017374143004417,0.6847649812698364,0.24370193481445312,-0.02752898819744587,0.7202867269515991,0.2290176898241043,-0.03278445824980736,0.6914036870002747,0.2382659763097763,0.005541421007364988,0.6770007610321045,0.20163090527057648,-0.01843155361711979,0.6937695741653442,0.24047529697418213,-0.0315534770488739,0.7020171284675598,0.26007068157196045,-0.03682035207748413,0.7207260131835938,0.22163841128349304,0.0016849773237481713,0.7085750102996826,0.18505674600601196,-0.022017667070031166,0.7243090271949768,0.23406657576560974,-0.025865277275443077,0.7284886837005615,0.2506687045097351,-0.02129206620156765,0.7513529658317566,0.21366053819656372,-0.007340085227042437,0.7442007064819336,0.17976680397987366,-0.030739840120077133,0.7551673054695129,0.23247238993644714,-0.023660868406295776,0.7581483721733093,0.2558678388595581,-0.0108036445453763,0.7844170331954956,0.21261921525001526,-0.018137454986572266,0.7757401466369629,0.1776197850704193,-0.02830967679619789,0.7789393067359924,0.21221503615379333,-0.01962808333337307,0.781075119972229,0.23327089846134186,-0.009030121378600597,Stop
0.7287335395812988,0.5121709704399109,-4.41724125721521e-07,0.6725097894668579,0.5056887865066528,-0.014812284149229527,0.6176261305809021,0.4630168080329895,-0.021778425201773643,0.6149002909660339,0.4015146791934967,-0.030495624989271164,0.6581961512565613,0.38893193006515503,-0.03489872068166733,0.6317497491836548,0.38531213998794556,0.0016625674907118082,0.6123338937759399,0.34532201290130615,-0.025174865499138832,0.6318618059158325,0.39835458993911743,-0.036744557321071625,0.6410448551177979,0.4142743647098541,-0.041027456521987915,0.6637319922447205,0.3679196834564209,-0.0021921535953879356,0.6446173787117004,0.33123481273651123,-0.030238138511776924,0.6641926169395447,0.39361053705215454,-0.030921224504709244,0.6716655492782593,0.40332135558128357,-0.02275918982923031,0.696755051612854,0.358135849237442,-0.011658885516226292,0.6815672516822815,0.3254067897796631,-0.03941034525632858,0.6970160603523254,0.38893330097198486,-0.028002450242638588,0.7046527862548828,0.4026505649089813,-0.010862156748771667,0.732796847820282,0.35445675253868103,-0.02303759567439556,0.7147195339202881,0.3224472999572754,-0.03458116203546524,0.72179114818573,0.36595502495765686,-0.02297348529100418,0.7300969958305359,0.38092800974845886,-0.00964265689253807,Stop
0.7119779586791992,0.48805591464042664,-3.9688936226411897e-07,0.6554234623908997,0.4831964373588562,-0.01206715777516365,0.6042356491088867,0.4445609152317047,-0.017028801143169403,0.6004209518432617,0.3845701217651367,-0.024398313835263252,0.6366024017333984,0.3643985986709595,-0.028110990300774574,0.6179519891738892,0.3710092008113861,0.006844628136605024,0.5978320240974426,0.3345358669757843,-0.017328638583421707,0.6176508665084839,0.38072076439857483,-0.028530631214380264,0.6278790235519409,0.39411988854408264,-0.03277190402150154,0.6478205323219299,0.3520340323448181,0.0021427178289741278,0.627441942691803,0.3149898052215576,-0.023183923214673996,0.6472705006599426,0.37208670377731323,-0.02431437186896801,0.6569253206253052,0.38157084584236145,-0.01680493913590908,0.6795827150344849,0.34037354588508606,-0.007924295961856842,0.662678062915802,0.3066478967666626,-0.03337343409657478,0.6784363985061646,0.3653036952018738,-0.022488802671432495,0.6883910298347473,0.37838149070739746,-0.006170783657580614,0.7154413461685181,0.33475247025489807,-0.019745735451579094,0.69618159532547,0.3019065260887146,-0.030433209612965584,0.7028439044952393,0.34328484535217285,-0.018946947529911995,0.7122339010238647,0.35843563079833984,-0.005863454192876816,Stop
0.7122290134429932,0.48866191506385803,-3.971956061832316e-07,0.6555272936820984,0.48343002796173096,-0.012743888422846794,0.6051502227783203,0.44499555230140686,-0.018667569383978844,0.6025362014770508,0.3852141201496124,-0.026816751807928085,0.6401664018630981,0.36838531494140625,-0.031305037438869476,0.6169020533561707,0.3703250586986542,0.005459718871861696,0.5977641940116882,0.3337773084640503,-0.019013233482837677,0.6171691417694092,0.38033002614974976,-0.030044827610254288,0.6273735761642456,0.3962627649307251,-0.03395482897758484,0.6472349166870117,0.35110384225845337,0.0008807156700640917,0.6272531151771545,0.3139069974422455,-0.024545883759856224,0.6475379467010498,0.37095147371292114,-0.02557484060525894,0.6575198769569397,0.38241255283355713,-0.017921606078743935,0.6795815229415894,0.33964264392852783,-0.009045896120369434,0.6632224321365356,0.3064884841442108,-0.0347510427236557,0.6790646314620972,0.3650992810726166,-0.024266144260764122,0.6888746619224548,0.3798864483833313,-0.008055333979427814,0.7159953713417053,0.33500054478645325,-0.020701972767710686,0.696908712387085,0.301738440990448,-0.03143605962395668,0.7033379077911377,0.3426234722137451,-0.02012336440384388,0.7124049663543701,0.3587866723537445,-0.0070936712436378,Stop
0.7123737931251526,0.48869046568870544,-3.9997868839236617e-07,0.6558159589767456,0.4831986129283905,-0.012607037089765072,0.6055881381034851,0.4454340636730194,-0.01851639710366726,0.6022863388061523,0.38604557514190674,-0.02672446332871914,0.6388382315635681,0.3683304190635681,-0.0312642864882946,0.6169121265411377,0.3702739477157593,0.005717832129448652,0.5979243516921997,0.33341601490974426,-0.018786223605275154,0.6174376010894775,0.38012826442718506,-0.029873378574848175,0.6275097727775574,0.3963215947151184,-0.03381870687007904,0.6471718549728394,0.35113760828971863,0.0010520599316805601,0.6275636553764343,0.3138314485549927,-0.024365223944187164,0.6479336023330688,0.37115344405174255,-0.02555166743695736,0.6575343608856201,0.3827569782733917,-0.018122173845767975,0.6795501708984375,0.3395254909992218,-0.008933907374739647,0.6632104516029358,0.30546194314956665,-0.034841012209653854,0.6793732047080994,0.3648678660392761,-0.02419549971818924,0.6890870332717896,0.3802420198917389,-0.00790511816740036,0.7159417867660522,0.33481696248054504,-0.020613590255379677,0.6972112655639648,0.3009200096130371,-0.03157254308462143,0.703689694404602,0.34235671162605286,-0.020072389394044876,0.7124871611595154,0.3587901294231415,-0.006882311776280403,Stop
0.7124866247177124,0.4872342646121979,-3.9351488112515653e-07,0.6559863686561584,0.48271071910858154,-0.012620629742741585,0.604034960269928,0.4439566135406494,-0.018558857962489128,0.6009155511856079,0.38291236758232117,-0.0266904104501009,0.6392370462417603,0.3655424416065216,-0.03130762279033661,0.6155910491943359,0.3700869679450989,0.005104105453938246,0.5957234501838684,0.33357957005500793,-0.02014131285250187,0.6160005331039429,0.37907594442367554,-0.031942062079906464,0.6266002058982849,0.3953853249549866,-0.03623088076710701,0.6458977460861206,0.35000166296958923,0.00041963550029322505,0.6262630224227905,0.31268349289894104,-0.025475386530160904,0.6465241312980652,0.36937257647514343,-0.027044830843806267,0.6553124189376831,0.3818064033985138,-0.019704598933458328,0.6782240867614746,0.33801618218421936,-0.009581671096384525,0.6621919870376587,0.3050231635570526,-0.03575793281197548,0.6784092783927917,0.36437535285949707,-0.025369996204972267,0.687228262424469,0.379649817943573,-0.009162016212940216,0.7146466970443726,0.3331352174282074,-0.02124820277094841,0.6960947513580322,0.3014233410358429,-0.03244703635573387,0.7028299570083618,0.3433232605457306,-0.021091220900416374,0.711118221282959,0.3593091368675232,-0.007976563647389412,Stop
0.7125791311264038,0.487058162689209,-3.968418980093702e-07,0.6562685370445251,0.48215046525001526,-0.013278143480420113,0.6045079827308655,0.4442233443260193,-0.019490567967295647,0.6011644005775452,0.3836573660373688,-0.02788613922894001,0.6396337747573853,0.3660731017589569,-0.032523564994335175,0.6162604093551636,0.3695785105228424,0.005544833838939667,0.5965767502784729,0.3332982659339905,-0.019714871421456337,0.6164233684539795,0.3798743486404419,-0.03147856518626213,0.6262490749359131,0.3942178189754486,-0.035977303981781006,0.6463293433189392,0.3503061830997467,0.0010983668034896255,0.6266046166419983,0.31414780020713806,-0.02503296360373497,0.6464254856109619,0.3711099624633789,-0.02659049816429615,0.6545815467834473,0.3809257745742798,-0.019405074417591095,0.678138017654419,0.33852702379226685,-0.008842328563332558,0.6621795892715454,0.3055468201637268,-0.03530172258615494,0.6779444217681885,0.365084707736969,-0.024821339175105095,0.6864529848098755,0.37886765599250793,-0.008569316938519478,0.7137355208396912,0.3332662284374237,-0.020580224692821503,0.6956480741500854,0.3008187413215637,-0.031726326793432236,0.7024211883544922,0.34253156185150146,-0.020383983850479126,0.7108991742134094,0.3580908477306366,-0.00731920450925827,Stop
0.7112298607826233,0.48923423886299133,-3.933488130769547e-07,0.6551501750946045,0.4840725064277649,-0.012795567512512207,0.6032369136810303,0.44561314582824707,-0.01865983009338379,0.6003841161727905,0.38570550084114075,-0.026859233155846596,0.6386047005653381,0.3672179579734802,-0.03138130158185959,0.6155181527137756,0.3705882430076599,0.005945303477346897,0.5955166816711426,0.33277463912963867,-0.01890852116048336,0.6154232621192932,0.38008880615234375,-0.031083092093467712,0.6257761716842651,0.3953624963760376,-0.03607005998492241,0.6455549001693726,0.35108256340026855,0.001276461873203516,0.6261824369430542,0.31285998225212097,-0.024221237748861313,0.645642101764679,0.36999255418777466,-0.025961831212043762,0.6542398929595947,0.38093891739845276,-0.01911802403628826,0.6775081157684326,0.3397515118122101,-0.008817985653877258,0.6615211963653564,0.3037489950656891,-0.03404789790511131,0.6767337918281555,0.36307215690612793,-0.023225007578730583,0.6856397986412048,0.3779784142971039,-0.007173399906605482,0.7134040594100952,0.3349783420562744,-0.020792024210095406,0.6955716013908386,0.300491601228714,-0.03134213387966156,0.7017374634742737,0.34241339564323425,-0.019783511757850647,0.7101774215698242,0.35915443301200867,-0.006794643122702837,Stop
0.7102757096290588,0.4886465072631836,-3.951864755435963e-07,0.6544771194458008,0.4826260209083557,-0.013689126819372177,0.6029558181762695,0.4465487003326416,-0.020725024864077568,0.6000243425369263,0.3872451186180115,-0.029943419620394707,0.6391359567642212,0.36616384983062744,-0.03544421121478081,0.6166654229164124,0.3694915175437927,0.004463917575776577,0.5963038206100464,0.33309510350227356,-0.021228933706879616,0.6155127882957458,0.3810472786426544,-0.0336645133793354,0.625695526599884,0.39433449506759644,-0.03888838365674019,0.6466814875602722,0.3507298529148102,-8.901960973162204e-05,0.6264082193374634,0.31360501050949097,-0.02663366124033928,0.6452357172966003,0.37117093801498413,-0.028487032279372215,0.6543686985969543,0.380043089389801,-0.021722201257944107,0.6782881617546082,0.3396536409854889,-0.010144119150936604,0.6613932847976685,0.30441778898239136,-0.03641776368021965,0.6760590076446533,0.36396822333335876,-0.02542736753821373,0.6852781176567078,0.3768707811832428,-0.009143331088125706,0.7136999368667603,0.3351929485797882,-0.022138774394989014,0.6951864361763,0.30092674493789673,-0.03340549021959305,0.7011283040046692,0.34313875436782837,-0.02187258191406727,0.709962010383606,0.3591558039188385,-0.008807569742202759,Stop
0.7090880870819092,0.49106985330581665,-3.9639613191866374e-07,0.6543529033660889,0.48513850569725037,-0.01374867744743824,0.6031914949417114,0.4479027986526489,-0.020409807562828064,0.5995118618011475,0.3877561688423157,-0.029047412797808647,0.6381301879882812,0.3666057288646698,-0.033850714564323425,0.6144078969955444,0.37100693583488464,0.004246398340910673,0.5955400466918945,0.3342756927013397,-0.020268993452191353,0.6154414415359497,0.38126999139785767,-0.031432341784238815,0.6248883605003357,0.39508336782455444,-0.03583022579550743,0.6448379755020142,0.3512965440750122,-6.113441486377269e-05,0.6252878308296204,0.3135994076728821,-0.025744477286934853,0.6453184485435486,0.37157562375068665,-0.02695598639547825,0.6538786888122559,0.38182368874549866,-0.019538652151823044,0.6771707534790039,0.33972468972206116,-0.009717187844216824,0.6610496640205383,0.3062988817691803,-0.03548582270741463,0.676589846611023,0.3655140995979309,-0.02455788478255272,0.6854919195175171,0.3786300718784332,-0.008175295777618885,0.7137722373008728,0.33488041162490845,-0.021196793764829636,0.695101261138916,0.30182841420173645,-0.03210309147834778,0.701393723487854,0.34297436475753784,-0.02055318094789982,0.7100247740745544,0.358107328414917,-0.007362499833106995,Stop
0.7089579105377197,0.4907718002796173,-3.9259123241208727e-07,0.654294490814209,0.48501840233802795,-0.014170345850288868,0.6029612421989441,0.44716814160346985,-0.021088264882564545,0.5997975468635559,0.3863850235939026,-0.02987135387957096,0.6389721632003784,0.36556029319763184,-0.03482308238744736,0.6139200925827026,0.37087780237197876,0.0033831133041530848,0.5951226949691772,0.334015816450119,-0.021318765357136726,0.6152619123458862,0.381416380405426,-0.032449886202812195,0.6246531009674072,0.3947269320487976,-0.0368926115334034,0.6444671154022217,0.35099443793296814,-0.000892321637365967,0.6253551244735718,0.31325194239616394,-0.026938611641526222,0.6452184915542603,0.371515691280365,-0.02808585949242115,0.653481125831604,0.38118264079093933,-0.020581072196364403,0.6769176721572876,0.33959710597991943,-0.01053487230092287,0.6612857580184937,0.3062446713447571,-0.03667337819933891,0.6766511797904968,0.3655323088169098,-0.0256941057741642,0.6852434873580933,0.37786924839019775,-0.009257578290998936,0.7135342955589294,0.3350159525871277,-0.022033432498574257,0.6952641606330872,0.30233335494995117,-0.03329373523592949,0.7015056610107422,0.3437366783618927,-0.0218342337757349,0.7099774479866028,0.3586393892765045,-0.008704124949872494,Stop
0.7098042368888855,0.4899335205554962,-4.120092285120336e-07,0.6541334390640259,0.484890878200531,-0.013296142220497131,0.6020835638046265,0.446793794631958,-0.01950869709253311,0.6001700758934021,0.38597145676612854,-0.027705565094947815,0.6396945714950562,0.3675856292247772,-0.031948838382959366,0.6159040927886963,0.37264835834503174,0.0037075725849717855,0.5959827303886414,0.33322662115097046,-0.021894484758377075,0.615233838558197,0.3820898234844208,-0.033848002552986145,0.6251397132873535,0.3967146873474121,-0.03868996351957321,0.6463224291801453,0.35348257422447205,-0.000534180027898401,0.6259937882423401,0.3131294846534729,-0.026862379163503647,0.6452356576919556,0.37268030643463135,-0.028009595349431038,0.6541574597358704,0.38353464007377625,-0.020596375688910484,0.6781615614891052,0.34182995557785034,-0.010165276005864143,0.661631166934967,0.30488455295562744,-0.03582669794559479,0.6765086650848389,0.3659151494503021,-0.024417521432042122,0.6857960224151611,0.3803149461746216,-0.007871816866099834,0.7139795422554016,0.3363342583179474,-0.021683217957615852,0.6956237554550171,0.3018653988838196,-0.03249027952551842,0.7015601396560669,0.3444361984729767,-0.02097441256046295,0.7104184031486511,0.36072778701782227,-0.007967152632772923,Stop
0.7097839713096619,0.4896954298019409,-4.1268663153459784e-07,0.6542066335678101,0.484511137008667,-0.014042012393474579,0.6021330952644348,0.4462801218032837,-0.020597422495484352,0.6006588935852051,0.38520488142967224,-0.029000291600823402,0.6410078406333923,0.36646199226379395,-0.03331679478287697,0.6163209676742554,0.37161391973495483,0.003322918899357319,0.5961419343948364,0.33266496658325195,-0.022742655128240585,0.6155790686607361,0.3822661340236664,-0.035046547651290894,0.6251513957977295,0.3955002725124359,-0.04023082181811333,0.6466984152793884,0.3529748320579529,-0.0006236459012143314,0.6262156367301941,0.31349581480026245,-0.02742646634578705,0.6453812122344971,0.3736927807331085,-0.028588680550456047,0.6539618372917175,0.38288843631744385,-0.021196728572249413,0.6783356070518494,0.3418392241001129,-0.01010964997112751,0.6616895198822021,0.3049716651439667,-0.03609578311443329,0.6763790249824524,0.36639708280563354,-0.024542970582842827,0.6855239272117615,0.3794786334037781,-0.00790385715663433,0.7138565182685852,0.3365981876850128,-0.021589435636997223,0.6956329941749573,0.3024521470069885,-0.03262940049171448,0.701554000377655,0.34528714418411255,-0.02120799757540226,0.7104659080505371,0.36091184616088867,-0.008250102400779724,Stop
0.782025158405304,0.5356042385101318,-3.1737084782434977e-07,0.7291218042373657,0.5152223110198975,-0.02509777620434761,0.6851508021354675,0.4769692122936249,-0.0415816605091095,0.6859367489814758,0.4277693033218384,-0.05808090418577194,0.725279688835144,0.41035565733909607,-0.06894658505916595,0.7110629677772522,0.3742586374282837,-0.017718667164444923,0.7065678238868713,0.3177056908607483,-0.042414966970682144,0.7118636965751648,0.3664449155330658,-0.05307220667600632,0.716596245765686,0.40314945578575134,-0.05693484842777252,0.7493317723274231,0.3605799376964569,-0.017248352989554405,0.7440556287765503,0.2972833514213562,-0.044140465557575226,0.7456271052360535,0.36094075441360474,-0.047106314450502396,0.7478538751602173,0.39742159843444824,-0.04210449755191803,0.7857558727264404,0.35987553000450134,-0.02163839153945446,0.7863089442253113,0.2969517111778259,-0.045352496206760406,0.7808326482772827,0.34884747862815857,-0.03887328878045082,0.7783637642860413,0.38721194863319397,-0.02678745426237583,0.8210301995277405,0.3713115453720093,-0.028814299032092094,0.8291718363761902,0.31319189071655273,-0.041226401925086975,0.8197700381278992,0.326082706451416,-0.03750567510724068,0.8110610246658325,0.34518253803253174,-0.030315497890114784,Stop
0.7820673584938049,0.5354668498039246,-3.114871276466147e-07,0.7292717695236206,0.5153104662895203,-0.025626366958022118,0.6855148077011108,0.47699105739593506,-0.04222528263926506,0.6860978603363037,0.42777591943740845,-0.05865300074219704,0.7250975966453552,0.40979617834091187,-0.06933261454105377,0.7099528908729553,0.37340474128723145,-0.01771700195968151,0.7057456374168396,0.3179394006729126,-0.04269501566886902,0.7107477784156799,0.36655738949775696,-0.05355541408061981,0.7153224349021912,0.40322351455688477,-0.05747874453663826,0.7487069368362427,0.35965418815612793,-0.0171442199498415,0.7437933683395386,0.29699668288230896,-0.04434353485703468,0.744967520236969,0.361122727394104,-0.047459449619054794,0.7470920085906982,0.3972179889678955,-0.04240284115076065,0.7855286002159119,0.35889607667922974,-0.021515533328056335,0.7863225340843201,0.2964417338371277,-0.04532861337065697,0.7806885838508606,0.34853410720825195,-0.0387764610350132,0.778311550617218,0.3863905966281891,-0.02660391852259636,0.8209686279296875,0.37045055627822876,-0.028736604377627373,0.8288001418113708,0.31306979060173035,-0.04113288223743439,0.8192344307899475,0.32726284861564636,-0.03715302050113678,0.8109016418457031,0.34687405824661255,-0.029711272567510605,Stop
0.7830737829208374,0.5382786989212036,-3.1498251473749406e-07,0.7296936511993408,0.5195513963699341,-0.02523691952228546,0.6845612525939941,0.4788242280483246,-0.040934864431619644,0.684207558631897,0.4275423288345337,-0.05646105110645294,0.7244277000427246,0.4102904796600342,-0.0661955401301384,0.7097015380859375,0.37473058700561523,-0.015959249809384346,0.7060308456420898,0.317834734916687,-0.04018305987119675,0.7106648087501526,0.36676129698753357,-0.05113358423113823,0.7153776288032532,0.40300261974334717,-0.05542317032814026,0.7484868764877319,0.3611355423927307,-0.015313084237277508,0.7438781261444092,0.2969338297843933,-0.041819117963314056,0.744983434677124,0.3604472279548645,-0.04495270550251007,0.7476319074630737,0.39706483483314514,-0.03988425433635712,0.7854371070861816,0.3606729209423065,-0.019646115601062775,0.7858389616012573,0.29706496000289917,-0.04244369640946388,0.7806781530380249,0.3472840487957001,-0.036179181188344955,0.7791455388069153,0.38517218828201294,-0.024337459355592728,0.8213298916816711,0.37259185314178467,-0.026868078857660294,0.8282949328422546,0.31585368514060974,-0.038738153874874115,0.8193507194519043,0.32848289608955383,-0.035243164747953415,0.8119087219238281,0.34746503829956055,-0.028219155967235565,Stop
0.7834692001342773,0.538848340511322,-3.2321625553777267e-07,0.7295549511909485,0.5201948881149292,-0.023289790377020836,0.6843230128288269,0.4785725474357605,-0.038127291947603226,0.6856579780578613,0.4264230728149414,-0.053069520741701126,0.7256466150283813,0.40955984592437744,-0.06258711963891983,0.710334300994873,0.37613144516944885,-0.015469915233552456,0.7061377763748169,0.317191481590271,-0.038581665605306625,0.711699366569519,0.3650909662246704,-0.04932732880115509,0.717048704624176,0.4018835127353668,-0.05378980562090874,0.7486579418182373,0.3623526692390442,-0.015422826632857323,0.7435428500175476,0.2978365123271942,-0.04017363488674164,0.7459592223167419,0.3601805567741394,-0.0431656688451767,0.7489570379257202,0.3971339166164398,-0.03877688944339752,0.7852767109870911,0.36129602789878845,-0.019990280270576477,0.7855004072189331,0.2969725728034973,-0.04127226024866104,0.7810801267623901,0.34709009528160095,-0.034810058772563934,0.7796669602394104,0.385364830493927,-0.02358417958021164,0.821141242980957,0.3723635673522949,-0.02728213183581829,0.8280664682388306,0.31489890813827515,-0.03840599209070206,0.819585919380188,0.32805517315864563,-0.03460133820772171,0.8124361038208008,0.3474147319793701,-0.027818450704216957,Stop
0.78270423412323,0.538278341293335,-3.231207585940865e-07,0.7294808030128479,0.5186727643013,-0.024561017751693726,0.6846810579299927,0.4791972041130066,-0.04030603915452957,0.686394989490509,0.42770546674728394,-0.05603915825486183,0.7265563011169434,0.4101978838443756,-0.0662102922797203,0.7099142074584961,0.37594589591026306,-0.016589170321822166,0.705161988735199,0.31859302520751953,-0.03986653313040733,0.7118821144104004,0.36840614676475525,-0.050305597484111786,0.7174562215805054,0.4032493531703949,-0.05464857444167137,0.748330295085907,0.3617764711380005,-0.01613493822515011,0.7431542277336121,0.2992618978023529,-0.04099329560995102,0.7462061643600464,0.36284902691841125,-0.043759170919656754,0.7486768960952759,0.3972671926021576,-0.03942496329545975,0.7850156426429749,0.3603079319000244,-0.020387154072523117,0.7859749794006348,0.29686081409454346,-0.04219241067767143,0.7816792726516724,0.34954163432121277,-0.035199228674173355,0.7796629071235657,0.38726717233657837,-0.023628748953342438,0.8207594156265259,0.3711794912815094,-0.027455676347017288,0.8278671503067017,0.31350982189178467,-0.038716454058885574,0.8190216422080994,0.32968592643737793,-0.03432651236653328,0.8113799691200256,0.35064417123794556,-0.027136901393532753,Stop
0.7821693420410156,0.5371861457824707,-3.2765831292635994e-07,0.7300366163253784,0.518501877784729,-0.024843111634254456,0.6848448514938354,0.4793126583099365,-0.040354762226343155,0.6858013868331909,0.4279481768608093,-0.05586553364992142,0.7253727316856384,0.410238653421402,-0.06577496230602264,0.7095841765403748,0.37509146332740784,-0.015971753746271133,0.7050482630729675,0.3186473846435547,-0.039545442909002304,0.7109116911888123,0.36987218260765076,-0.05021115392446518,0.7162803411483765,0.40412378311157227,-0.05466243997216225,0.7481327056884766,0.3610019087791443,-0.015426721423864365,0.7431381344795227,0.29913413524627686,-0.04046240448951721,0.7450505495071411,0.36355137825012207,-0.04291196167469025,0.7475037574768066,0.39704856276512146,-0.038208816200494766,0.7849394083023071,0.35968393087387085,-0.019775794818997383,0.7861592769622803,0.29658156633377075,-0.041834212839603424,0.7811591029167175,0.35017630457878113,-0.03449113667011261,0.7793868780136108,0.38700905442237854,-0.02258298546075821,0.8207367062568665,0.37057897448539734,-0.02698826976120472,0.8277801275253296,0.31332117319107056,-0.03824755549430847,0.8180136680603027,0.3322370648384094,-0.033431705087423325,0.8103134632110596,0.35481756925582886,-0.02590138465166092,Stop
0.7829558253288269,0.5380990505218506,-3.23378856137424e-07,0.7308065295219421,0.5171946883201599,-0.025639908388257027,0.6853303909301758,0.4794761538505554,-0.0410732664167881,0.6838304996490479,0.4283662438392639,-0.056098613888025284,0.7235029339790344,0.4107441306114197,-0.06506088376045227,0.7089369297027588,0.3740397095680237,-0.014744961634278297,0.7054555416107178,0.31967899203300476,-0.037069931626319885,0.7108609676361084,0.370105117559433,-0.04669395834207535,0.7156315445899963,0.4036417603492737,-0.0507243387401104,0.7478593587875366,0.35992318391799927,-0.013225930742919445,0.7432934641838074,0.2997589111328125,-0.0374821200966835,0.7453518509864807,0.3660025894641876,-0.039582978934049606,0.7477179765701294,0.39844778180122375,-0.03474097698926926,0.7849503755569458,0.35855311155319214,-0.01664688065648079,0.786743700504303,0.29791343212127686,-0.0376083068549633,0.7817398905754089,0.35060957074165344,-0.03006216324865818,0.7800204753875732,0.38578227162361145,-0.018306666985154152,0.8206692934036255,0.3695569634437561,-0.02300560101866722,0.8276494741439819,0.3141418993473053,-0.032832589000463486,0.8186922669410706,0.33313611149787903,-0.027638059109449387,0.8115603923797607,0.35439616441726685,-0.02008802443742752,Stop
0.6827579736709595,0.4327530562877655,-3.9939621387929947e-07,0.6267853379249573,0.4257775545120239,-0.012680242769420147,0.5784630179405212,0.38929396867752075,-0.018571583554148674,0.5791455507278442,0.3298143744468689,-0.026685351505875587,0.6134743094444275,0.3050762116909027,-0.03101757913827896,0.5936078429222107,0.3106183707714081,0.005431715399026871,0.5744264721870422,0.2756591737270355,-0.02120697684586048,0.5936493277549744,0.32010766863822937,-0.03385753929615021,0.6052178740501404,0.33776140213012695,-0.038084324449300766,0.6244115233421326,0.2936951518058777,0.0007122398819774389,0.6051415801048279,0.2556397318840027,-0.025731489062309265,0.6235167384147644,0.31154772639274597,-0.028332887217402458,0.6322857737541199,0.3234405517578125,-0.021814867854118347,0.6565810441970825,0.28346285223960876,-0.009503287263214588,0.6405311226844788,0.24661219120025635,-0.03603645786643028,0.6547437310218811,0.3054586350917816,-0.02539919503033161,0.6632383465766907,0.3198778033256531,-0.00921353604644537,0.6932233572006226,0.28043967485427856,-0.021438615396618843,0.6753109693527222,0.24532270431518555,-0.03303874656558037,0.6805253028869629,0.28701671957969666,-0.02138003706932068,0.6879085898399353,0.3022082448005676,-0.007948054932057858,Stop
0.6808522343635559,0.434841513633728,-4.0928358657765784e-07,0.6251768469810486,0.426932692527771,-0.013293114490807056,0.5762763023376465,0.38851380348205566,-0.019351588562130928,0.5774807333946228,0.32977548241615295,-0.027427326887845993,0.6142778396606445,0.3087080121040344,-0.03162727504968643,0.5923240780830383,0.3091701567173004,0.004558794666081667,0.5736526250839233,0.2753714919090271,-0.02127203531563282,0.5919581651687622,0.32355421781539917,-0.03319186717271805,0.6022338271141052,0.3399159908294678,-0.03737175092101097,0.6231895089149475,0.2927105724811554,0.00026906360290013254,0.6040248274803162,0.2549018859863281,-0.02583228424191475,0.6222338676452637,0.31451931595802307,-0.027104856446385384,0.6315105557441711,0.3263036906719208,-0.019596070051193237,0.6556540727615356,0.2833029329776764,-0.009558388032019138,0.6396472454071045,0.24722632765769958,-0.03538095951080322,0.6534924507141113,0.3081105649471283,-0.02398183010518551,0.6626571416854858,0.3226300776004791,-0.007314104586839676,0.6925626993179321,0.2807992398738861,-0.021228814497590065,0.6742896437644958,0.24564406275749207,-0.03207877650856972,0.6789593696594238,0.28747209906578064,-0.020315060392022133,0.6867212057113647,0.3023494482040405,-0.006950421258807182,Stop
0.6804389357566833,0.4348587989807129,-4.077140260960732e-07,0.6249321699142456,0.42655831575393677,-0.013692127540707588,0.5764361023902893,0.38909465074539185,-0.02047305926680565,0.5783276557922363,0.3304538130760193,-0.02911774255335331,0.6158873438835144,0.30916789174079895,-0.03373043239116669,0.5919859409332275,0.30976495146751404,0.003086651675403118,0.5739176869392395,0.2750152349472046,-0.022939953953027725,0.5921880006790161,0.3237907588481903,-0.03500410541892052,0.6020619869232178,0.34083837270736694,-0.03940128535032272,0.6231279373168945,0.2932513952255249,-0.001101597910746932,0.6043621301651001,0.2553747892379761,-0.027029605582356453,0.6222620010375977,0.3147026598453522,-0.028424644842743874,0.6309371590614319,0.3262118995189667,-0.021438559517264366,0.6558017134666443,0.28365033864974976,-0.010755146853625774,0.6398530006408691,0.2463272511959076,-0.0361354723572731,0.6532084345817566,0.30675870180130005,-0.024637371301651,0.6620256304740906,0.3214763402938843,-0.008343284949660301,0.6925471425056458,0.2811838686466217,-0.022304804995656013,0.6746190190315247,0.24623514711856842,-0.03303932771086693,0.6788737177848816,0.2876037061214447,-0.02136477828025818,0.686410129070282,0.3024969696998596,-0.008250972256064415,Stop
0.6827918887138367,0.43845149874687195,-4.1259400518356415e-07,0.625383734703064,0.4295080304145813,-0.011794760823249817,0.575168788433075,0.38694843649864197,-0.01622583717107773,0.575048565864563,0.3266589641571045,-0.022949017584323883,0.6117417812347412,0.3116828203201294,-0.025888655334711075,0.593295693397522,0.3098900616168976,0.007852804847061634,0.5747071504592896,0.27483081817626953,-0.015682905912399292,0.5914557576179504,0.3214448392391205,-0.026017572730779648,0.6008898019790649,0.3389319181442261,-0.029335148632526398,0.6234403252601624,0.2923668622970581,0.0032900760415941477,0.6042835712432861,0.2552701234817505,-0.02084079012274742,0.6217890381813049,0.3133413791656494,-0.021488359197974205,0.631283700466156,0.3251135051250458,-0.013612163253128529,0.6556458473205566,0.2826915979385376,-0.006708704866468906,0.6395137906074524,0.2483874261379242,-0.030618546530604362,0.6528061628341675,0.30750346183776855,-0.019412126392126083,0.6619824767112732,0.3209358751773834,-0.0032113816123455763,0.692584216594696,0.2810229957103729,-0.018505442887544632,0.674326479434967,0.24599125981330872,-0.02808845229446888,0.6784626841545105,0.2868766188621521,-0.016379648819565773,0.6865545511245728,0.3011977970600128,-0.0032654665410518646,Stop
0.683193027973175,0.4377445578575134,-4.13637479823592e-07,0.6259208917617798,0.4286111891269684,-0.012928761541843414,0.5750249624252319,0.3854624330997467,-0.018206169828772545,0.575585663318634,0.3242200016975403,-0.025621896609663963,0.6138849258422852,0.3095954954624176,-0.029095131903886795,0.5925670862197876,0.3098399043083191,0.006214804016053677,0.5738498568534851,0.27510079741477966,-0.017967889085412025,0.5918292999267578,0.32376012206077576,-0.028726736083626747,0.6009089350700378,0.3382159173488617,-0.03268849477171898,0.6232489943504333,0.2924302816390991,0.0018579233437776566,0.6039488315582275,0.25558072328567505,-0.02348318137228489,0.6219075918197632,0.31552034616470337,-0.024139253422617912,0.631083607673645,0.3257134258747101,-0.016237325966358185,0.6557305455207825,0.28259536623954773,-0.008041616529226303,0.6396640539169312,0.2477031648159027,-0.03278212994337082,0.6530261635780334,0.30835646390914917,-0.021110422909259796,0.6620961427688599,0.32059445977211,-0.004516623914241791,0.6925110220909119,0.27997082471847534,-0.019893821328878403,0.6746789216995239,0.2455681413412094,-0.029576925560832024,0.678795576095581,0.2873556613922119,-0.017625337466597557,0.6867861151695251,0.3011139929294586,-0.004425696097314358,Stop
0.6800606846809387,0.4372032582759857,-4.211579778257146e-07,0.6236988306045532,0.42933085560798645,-0.013306047767400742,0.5735291838645935,0.3879196047782898,-0.01883474737405777,0.5741699934005737,0.32668590545654297,-0.026452694088220596,0.6132630705833435,0.30900758504867554,-0.030324697494506836,0.5911493897438049,0.30995020270347595,0.005680433940142393,0.5727787017822266,0.27659061551094055,-0.019078431650996208,0.5904373526573181,0.3262716829776764,-0.030887259170413017,0.5996437072753906,0.33937087655067444,-0.03578375652432442,0.6220483779907227,0.29316332936286926,0.0013778593856841326,0.603625476360321,0.2563548982143402,-0.024540666490793228,0.6207354068756104,0.31704291701316833,-0.026014065369963646,0.6294264793395996,0.32721394300460815,-0.018815934658050537,0.6544517278671265,0.28380119800567627,-0.008453503251075745,0.6388579607009888,0.2469998002052307,-0.033747341483831406,0.6517795920372009,0.30823880434036255,-0.022338470444083214,0.6606830954551697,0.3209008276462555,-0.00594415795058012,0.6913259029388428,0.2813546657562256,-0.02026393637061119,0.6737231016159058,0.24518856406211853,-0.030689777806401253,0.6780983805656433,0.2875979542732239,-0.019015802070498466,0.6860686540603638,0.3020626902580261,-0.005988221149891615,Stop
0.6802437901496887,0.4363706111907959,-4.086887201992795e-07,0.6238217353820801,0.42837995290756226,-0.013659187592566013,0.5738688707351685,0.388455331325531,-0.019812263548374176,0.5754446387290955,0.3276476263999939,-0.027806784957647324,0.6146432161331177,0.3085954785346985,-0.0319666862487793,0.5902585387229919,0.3097831904888153,0.00441994471475482,0.5724998712539673,0.27711573243141174,-0.020680511370301247,0.5907791256904602,0.3260461390018463,-0.033202894032001495,0.5995848178863525,0.33949169516563416,-0.03870410844683647,0.621587336063385,0.2928270697593689,0.0003152919525746256,0.6034246683120728,0.2566460371017456,-0.024967040866613388,0.6210610866546631,0.31644323468208313,-0.026511259377002716,0.6291012763977051,0.3265284597873688,-0.01992782950401306,0.6542688012123108,0.2837618589401245,-0.009287524968385696,0.6390329599380493,0.24669091403484344,-0.033820442855358124,0.6520704627037048,0.3067871332168579,-0.022291146218776703,0.6605274081230164,0.3200324475765228,-0.006337274331599474,0.6911538243293762,0.28201332688331604,-0.020900806412100792,0.6736854314804077,0.24658246338367462,-0.03121422603726387,0.6779966950416565,0.28800421953201294,-0.01967323198914528,0.6854432225227356,0.3024037480354309,-0.006934538949280977,Stop
0.6790693998336792,0.4389849901199341,-4.104015829398122e-07,0.6219123601913452,0.4287923276424408,-0.012011910788714886,0.5725711584091187,0.38639602065086365,-0.016992516815662384,0.5734010338783264,0.3271327614784241,-0.024353139102458954,0.6111813187599182,0.31202462315559387,-0.02796577289700508,0.5894052982330322,0.309569388628006,0.008175245486199856,0.5722613334655762,0.27627894282341003,-0.01647770218551159,0.5895621180534363,0.3253883123397827,-0.02869376353919506,0.5986988544464111,0.3413148522377014,-0.03348249942064285,0.6205857992172241,0.2930257022380829,0.003407647367566824,0.6026329398155212,0.2563227713108063,-0.021858716383576393,0.6197643876075745,0.3165421783924103,-0.023914337158203125,0.6287719011306763,0.3280942440032959,-0.016966260969638824,0.6535546779632568,0.2839850187301636,-0.006841594818979502,0.6385117173194885,0.24906504154205322,-0.03128218278288841,0.6511509418487549,0.30921217799186707,-0.020655419677495956,0.6600484848022461,0.32273587584495544,-0.004683354403823614,0.6906752586364746,0.28215938806533813,-0.01891637034714222,0.6729990839958191,0.2475813776254654,-0.028131229802966118,0.6771603226661682,0.28811460733413696,-0.01625731773674488,0.6852517127990723,0.30159980058670044,-0.0030385327991098166,Stop
0.6792080402374268,0.43893489241600037,-4.168073814980744e-07,0.6225094795227051,0.4289162755012512,-0.012269659899175167,0.5727331042289734,0.3868033289909363,-0.017737070098519325,0.5734089612960815,0.3273313045501709,-0.025430765002965927,0.612080991268158,0.3121350109577179,-0.029243983328342438,0.5896785855293274,0.3089514970779419,0.006541822571307421,0.572174608707428,0.2753327190876007,-0.018442071974277496,0.5894668102264404,0.32593584060668945,-0.030495546758174896,0.5986072421073914,0.3414651155471802,-0.035235002636909485,0.6210716366767883,0.2927793860435486,0.0018236956093460321,0.6026796698570251,0.2557246685028076,-0.02390477806329727,0.6195788979530334,0.3168731927871704,-0.02561475709080696,0.6287767887115479,0.3275456726551056,-0.01844433695077896,0.6540219783782959,0.2838832139968872,-0.008320137858390808,0.63861083984375,0.24884629249572754,-0.033013965934515,0.6509230136871338,0.30966317653656006,-0.022019660100340843,0.66008460521698,0.3221646249294281,-0.005865918006747961,0.6909363865852356,0.2819027900695801,-0.020307008177042007,0.6730495691299438,0.24799606204032898,-0.02970263734459877,0.6768039464950562,0.2892077565193176,-0.017826993018388748,0.685060977935791,0.3022088408470154,-0.004643799737095833,Stop
0.6800321936607361,0.43853509426116943,-4.147459549130872e-07,0.6239616870880127,0.43231338262557983,-0.01229100301861763,0.5732102394104004,0.3908528685569763,-0.017018485814332962,0.5719965100288391,0.3296467363834381,-0.023923354223370552,0.6095377206802368,0.311393678188324,-0.026784520596265793,0.5898587703704834,0.31373223662376404,0.007070103660225868,0.5711377263069153,0.27774763107299805,-0.017688054591417313,0.5887407064437866,0.32696858048439026,-0.029332727193832397,0.5996156930923462,0.3432401716709137,-0.03362162411212921,0.6206808686256409,0.2960353195667267,0.002696503885090351,0.6017555594444275,0.25602054595947266,-0.022144131362438202,0.6181336045265198,0.3148585855960846,-0.02330956608057022,0.6277878284454346,0.32495298981666565,-0.015950433909893036,0.6533135175704956,0.2858736217021942,-0.007168332114815712,0.6376694440841675,0.2488269805908203,-0.030982255935668945,0.6494271159172058,0.3081740140914917,-0.019428500905632973,0.6585379242897034,0.31968796253204346,-0.003267102874815464,0.6903328895568848,0.2823587954044342,-0.01897997222840786,0.6726658940315247,0.24688825011253357,-0.02785489708185196,0.6758881211280823,0.28846225142478943,-0.015674609690904617,0.6838420629501343,0.3022339344024658,-0.0025074894074350595,Stop
0.6796374320983887,0.43838441371917725,-4.117293599392724e-07,0.6236863136291504,0.4323159158229828,-0.012745881453156471,0.572620689868927,0.3897181451320648,-0.017770806327462196,0.5722575187683105,0.3276613652706146,-0.024850012734532356,0.6107854843139648,0.3120354413986206,-0.027818510308861732,0.5895463228225708,0.31391945481300354,0.00602873507887125,0.5714102983474731,0.2775324583053589,-0.018958011642098427,0.5895300507545471,0.32642367482185364,-0.030910702422261238,0.5994910001754761,0.3416000008583069,-0.03567897155880928,0.6205149292945862,0.29621773958206177,0.0017046924913302064,0.601579487323761,0.25685203075408936,-0.02348284423351288,0.6187726855278015,0.3157113194465637,-0.024656357243657112,0.6275259852409363,0.3251561224460602,-0.01740313693881035,0.653117299079895,0.2863175868988037,-0.008113214746117592,0.637478232383728,0.2489231824874878,-0.03201042860746384,0.6500200629234314,0.30849698185920715,-0.020140480250120163,0.6583691239356995,0.31986209750175476,-0.0038572975900024176,0.6898626685142517,0.28273260593414307,-0.019960695877671242,0.6725572347640991,0.24727076292037964,-0.02885335125029087,0.6766066551208496,0.28841349482536316,-0.01662764512002468,0.6843268275260925,0.301449179649353,-0.00354498322121799,Stop
0.6798147559165955,0.43786394596099854,-4.0835777781467186e-07,0.6239937543869019,0.430943101644516,-0.01375695038586855,0.5736532211303711,0.3895609974861145,-0.020040294155478477,0.574923038482666,0.32848894596099854,-0.028140965849161148,0.6140900254249573,0.3117500841617584,-0.03234832361340523,0.5898331999778748,0.3121875524520874,0.0033889026381075382,0.5710005164146423,0.27761396765708923,-0.022217990830540657,0.5898305773735046,0.32604289054870605,-0.03437720984220505,0.5996056199073792,0.3404247462749481,-0.039251960813999176,0.6210150718688965,0.29497987031936646,-0.0007627544109709561,0.601559579372406,0.2571604549884796,-0.026538651436567307,0.6195020079612732,0.3160734176635742,-0.02766282670199871,0.628158450126648,0.32617926597595215,-0.02037658728659153,0.6536017656326294,0.28558167815208435,-0.01039925031363964,0.6377403736114502,0.24992185831069946,-0.035394538193941116,0.6511863470077515,0.310057669878006,-0.023769723251461983,0.659777045249939,0.32276493310928345,-0.0074116881005465984,0.6904022693634033,0.2827907204627991,-0.022027837112545967,0.6724130511283875,0.24888776242733002,-0.032215509563684464,0.6774302124977112,0.289976567029953,-0.020420227199792862,0.6854860186576843,0.3032023310661316,-0.007391882129013538,Stop
0.6800335645675659,0.4384455382823944,-4.0843602278073377e-07,0.624077558517456,0.43163222074508667,-0.013457264751195908,0.5734865665435791,0.38905832171440125,-0.0193413645029068,0.5749896764755249,0.32773056626319885,-0.027040546759963036,0.6146316528320312,0.31260016560554504,-0.03093438781797886,0.5894959568977356,0.3124919533729553,0.0038299148436635733,0.5714148879051208,0.27748531103134155,-0.021416278555989265,0.5898773074150085,0.32590845227241516,-0.03357728198170662,0.5996559262275696,0.3416689932346344,-0.038456887006759644,0.620731770992279,0.2948766052722931,-0.0003235443728044629,0.6019737124443054,0.2563989460468292,-0.025731418281793594,0.6196725368499756,0.31531962752342224,-0.027013583108782768,0.628354012966156,0.3270336091518402,-0.01980842463672161,0.6534773111343384,0.28543582558631897,-0.009888908825814724,0.6382400393486023,0.2492072880268097,-0.03448573127388954,0.6513980031013489,0.30922383069992065,-0.02321537211537361,0.6598337888717651,0.32339733839035034,-0.007094855420291424,0.690425455570221,0.282889187335968,-0.02141055278480053,0.6728029847145081,0.24834898114204407,-0.03147713467478752,0.6776472926139832,0.28928351402282715,-0.019920386373996735,0.6856318116188049,0.30342692136764526,-0.00705352146178484,Stop
0.6810490489006042,0.44016939401626587,-4.239248880821833e-07,0.6254963278770447,0.43360185623168945,-0.01353539526462555,0.5748614072799683,0.3926031291484833,-0.01958569325506687,0.5744892954826355,0.33229026198387146,-0.02763340063393116,0.6131969690322876,0.31468018889427185,-0.03180680423974991,0.5911233425140381,0.31220248341560364,0.004478272516280413,0.5727453231811523,0.278744101524353,-0.020459014922380447,0.5904966592788696,0.3290093243122101,-0.03187974542379379,0.5999581813812256,0.34280508756637573,-0.03642925247550011,0.6221200823783875,0.2956811785697937,9.906299965223297e-05,0.6029123067855835,0.25898659229278564,-0.026050718501210213,0.620478093624115,0.3202141225337982,-0.026942521333694458,0.6296363472938538,0.3307444751262665,-0.019266724586486816,0.6546559929847717,0.28644701838493347,-0.009778431616723537,0.6384983658790588,0.25091683864593506,-0.03541035205125809,0.651861310005188,0.31237146258354187,-0.023530621081590652,0.6610196828842163,0.3258212208747864,-0.006722485180944204,0.6914427280426025,0.28409042954444885,-0.021606409922242165,0.6732845306396484,0.24840901792049408,-0.03221704065799713,0.6779054403305054,0.2908341884613037,-0.02021392434835434,0.6860218048095703,0.30591195821762085,-0.006880505941808224,Stop
0.681069016456604,0.44042256474494934,-4.134917617193423e-07,0.6247307658195496,0.4328969120979309,-0.013124915771186352,0.5740294456481934,0.3919071853160858,-0.019044745713472366,0.5745988488197327,0.33153200149536133,-0.027017297223210335,0.6136252284049988,0.3131771981716156,-0.031181693077087402,0.5910745859146118,0.3129752278327942,0.0048405081033706665,0.5726858973503113,0.27919527888298035,-0.020124558359384537,0.5904335975646973,0.3292817175388336,-0.03211076185107231,0.6002641320228577,0.34316113591194153,-0.03707835078239441,0.6223354935646057,0.2963060438632965,0.00039221119368448853,0.603248655796051,0.25836169719696045,-0.02557697705924511,0.6203435063362122,0.3190321922302246,-0.026867792010307312,0.6299363970756531,0.33016064763069153,-0.019561555236577988,0.6550491452217102,0.2871030569076538,-0.009503500536084175,0.6392033696174622,0.25051960349082947,-0.03443436697125435,0.6517573595046997,0.31092265248298645,-0.02280960977077484,0.6610447764396667,0.32449671626091003,-0.006371764931827784,0.6919286251068115,0.28479644656181335,-0.021367356181144714,0.6737928986549377,0.2487577497959137,-0.03138747438788414,0.677764892578125,0.29019850492477417,-0.019517937675118446,0.6858799457550049,0.304993212223053,-0.006438318639993668,Stop
0.7379308342933655,0.5076510906219482,-3.5545886589716247e-07,0.6822859048843384,0.48670536279678345,-0.014697537757456303,0.6409080028533936,0.4393533170223236,-0.024932635948061943,0.647657573223114,0.3813639283180237,-0.03742346912622452,0.6866382360458374,0.36475661396980286,-0.04781999811530113,0.663463830947876,0.36635535955429077,2.0544774088193662e-05,0.6524889469146729,0.32818180322647095,-0.027257652953267097,0.6646294593811035,0.3737098276615143,-0.04676111415028572,0.6738625764846802,0.4107336401939392,-0.05593404918909073,0.6968065500259399,0.35703086853027344,-0.003543818136677146,0.6859694123268127,0.3163869380950928,-0.03128834068775177,0.6963687539100647,0.37436652183532715,-0.04100942984223366,0.7029423117637634,0.4180908203125,-0.0398329459130764,0.7303353548049927,0.3554612994194031,-0.011651587672531605,0.7214627861976624,0.31721967458724976,-0.0385688915848732,0.7248218059539795,0.37827813625335693,-0.03504245728254318,0.7274906635284424,0.42613860964775085,-0.023349566385149956,0.7660768032073975,0.36278262734413147,-0.02140612155199051,0.7556204795837402,0.32617712020874023,-0.03683386370539665,0.7511729001998901,0.36494365334510803,-0.030585573986172676,0.749261200428009,0.40099790692329407,-0.020427098497748375,Stop
0.7368366122245789,0.5033925771713257,-3.5669745557243004e-07,0.6800475120544434,0.48274362087249756,-0.013721369206905365,0.6374010443687439,0.43111535906791687,-0.023049218580126762,0.6450037956237793,0.37174472212791443,-0.03470607101917267,0.684579074382782,0.3607008457183838,-0.04449141398072243,0.6611056327819824,0.3626946806907654,-0.0003157670143991709,0.6519559621810913,0.3232559859752655,-0.027703862637281418,0.662426769733429,0.36705586314201355,-0.04716050624847412,0.6700801849365234,0.4041076898574829,-0.05622124299407005,0.6938833594322205,0.35212442278862,-0.0040345387533307076,0.6843395829200745,0.3125321865081787,-0.03071710653603077,0.6942671537399292,0.3706955909729004,-0.03921210393309593,0.7006542682647705,0.4139879643917084,-0.03740135580301285,0.7268562316894531,0.3504789173603058,-0.012248462066054344,0.7193788886070251,0.31280258297920227,-0.037745945155620575,0.7226807475090027,0.37282702326774597,-0.033537574112415314,0.7250868082046509,0.42047005891799927,-0.02183028683066368,0.7617344856262207,0.35802721977233887,-0.02210487611591816,0.7536321878433228,0.3203440010547638,-0.03629453480243683,0.7483997941017151,0.3586912155151367,-0.02963503822684288,0.7451221942901611,0.3955734670162201,-0.01950201205909252,Stop
0.7372984886169434,0.5017886757850647,-3.4231058521072555e-07,0.6801047325134277,0.4798935353755951,-0.012629847973585129,0.6394372582435608,0.42971426248550415,-0.02123306132853031,0.6475992798805237,0.3732048571109772,-0.032590944319963455,0.6834787726402283,0.3569563031196594,-0.04224336892366409,0.6611458659172058,0.3628899157047272,0.002001986838877201,0.6523002982139587,0.32383930683135986,-0.02429714985191822,0.6644299030303955,0.3661580979824066,-0.04374273493885994,0.6730507016181946,0.4040369689464569,-0.05282164737582207,0.6935100555419922,0.3524545431137085,-0.00211389921605587,0.6842994689941406,0.31221070885658264,-0.02781631238758564,0.6952317953109741,0.36742791533470154,-0.037670623511075974,0.7019695043563843,0.41130635142326355,-0.03717781603336334,0.726363480091095,0.34999406337738037,-0.010527263395488262,0.7184112668037415,0.311187207698822,-0.03529021888971329,0.7225878238677979,0.3698464632034302,-0.03206847980618477,0.7256355285644531,0.417830228805542,-0.02133551426231861,0.7614620327949524,0.3564755320549011,-0.020468980073928833,0.7531896233558655,0.31961390376091003,-0.034165263175964355,0.7485927939414978,0.35689008235931396,-0.027535855770111084,0.7456764578819275,0.3927992284297943,-0.017613036558032036,Stop
0.7374086380004883,0.5012083053588867,-3.408458155718108e-07,0.6805835962295532,0.4802303910255432,-0.013425566256046295,0.6392351984977722,0.4314281642436981,-0.022382941097021103,0.6463034152984619,0.3739977478981018,-0.03408804535865784,0.6838932037353516,0.3579709231853485,-0.044016968458890915,0.6613656282424927,0.36297497153282166,0.0030149933882057667,0.6524609327316284,0.32348769903182983,-0.023929130285978317,0.6641469597816467,0.36509305238723755,-0.0438615158200264,0.6723719835281372,0.4027290940284729,-0.05310790240764618,0.693830132484436,0.3521023094654083,-0.0007742827292531729,0.6842774152755737,0.3122749328613281,-0.027374155819416046,0.6953520178794861,0.36801815032958984,-0.037652820348739624,0.702079176902771,0.4122674763202667,-0.03699897974729538,0.7266699075698853,0.3494477868080139,-0.009129795245826244,0.7186295390129089,0.3112165331840515,-0.0351879857480526,0.723041832447052,0.3705679178237915,-0.032533083111047745,0.7261152267456055,0.41927236318588257,-0.021498989313840866,0.7617405652999878,0.3559487462043762,-0.01901630312204361,0.7531696557998657,0.31942540407180786,-0.03356931358575821,0.7488691210746765,0.35667428374290466,-0.027393504977226257,0.7460331916809082,0.39306262135505676,-0.01737414486706257,Stop
0.7364386916160583,0.5003689527511597,-3.600364379963139e-07,0.6803237199783325,0.4795222878456116,-0.013217720203101635,0.6393797993659973,0.42854130268096924,-0.022370632737874985,0.6458390951156616,0.37099581956863403,-0.0340578556060791,0.6831089854240417,0.3590381443500519,-0.04390096291899681,0.6622542142868042,0.35968267917633057,0.0011135624954476953,0.6528025269508362,0.3217678368091583,-0.0259200781583786,0.6647041440010071,0.365535169839859,-0.04525010660290718,0.67356938123703,0.40254196524620056,-0.05409838631749153,0.6945614814758301,0.3497774600982666,-0.0027787117287516594,0.6851263642311096,0.31221917271614075,-0.029415789991617203,0.695853590965271,0.36959150433540344,-0.03875064477324486,0.7023686170578003,0.4121629595756531,-0.037469569593667984,0.7272852063179016,0.34796637296676636,-0.011084577068686485,0.719428539276123,0.31099268794059753,-0.03677370026707649,0.7236027717590332,0.37065351009368896,-0.03340355306863785,0.726387083530426,0.41735750436782837,-0.02210845798254013,0.7617465257644653,0.3550102114677429,-0.020889900624752045,0.7527675032615662,0.3197394609451294,-0.03497932851314545,0.7488826513290405,0.3579540550708771,-0.028461700305342674,0.7469567656517029,0.39296120405197144,-0.018313592299818993,Stop
0.7366164326667786,0.5011274814605713,-3.5734629477701674e-07,0.6804443001747131,0.48042818903923035,-0.014100429601967335,0.6391834616661072,0.4291967749595642,-0.02349296770989895,0.6464800238609314,0.37154972553253174,-0.035199154168367386,0.6837038993835449,0.35864144563674927,-0.04494272917509079,0.6613891124725342,0.35923513770103455,3.50794471160043e-05,0.6518443822860718,0.32283905148506165,-0.026903202757239342,0.6646718382835388,0.36779510974884033,-0.046130888164043427,0.6735219955444336,0.4047713279724121,-0.05502071604132652,0.6940010190010071,0.3491824269294739,-0.0035460779909044504,0.6842412352561951,0.3116588294506073,-0.030122416093945503,0.6957968473434448,0.3695310950279236,-0.039324913173913956,0.7023990154266357,0.41223251819610596,-0.03796781226992607,0.7270855903625488,0.3476037085056305,-0.01155463233590126,0.7189316749572754,0.311436265707016,-0.03733699768781662,0.7235909104347229,0.37136468291282654,-0.0338900201022625,0.7264043688774109,0.418194442987442,-0.022526493296027184,0.7617110013961792,0.3549121916294098,-0.021137304604053497,0.7524074912071228,0.31951195001602173,-0.03556455671787262,0.7486896514892578,0.3576321601867676,-0.02907007560133934,0.7468504905700684,0.39288759231567383,-0.018859844654798508,Stop
0.7381340861320496,0.5014323592185974,-3.5995694247503707e-07,0.6807156205177307,0.4805861711502075,-0.01320700440555811,0.6394376158714294,0.43044179677963257,-0.021907556802034378,0.6465012431144714,0.3722131848335266,-0.03324994817376137,0.6831434369087219,0.3583815097808838,-0.042752981185913086,0.6604809165000916,0.36226770281791687,0.002229247009381652,0.6523312330245972,0.3248887360095978,-0.024385353550314903,0.6647225022315979,0.3679769039154053,-0.04336142539978027,0.6716623306274414,0.4051048755645752,-0.05201512575149536,0.6928774118423462,0.35128623247146606,-0.001655105734243989,0.6841016411781311,0.3131907880306244,-0.027597341686487198,0.6960324048995972,0.370841920375824,-0.03707491233944893,0.7005800604820251,0.4129523038864136,-0.03612593933939934,0.726095974445343,0.3486403226852417,-0.009966515935957432,0.7191038727760315,0.3124472200870514,-0.0359266921877861,0.7239593267440796,0.37292787432670593,-0.03294763341546059,0.7249608039855957,0.419776976108551,-0.021872907876968384,0.7608152627944946,0.35535579919815063,-0.019669877365231514,0.752750039100647,0.31968188285827637,-0.03418086841702461,0.7494150400161743,0.3581565320491791,-0.027610041201114655,0.7460706830024719,0.3937385678291321,-0.017339151352643967,Stop
0.7371441721916199,0.5015950798988342,-3.5363618167139066e-07,0.6800483465194702,0.48112985491752625,-0.013710634782910347,0.6386851668357849,0.43063920736312866,-0.0227244570851326,0.645169734954834,0.3715898394584656,-0.0342237614095211,0.6826445460319519,0.35817965865135193,-0.04380809888243675,0.6608622670173645,0.36187466979026794,0.0020373014267534018,0.6530905365943909,0.3230828642845154,-0.025265680626034737,0.6651140451431274,0.3649086654186249,-0.044731590896844864,0.6725054383277893,0.4020267724990845,-0.05352696403861046,0.6934252381324768,0.3512054681777954,-0.0015797835076227784,0.6850133538246155,0.3130975365638733,-0.028325481340289116,0.6962788105010986,0.3708111345767975,-0.037936124950647354,0.701161801815033,0.41328105330467224,-0.03680277615785599,0.7264277338981628,0.3488839566707611,-0.009782781824469566,0.7199298143386841,0.3121728301048279,-0.0362209677696228,0.7242004871368408,0.372559517621994,-0.03323104977607727,0.7254462242126465,0.4194518029689789,-0.021921776235103607,0.7611104846000671,0.3558477759361267,-0.01944134198129177,0.7536249756813049,0.3199743330478668,-0.033946190029382706,0.7499262690544128,0.3579587936401367,-0.027489343658089638,0.7465609312057495,0.39285895228385925,-0.01725064031779766,Stop
0.7352030873298645,0.4999159872531891,-3.4375176483081304e-07,0.6796369552612305,0.4786670506000519,-0.012929609045386314,0.6391143798828125,0.43166714906692505,-0.022600239142775536,0.6455639600753784,0.3757506012916565,-0.034971434623003006,0.6823273301124573,0.35726362466812134,-0.04574531689286232,0.6613247990608215,0.3602311611175537,0.0008254122221842408,0.6525043249130249,0.3238382041454315,-0.0258499588817358,0.6642917990684509,0.36619481444358826,-0.045662350952625275,0.6731706857681274,0.4050768315792084,-0.054947566241025925,0.6937952637672424,0.35034647583961487,-0.003262280486524105,0.6847794055938721,0.312177449464798,-0.029943831264972687,0.6950973272323608,0.36749258637428284,-0.04065064340829849,0.7018141150474548,0.4140323996543884,-0.04046185314655304,0.726665198802948,0.34830138087272644,-0.011520850472152233,0.7189234495162964,0.31219545006752014,-0.03728315606713295,0.7226772904396057,0.3710462152957916,-0.03515652194619179,0.7251971960067749,0.420857310295105,-0.024754317477345467,0.7611720561981201,0.3553890883922577,-0.021179091185331345,0.7522716522216797,0.3199213445186615,-0.035912059247493744,0.7481000423431396,0.35746559500694275,-0.0300564207136631,0.745213508605957,0.39471593499183655,-0.02033047005534172,Stop
0.7346264123916626,0.4995204210281372,-3.460360176177346e-07,0.6792887449264526,0.479341983795166,-0.013693282380700111,0.6383374929428101,0.43125396966934204,-0.023181606084108353,0.645569384098053,0.3747906982898712,-0.03516992926597595,0.682985246181488,0.3573283553123474,-0.04542410001158714,0.6614834070205688,0.36031126976013184,0.0008095063967630267,0.6515474915504456,0.32427293062210083,-0.025739220902323723,0.6636766195297241,0.36695486307144165,-0.045370787382125854,0.6726917028427124,0.4046437740325928,-0.05457846447825432,0.6940773725509644,0.35010817646980286,-0.0028136163018643856,0.6842681169509888,0.3119561970233917,-0.029414847493171692,0.6945993304252625,0.3679015338420868,-0.039836373180150986,0.7009231448173523,0.4136998653411865,-0.03930973634123802,0.7269670367240906,0.34812790155410767,-0.010719585232436657,0.718437135219574,0.3121877610683441,-0.03658366948366165,0.7221892476081848,0.37145882844924927,-0.03429265692830086,0.7246336936950684,0.42100220918655396,-0.023603349924087524,0.7616088390350342,0.3552859127521515,-0.02009511925280094,0.7520391941070557,0.3200071156024933,-0.03496070206165314,0.7474397420883179,0.3572196364402771,-0.029196113348007202,0.7443738579750061,0.39432406425476074,-0.01942233182489872,Stop
0.7368547320365906,0.5014556646347046,-3.4635556289686065e-07,0.6805597543716431,0.48230230808258057,-0.015235221944749355,0.6389563083648682,0.4324555993080139,-0.024419818073511124,0.6471045613288879,0.3746139109134674,-0.035809557884931564,0.6841071248054504,0.3598810136318207,-0.04499657079577446,0.6596234440803528,0.3634457290172577,0.0011254301061853766,0.6499454975128174,0.3254539668560028,-0.026347065344452858,0.6642487049102783,0.3704759478569031,-0.04625191166996956,0.6739726066589355,0.40723976492881775,-0.055624887347221375,0.692468523979187,0.35197943449020386,-0.0018835653318092227,0.6832645535469055,0.31298956274986267,-0.029136832803487778,0.6960920691490173,0.3718968331813812,-0.03867851570248604,0.7029942870140076,0.41408997774124146,-0.037336524575948715,0.725509524345398,0.3495740592479706,-0.009654267691075802,0.7178978323936462,0.3128677010536194,-0.03573571518063545,0.7231342792510986,0.37300097942352295,-0.03208869323134422,0.7260453104972839,0.41930463910102844,-0.02046417072415352,0.7603119015693665,0.35583728551864624,-0.019217127934098244,0.7514253854751587,0.3199285864830017,-0.03367229551076889,0.7472597360610962,0.35743847489356995,-0.02710949070751667,0.7446120977401733,0.3922024369239807,-0.016833124682307243,Stop
0.7361558079719543,0.5024256706237793,-3.4467853993191966e-07,0.679618239402771,0.48165515065193176,-0.014132121577858925,0.6395869851112366,0.4321293234825134,-0.02340150997042656,0.6474332809448242,0.37537577748298645,-0.035261400043964386,0.683030366897583,0.3585691452026367,-0.04523525387048721,0.6611478328704834,0.36406540870666504,0.0012717107310891151,0.6520110368728638,0.3250625729560852,-0.026371002197265625,0.6656404733657837,0.3690507113933563,-0.04652942344546318,0.6755860447883606,0.40710240602493286,-0.05591673403978348,0.6932727694511414,0.3531741201877594,-0.002361068967729807,0.6847881078720093,0.31406986713409424,-0.02942080982029438,0.6965815424919128,0.37138453125953674,-0.039450716227293015,0.7034935355186462,0.41416966915130615,-0.03875330463051796,0.7258445620536804,0.35063058137893677,-0.010616208426654339,0.7186939716339111,0.3124401271343231,-0.03627172112464905,0.7232900857925415,0.3714841604232788,-0.03290589898824692,0.726395308971405,0.4180481433868408,-0.021772293373942375,0.760118305683136,0.35654422640800476,-0.020571844652295113,0.75178462266922,0.3201925754547119,-0.0344529002904892,0.7477326989173889,0.3574356138706207,-0.02770434506237507,0.7454612851142883,0.39224836230278015,-0.017497723922133446,Stop
0.7188199758529663,0.4514838457107544,-3.29528887732522e-07,0.6711294054985046,0.4679160714149475,-0.01677224412560463,0.6209823489189148,0.4582030773162842,-0.028338463976979256,0.6069433689117432,0.41332098841667175,-0.04129493981599808,0.6272650361061096,0.37758857011795044,-0.05169440060853958,0.6031592488288879,0.37243619561195374,-0.005648594815284014,0.5810292363166809,0.34967759251594543,-0.03240468353033066,0.6096487045288086,0.3782425820827484,-0.04995103180408478,0.6347000598907471,0.40326642990112305,-0.057507265359163284,0.6287434101104736,0.3405143618583679,-0.008578820154070854,0.6062257885932922,0.3143657147884369,-0.03677603229880333,0.6384801268577576,0.35747361183166504,-0.0457182414829731,0.6623728275299072,0.38909992575645447,-0.04352546110749245,0.6580844521522522,0.3175751566886902,-0.015763776376843452,0.6411529183387756,0.29544204473495483,-0.043655283749103546,0.6675143241882324,0.3465075194835663,-0.04037684574723244,0.6865230798721313,0.38423773646354675,-0.02870458923280239,0.6914411783218384,0.3030858039855957,-0.024508384987711906,0.675507664680481,0.280279278755188,-0.04153374955058098,0.6848397254943848,0.31890276074409485,-0.035637978464365005,0.69387286901474,0.3514353930950165,-0.025249971076846123,Stop
0.7194543480873108,0.45195451378822327,-3.4332651921431534e-07,0.6715626120567322,0.46831849217414856,-0.017227401956915855,0.6195688843727112,0.45601487159729004,-0.028566377237439156,0.6052190661430359,0.40968313813209534,-0.04110074043273926,0.6306231021881104,0.3759162724018097,-0.05115102231502533,0.6064298748970032,0.3696022033691406,-0.0062972502782940865,0.5840362906455994,0.3463539183139801,-0.03344092145562172,0.612122118473053,0.3777952492237091,-0.05150545388460159,0.6360917091369629,0.40225961804389954,-0.059587620198726654,0.6318802833557129,0.33933892846107483,-0.008918719366192818,0.6087580919265747,0.31152287125587463,-0.03731529787182808,0.6394957304000854,0.3572664260864258,-0.04589216038584709,0.6624372005462646,0.38933947682380676,-0.04329930990934372,0.6612411737442017,0.31812140345573425,-0.015887552872300148,0.6441727876663208,0.2944321930408478,-0.043557099997997284,0.6684280633926392,0.3467147648334503,-0.040236521512269974,0.6860775947570801,0.3839739263057709,-0.028407257050275803,0.6945071220397949,0.3049554228782654,-0.02451121062040329,0.6778549551963806,0.27959194779396057,-0.040583036839962006,0.6858565807342529,0.3181777596473694,-0.03460782393813133,0.6941798329353333,0.350402295589447,-0.024370744824409485,Stop
0.7188875079154968,0.45136645436286926,-3.3099408369707817e-07,0.6717710494995117,0.46650123596191406,-0.017208127304911613,0.6219485998153687,0.45590150356292725,-0.028657635673880577,0.6074575185775757,0.41171497106552124,-0.04134059324860573,0.6265062689781189,0.37538519501686096,-0.05134725198149681,0.6056714057922363,0.37117746472358704,-0.005831299815326929,0.5837799906730652,0.34726208448410034,-0.033508773893117905,0.6125516891479492,0.3767184317111969,-0.05171658843755722,0.636969268321991,0.40149062871932983,-0.05954506993293762,0.6314409375190735,0.34074193239212036,-0.008496826514601707,0.6088265180587769,0.3122260868549347,-0.03729141131043434,0.6402074098587036,0.35717394948005676,-0.04621555283665657,0.662705659866333,0.38909921050071716,-0.04380631819367409,0.6608856320381165,0.31888261437416077,-0.015561556443572044,0.6443535685539246,0.294890820980072,-0.04394739866256714,0.6696335673332214,0.34708452224731445,-0.04042565077543259,0.6871422529220581,0.38397982716560364,-0.028348024934530258,0.694114625453949,0.30511897802352905,-0.024208854883909225,0.6786670088768005,0.2806043028831482,-0.0410306341946125,0.687144935131073,0.3191325068473816,-0.034822821617126465,0.6947925686836243,0.3507057726383209,-0.02420624904334545,Stop
0.7183613777160645,0.45374739170074463,-3.4298307127755834e-07,0.6706796288490295,0.4676445424556732,-0.0170243289321661,0.6209056377410889,0.45530518889427185,-0.028628608211874962,0.606158971786499,0.41187718510627747,-0.041650932282209396,0.6261204481124878,0.37711888551712036,-0.051949821412563324,0.6074296236038208,0.3697654902935028,-0.0060865310952067375,0.5843979120254517,0.34651491045951843,-0.03282342478632927,0.6129129528999329,0.37774214148521423,-0.050165314227342606,0.6367453336715698,0.4036603569984436,-0.05762846767902374,0.6331791281700134,0.34037575125694275,-0.008966755121946335,0.6097533702850342,0.3133353888988495,-0.03733403980731964,0.640614926815033,0.3587963879108429,-0.046122949570417404,0.6627665162086487,0.3917579650878906,-0.043872833251953125,0.662892758846283,0.3191398084163666,-0.016110388562083244,0.6439620852470398,0.29547441005706787,-0.04371968284249306,0.6688222885131836,0.3473726212978363,-0.040139444172382355,0.6865121126174927,0.3855130672454834,-0.02838050201535225,0.6964660882949829,0.3056986331939697,-0.024893492460250854,0.6797947883605957,0.27973127365112305,-0.0413690060377121,0.6872079968452454,0.31735166907310486,-0.03541863337159157,0.6944299340248108,0.3500765860080719,-0.025204960256814957,Stop
0.7171029448509216,0.457955539226532,-3.544891171713971e-07,0.6690490245819092,0.46732044219970703,-0.01775858737528324,0.6206375956535339,0.4555879533290863,-0.030003216117620468,0.6053001880645752,0.4133812487125397,-0.043293651193380356,0.6243227124214172,0.37654659152030945,-0.05357912555336952,0.6078703999519348,0.3670974373817444,-0.006403320003300905,0.5864514708518982,0.34354957938194275,-0.03295992314815521,0.6141663193702698,0.3773110806941986,-0.049532946199178696,0.6361764669418335,0.40352505445480347,-0.05650314316153526,0.6355545520782471,0.33906349539756775,-0.008804524317383766,0.6139638423919678,0.3130436837673187,-0.03753722086548805,0.6436050534248352,0.36210888624191284,-0.04614512622356415,0.6633983850479126,0.3953355550765991,-0.04365018755197525,0.6663943529129028,0.3189544677734375,-0.015500961802899837,0.649354100227356,0.29707613587379456,-0.04393541067838669,0.6729248762130737,0.35152170062065125,-0.039942532777786255,0.6886727809906006,0.38934600353240967,-0.02770604006946087,0.7008307576179504,0.30721962451934814,-0.023763064295053482,0.6850634813308716,0.28497767448425293,-0.04105547070503235,0.6928170919418335,0.3254546523094177,-0.034790828824043274,0.6994197368621826,0.35790541768074036,-0.024061238393187523,Stop
0.7173410058021545,0.45723816752433777,-3.502873937577533e-07,0.6695815920829773,0.4673376977443695,-0.017771515995264053,0.6208489537239075,0.4555900990962982,-0.029922867193818092,0.6057369709014893,0.41295164823532104,-0.043082959949970245,0.62513667345047,0.3758494555950165,-0.05322019010782242,0.608327329158783,0.36662808060646057,-0.006455777212977409,0.5862047672271729,0.3436580002307892,-0.03298910707235336,0.6141033172607422,0.3767086863517761,-0.04957164451479912,0.6362435221672058,0.4024990499019623,-0.05651042237877846,0.6359443664550781,0.33885303139686584,-0.008774425834417343,0.6138514876365662,0.3134027123451233,-0.03755691275000572,0.6435317397117615,0.36187195777893066,-0.04632672294974327,0.663203775882721,0.39530250430107117,-0.0439072884619236,0.6667565107345581,0.3187902569770813,-0.015366178937256336,0.6491206884384155,0.2969941794872284,-0.0438900887966156,0.6727303862571716,0.3512347638607025,-0.04011725261807442,0.6884515285491943,0.3894995152950287,-0.027984706684947014,0.7011289596557617,0.30695733428001404,-0.02350977621972561,0.6849921345710754,0.2849259674549103,-0.04105061665177345,0.6926544308662415,0.32514798641204834,-0.03504175320267677,0.6992701292037964,0.3577944040298462,-0.024420885369181633,Stop
0.7173420786857605,0.45699387788772583,-3.528000434016576e-07,0.6695016622543335,0.46713146567344666,-0.017431220039725304,0.6207605600357056,0.4557189345359802,-0.029390204697847366,0.6055991053581238,0.41303107142448425,-0.04240547493100166,0.6248040795326233,0.3760739862918854,-0.0524565689265728,0.6083351373672485,0.3668332099914551,-0.006256702821701765,0.5864100456237793,0.3434542715549469,-0.032404039055109024,0.6139999628067017,0.3761909008026123,-0.048652395606040955,0.6360873579978943,0.4024398922920227,-0.055396970361471176,0.6358765363693237,0.3390078544616699,-0.008679361082613468,0.6140941381454468,0.3135179281234741,-0.03716278076171875,0.6438260674476624,0.362071692943573,-0.04582244157791138,0.6634212136268616,0.39569368958473206,-0.043373953551054,0.6666464805603027,0.3187914490699768,-0.015305227600038052,0.6493234634399414,0.2969968914985657,-0.04369508847594261,0.6729883551597595,0.35131537914276123,-0.039912525564432144,0.6886112093925476,0.38970884680747986,-0.027806689962744713,0.7009779810905457,0.30690890550613403,-0.023428259417414665,0.6849581599235535,0.28491103649139404,-0.04096600040793419,0.6927674412727356,0.3252774775028229,-0.03488657623529434,0.6993663907051086,0.3579810559749603,-0.024211127310991287,Stop
0.7185905575752258,0.45900264382362366,-3.6568275163517683e-07,0.6703833937644958,0.46983206272125244,-0.01732705906033516,0.6204186081886292,0.4561743140220642,-0.028801623731851578,0.6064075827598572,0.4103337824344635,-0.04151846468448639,0.6298224329948425,0.3741115927696228,-0.05119267478585243,0.6101095676422119,0.36690807342529297,-0.005738988984376192,0.5866995453834534,0.34346213936805725,-0.03286264091730118,0.6139397621154785,0.3778318464756012,-0.049559835344552994,0.6356622576713562,0.4017268717288971,-0.05648152157664299,0.6376610994338989,0.3397477865219116,-0.00828811340034008,0.6141080856323242,0.31321120262145996,-0.03730387985706329,0.6432346701622009,0.3628804087638855,-0.04512367770075798,0.6635797023773193,0.39464235305786133,-0.04176859185099602,0.6685246229171753,0.32023659348487854,-0.015292171388864517,0.6501842737197876,0.29682013392448425,-0.044276028871536255,0.6733826398849487,0.35284069180488586,-0.03973989188671112,0.6896647214889526,0.3905504643917084,-0.026644911617040634,0.7032900452613831,0.3086368143558502,-0.023883424699306488,0.6864399313926697,0.28317171335220337,-0.0411682166159153,0.6926202774047852,0.32364508509635925,-0.03474174812436104,0.6989539861679077,0.356638103723526,-0.023706069216132164,Stop
0.8184464573860168,0.3828309178352356,-3.4648991231733817e-07,0.7596268057823181,0.3513098955154419,-0.017166081815958023,0.7213212251663208,0.29550331830978394,-0.02873936854302883,0.7395684719085693,0.23949381709098816,-0.042204055935144424,0.7786906957626343,0.22354742884635925,-0.0529257170855999,0.7415922284126282,0.21947020292282104,-0.004878965672105551,0.7414698600769043,0.17645621299743652,-0.03614286705851555,0.7543479800224304,0.22703109681606293,-0.05773547664284706,0.759730875492096,0.26631417870521545,-0.06787095963954926,0.7808767557144165,0.21245338022708893,-0.008614120073616505,0.782287061214447,0.16636958718299866,-0.039184924215078354,0.790372908115387,0.2341773509979248,-0.04967491328716278,0.7893820405006409,0.27715206146240234,-0.048908889293670654,0.8187516331672668,0.21404366195201874,-0.01714993268251419,0.8225520849227905,0.17127953469753265,-0.045965712517499924,0.8226015567779541,0.23943166434764862,-0.04084206372499466,0.8178250789642334,0.2860836386680603,-0.027959225699305534,0.8556146621704102,0.22700121998786926,-0.02750069834291935,0.8591141104698181,0.18249855935573578,-0.04281355440616608,0.852271556854248,0.22393463551998138,-0.03390239551663399,0.8434811234474182,0.258048415184021,-0.021718602627515793,Stop
0.8158884644508362,0.394287109375,-3.612253181017877e-07,0.757695198059082,0.3624248802661896,-0.017192985862493515,0.7194229364395142,0.3064468204975128,-0.02891770377755165,0.7361669540405273,0.25026819109916687,-0.04263468459248543,0.7743583917617798,0.23128849267959595,-0.053424663841724396,0.7421277761459351,0.23495903611183167,-0.0068794782273471355,0.7402259111404419,0.18517208099365234,-0.03761032596230507,0.7533937096595764,0.23747524619102478,-0.05795843526721001,0.7589924335479736,0.27696898579597473,-0.0673496201634407,0.7807003855705261,0.2277471423149109,-0.010442777536809444,0.7805037498474121,0.17587843537330627,-0.04020543396472931,0.7883377075195312,0.24363334476947784,-0.049447521567344666,0.787301242351532,0.28511494398117065,-0.048225440084934235,0.8179643154144287,0.2285960465669632,-0.018652094528079033,0.8204445242881775,0.18146763741970062,-0.04625624790787697,0.8207116723060608,0.24957549571990967,-0.039582058787345886,0.8164828419685364,0.294996052980423,-0.02620219811797142,0.8545518517494202,0.24006901681423187,-0.028785785660147667,0.8573678135871887,0.19279040396213531,-0.04290638864040375,0.8511260151863098,0.23283299803733826,-0.03328603133559227,0.8431406021118164,0.2656918466091156,-0.02111157216131687,Stop
0.8160239458084106,0.3951733112335205,-3.4201895005026017e-07,0.7576113939285278,0.36339423060417175,-0.01752660609781742,0.7189280390739441,0.3066670894622803,-0.029879041016101837,0.7359294295310974,0.24970334768295288,-0.04396354779601097,0.7758569717407227,0.23617775738239288,-0.05531926080584526,0.742317259311676,0.23214203119277954,-0.008179155178368092,0.7415140867233276,0.18552550673484802,-0.038451917469501495,0.7532857656478882,0.23590517044067383,-0.05829739198088646,0.7599884271621704,0.27810540795326233,-0.06712502241134644,0.7812097668647766,0.22535450756549835,-0.011450354941189289,0.7814697623252869,0.17651766538619995,-0.04132596775889397,0.7883328795433044,0.2412126213312149,-0.050848860293626785,0.7892730832099915,0.2859654426574707,-0.049471329897642136,0.8187122941017151,0.22688135504722595,-0.01920912228524685,0.8221685886383057,0.18367481231689453,-0.047086067497730255,0.8205438852310181,0.24964329600334167,-0.04231402277946472,0.8162025213241577,0.2981756627559662,-0.02986358292400837,0.8553409576416016,0.23931843042373657,-0.028814980760216713,0.8576856851577759,0.19453689455986023,-0.04355096071958542,0.8500393033027649,0.23395079374313354,-0.03529403358697891,0.8419421911239624,0.2692738473415375,-0.023815616965293884,Stop
0.8148878812789917,0.39710861444473267,-3.515847879498324e-07,0.7564128637313843,0.36422136425971985,-0.018388615921139717,0.7186774611473083,0.3062690496444702,-0.0307530015707016,0.7363435626029968,0.24956251680850983,-0.044902317225933075,0.7756909728050232,0.23602211475372314,-0.056185197085142136,0.7419106960296631,0.23462063074111938,-0.0076144044287502766,0.7419160604476929,0.186671644449234,-0.03849797323346138,0.7531546950340271,0.23925738036632538,-0.05854365602135658,0.758125364780426,0.28086331486701965,-0.06753494590520859,0.7808516621589661,0.2280353307723999,-0.010801589116454124,0.7814787030220032,0.1772274374961853,-0.041431158781051636,0.7874133586883545,0.24393734335899353,-0.05106343701481819,0.786450982093811,0.2877349853515625,-0.049604855477809906,0.8185968995094299,0.22977077960968018,-0.018716156482696533,0.8218146562576294,0.1840604841709137,-0.04753071442246437,0.8200461268424988,0.2517363429069519,-0.042249567806720734,0.8149851560592651,0.2996132969856262,-0.029135894030332565,0.8553458452224731,0.24224035441875458,-0.028554677963256836,0.8577102422714233,0.19596964120864868,-0.04362861067056656,0.8502057790756226,0.2358265519142151,-0.03495650738477707,0.8418346643447876,0.2706788182258606,-0.02304827608168125,Stop
0.8155144453048706,0.39747095108032227,-3.4847633401113853e-07,0.7565004825592041,0.3650438189506531,-0.018329907208681107,0.7185274362564087,0.30648747086524963,-0.03032246045768261,0.7367768883705139,0.2494601309299469,-0.04409995302557945,0.7764052748680115,0.2356712520122528,-0.05499294400215149,0.7417413592338562,0.23465882241725922,-0.007205313071608543,0.7411643862724304,0.1867872029542923,-0.037605274468660355,0.7531017065048218,0.23863965272903442,-0.057520270347595215,0.7580773830413818,0.27985265851020813,-0.06651002913713455,0.7807438969612122,0.2278021275997162,-0.010269030928611755,0.781503438949585,0.17781922221183777,-0.040494006127119064,0.7882323265075684,0.24457666277885437,-0.05014676973223686,0.7871332764625549,0.28850817680358887,-0.04880218580365181,0.8183618783950806,0.22936221957206726,-0.018054815009236336,0.8217074871063232,0.1845216453075409,-0.04657917842268944,0.8205376267433167,0.25210192799568176,-0.04141969606280327,0.815484881401062,0.3001275956630707,-0.028513001278042793,0.8549374341964722,0.24168844521045685,-0.02778433822095394,0.8581855297088623,0.19572049379348755,-0.04295627027750015,0.8509141206741333,0.2355346977710724,-0.03452633321285248,0.8421856164932251,0.27051571011543274,-0.022821832448244095,Stop
0.8147452473640442,0.39752668142318726,-3.5781332030637714e-07,0.7555071711540222,0.3646102845668793,-0.0170910581946373,0.7180377244949341,0.30670684576034546,-0.028630591928958893,0.7369105815887451,0.2511945068836212,-0.04240444302558899,0.7760303020477295,0.23876778781414032,-0.05348805710673332,0.7414180636405945,0.23366829752922058,-0.004601116757839918,0.7414630651473999,0.18760928511619568,-0.03527761995792389,0.7527681589126587,0.24007369577884674,-0.0561792254447937,0.7579123377799988,0.2803667485713959,-0.06593701243400574,0.7800211310386658,0.2275036871433258,-0.008457007817924023,0.7813764214515686,0.1780424267053604,-0.03957023844122887,0.7870504856109619,0.24551180005073547,-0.050436846911907196,0.7857885360717773,0.2895399034023285,-0.04961781203746796,0.8171654343605042,0.22931896150112152,-0.017052339389920235,0.8209785223007202,0.18466825783252716,-0.045767735689878464,0.819316029548645,0.2519611418247223,-0.041281260550022125,0.8144029378890991,0.2989391088485718,-0.028677836060523987,0.853364109992981,0.2419813722372055,-0.02753002941608429,0.8570056557655334,0.19615617394447327,-0.04226222261786461,0.8496951460838318,0.2361249029636383,-0.033855561167001724,0.8413146734237671,0.2703860104084015,-0.022203126922249794,Stop
0.8150476217269897,0.39683252573013306,-3.6430404293241736e-07,0.7555831074714661,0.36447033286094666,-0.016851138323545456,0.7178001403808594,0.30681127309799194,-0.028287872672080994,0.7367470264434814,0.25093263387680054,-0.041934892535209656,0.7763519883155823,0.237810418009758,-0.052836693823337555,0.741309404373169,0.2333860695362091,-0.004632278345525265,0.7409700751304626,0.18789707124233246,-0.0355910025537014,0.7524385452270508,0.24081923067569733,-0.05665561929345131,0.7573670744895935,0.2807971239089966,-0.06654470413923264,0.7800127267837524,0.22750109434127808,-0.008611839264631271,0.7809599041938782,0.1786823719739914,-0.03955612704157829,0.7872494459152222,0.24686534702777863,-0.05023321881890297,0.785945475101471,0.28988587856292725,-0.04949786886572838,0.8172585964202881,0.22923533618450165,-0.017332887277007103,0.8205406665802002,0.18419086933135986,-0.04578563943505287,0.8194249868392944,0.25227999687194824,-0.04066210240125656,0.8145636320114136,0.29857078194618225,-0.02787073515355587,0.8537057638168335,0.2416963279247284,-0.027942249551415443,0.8567705154418945,0.19610729813575745,-0.042481180280447006,0.8496353030204773,0.23689009249210358,-0.03366337716579437,0.8412390351295471,0.2706618309020996,-0.021827733144164085,Stop
0.8149788975715637,0.3971071243286133,-3.644011883352505e-07,0.7553935050964355,0.3648619055747986,-0.016850465908646584,0.7175607085227966,0.3062899708747864,-0.028178783133625984,0.7369295358657837,0.2502118647098541,-0.04171230271458626,0.7767624855041504,0.23784473538398743,-0.052520256489515305,0.7413214445114136,0.2328624129295349,-0.0044666919857263565,0.7407851815223694,0.18764261901378632,-0.03563534840941429,0.7523141503334045,0.2404830902814865,-0.05695723742246628,0.7574252486228943,0.280553936958313,-0.066998690366745,0.7801218628883362,0.2270425409078598,-0.008440131321549416,0.7807626128196716,0.17878052592277527,-0.039405617862939835,0.7872258424758911,0.24698159098625183,-0.05011811852455139,0.7861871719360352,0.28982800245285034,-0.04942440614104271,0.8174635767936707,0.2289356291294098,-0.01720386929810047,0.8205015063285828,0.1841185986995697,-0.04562881588935852,0.8194193840026855,0.2523069977760315,-0.04047113656997681,0.8146438598632812,0.29858285188674927,-0.02767307125031948,0.8540807962417603,0.24143458902835846,-0.02787480130791664,0.856848955154419,0.1958552449941635,-0.04232361540198326,0.8496649265289307,0.236533522605896,-0.03345182538032532,0.841306746006012,0.27003124356269836,-0.021592389792203903,Stop
0.8127134442329407,0.39793887734413147,-3.5919498486691737e-07,0.7545204162597656,0.36828291416168213,-0.01886174827814102,0.7160792350769043,0.30741003155708313,-0.031249966472387314,0.73497074842453,0.25004976987838745,-0.04510784149169922,0.7758035659790039,0.2422952950000763,-0.056163594126701355,0.7400943636894226,0.2328205406665802,-0.009436012245714664,0.7395794987678528,0.18748095631599426,-0.04062411189079285,0.7513014078140259,0.24101324379444122,-0.06121622025966644,0.7572248578071594,0.28070637583732605,-0.07087148725986481,0.7790142297744751,0.2270042896270752,-0.012349463067948818,0.779900074005127,0.17920801043510437,-0.043654609471559525,0.785234808921814,0.24794891476631165,-0.05303218588232994,0.7847453951835632,0.29138222336769104,-0.051314882934093475,0.816382110118866,0.22994399070739746,-0.020013129338622093,0.8201876878738403,0.18641206622123718,-0.048923976719379425,0.8174929022789001,0.2541089951992035,-0.04368683695793152,0.8126915693283081,0.3011958599090576,-0.030703943222761154,0.8527213335037231,0.2430477887392044,-0.0296804066747427,0.8556341528892517,0.19751155376434326,-0.04501151293516159,0.8477383852005005,0.237077534198761,-0.03688126057386398,0.84004807472229,0.2713281810283661,-0.025395667180418968,Stop
0.814739465713501,0.4035756587982178,-3.6869244013360003e-07,0.7563668489456177,0.37030258774757385,-0.01659529283642769,0.7174260020256042,0.30891722440719604,-0.02771230787038803,0.7367581725120544,0.25157487392425537,-0.04099809378385544,0.779987096786499,0.24408118426799774,-0.05169132351875305,0.7413879632949829,0.2381342649459839,-0.005278121680021286,0.7397237420082092,0.18907839059829712,-0.03478150814771652,0.7498301863670349,0.2413320243358612,-0.0546996183693409,0.7561659812927246,0.2808395326137543,-0.06395118683576584,0.7803941369056702,0.23228877782821655,-0.008863378316164017,0.780961275100708,0.18198049068450928,-0.03877733275294304,0.7855499386787415,0.2493990957736969,-0.048165563493967056,0.7866745591163635,0.29436928033828735,-0.04637933522462845,0.8176829814910889,0.23468957841396332,-0.0171065591275692,0.821394145488739,0.18908482789993286,-0.04453180357813835,0.8179188966751099,0.2555795907974243,-0.03996916860342026,0.8141180872917175,0.30464446544647217,-0.027381060644984245,0.8542115688323975,0.2472977191209793,-0.027253786101937294,0.8564761877059937,0.20002785325050354,-0.041173823177814484,0.8478417992591858,0.23846246302127838,-0.033111706376075745,0.8405859470367432,0.2747020423412323,-0.02179224230349064,Stop
0.8154951930046082,0.40475499629974365,-3.5951021004621e-07,0.7566856741905212,0.371005654335022,-0.016831014305353165,0.7182965874671936,0.3099745512008667,-0.02822798490524292,0.7366387248039246,0.25246936082839966,-0.04179291054606438,0.7775728702545166,0.24249513447284698,-0.052719343453645706,0.7412294745445251,0.23912310600280762,-0.006341914180666208,0.7401275634765625,0.1900460422039032,-0.03553308919072151,0.7513516545295715,0.24107280373573303,-0.05470987409353256,0.7571175694465637,0.2818065881729126,-0.06328152865171432,0.7799808979034424,0.2325545847415924,-0.009900067001581192,0.7806689143180847,0.18152903020381927,-0.03974594548344612,0.7866717576980591,0.24833065271377563,-0.04924099147319794,0.7872260808944702,0.29469001293182373,-0.04752356559038162,0.8173435926437378,0.23431886732578278,-0.017932826653122902,0.8211091756820679,0.1889907717704773,-0.0457504503428936,0.8190668225288391,0.25565826892852783,-0.04139426350593567,0.814904510974884,0.30562153458595276,-0.028876591473817825,0.853595495223999,0.24663598835468292,-0.027791524305939674,0.8566540479660034,0.1992235779762268,-0.04231759160757065,0.8491809368133545,0.2378091663122177,-0.03435157239437103,0.8415984511375427,0.27450335025787354,-0.02297295816242695,Stop
0.7944895625114441,0.5157959461212158,-3.792592906393111e-07,0.7357791066169739,0.4822557866573334,-0.013646235689520836,0.6963573098182678,0.4228578805923462,-0.023199714720249176,0.7102214694023132,0.36327043175697327,-0.035409439355134964,0.7510051727294922,0.35237741470336914,-0.0453941784799099,0.7256479263305664,0.35207250714302063,0.0012295151827856898,0.7201600074768066,0.30841684341430664,-0.02659180387854576,0.7296439409255981,0.3567665219306946,-0.0469931997358799,0.7362681031227112,0.3964615762233734,-0.056776225566864014,0.7627553939819336,0.346529483795166,-0.0029575868975371122,0.7577080726623535,0.3027397692203522,-0.029795004054903984,0.762978732585907,0.3652178943157196,-0.039431486278772354,0.7645850777626038,0.4101544916629791,-0.038690537214279175,0.7989794611930847,0.3491904139518738,-0.011731746606528759,0.7953563928604126,0.30511969327926636,-0.036712564527988434,0.7932193279266357,0.367581844329834,-0.03214142844080925,0.7911932468414307,0.4160356819629669,-0.02052827924489975,0.836016058921814,0.3621535301208496,-0.02222621813416481,0.8318936228752136,0.319489449262619,-0.035259343683719635,0.8233797550201416,0.3569362461566925,-0.027598468586802483,0.8173668384552002,0.39149561524391174,-0.017001107335090637,Stop
0.7958142161369324,0.5121430158615112,-3.889818174229731e-07,0.7369431853294373,0.47876226902008057,-0.01367244403809309,0.6974420547485352,0.41938257217407227,-0.022964689880609512,0.7116866707801819,0.35893896222114563,-0.03526312857866287,0.7523910999298096,0.34601178765296936,-0.0453919991850853,0.7268800139427185,0.34660425782203674,0.0027475280221551657,0.7201587557792664,0.3023315668106079,-0.025066910311579704,0.7293374538421631,0.35064175724983215,-0.04521630331873894,0.7359561920166016,0.3907804489135742,-0.05465296283364296,0.7636083960533142,0.3407909572124481,-0.0018231855938211083,0.7576877474784851,0.295257568359375,-0.02976158633828163,0.7632240653038025,0.3583584129810333,-0.039949797093868256,0.7655350565910339,0.4056841731071472,-0.038861919194459915,0.8000525832176208,0.34340378642082214,-0.011106912977993488,0.7953308820724487,0.29894667863845825,-0.03771747648715973,0.7936549782752991,0.36352232098579407,-0.033684439957141876,0.7923309803009033,0.41456833481788635,-0.021541619673371315,0.8377894163131714,0.3564746081829071,-0.022078024223446846,0.8321865797042847,0.31191548705101013,-0.03667818009853363,0.8238097429275513,0.35027867555618286,-0.029423490166664124,0.8181743621826172,0.38742271065711975,-0.018477946519851685,Stop
0.7954056262969971,0.5106374621391296,-3.891034054959164e-07,0.7369810342788696,0.4768909811973572,-0.013883735053241253,0.6970738172531128,0.4190049171447754,-0.0238400399684906,0.7097927331924438,0.35778263211250305,-0.03668200224637985,0.7519242763519287,0.3456692695617676,-0.047215238213539124,0.7259835004806519,0.3467331826686859,0.002387477084994316,0.7194355726242065,0.301441490650177,-0.025706034153699875,0.7290490865707397,0.350333571434021,-0.0461970679461956,0.7362538576126099,0.39062950015068054,-0.055919039994478226,0.7628888487815857,0.34068337082862854,-0.0018881158903241158,0.757181704044342,0.29533851146698,-0.029666705057024956,0.7624983191490173,0.35899701714515686,-0.03972750902175903,0.7646307349205017,0.4058900773525238,-0.03879162669181824,0.7992141246795654,0.34294015169143677,-0.01091611385345459,0.7952955961227417,0.2989109754562378,-0.03698943555355072,0.7926756143569946,0.3629809021949768,-0.0329405851662159,0.7906216382980347,0.4135472774505615,-0.02106998674571514,0.8367595672607422,0.35572996735572815,-0.021691275760531425,0.831807017326355,0.3121897578239441,-0.03555328771471977,0.8226796984672546,0.35022979974746704,-0.028306512162089348,0.8160817623138428,0.38697755336761475,-0.017652029171586037,Stop
0.7954834699630737,0.509070634841919,-3.8664194335069624e-07,0.7368501424789429,0.47612032294273376,-0.013352388516068459,0.6966894865036011,0.4196559190750122,-0.02343558333814144,0.708638072013855,0.3593902289867401,-0.036517251282930374,0.7499098777770996,0.3453960120677948,-0.04744793474674225,0.7253006100654602,0.3483576476573944,0.0017515046056360006,0.7183302640914917,0.303726464509964,-0.02717151865363121,0.7283402681350708,0.35293638706207275,-0.048155978322029114,0.7363327741622925,0.3943058252334595,-0.0579950213432312,0.7621971368789673,0.3420010209083557,-0.003147396957501769,0.7560200691223145,0.29502081871032715,-0.03175323083996773,0.7617816925048828,0.3580218255519867,-0.0421312116086483,0.7649704217910767,0.4051976799964905,-0.041137419641017914,0.7987231016159058,0.3436845541000366,-0.01267636101692915,0.7938845157623291,0.2993493974208832,-0.0390792153775692,0.7927207350730896,0.36349087953567505,-0.03432852774858475,0.7924450039863586,0.4130992591381073,-0.021834062412381172,0.8363460302352905,0.35582050681114197,-0.023936619982123375,0.8301941752433777,0.31149089336395264,-0.03754357248544693,0.8226423859596252,0.3498721122741699,-0.029293013736605644,0.8185402750968933,0.38550418615341187,-0.017904654145240784,Stop
0.7957347631454468,0.5104003548622131,-3.7628166182912537e-07,0.7359071373939514,0.47694194316864014,-0.014204292558133602,0.6957905292510986,0.41928648948669434,-0.024331504479050636,0.7094418406486511,0.3593668043613434,-0.037241578102111816,0.7505982518196106,0.3454587757587433,-0.047892581671476364,0.724853515625,0.3478911221027374,0.0010642092674970627,0.7171115279197693,0.3042094111442566,-0.028382284566760063,0.7284122109413147,0.35188233852386475,-0.04980401322245598,0.7363286018371582,0.391693651676178,-0.059872500598430634,0.7617185115814209,0.34166011214256287,-0.0032578599639236927,0.7554565668106079,0.297569215297699,-0.03158765658736229,0.7625792622566223,0.3612038791179657,-0.0418429970741272,0.765223503112793,0.40665870904922485,-0.04112916812300682,0.7979665994644165,0.3437308967113495,-0.012374541722238064,0.7938254475593567,0.29889219999313354,-0.0393594354391098,0.7927150726318359,0.36367881298065186,-0.03488755226135254,0.7914273142814636,0.41408243775367737,-0.022598324343562126,0.8351184129714966,0.35622796416282654,-0.023225553333759308,0.8303884267807007,0.31294167041778564,-0.038023270666599274,0.821814775466919,0.35239076614379883,-0.0304489117115736,0.8156275749206543,0.3899659812450409,-0.019281979650259018,Stop
0.7952940464019775,0.5109961032867432,-3.8072374763942207e-07,0.7360049486160278,0.4770195186138153,-0.01405823789536953,0.6960870027542114,0.4201609194278717,-0.02432948537170887,0.7085440754890442,0.36029234528541565,-0.037434838712215424,0.7496801018714905,0.3451888859272003,-0.0482233390212059,0.7250720858573914,0.34711897373199463,0.0015006647445261478,0.7178962230682373,0.3039957284927368,-0.02795402891933918,0.7286546230316162,0.35222604870796204,-0.04955239221453667,0.7362045049667358,0.3922214210033417,-0.059776369482278824,0.7619435787200928,0.34136152267456055,-0.002878773957490921,0.755763053894043,0.29771050810813904,-0.031148375943303108,0.7624732255935669,0.36109286546707153,-0.041561637073755264,0.7650492191314697,0.40657317638397217,-0.041068267077207565,0.7982824444770813,0.343675434589386,-0.012057754211127758,0.793992280960083,0.29891204833984375,-0.03892991319298744,0.7925472855567932,0.363349050283432,-0.03450983017683029,0.7912935018539429,0.4137400984764099,-0.022367294877767563,0.8355271220207214,0.35637786984443665,-0.022961072623729706,0.8305786848068237,0.31328001618385315,-0.03757673129439354,0.82182776927948,0.35255923867225647,-0.029998870566487312,0.8156948685646057,0.3899942934513092,-0.018914123997092247,Stop
0.7953914403915405,0.5108428597450256,-3.898007037150819e-07,0.7373641133308411,0.4801514148712158,-0.015062975697219372,0.6964459419250488,0.42266738414764404,-0.025316409766674042,0.7066621780395508,0.360650897026062,-0.03797682374715805,0.7477889060974121,0.3450812101364136,-0.0480482317507267,0.7231841683387756,0.3477092981338501,0.00013713007501792163,0.7168578505516052,0.30305448174476624,-0.027948588132858276,0.7273809909820557,0.3527531623840332,-0.047681618481874466,0.7345799207687378,0.39269447326660156,-0.05685355141758919,0.7603133320808411,0.34135010838508606,-0.0036921375431120396,0.7548050284385681,0.29604417085647583,-0.031446103006601334,0.7615271210670471,0.3606085479259491,-0.04082450643181801,0.7638487815856934,0.40660277009010315,-0.03939088433980942,0.7971070408821106,0.34348586201667786,-0.012207435443997383,0.793242335319519,0.2989368438720703,-0.03896034136414528,0.7921972274780273,0.36475932598114014,-0.03429105132818222,0.7905446290969849,0.4148379862308502,-0.021908972412347794,0.8351245522499084,0.35604625940322876,-0.022453665733337402,0.8304223418235779,0.31338614225387573,-0.03734026104211807,0.8220035433769226,0.35338637232780457,-0.029964203014969826,0.8154403567314148,0.39027562737464905,-0.019009988754987717,Stop
0.7960600852966309,0.513219952583313,-3.754125827981625e-07,0.736328661441803,0.47997385263442993,-0.01392389740794897,0.6955081224441528,0.41950327157974243,-0.023631718009710312,0.707658052444458,0.35727211833000183,-0.03608180955052376,0.7491563558578491,0.34793031215667725,-0.046143773943185806,0.7228173613548279,0.349130779504776,0.002374995034188032,0.715786337852478,0.3037947416305542,-0.025945190340280533,0.727226197719574,0.350784569978714,-0.04673086106777191,0.7356941103935242,0.39127206802368164,-0.05651264265179634,0.7597553730010986,0.3419373631477356,-0.0017460313392803073,0.7543078660964966,0.2972618043422699,-0.029094945639371872,0.7615892887115479,0.3595016598701477,-0.03884759172797203,0.7647547721862793,0.40577924251556396,-0.03771919757127762,0.7961136102676392,0.34374889731407166,-0.010673989541828632,0.7922027111053467,0.30060136318206787,-0.03601628169417381,0.791496992111206,0.3626199960708618,-0.03184652328491211,0.7908445596694946,0.41192227602005005,-0.020046422258019447,0.8336214423179626,0.3560389578342438,-0.021415431052446365,0.8287561535835266,0.3121677041053772,-0.034504324197769165,0.8213042616844177,0.3490203619003296,-0.02705717831850052,0.8167010545730591,0.38466912508010864,-0.016363369300961494,Stop
0.7958202362060547,0.5133274793624878,-3.818391007825994e-07,0.7359631657600403,0.47984015941619873,-0.014058948494493961,0.6953426599502563,0.41919100284576416,-0.02373626083135605,0.7073016166687012,0.35711047053337097,-0.03614067658782005,0.7491150498390198,0.34894171357154846,-0.04604148119688034,0.7229096293449402,0.3482924699783325,0.0023009986616671085,0.7163364887237549,0.3028165102005005,-0.025522857904434204,0.727310836315155,0.35125458240509033,-0.04550996422767639,0.7350333333015442,0.3910595774650574,-0.05479168891906738,0.7597930431365967,0.3415108025074005,-0.0016030134866014123,0.7546296715736389,0.2969549298286438,-0.028531596064567566,0.7619337439537048,0.3600260019302368,-0.03763842210173607,0.7650883197784424,0.40551039576530457,-0.03616447374224663,0.7961019277572632,0.343548059463501,-0.010324719361960888,0.7925093173980713,0.3005527853965759,-0.035388048738241196,0.7917442321777344,0.36305493116378784,-0.030970590189099312,0.7911074757575989,0.41194549202919006,-0.01908784545958042,0.8335316181182861,0.35585659742355347,-0.0208592526614666,0.8291029930114746,0.3121826648712158,-0.03343089669942856,0.821672797203064,0.34916213154792786,-0.025836579501628876,0.8170185089111328,0.38457489013671875,-0.015159204602241516,Stop
0.7925516963005066,0.5106428861618042,-3.776156347612414e-07,0.7332450747489929,0.47800591588020325,-0.013998903334140778,0.6940115690231323,0.4185483455657959,-0.02443712204694748,0.7076680660247803,0.3585582673549652,-0.037710048258304596,0.7486056089401245,0.34931710362434387,-0.04886547476053238,0.720953643321991,0.3462011516094208,0.0002373305323999375,0.7151078581809998,0.3034741282463074,-0.02815123461186886,0.725092887878418,0.352221816778183,-0.0485665425658226,0.7334424257278442,0.39383047819137573,-0.05807960405945778,0.7578811645507812,0.3399813175201416,-0.004204967990517616,0.7532317638397217,0.2951008677482605,-0.03234565258026123,0.7586120963096619,0.357573002576828,-0.042249519377946854,0.7621737718582153,0.40630513429641724,-0.041061852127313614,0.794457197189331,0.34232431650161743,-0.0132861053571105,0.7908366918563843,0.29987961053848267,-0.03906655311584473,0.7890211939811707,0.3623960614204407,-0.035268865525722504,0.7887101173400879,0.412876695394516,-0.0236235111951828,0.8319801092147827,0.35479316115379333,-0.024153949692845345,0.8270249366760254,0.3116298317909241,-0.03740863502025604,0.8187817931175232,0.3488883674144745,-0.03022073209285736,0.8140957355499268,0.3852342367172241,-0.01976226083934307,Stop
0.7917760610580444,0.5096278786659241,-3.7074573810969014e-07,0.7327377200126648,0.47726869583129883,-0.014651576057076454,0.6936726570129395,0.4190348982810974,-0.025252118706703186,0.70714271068573,0.3599178194999695,-0.0385366752743721,0.7475302219390869,0.3479529917240143,-0.04964672029018402,0.7205395102500916,0.34604114294052124,0.00020838365890085697,0.7147126197814941,0.30440181493759155,-0.029365621507167816,0.7264080047607422,0.3534761965274811,-0.0508706159889698,0.7352779507637024,0.39500871300697327,-0.06094394996762276,0.7578921914100647,0.33956748247146606,-0.004179451148957014,0.7530889511108398,0.295255571603775,-0.033127836883068085,0.7593213319778442,0.3581904172897339,-0.04374375194311142,0.7623228430747986,0.405772864818573,-0.04290594905614853,0.7948763370513916,0.34193024039268494,-0.0133357597514987,0.7909902930259705,0.2994738817214966,-0.04016044735908508,0.7896571159362793,0.36322644352912903,-0.036224182695150375,0.788842499256134,0.41300901770591736,-0.02423514612019062,0.8325777053833008,0.3547903597354889,-0.024282895028591156,0.8272008895874023,0.3121962547302246,-0.03833203390240669,0.819350004196167,0.35049983859062195,-0.030741771683096886,0.8147094249725342,0.38605132699012756,-0.01975248008966446,Stop
0.7906344532966614,0.5122818946838379,-4.020807864435483e-07,0.7333015203475952,0.48021063208580017,-0.01515573263168335,0.6928777098655701,0.42349568009376526,-0.02533232606947422,0.7015592455863953,0.3605251908302307,-0.0381261482834816,0.7430599331855774,0.3461889922618866,-0.04834001511335373,0.7216477990150452,0.348562628030777,0.002951203379780054,0.7153958678245544,0.3067754805088043,-0.025795811787247658,0.7243187427520752,0.3568819761276245,-0.04589515179395676,0.7312766313552856,0.39751023054122925,-0.055058278143405914,0.7579547762870789,0.34173253178596497,-0.0009886117186397314,0.7518956065177917,0.29822686314582825,-0.029171355068683624,0.7566381692886353,0.36215147376060486,-0.03886311128735542,0.7591761946678162,0.40731358528137207,-0.03740609064698219,0.7944125533103943,0.34362727403640747,-0.009975544176995754,0.790157675743103,0.30000248551368713,-0.03759029507637024,0.7877719402313232,0.3655085861682892,-0.03319621831178665,0.7863823175430298,0.4149700403213501,-0.02057994343340397,0.83244389295578,0.3564715087413788,-0.02071007341146469,0.8263654708862305,0.313456654548645,-0.03569154441356659,0.8172760009765625,0.3536047339439392,-0.02819027192890644,0.8113148808479309,0.3904660642147064,-0.016963152214884758,Stop
0.6593974232673645,0.33765724301338196,-3.1207258643917157e-07,0.6106511354446411,0.3154337704181671,-0.009028835222125053,0.5750911235809326,0.2704678177833557,-0.014130586758255959,0.5808238387107849,0.21878200769424438,-0.02231062762439251,0.6163952946662903,0.2080131471157074,-0.0288858599960804,0.5993281006813049,0.20947596430778503,0.010792276822030544,0.5900489091873169,0.1777912974357605,-0.009645833633840084,0.598061203956604,0.21170321106910706,-0.025457458570599556,0.6050636172294617,0.24292871356010437,-0.032793376594781876,0.6272883415222168,0.2003193199634552,0.00663040392100811,0.6165136098861694,0.16358761489391327,-0.013566454872488976,0.6245884299278259,0.20895107090473175,-0.022295022383332253,0.6317165493965149,0.24737027287483215,-0.02160423994064331,0.6563056111335754,0.19903983175754547,-0.001578758005052805,0.6465110778808594,0.164188414812088,-0.022185711190104485,0.6482569575309753,0.21323570609092712,-0.01993587799370289,0.6515372395515442,0.2549261748790741,-0.010423559695482254,0.6884448528289795,0.20726726949214935,-0.011019211262464523,0.6784753203392029,0.1706220507621765,-0.02181926555931568,0.6734927892684937,0.20153357088565826,-0.015865471214056015,0.6718060374259949,0.23366311192512512,-0.006945894565433264,Stop
0.6695519685745239,0.3442714810371399,-3.469559430868685e-07,0.6226456165313721,0.32317617535591125,-0.011372968554496765,0.586646318435669,0.2765871584415436,-0.018955297768115997,0.5905294418334961,0.22304129600524902,-0.028846994042396545,0.6248765587806702,0.2118038535118103,-0.03679531812667847,0.6083152294158936,0.2151382565498352,0.004376942291855812,0.5985465049743652,0.17878592014312744,-0.016906118020415306,0.6072167754173279,0.21776197850704193,-0.03186476230621338,0.6151204109191895,0.25033795833587646,-0.03856775164604187,0.6377418637275696,0.20605717599391937,0.0010011836420744658,0.6288810968399048,0.16926556825637817,-0.02043447270989418,0.6350236535072327,0.22022706270217896,-0.027699047699570656,0.6396977305412292,0.26025673747062683,-0.025847675278782845,0.6680540442466736,0.20525848865509033,-0.006316212005913258,0.6592273712158203,0.16978713870048523,-0.027451004832983017,0.6600770354270935,0.22243455052375793,-0.024232536554336548,0.6621702313423157,0.26505354046821594,-0.01422139536589384,0.7009913325309753,0.21323682367801666,-0.014983347617089748,0.6904910802841187,0.1780141294002533,-0.026931120082736015,0.6850003600120544,0.21119023859500885,-0.021366721019148827,0.683421790599823,0.2439720183610916,-0.012615575455129147,Stop
0.669442892074585,0.34293273091316223,-3.2700563679100014e-07,0.6210333704948425,0.3227173089981079,-0.011931193061172962,0.5850533843040466,0.2771759629249573,-0.019704652950167656,0.5910040140151978,0.2245613932609558,-0.029833165928721428,0.6250404119491577,0.20982685685157776,-0.03822877258062363,0.6096351146697998,0.21378053724765778,0.003380212467163801,0.6001682281494141,0.1781158745288849,-0.018865857273340225,0.6082339882850647,0.21551170945167542,-0.03486526384949684,0.6166911125183105,0.24854688346385956,-0.04212959483265877,0.639075517654419,0.2060466855764389,6.754701462341473e-05,0.6303616762161255,0.1680583357810974,-0.022813549265265465,0.6361363530158997,0.21858268976211548,-0.031141700223088264,0.6419498920440674,0.26007023453712463,-0.02978883497416973,0.6689209938049316,0.2060444951057434,-0.007228267844766378,0.6607857346534729,0.1699962019920349,-0.02962918020784855,0.6612911224365234,0.22289800643920898,-0.026639044284820557,0.6641855239868164,0.2664058804512024,-0.016412632539868355,0.7012614011764526,0.2147282212972641,-0.015922043472528458,0.6924026608467102,0.17830601334571838,-0.0284875500947237,0.6865444183349609,0.21050816774368286,-0.022924482822418213,0.6847691535949707,0.24301370978355408,-0.014018524438142776,Stop
0.669261634349823,0.34197765588760376,-3.314586081160087e-07,0.6210601329803467,0.3220614492893219,-0.01214516256004572,0.5854337811470032,0.2768426835536957,-0.019960923120379448,0.5916683673858643,0.22457894682884216,-0.03006507270038128,0.6255619525909424,0.2097080647945404,-0.038462359458208084,0.6102227568626404,0.21417348086833954,0.003123336471617222,0.6006767749786377,0.17844069004058838,-0.019024381414055824,0.6087507009506226,0.216068297624588,-0.03492874652147293,0.6173492670059204,0.24939124286174774,-0.04214411601424217,0.6395742893218994,0.20638667047023773,-8.05646413937211e-05,0.6308712363243103,0.16824756562709808,-0.023036295548081398,0.636415958404541,0.21920999884605408,-0.03148958086967468,0.6420994997024536,0.26114335656166077,-0.030173862352967262,0.669247567653656,0.20625810325145721,-0.007234870921820402,0.6609171032905579,0.1699775904417038,-0.029813755303621292,0.661290168762207,0.22283048927783966,-0.027011508122086525,0.664235532283783,0.2663639187812805,-0.016836006194353104,0.701442539691925,0.21477347612380981,-0.015774473547935486,0.6919723153114319,0.17807242274284363,-0.02863234095275402,0.6861885190010071,0.21028552949428558,-0.023162664845585823,0.6846139430999756,0.2429800182580948,-0.014250398613512516,Stop
0.6695135831832886,0.3440951406955719,-3.2768559776741313e-07,0.6222887635231018,0.323608934879303,-0.012766695581376553,0.5862253904342651,0.2792316973209381,-0.02104073576629162,0.590134859085083,0.2274312824010849,-0.03144628182053566,0.6244781613349915,0.21096312999725342,-0.040113337337970734,0.6099259257316589,0.2167981117963791,0.0025767318438738585,0.6002691984176636,0.18160000443458557,-0.019935017451643944,0.6092639565467834,0.21882593631744385,-0.03620876744389534,0.6179211735725403,0.2520575523376465,-0.04363936185836792,0.6392831802368164,0.20830076932907104,-0.0003426053444854915,0.6306500434875488,0.17098137736320496,-0.023230653256177902,0.6366704106330872,0.22162792086601257,-0.031906213611364365,0.6421623826026917,0.26283103227615356,-0.030864715576171875,0.6693627238273621,0.20781967043876648,-0.007238578051328659,0.6607248187065125,0.17104175686836243,-0.03013327717781067,0.6614590287208557,0.2236565351486206,-0.027546031400561333,0.6644868850708008,0.26724645495414734,-0.017456041648983955,0.7018629312515259,0.21612858772277832,-0.015515923500061035,0.6917006373405457,0.17940467596054077,-0.028962481766939163,0.68647301197052,0.21134193241596222,-0.023686006665229797,0.6854322552680969,0.2441767305135727,-0.014747274108231068,Stop
0.6702358722686768,0.34385424852371216,-3.242610944198532e-07,0.6218168139457703,0.3244572877883911,-0.012497158721089363,0.5856569409370422,0.2794244885444641,-0.020178666338324547,0.5909224152565002,0.2265927493572235,-0.030095916241407394,0.6254658699035645,0.21092748641967773,-0.03823505714535713,0.6096118688583374,0.21738848090171814,0.004438232630491257,0.6000951528549194,0.18235015869140625,-0.018243025988340378,0.609615683555603,0.21918277442455292,-0.03499925136566162,0.6191286444664001,0.25256896018981934,-0.04268277809023857,0.6391339898109436,0.20868776738643646,0.0014654025435447693,0.6307504177093506,0.17131128907203674,-0.02158965729176998,0.6371196508407593,0.22136245667934418,-0.03056596964597702,0.6433477997779846,0.2630551755428314,-0.029654331505298615,0.6691021919250488,0.20786413550376892,-0.005669528618454933,0.6609141230583191,0.17097969353199005,-0.02852819114923477,0.6617927551269531,0.22315600514411926,-0.026115071028470993,0.6651429533958435,0.2669726312160492,-0.01613926887512207,0.7017528414726257,0.21566759049892426,-0.014254187233746052,0.6919660568237305,0.17961034178733826,-0.027653589844703674,0.6867921948432922,0.21179357171058655,-0.02263517864048481,0.6858615875244141,0.24472351372241974,-0.01391857210546732,Stop
0.6710439324378967,0.3445812165737152,-3.3162308454848244e-07,0.6234282851219177,0.32511675357818604,-0.012765785679221153,0.5870174169540405,0.27979108691215515,-0.020966555923223495,0.5908864140510559,0.22633744776248932,-0.031144270673394203,0.6253340840339661,0.21196022629737854,-0.03938797861337662,0.6114979982376099,0.21645694971084595,0.00222197943367064,0.6012824773788452,0.18071557581424713,-0.020584743469953537,0.610774040222168,0.21759338676929474,-0.03678040951490402,0.6196786165237427,0.25084882974624634,-0.043978478759527206,0.6407507658004761,0.2086419314146042,-0.00046417673001997173,0.6316959261894226,0.17297297716140747,-0.023420041427016258,0.638552725315094,0.22393855452537537,-0.03160534426569939,0.6437681913375854,0.2644558846950531,-0.03021368198096752,0.6703171730041504,0.20899413526058197,-0.007184294983744621,0.66194748878479,0.1728614717721939,-0.029798956587910652,0.6631450057029724,0.2254979908466339,-0.026731133460998535,0.6656612753868103,0.2684706449508667,-0.01646394468843937,0.7024123072624207,0.21803255379199982,-0.015313548035919666,0.6930463314056396,0.18168845772743225,-0.028318779543042183,0.6876286268234253,0.21373005211353302,-0.022953033447265625,0.6856192946434021,0.24611186981201172,-0.014067819342017174,Stop
0.6364062428474426,0.7484264969825745,-3.4262964732079126e-07,0.5897142887115479,0.7148871421813965,-0.009822621941566467,0.5556092262268066,0.6663784384727478,-0.018069075420498848,0.5618637204170227,0.61995530128479,-0.02841423824429512,0.595757782459259,0.6216853857040405,-0.036659762263298035,0.5887981653213501,0.5961087942123413,0.0003662965027615428,0.5787294507026672,0.5691701769828796,-0.01964409276843071,0.5836613178253174,0.6116445064544678,-0.03349684178829193,0.588659405708313,0.6407575011253357,-0.0404510460793972,0.6193477511405945,0.5988385081291199,-0.004032602533698082,0.6108810305595398,0.5688866972923279,-0.024642588570713997,0.6120389103889465,0.6213341951370239,-0.030364440754055977,0.6133187413215637,0.6572161912918091,-0.028674224391579628,0.6487898826599121,0.6075566411018372,-0.011825772933661938,0.6412891745567322,0.5775778293609619,-0.030966592952609062,0.6367406249046326,0.6282231211662292,-0.025799555703997612,0.6355049014091492,0.6655495166778564,-0.015829607844352722,0.6785792708396912,0.6244819760322571,-0.020970681682229042,0.6716057658195496,0.5902014374732971,-0.030239233747124672,0.6632871627807617,0.6197284460067749,-0.023268572986125946,0.6602617502212524,0.6452919840812683,-0.01450753677636385,Stop
0.6340002417564392,0.7552560567855835,-3.614229342474573e-07,0.5896569490432739,0.720695972442627,-0.009724644012749195,0.5566770434379578,0.672410786151886,-0.018419716507196426,0.5629416108131409,0.626984715461731,-0.029199406504631042,0.5966492891311646,0.6274781227111816,-0.03799637407064438,0.5901793241500854,0.5991747975349426,-0.00036843461566604674,0.5808167457580566,0.5749391317367554,-0.02090233936905861,0.5844858884811401,0.6176266670227051,-0.03453734144568443,0.5886250138282776,0.6470606327056885,-0.041153743863105774,0.6206004023551941,0.6023612022399902,-0.005106200929731131,0.6113792657852173,0.5748488903045654,-0.026672637090086937,0.6109412312507629,0.6284874081611633,-0.03247455134987831,0.6118646264076233,0.6646376848220825,-0.03047892078757286,0.6501244902610779,0.6116904020309448,-0.013160099275410175,0.6413619518280029,0.5850383043289185,-0.03386744484305382,0.635770320892334,0.637366533279419,-0.02883392572402954,0.6343255639076233,0.6745134592056274,-0.018440037965774536,0.6795808672904968,0.6297965049743652,-0.022355949506163597,0.6712385416030884,0.5970745086669922,-0.03276664391160011,0.661827802658081,0.6292303800582886,-0.025418130680918694,0.6583382487297058,0.6558740735054016,-0.01596067287027836,Stop
0.6329542994499207,0.7555709481239319,-3.5675560638992465e-07,0.5889064073562622,0.7203829884529114,-0.010049178265035152,0.5562045574188232,0.6717799305915833,-0.019037408754229546,0.5631216764450073,0.6269029974937439,-0.03019358590245247,0.5971915125846863,0.6273385286331177,-0.03944718465209007,0.5904560685157776,0.59891277551651,-4.890572017757222e-05,0.5810052156448364,0.5749562978744507,-0.02105589024722576,0.584182858467102,0.6175855398178101,-0.03521453216671944,0.5882028341293335,0.6466817259788513,-0.04211455583572388,0.6208688616752625,0.6023854613304138,-0.004793745465576649,0.611524760723114,0.574785590171814,-0.026816988363862038,0.610355019569397,0.6283246278762817,-0.03305517137050629,0.6108274459838867,0.6649242639541626,-0.031176291406154633,0.6505431532859802,0.6117260456085205,-0.012992584146559238,0.6413816213607788,0.5853402018547058,-0.03432665020227432,0.6352517604827881,0.6377815008163452,-0.029756780713796616,0.6334624290466309,0.6756715774536133,-0.019387749955058098,0.6801397204399109,0.6298047304153442,-0.02233477309346199,0.6713263392448425,0.5967334508895874,-0.033223848789930344,0.6613695025444031,0.6290521621704102,-0.02604692429304123,0.6574867963790894,0.6569322347640991,-0.016497530043125153,Stop
0.6366796493530273,0.7574335336685181,-3.423728003326687e-07,0.5905360579490662,0.722906231880188,-0.00978643074631691,0.5567589402198792,0.6731504201889038,-0.017636466771364212,0.562445342540741,0.6261210441589355,-0.027612226083874702,0.5953570008277893,0.6288961172103882,-0.03552047535777092,0.5894685983657837,0.6025897264480591,0.0016972958110272884,0.5805850625038147,0.5760295987129211,-0.018060410395264626,0.5844732522964478,0.6176725625991821,-0.03133965656161308,0.5882599353790283,0.6452248692512512,-0.037881385535001755,0.6197772026062012,0.6047610640525818,-0.002845986280590296,0.6110184788703918,0.5752815008163452,-0.023892873898148537,0.6112152934074402,0.6276189684867859,-0.030114291235804558,0.6117494106292725,0.6621830463409424,-0.028348585590720177,0.649451732635498,0.6128042936325073,-0.010789964348077774,0.641579806804657,0.5858125686645508,-0.0309591107070446,0.6363312005996704,0.6376325488090515,-0.026451943442225456,0.6341115832328796,0.6741109490394592,-0.01644732803106308,0.6790178418159485,0.6297574043273926,-0.01995428092777729,0.6713595986366272,0.5984765887260437,-0.029854753986001015,0.6626518368721008,0.6303731203079224,-0.022844504565000534,0.6592615842819214,0.6562867760658264,-0.013709696009755135,Stop
0.6368312239646912,0.7566535472869873,-3.52148106230743e-07,0.5903587937355042,0.7219579219818115,-0.009096942842006683,0.5566574931144714,0.6718278527259827,-0.017190096899867058,0.5625285506248474,0.6251490712165833,-0.027544302865862846,0.5962139368057251,0.628629207611084,-0.03605502098798752,0.5901169180870056,0.6022062301635742,0.000741056224796921,0.5806024074554443,0.5756539106369019,-0.01932840421795845,0.5840975046157837,0.6175721883773804,-0.032771602272987366,0.5880101323127747,0.6465704441070557,-0.03929150104522705,0.6202198266983032,0.6046345829963684,-0.004227518569678068,0.6108915209770203,0.5751867294311523,-0.025366555899381638,0.6106234788894653,0.62751305103302,-0.03130241483449936,0.6114562153816223,0.663182258605957,-0.029379786923527718,0.6497735977172852,0.6129552125930786,-0.01246254425495863,0.6408132314682007,0.586026668548584,-0.03231709077954292,0.6357616782188416,0.6374467611312866,-0.027546076104044914,0.6343565583229065,0.6741134524345398,-0.01749613881111145,0.679359495639801,0.6297473907470703,-0.021845251321792603,0.6708332896232605,0.5976516604423523,-0.031113503500819206,0.6623207926750183,0.6294113397598267,-0.02366723120212555,0.6595311760902405,0.6553162336349487,-0.014410410076379776,Stop
0.6366941332817078,0.7561247944831848,-3.59400132765586e-07,0.5906965732574463,0.7209457159042358,-0.00910321157425642,0.5570167303085327,0.6733182072639465,-0.01737796515226364,0.5619542002677917,0.6266114711761475,-0.02791549451649189,0.5955346822738647,0.628076434135437,-0.036496348679065704,0.5913607478141785,0.6017594933509827,0.0011551008792594075,0.5819897055625916,0.5758489370346069,-0.019062791019678116,0.5853749513626099,0.617961049079895,-0.03246845304965973,0.5892916321754456,0.6477090120315552,-0.0389193594455719,0.6212480664253235,0.6039750576019287,-0.0037375797983258963,0.6115636825561523,0.5756416916847229,-0.024940699338912964,0.6114709973335266,0.6285494565963745,-0.030947905033826828,0.6127929091453552,0.6642776131629944,-0.02917223796248436,0.6505634188652039,0.6119745969772339,-0.011960192583501339,0.6409175992012024,0.5855985879898071,-0.03211024031043053,0.6359214782714844,0.6377447843551636,-0.0272293109446764,0.6351355910301208,0.674619734287262,-0.017076214775443077,0.6800915598869324,0.6286962628364563,-0.021329360082745552,0.670867383480072,0.5963694453239441,-0.03093555010855198,0.6621900796890259,0.6286085844039917,-0.023514138534665108,0.6595907807350159,0.654704749584198,-0.014215469360351562,Stop
0.6356796026229858,0.7554090619087219,-3.5959871524937626e-07,0.5905574560165405,0.7206765413284302,-0.00936123076826334,0.5570720434188843,0.6734569072723389,-0.017807982861995697,0.5618035793304443,0.6270756721496582,-0.028516309335827827,0.5958974361419678,0.6269508600234985,-0.03725980594754219,0.5926691889762878,0.6014829874038696,0.0012531416723504663,0.5816983580589294,0.5757322311401367,-0.01934235356748104,0.5847699642181396,0.6180468201637268,-0.03304573893547058,0.5894252061843872,0.6466761827468872,-0.03960647061467171,0.6221227049827576,0.6043727397918701,-0.0035289807710796595,0.6111999154090881,0.5757448077201843,-0.025233767926692963,0.6107326149940491,0.6282827258110046,-0.03142629936337471,0.6126196980476379,0.6637043952941895,-0.02956768497824669,0.6510180830955505,0.612629234790802,-0.011728111654520035,0.6403908729553223,0.5861470699310303,-0.03231869265437126,0.6351378560066223,0.6376602649688721,-0.02754214033484459,0.6348535418510437,0.6742929816246033,-0.01725701242685318,0.6801919341087341,0.6292675733566284,-0.021086154505610466,0.6698753237724304,0.5964696407318115,-0.030886026099324226,0.6613239645957947,0.6286125779151917,-0.023518243804574013,0.6597542762756348,0.6551898717880249,-0.014124400913715363,Stop
0.6356703042984009,0.7565956115722656,-3.4473964660719503e-07,0.5901870131492615,0.7219350934028625,-0.010185574181377888,0.5567269325256348,0.6736539006233215,-0.018922002986073494,0.5614737868309021,0.6267095804214478,-0.02978319302201271,0.5951622724533081,0.6262376308441162,-0.03858542442321777,0.5891250967979431,0.6003320217132568,0.0013048977125436068,0.5796303153038025,0.5758929252624512,-0.018777867779135704,0.5839951634407043,0.6184021234512329,-0.032701458781957626,0.5883408784866333,0.6456067562103271,-0.03970862179994583,0.6199607849121094,0.6026159524917603,-0.0031384907197207212,0.6109871864318848,0.5751804709434509,-0.023956146091222763,0.6114249229431152,0.6281890273094177,-0.030100444331765175,0.6119155287742615,0.6632271409034729,-0.028445985168218613,0.6500791311264038,0.6109418272972107,-0.011061196215450764,0.6413760185241699,0.5851543545722961,-0.031187154352664948,0.6363968253135681,0.6371521949768066,-0.026716995984315872,0.6345948576927185,0.6745802164077759,-0.016722651198506355,0.6802988648414612,0.6277657151222229,-0.020205803215503693,0.671507716178894,0.5961317420005798,-0.03021218627691269,0.6624056100845337,0.6276859641075134,-0.023231279104948044,0.6588281393051147,0.6547084450721741,-0.014001099392771721,Stop
0.6356453895568848,0.757068395614624,-3.478646419807774e-07,0.5903432965278625,0.7213911414146423,-0.010169505141675472,0.5568012595176697,0.6736901998519897,-0.01912028156220913,0.5614826083183289,0.6270330548286438,-0.03009258396923542,0.5956220030784607,0.6273142099380493,-0.038942981511354446,0.5899468660354614,0.599949836730957,0.0007624636054970324,0.5804222822189331,0.5757752656936646,-0.019335683435201645,0.5845025777816772,0.6180567741394043,-0.033079177141189575,0.5886714458465576,0.6455675363540649,-0.03998363018035889,0.6205415725708008,0.6023504734039307,-0.0037369553465396166,0.6111974716186523,0.5750259757041931,-0.024530842900276184,0.6112711429595947,0.627567708492279,-0.03054366447031498,0.6119641065597534,0.6624258160591125,-0.028969349339604378,0.6503787636756897,0.6108997464179993,-0.011679843068122864,0.6415246725082397,0.584595263004303,-0.031604472547769547,0.6363804936408997,0.6360825300216675,-0.026900270953774452,0.6348322629928589,0.6732715368270874,-0.01698448322713375,0.6802452206611633,0.6282609701156616,-0.020876843482255936,0.6713067293167114,0.5967785716056824,-0.030795857310295105,0.6621270179748535,0.6285090446472168,-0.02381070703268051,0.658760130405426,0.6553387641906738,-0.014737628400325775,Stop
0.6350248456001282,0.7553497552871704,-3.4982366514668684e-07,0.5896559357643127,0.7222424745559692,-0.01023144368082285,0.5552206039428711,0.6734189391136169,-0.01860002428293228,0.5596699714660645,0.6255409717559814,-0.029015934094786644,0.5937924981117249,0.6265676021575928,-0.037408966571092606,0.5905280709266663,0.5997665524482727,0.0011834822362288833,0.5803377032279968,0.5751478672027588,-0.018582237884402275,0.5834171175956726,0.6176976561546326,-0.03174677491188049,0.5875997543334961,0.6456669569015503,-0.03815847262740135,0.6206002831459045,0.6025379300117493,-0.003126511350274086,0.6104251742362976,0.5744092464447021,-0.02420319989323616,0.6101474165916443,0.6268650889396667,-0.03018825314939022,0.6116843819618225,0.6622469425201416,-0.028160592541098595,0.6498876810073853,0.6109834909439087,-0.010896510444581509,0.6402334570884705,0.5857340693473816,-0.030984705314040184,0.6346423625946045,0.6369288563728333,-0.026632793247699738,0.6333635449409485,0.6731383204460144,-0.016674960032105446,0.6793990135192871,0.6275325417518616,-0.01990397460758686,0.6699085235595703,0.5964761972427368,-0.02936610020697117,0.6611286997795105,0.6277808547019958,-0.022462084889411926,0.6586688160896301,0.6533651947975159,-0.013458581641316414,Stop
0.6347004771232605,0.7544912099838257,-3.58148042778339e-07,0.5899300575256348,0.7219542264938354,-0.01015077717602253,0.5557693243026733,0.6737995743751526,-0.018292568624019623,0.5600650310516357,0.6264763474464417,-0.028405113145709038,0.5932422280311584,0.6267024278640747,-0.036357395350933075,0.5890439748764038,0.5996759533882141,0.0007599102682434022,0.5787405371665955,0.5747084617614746,-0.019019320607185364,0.5826870203018188,0.6180902719497681,-0.031571514904499054,0.5872302055358887,0.6454624533653259,-0.03756299987435341,0.6193488836288452,0.6024046540260315,-0.003633367596194148,0.609036386013031,0.5747262239456177,-0.024710742756724358,0.6095025539398193,0.6284469962120056,-0.03013107180595398,0.6112921237945557,0.6616931557655334,-0.027838487178087234,0.6488810181617737,0.6110073924064636,-0.01146500650793314,0.6392800807952881,0.58432936668396,-0.03202289342880249,0.6344658136367798,0.6371966004371643,-0.02679934725165367,0.633655846118927,0.6722008585929871,-0.016329485923051834,0.6785416007041931,0.6281406879425049,-0.02048930898308754,0.6693158745765686,0.5968016982078552,-0.030837975442409515,0.6605374217033386,0.6301011443138123,-0.02361176908016205,0.6579517126083374,0.6554712653160095,-0.014280509203672409,Stop
0.6320667266845703,0.7539541125297546,-3.576155620521604e-07,0.5871669054031372,0.7190535068511963,-0.009839876554906368,0.555213212966919,0.6717401742935181,-0.018566450104117393,0.5600290894508362,0.6269057393074036,-0.029424374923110008,0.5920281410217285,0.6273304224014282,-0.03820856288075447,0.589084804058075,0.5981574654579163,0.0005341491778381169,0.579498291015625,0.5738098621368408,-0.01962883770465851,0.5831251740455627,0.6179659366607666,-0.03272087499499321,0.5873129367828369,0.6453804969787598,-0.03906525671482086,0.6191858053207397,0.6016002893447876,-0.004301313776522875,0.6098808646202087,0.5745774507522583,-0.025897124782204628,0.6098670363426208,0.6292369961738586,-0.031821854412555695,0.610865592956543,0.6627190113067627,-0.029757410287857056,0.6486701965332031,0.6105617880821228,-0.01248189713805914,0.639036238193512,0.5845372080802917,-0.03328647091984749,0.6345980763435364,0.6380695104598999,-0.028193596750497818,0.6343567371368408,0.6729303598403931,-0.01759261079132557,0.6783522367477417,0.6277333498001099,-0.02178502269089222,0.6689045429229736,0.5957638621330261,-0.03181277588009834,0.6611295938491821,0.6280531883239746,-0.02416483871638775,0.65968918800354,0.652289867401123,-0.014400203712284565,Stop
0.6336667537689209,0.7545014023780823,-3.5029913192374806e-07,0.5883689522743225,0.72048419713974,-0.009627651423215866,0.5552794337272644,0.6723878979682922,-0.01789170131087303,0.5600234866142273,0.6271835565567017,-0.02830272540450096,0.5919118523597717,0.6275579333305359,-0.03667649254202843,0.5882546901702881,0.5996308326721191,0.0010099435457959771,0.5792375206947327,0.5743215084075928,-0.018718713894486427,0.5833621025085449,0.6177002787590027,-0.03184527903795242,0.5874760746955872,0.645139753818512,-0.038325607776641846,0.6185105443000793,0.6024606227874756,-0.0037270018365234137,0.6098652482032776,0.5747036933898926,-0.02484823390841484,0.6100357174873352,0.6285784244537354,-0.030873611569404602,0.6104745864868164,0.6624507308006287,-0.029004711657762527,0.6481027603149414,0.611091673374176,-0.01176455244421959,0.6391892433166504,0.5842021107673645,-0.032038766890764236,0.634579598903656,0.6373932361602783,-0.027098840102553368,0.6335049271583557,0.6729831099510193,-0.016800791025161743,0.6779007911682129,0.6281991004943848,-0.02093815803527832,0.6686577200889587,0.5971128940582275,-0.030964087694883347,0.6606501936912537,0.6292930841445923,-0.023611128330230713,0.6585336923599243,0.6540272235870361,-0.01412960421293974,Stop
0.6331280469894409,0.7543469667434692,-3.648467270522815e-07,0.587999165058136,0.7209886312484741,-0.009460211731493473,0.554304838180542,0.6741607785224915,-0.017521824687719345,0.5588101744651794,0.6292605996131897,-0.027652323246002197,0.5914998054504395,0.627065122127533,-0.035549040883779526,0.5894407629966736,0.5969693660736084,0.001024257275275886,0.5783544182777405,0.5762759447097778,-0.01952579990029335,0.5825748443603516,0.6198332905769348,-0.032861366868019104,0.5879825949668884,0.6463070511817932,-0.03931464999914169,0.6193907856941223,0.6003791689872742,-0.003811508184298873,0.6083852648735046,0.5751736164093018,-0.025574645027518272,0.6084409952163696,0.6299315690994263,-0.031222758814692497,0.6109126806259155,0.6621962189674377,-0.02897053398191929,0.6483882665634155,0.6090906858444214,-0.012058049440383911,0.638369083404541,0.5854585766792297,-0.032752446830272675,0.633510172367096,0.6385498046875,-0.027217982336878777,0.634113609790802,0.6712033748626709,-0.016448872163891792,0.6776507496833801,0.6260724663734436,-0.021470505744218826,0.6686690449714661,0.5953755378723145,-0.030836164951324463,0.659986138343811,0.6280308961868286,-0.02276616543531418,0.6585094928741455,0.6507547497749329,-0.01287825033068657,Stop
0.633239209651947,0.7540827393531799,-3.597317004278011e-07,0.5881546139717102,0.7209725975990295,-0.009711063466966152,0.5544885993003845,0.6740797758102417,-0.017795724794268608,0.5593785047531128,0.6287829279899597,-0.02787875011563301,0.5919677019119263,0.6273829936981201,-0.03568761795759201,0.5889238715171814,0.5983726978302002,0.0007726752082817256,0.5783095359802246,0.576724112033844,-0.019683023914694786,0.5824395418167114,0.6204040050506592,-0.03260398656129837,0.5872918963432312,0.647113025188446,-0.038705818355083466,0.6189588308334351,0.601641833782196,-0.0038665058091282845,0.6082280278205872,0.5755918025970459,-0.025701507925987244,0.6083140969276428,0.6303026080131531,-0.03126734867691994,0.6104133129119873,0.6624065637588501,-0.028882764279842377,0.6483003497123718,0.6102939248085022,-0.011920095421373844,0.6385159492492676,0.5859752893447876,-0.032741397619247437,0.6335906386375427,0.6393353939056396,-0.027163665741682053,0.6337233781814575,0.6722354888916016,-0.016299590468406677,0.6778995394706726,0.6272785067558289,-0.02113124541938305,0.6686320304870605,0.5960195660591125,-0.030732808634638786,0.6603238582611084,0.6285480856895447,-0.022785967215895653,0.6591116189956665,0.6513892412185669,-0.012931368313729763,Stop
0.6327168941497803,0.7542619705200195,-3.600553384330851e-07,0.5866138935089111,0.7207393050193787,-0.010603788308799267,0.5529043078422546,0.6722239255905151,-0.01943948119878769,0.5595347881317139,0.6269471645355225,-0.030169958248734474,0.59365314245224,0.6296124458312988,-0.038844697177410126,0.5904698967933655,0.5961225628852844,0.00021121971076354384,0.5796417593955994,0.5749499797821045,-0.02070634812116623,0.5826104283332825,0.6197227835655212,-0.03440207988023758,0.5865762829780579,0.6477707028388977,-0.040970295667648315,0.6201571822166443,0.6001372933387756,-0.00422791438177228,0.6083881855010986,0.5751291513442993,-0.026112131774425507,0.6082616448402405,0.6297771334648132,-0.03201320767402649,0.6102110743522644,0.6634910106658936,-0.029869746416807175,0.6490189433097839,0.60980224609375,-0.01221515703946352,0.6382195949554443,0.5850890278816223,-0.03351399302482605,0.6333197951316833,0.6387721300125122,-0.028400344774127007,0.6330663561820984,0.673877477645874,-0.017665347084403038,0.6779956221580505,0.6279416084289551,-0.02140894904732704,0.6675414443016052,0.5956860780715942,-0.032000355422496796,0.6592248678207397,0.6296578645706177,-0.02439681626856327,0.6576927900314331,0.6553766131401062,-0.014549639075994492,Stop
0.6331827044487,0.7543474435806274,-3.686222100895975e-07,0.5872061252593994,0.7209600210189819,-0.010008967481553555,0.5528327822685242,0.6727876663208008,-0.018460212275385857,0.5592349767684937,0.6275514364242554,-0.029001843184232712,0.5932666659355164,0.6285811066627502,-0.03750520944595337,0.5907124876976013,0.5960410833358765,0.0011563330190256238,0.5792354941368103,0.5748271942138672,-0.019954027608036995,0.5824993252754211,0.6192918419837952,-0.03384903073310852,0.5868152976036072,0.6472379565238953,-0.040482521057128906,0.6206256747245789,0.6000269055366516,-0.0035255528055131435,0.6085094213485718,0.5749778747558594,-0.025769323110580444,0.6082165241241455,0.6297328472137451,-0.0319460853934288,0.6098857522010803,0.6635785102844238,-0.029871299862861633,0.6496257185935974,0.6095428466796875,-0.011759535409510136,0.6384353041648865,0.5852667093276978,-0.03331250324845314,0.6333998441696167,0.6392014026641846,-0.028166020289063454,0.6330381035804749,0.6743583679199219,-0.017332933843135834,0.6787559986114502,0.6277334094047546,-0.02115643210709095,0.6677529215812683,0.5960115194320679,-0.031839560717344284,0.659312903881073,0.6303718686103821,-0.024128450080752373,0.6578533053398132,0.6561736464500427,-0.014150098897516727,Stop
0.6312793493270874,0.7549757957458496,-3.505831784877955e-07,0.5854829549789429,0.7212316393852234,-0.010894006118178368,0.5518913865089417,0.67308109998703,-0.019721129909157753,0.5587575435638428,0.6286647319793701,-0.03056187555193901,0.592534065246582,0.6288653612136841,-0.039342883974313736,0.5889422297477722,0.5974572896957397,0.0006289380835369229,0.5782477259635925,0.5753154754638672,-0.020584329962730408,0.5817427635192871,0.6190698742866516,-0.03489883989095688,0.5871668457984924,0.646251380443573,-0.04198798909783363,0.619480550289154,0.6014412045478821,-0.0037187926936894655,0.6088108420372009,0.5751301050186157,-0.02618543989956379,0.6078195571899414,0.6295982599258423,-0.032567743211984634,0.609854519367218,0.66343092918396,-0.030637456104159355,0.6487376689910889,0.6109444499015808,-0.01174029428511858,0.6389447450637817,0.5861470103263855,-0.03322697803378105,0.6327506303787231,0.6389338374137878,-0.028528427705168724,0.6322588920593262,0.6737604737281799,-0.017969787120819092,0.678160548210144,0.6287381649017334,-0.021044494584202766,0.6686946153640747,0.5965695381164551,-0.031400617212057114,0.6596425771713257,0.6285568475723267,-0.024106910452246666,0.6579287052154541,0.6532057523727417,-0.014502164907753468,Stop
0.6318878531455994,0.7544784545898438,-3.523639406921575e-07,0.5861562490463257,0.7210874557495117,-0.0108516626060009,0.5521544814109802,0.6736592650413513,-0.019588349387049675,0.5583999752998352,0.6284635066986084,-0.030344223603606224,0.5923590660095215,0.6274305582046509,-0.03895525634288788,0.5886718034744263,0.5978707671165466,0.0011720824986696243,0.5777410268783569,0.5752761363983154,-0.020278913900256157,0.5816042423248291,0.6191158890724182,-0.03452778980135918,0.5869905352592468,0.6460479497909546,-0.04145887866616249,0.6192744374275208,0.6015179753303528,-0.003222111379727721,0.6084383130073547,0.5750009417533875,-0.026136614382267,0.607815146446228,0.6298327445983887,-0.03258659318089485,0.6097990274429321,0.6635333299636841,-0.030503232032060623,0.6486935615539551,0.6105867028236389,-0.011340469121932983,0.6387723684310913,0.5857131481170654,-0.03344377875328064,0.6328815817832947,0.6393563151359558,-0.028611760586500168,0.632266640663147,0.6743993759155273,-0.017742004245519638,0.6783571243286133,0.6280279159545898,-0.020717870444059372,0.668156087398529,0.5970684885978699,-0.03162679821252823,0.6594064235687256,0.6301484704017639,-0.024324890226125717,0.657920777797699,0.6548482179641724,-0.01453264057636261,Stop
0.6314698457717896,0.7558062076568604,-3.6447863749344833e-07,0.5862022638320923,0.7220563888549805,-0.010608651675283909,0.552072286605835,0.6725789904594421,-0.018803447484970093,0.5566573739051819,0.626873791217804,-0.02900419570505619,0.5896137356758118,0.6289364695549011,-0.036995358765125275,0.5897360444068909,0.597065269947052,0.002077066572383046,0.5765893459320068,0.5753366947174072,-0.018814722076058388,0.5809487104415894,0.6197982430458069,-0.03282121941447258,0.5865769982337952,0.6461760997772217,-0.03966151177883148,0.6197559237480164,0.6003807783126831,-0.002219818765297532,0.6067489981651306,0.5746803283691406,-0.024645129218697548,0.606694757938385,0.6297048330307007,-0.0309163685888052,0.6088409423828125,0.6631264686584473,-0.02867249771952629,0.6490349769592285,0.6096338629722595,-0.010194351896643639,0.6369611620903015,0.5855730772018433,-0.03179603070020676,0.6315869092941284,0.6399968266487122,-0.026909859851002693,0.631270170211792,0.6750725507736206,-0.016009731218218803,0.6784690618515015,0.6273831129074097,-0.01944797858595848,0.6672986745834351,0.5978192090988159,-0.029782945290207863,0.6584140658378601,0.6307241320610046,-0.02252417430281639,0.6570260524749756,0.6547752618789673,-0.0128396051004529,Stop
0.630834698677063,0.7547050714492798,-3.518326252560655e-07,0.5858896374702454,0.7200512886047363,-0.010959489271044731,0.5520879030227661,0.6727930307388306,-0.020300135016441345,0.558672308921814,0.6294522285461426,-0.03166216239333153,0.5929509997367859,0.6298850774765015,-0.04102462902665138,0.5898571610450745,0.594843327999115,0.0006847970653325319,0.5769656896591187,0.5750136375427246,-0.020472723990678787,0.5799336433410645,0.6184672117233276,-0.03500272333621979,0.5848293900489807,0.6450812816619873,-0.04227408394217491,0.6196616888046265,0.5990445017814636,-0.0037554344162344933,0.6056103706359863,0.5747603178024292,-0.026400528848171234,0.605198860168457,0.6270471811294556,-0.03354703634977341,0.6074771881103516,0.6618183851242065,-0.03212524205446243,0.648565948009491,0.6089758276939392,-0.01182261947542429,0.6360734105110168,0.5861369967460632,-0.033821698278188705,0.6305456161499023,0.6382855772972107,-0.030027294531464577,0.6298696398735046,0.6751925945281982,-0.019898610189557076,0.6774067282676697,0.6276568174362183,-0.021137872710824013,0.6649372577667236,0.598452091217041,-0.032548267394304276,0.6563156247138977,0.6313562393188477,-0.02615676261484623,0.6549035310745239,0.6585178375244141,-0.01693139597773552,Stop
0.6306759715080261,0.7547670602798462,-3.4973049878317397e-07,0.5857113003730774,0.7203091382980347,-0.011018922552466393,0.5516671538352966,0.6721118688583374,-0.02027945965528488,0.5590217113494873,0.6286747455596924,-0.03148539364337921,0.5934290289878845,0.6300373077392578,-0.04068196564912796,0.5898231267929077,0.5940640568733215,0.0001406802621204406,0.5760307312011719,0.5749714374542236,-0.02103840932250023,0.5792989134788513,0.6187302470207214,-0.035574741661548615,0.5844041705131531,0.6452262997627258,-0.04288337379693985,0.6198244690895081,0.5982667207717896,-0.004224025644361973,0.6052173972129822,0.5746886134147644,-0.02686719410121441,0.6049461364746094,0.6274827718734741,-0.033880650997161865,0.6071545481681824,0.6622753143310547,-0.03240408003330231,0.6488778591156006,0.6083849668502808,-0.01218087412416935,0.6363059878349304,0.586140513420105,-0.034014832228422165,0.6306895613670349,0.6387447118759155,-0.030024470761418343,0.6296349167823792,0.6757959723472595,-0.019879525527358055,0.6777011752128601,0.6272989511489868,-0.021428348496556282,0.6656340956687927,0.5989118218421936,-0.03280600532889366,0.6567107439041138,0.6317753791809082,-0.02645842358469963,0.6548181772232056,0.658520519733429,-0.01732046902179718,Stop
0.6302501559257507,0.7556794285774231,-3.5548819710129465e-07,0.5849111080169678,0.7200098037719727,-0.009318975731730461,0.551525354385376,0.6712196469306946,-0.017441581934690475,0.5587646961212158,0.6269621253013611,-0.027659690007567406,0.5919364094734192,0.6292301416397095,-0.035829056054353714,0.5867683291435242,0.597133994102478,0.0008993130177259445,0.5771179795265198,0.5743958950042725,-0.019333485513925552,0.580754816532135,0.6180705428123474,-0.032357264310121536,0.5845897197723389,0.6450439095497131,-0.03860164061188698,0.6172208786010742,0.6012016534805298,-0.004047350026667118,0.6068076491355896,0.5748299360275269,-0.025582637637853622,0.6071198582649231,0.6291459798812866,-0.03139929100871086,0.608234703540802,0.6623336672782898,-0.02926863171160221,0.6469911932945251,0.6105296015739441,-0.01233159750699997,0.6373115181922913,0.5858638882637024,-0.03335532546043396,0.6323699355125427,0.6402491331100464,-0.02829202078282833,0.6311130523681641,0.6755532622337341,-0.01766205206513405,0.6767177581787109,0.628520667552948,-0.02168651483952999,0.6665304899215698,0.5975499749183655,-0.03220418468117714,0.6581347584724426,0.6318395733833313,-0.024634134024381638,0.6560392379760742,0.6572534441947937,-0.014811026863753796,Stop
0.63075852394104,0.7552940845489502,-3.64160854360307e-07,0.585678219795227,0.7205978631973267,-0.009672320447862148,0.5520114302635193,0.672439455986023,-0.01793721690773964,0.5580195188522339,0.6275177001953125,-0.02829684503376484,0.591471254825592,0.6292282938957214,-0.03657576069235802,0.5866332054138184,0.596644401550293,0.0009015265386551619,0.576953649520874,0.5750269889831543,-0.020051315426826477,0.5809305310249329,0.6188189387321472,-0.033334843814373016,0.5850720405578613,0.6459592580795288,-0.03951483219861984,0.6170315146446228,0.6004930734634399,-0.0040034642443060875,0.6068611145019531,0.5744259357452393,-0.026312565430998802,0.6069902777671814,0.6290661692619324,-0.03215599060058594,0.608041524887085,0.6622494459152222,-0.029775656759738922,0.6467106342315674,0.6097957491874695,-0.012365780770778656,0.6371161341667175,0.5862131714820862,-0.0343463160097599,0.6320815086364746,0.6411192417144775,-0.0292066540569067,0.630878746509552,0.6761528253555298,-0.018180139362812042,0.6762726306915283,0.6278080344200134,-0.021795604377985,0.6666078567504883,0.5968294143676758,-0.03262074291706085,0.6582371592521667,0.632012128829956,-0.024790577590465546,0.6561369895935059,0.6576808094978333,-0.014636494219303131,Stop
0.6327062249183655,0.7557907104492188,-3.6450549600886006e-07,0.587406575679779,0.7222877740859985,-0.01003105565905571,0.5528689026832581,0.6745471954345703,-0.018538767471909523,0.5582960844039917,0.6286601424217224,-0.028948580846190453,0.5916926264762878,0.6291472315788269,-0.03714628145098686,0.5876933932304382,0.598466157913208,0.0006096521974541247,0.5775192379951477,0.5760718584060669,-0.020129872485995293,0.5814294815063477,0.6196022629737854,-0.03352050110697746,0.5860322117805481,0.6480333805084229,-0.039883531630039215,0.6179572343826294,0.6016215085983276,-0.0038242745213210583,0.6069045662879944,0.5756403803825378,-0.025694137439131737,0.6074070930480957,0.6301414966583252,-0.03154820203781128,0.6092457175254822,0.6643635630607605,-0.0294369924813509,0.6472025513648987,0.6101862788200378,-0.011738395318388939,0.6366590857505798,0.5861660242080688,-0.032837461680173874,0.631898045539856,0.6396610140800476,-0.027743110433220863,0.6312578320503235,0.6750755906105042,-0.017169123515486717,0.6765346527099609,0.6273304224014282,-0.020824315026402473,0.6658835411071777,0.5974502563476562,-0.031238991767168045,0.6572562456130981,0.6317327618598938,-0.023850005120038986,0.654981255531311,0.6570765972137451,-0.014317451976239681,Stop
0.6323763132095337,0.7559369802474976,-3.6375465128912765e-07,0.5864927768707275,0.7221091985702515,-0.010311861522495747,0.5524886250495911,0.6738848090171814,-0.018978724256157875,0.5582442283630371,0.6279074549674988,-0.029506461694836617,0.5916022658348083,0.6286035776138306,-0.037836961448192596,0.5875729322433472,0.5974597930908203,0.000577791768591851,0.5772848129272461,0.5759418606758118,-0.020125549286603928,0.5809932947158813,0.6198369860649109,-0.03356603533029556,0.5855748057365417,0.6481570601463318,-0.03996233642101288,0.6179014444351196,0.6008190512657166,-0.0037778278347104788,0.6068844795227051,0.5756164789199829,-0.025624193251132965,0.607185423374176,0.6303479671478271,-0.03153471648693085,0.6091148257255554,0.6646102666854858,-0.029394855722784996,0.6472957730293274,0.6097989678382874,-0.011633235961198807,0.6367783546447754,0.5861884355545044,-0.032797254621982574,0.6318950057029724,0.6397586464881897,-0.02784389816224575,0.6314401626586914,0.6750591993331909,-0.017256909981369972,0.6767576932907104,0.6272430419921875,-0.020663894712924957,0.6659371852874756,0.5973811745643616,-0.0310528464615345,0.6573601365089417,0.6313055753707886,-0.0236822497099638,0.6554042100906372,0.6562925577163696,-0.014093298465013504,Stop
0.6308220624923706,0.7566262483596802,-3.6185804219712736e-07,0.5863838195800781,0.7235236167907715,-0.01115566585212946,0.5523308515548706,0.6760491728782654,-0.02033088728785515,0.5582303404808044,0.6314565539360046,-0.031351637095212936,0.5920442342758179,0.6311261653900146,-0.040170006453990936,0.5879237651824951,0.5982933640480042,-0.0005122253787703812,0.5769663453102112,0.5758470296859741,-0.02164541184902191,0.5802626013755798,0.6200335025787354,-0.03551948815584183,0.584915280342102,0.6469857096672058,-0.04238341376185417,0.6184161901473999,0.602227509021759,-0.004727116320282221,0.6069625020027161,0.5760632753372192,-0.027319494634866714,0.6063453555107117,0.6304448246955872,-0.03337537497282028,0.6078113317489624,0.6647268533706665,-0.03130337968468666,0.6476463079452515,0.6117759346961975,-0.012567410245537758,0.6374016404151917,0.58709317445755,-0.034399595111608505,0.6316094398498535,0.6404399871826172,-0.02956649474799633,0.6302213072776794,0.6763841509819031,-0.01896372064948082,0.6769925951957703,0.6296876668930054,-0.021690592169761658,0.666683554649353,0.6001384258270264,-0.03293050825595856,0.6570333242416382,0.6335993409156799,-0.026183132082223892,0.6536445617675781,0.6594242453575134,-0.016925683245062828,Stop
0.6303075551986694,0.75730961561203,-3.6558583360601915e-07,0.5859987139701843,0.7232815623283386,-0.011083198711276054,0.5522062182426453,0.6755051612854004,-0.020339183509349823,0.5587334036827087,0.6312417387962341,-0.03149426355957985,0.5927562713623047,0.6314059495925903,-0.04049479588866234,0.588748574256897,0.5974743962287903,-0.000223824885324575,0.5769621133804321,0.5758423209190369,-0.02128162421286106,0.5802210569381714,0.6204038262367249,-0.03531162440776825,0.5848778486251831,0.6469873189926147,-0.04234332963824272,0.6192164421081543,0.601328432559967,-0.004428294021636248,0.6068490147590637,0.5759759545326233,-0.02679646573960781,0.606174111366272,0.6302765607833862,-0.033011794090270996,0.6073921918869019,0.6645251512527466,-0.03115730546414852,0.6485719680786133,0.6108307838439941,-0.01224437728524208,0.6371962428092957,0.5865545272827148,-0.03396303579211235,0.631339430809021,0.6403560638427734,-0.029302537441253662,0.6297889947891235,0.6770011782646179,-0.01887471415102482,0.6781846880912781,0.6288321614265442,-0.021336885169148445,0.6665952205657959,0.5999409556388855,-0.03279997035861015,0.6565640568733215,0.6339227557182312,-0.026245733723044395,0.6529558897018433,0.660645604133606,-0.01705820858478546,Stop
0.6300567388534546,0.7580129504203796,-3.50696922168936e-07,0.5852709412574768,0.7225114107131958,-0.010868113487958908,0.5520024299621582,0.6743659973144531,-0.020120853558182716,0.5595177412033081,0.6311524510383606,-0.03130060434341431,0.5933607220649719,0.6313502788543701,-0.04033559560775757,0.5880754590034485,0.5971495509147644,-0.0004036831669509411,0.5769053101539612,0.5760411620140076,-0.02096998505294323,0.5800944566726685,0.6201823949813843,-0.03501605615019798,0.5846508741378784,0.646848738193512,-0.04221021384000778,0.618589460849762,0.6012570261955261,-0.004657615441828966,0.6070370674133301,0.5762847065925598,-0.02617696113884449,0.6062136888504028,0.6297605037689209,-0.03237172216176987,0.6072677969932556,0.6641679406166077,-0.0308147594332695,0.6479334831237793,0.6111466884613037,-0.012429513968527317,0.6376644372940063,0.5870236158370972,-0.03295060619711876,0.6313671469688416,0.6394692063331604,-0.0283517949283123,0.6293272376060486,0.6760115623474121,-0.018379589542746544,0.677311897277832,0.6296607851982117,-0.021531933918595314,0.6671364307403564,0.6006910800933838,-0.03209446743130684,0.6567937731742859,0.6329831480979919,-0.02549527771770954,0.6525829434394836,0.6591042280197144,-0.016525380313396454,Stop
0.6308256983757019,0.7585686445236206,-3.6481799270404736e-07,0.5853384733200073,0.7233912348747253,-0.010985576547682285,0.5522676706314087,0.6751503348350525,-0.020429452881217003,0.5580374598503113,0.6307733654975891,-0.031775373965501785,0.5909345149993896,0.6307938694953918,-0.04090673476457596,0.5897216796875,0.5975680351257324,-0.0006335442885756493,0.5791236758232117,0.5778047442436218,-0.021924329921603203,0.5819197297096252,0.6223670244216919,-0.036316148936748505,0.5857630968093872,0.6528909206390381,-0.043308135122060776,0.6196693181991577,0.601372241973877,-0.005008201580494642,0.6088734865188599,0.577669084072113,-0.027254268527030945,0.6074973940849304,0.6315369606018066,-0.03391779586672783,0.6082160472869873,0.668163537979126,-0.032421864569187164,0.6486930847167969,0.6111474633216858,-0.012900342233479023,0.6385924220085144,0.5883012413978577,-0.0338488332927227,0.6320909261703491,0.6400668621063232,-0.029404105618596077,0.6302871704101562,0.6770772933959961,-0.019403114914894104,0.6776403784751892,0.6297529339790344,-0.022133363410830498,0.6687065362930298,0.5996063351631165,-0.03264437988400459,0.6581937074661255,0.6316981911659241,-0.025685684755444527,0.6538118720054626,0.6584659218788147,-0.016414811834692955,Stop
0.5074844360351562,0.47585469484329224,-4.403015623211104e-07,0.4499936103820801,0.4836958348751068,-0.008114435710012913,0.39982175827026367,0.4629540741443634,-0.014253550209105015,0.3841119408607483,0.41006791591644287,-0.02516947127878666,0.4016472101211548,0.3662741780281067,-0.03467012941837311,0.4013030529022217,0.3769558370113373,0.01694801077246666,0.37307965755462646,0.35372674465179443,-0.009396168403327465,0.39525726437568665,0.386460542678833,-0.030310433357954025,0.4199829399585724,0.41642260551452637,-0.03983476012945175,0.42711538076400757,0.35178256034851074,0.010072114877402782,0.3964584767818451,0.32752540707588196,-0.016802459955215454,0.4214964210987091,0.37698596715927124,-0.030081870034337044,0.4465622305870056,0.41414183378219604,-0.0309417936950922,0.45693856477737427,0.3299012780189514,-0.0016752035589888692,0.424237459897995,0.30428624153137207,-0.02984454296529293,0.4461943805217743,0.36309340596199036,-0.028565069660544395,0.47062256932258606,0.40535515546798706,-0.0175266582518816,0.4924807846546173,0.31326162815093994,-0.014472651295363903,0.4585842788219452,0.2890242636203766,-0.03194119781255722,0.4653445780277252,0.33365264534950256,-0.025887979194521904,0.480804979801178,0.36974889039993286,-0.014928110875189304,Stop
0.5054044127464294,0.47039371728897095,-4.7185312723740935e-07,0.44957634806632996,0.4750059247016907,-0.006047829519957304,0.4001733064651489,0.452401340007782,-0.011306632310152054,0.38421106338500977,0.4008071720600128,-0.022157737985253334,0.40501320362091064,0.3598706126213074,-0.03181928023695946,0.4069928526878357,0.36586490273475647,0.020962044596672058,0.37959524989128113,0.3392062485218048,-0.004796947818249464,0.39686962962150574,0.3749600946903229,-0.025611629709601402,0.41812995076179504,0.4092671275138855,-0.03517167270183563,0.43318983912467957,0.3426662087440491,0.013297604396939278,0.40189069509506226,0.3183611333370209,-0.013797767460346222,0.4238792955875397,0.37010425329208374,-0.02781524695456028,0.447378545999527,0.41066601872444153,-0.028945650905370712,0.46343013644218445,0.32225584983825684,0.0007696599350310862,0.42905211448669434,0.29565349221229553,-0.027890225872397423,0.44870197772979736,0.35603171586990356,-0.02773195132613182,0.4718511998653412,0.4018412232398987,-0.017055917531251907,0.4991757273674011,0.30695483088493347,-0.01257347036153078,0.4637373089790344,0.282772421836853,-0.030575476586818695,0.4687219560146332,0.3281552195549011,-0.02535579726099968,0.4830237329006195,0.3669622838497162,-0.01478484645485878,Stop
0.5048292279243469,0.4687293767929077,-4.4925943143425684e-07,0.4488784372806549,0.47275128960609436,-0.007443869486451149,0.40045997500419617,0.4515233337879181,-0.013531798496842384,0.3849850594997406,0.40163156390190125,-0.024731194600462914,0.4025060534477234,0.3568371534347534,-0.034382905811071396,0.4064348638057709,0.365420937538147,0.01891092024743557,0.3777477443218231,0.34044015407562256,-0.00774505315348506,0.39760324358940125,0.3759003281593323,-0.02892191708087921,0.42013877630233765,0.4069119393825531,-0.03866596519947052,0.4325777292251587,0.3424740433692932,0.011639288626611233,0.40103211998939514,0.3178328573703766,-0.016358109191060066,0.4242649972438812,0.36900094151496887,-0.03037458471953869,0.44803011417388916,0.4065074920654297,-0.03147479146718979,0.4628153443336487,0.322176069021225,-0.0006057712598703802,0.4286016821861267,0.2944103479385376,-0.02999560721218586,0.4486232101917267,0.3553188443183899,-0.029102010652422905,0.47176608443260193,0.3996169865131378,-0.017916100099682808,0.49869680404663086,0.30701637268066406,-0.0137844979763031,0.46408936381340027,0.28410759568214417,-0.0324317142367363,0.4695812165737152,0.33009791374206543,-0.02698420360684395,0.48419007658958435,0.3673279583454132,-0.016115447506308556,Stop
0.5041589736938477,0.46889442205429077,-4.5638589085683634e-07,0.44945770502090454,0.4727938175201416,-0.008096672594547272,0.40084391832351685,0.45148175954818726,-0.014449479058384895,0.3846883475780487,0.4021025002002716,-0.025747042149305344,0.4018722176551819,0.3575754463672638,-0.03543412685394287,0.4061460494995117,0.36433881521224976,0.01798900030553341,0.3774809241294861,0.3400539755821228,-0.008677723817527294,0.3972088694572449,0.37596508860588074,-0.02957966923713684,0.41959160566329956,0.4068061411380768,-0.03914027288556099,0.4323582053184509,0.34145575761795044,0.011032991111278534,0.40101173520088196,0.31781214475631714,-0.017107844352722168,0.42403778433799744,0.36958640813827515,-0.03093751333653927,0.44740357995033264,0.40726912021636963,-0.03184943646192551,0.4627058207988739,0.3214145600795746,-0.0009115594439208508,0.42837750911712646,0.29435738921165466,-0.03053704835474491,0.44834277033805847,0.3555912971496582,-0.029607567936182022,0.47124025225639343,0.3999481797218323,-0.01831991784274578,0.4986600875854492,0.30673518776893616,-0.013807430863380432,0.46389394998550415,0.2848066985607147,-0.032739974558353424,0.4692298173904419,0.33077237010002136,-0.02751133404672146,0.4837062358856201,0.3679494559764862,-0.016715867444872856,Stop
0.5044421553611755,0.4710254371166229,-4.690080857017165e-07,0.44905081391334534,0.47587665915489197,-0.00797208957374096,0.3979319632053375,0.4504355788230896,-0.013573768548667431,0.3855576515197754,0.39593401551246643,-0.02406344749033451,0.4111356735229492,0.3559078872203827,-0.03323371708393097,0.40581411123275757,0.36263594031333923,0.01840241067111492,0.3789045512676239,0.33936062455177307,-0.007853155955672264,0.39792731404304504,0.3762846291065216,-0.02887219376862049,0.41941410303115845,0.40864482522010803,-0.03885526582598686,0.4328254163265228,0.3387610614299774,0.011511188931763172,0.4020572602748871,0.31554222106933594,-0.016021229326725006,0.42435652017593384,0.36811211705207825,-0.02943240851163864,0.4473781883716583,0.40816259384155273,-0.030141416937112808,0.4638094902038574,0.3190583288669586,-0.000437339476775378,0.4300483763217926,0.29331687092781067,-0.02982029691338539,0.4493122398853302,0.3550373315811157,-0.02934235893189907,0.47155264019966125,0.4013645648956299,-0.01834786869585514,0.5007191896438599,0.30531564354896545,-0.013379333540797234,0.4654427170753479,0.28424742817878723,-0.03256087005138397,0.4707253873348236,0.3305601477622986,-0.028025321662425995,0.4849754869937897,0.3687477111816406,-0.017831925302743912,Stop
0.5051490068435669,0.47203925251960754,-4.6388572627620306e-07,0.44913461804389954,0.4762030243873596,-0.008185158483684063,0.3977859914302826,0.45062780380249023,-0.014055282808840275,0.38545697927474976,0.3958595097064972,-0.02481621690094471,0.41147252917289734,0.35646188259124756,-0.03419944643974304,0.40562939643859863,0.3631201684474945,0.017812706530094147,0.37829071283340454,0.33924227952957153,-0.008257650770246983,0.39785927534103394,0.3762911856174469,-0.02904413640499115,0.41958385705947876,0.40853747725486755,-0.038855135440826416,0.4329182803630829,0.3393673598766327,0.011045255698263645,0.402362585067749,0.3163243234157562,-0.016227850690484047,0.4248998463153839,0.36851200461387634,-0.02937885746359825,0.4477766156196594,0.4082115888595581,-0.03006204403936863,0.46396857500076294,0.31982868909835815,-0.0007695165113545954,0.4304268956184387,0.2933376431465149,-0.02976730279624462,0.449663907289505,0.35474878549575806,-0.029079202562570572,0.47183457016944885,0.4011766016483307,-0.018139200285077095,0.5008373856544495,0.306171715259552,-0.01363967265933752,0.4657878875732422,0.2832452058792114,-0.03252981975674629,0.47075024247169495,0.3294501304626465,-0.027859609574079514,0.48460808396339417,0.36836501955986023,-0.017678191885352135,Stop
0.5034493207931519,0.4726593494415283,-4.7166196281978046e-07,0.4492017924785614,0.47557076811790466,-0.009216426871716976,0.3988247513771057,0.4514884650707245,-0.01599814184010029,0.3855423331260681,0.39868980646133423,-0.02736632339656353,0.4076955318450928,0.3554156720638275,-0.03712077438831329,0.4040643870830536,0.3611935079097748,0.015806227922439575,0.3776299059391022,0.33842799067497253,-0.011121651157736778,0.39736688137054443,0.3777310252189636,-0.03208991140127182,0.41862380504608154,0.4110434651374817,-0.04182131215929985,0.43185731768608093,0.3384090065956116,0.009393514133989811,0.40241900086402893,0.31676554679870605,-0.01863330788910389,0.42486128211021423,0.3712408244609833,-0.031733959913253784,0.4466971158981323,0.41119518876075745,-0.032388877123594284,0.4633992314338684,0.31978365778923035,-0.00209788721986115,0.43050751090049744,0.2935892641544342,-0.03171582147479057,0.4494878947734833,0.35648831725120544,-0.030436674132943153,0.4705113470554352,0.4029976427555084,-0.019125469028949738,0.5003482699394226,0.3072252571582794,-0.014647847972810268,0.4663132429122925,0.28566858172416687,-0.033852819353342056,0.4713718891143799,0.3318355977535248,-0.028818242251873016,0.4843847453594208,0.36941584944725037,-0.018277578055858612,Stop
0.5027835965156555,0.47311145067214966,-4.7253814727810095e-07,0.4493844211101532,0.4753597676753998,-0.009095815010368824,0.3988053500652313,0.4514543414115906,-0.01582588627934456,0.38552629947662354,0.39880475401878357,-0.027058949694037437,0.40831056237220764,0.35622358322143555,-0.0366581454873085,0.4032762348651886,0.3611774742603302,0.01556470524519682,0.3773229718208313,0.3390038311481476,-0.01112410333007574,0.3973221778869629,0.3781202435493469,-0.03180888667702675,0.4186510145664215,0.4112958610057831,-0.04141422361135483,0.4312831163406372,0.3381982445716858,0.009131123311817646,0.4017375111579895,0.3165794312953949,-0.018688945099711418,0.42414337396621704,0.37088698148727417,-0.0315985344350338,0.44594845175743103,0.41101378202438354,-0.03217587247490883,0.4631330370903015,0.31956109404563904,-0.002320840721949935,0.4303596019744873,0.29396119713783264,-0.031959179788827896,0.44940418004989624,0.356716126203537,-0.030728938058018684,0.47030070424079895,0.40320563316345215,-0.019464757293462753,0.5003358125686646,0.3071971535682678,-0.014786707237362862,0.4662386476993561,0.2860470414161682,-0.0341404564678669,0.4714517593383789,0.33250269293785095,-0.02919343300163746,0.48452645540237427,0.3701971173286438,-0.01872122474014759,Stop
0.5030829906463623,0.4729566276073456,-4.6983319634819054e-07,0.448782742023468,0.4733459949493408,-0.00810856744647026,0.4003697633743286,0.4502881169319153,-0.014871037565171719,0.3847493827342987,0.39901915192604065,-0.026585258543491364,0.4055714011192322,0.3552474081516266,-0.03672819584608078,0.40665680170059204,0.36189812421798706,0.0179639533162117,0.37962019443511963,0.3364020586013794,-0.009112099185585976,0.3980907201766968,0.37445321679115295,-0.03035741299390793,0.4191269874572754,0.40832963585853577,-0.040079738944768906,0.43390953540802,0.340187132358551,0.01090723555535078,0.4042815864086151,0.31545767188072205,-0.017510466277599335,0.4253684878349304,0.36960339546203613,-0.031535569578409195,0.4466181695461273,0.4107949435710907,-0.032501716166734695,0.4651481509208679,0.32172244787216187,-0.001170700415968895,0.43230101466178894,0.2937466502189636,-0.030918460339307785,0.4500705301761627,0.3566417992115021,-0.030201271176338196,0.4706045389175415,0.40363800525665283,-0.018997404724359512,0.5018341541290283,0.3094099164009094,-0.014194125309586525,0.46739423274993896,0.2861984372138977,-0.03292546048760414,0.4716208577156067,0.33252760767936707,-0.02764829434454441,0.48442724347114563,0.37086015939712524,-0.016861988231539726,Stop
0.5027468800544739,0.4735393524169922,-4.691358128638967e-07,0.4487925171852112,0.4741699695587158,-0.008531392551958561,0.39952322840690613,0.45044517517089844,-0.01543404906988144,0.3842824697494507,0.3981045186519623,-0.0271304864436388,0.4064408540725708,0.35570037364959717,-0.03725925832986832,0.40589439868927,0.3616889417171478,0.01709967851638794,0.3790789842605591,0.3366256058216095,-0.009908255189657211,0.3981498181819916,0.37459030747413635,-0.03108145482838154,0.4195740222930908,0.40822628140449524,-0.04079268500208855,0.43359166383743286,0.3398546874523163,0.0103538753464818,0.4044206142425537,0.3157115578651428,-0.017862824723124504,0.4259706139564514,0.3695560395717621,-0.031547609716653824,0.4473332166671753,0.4106791317462921,-0.032428279519081116,0.4651397466659546,0.32150110602378845,-0.0014401311054825783,0.4322117269039154,0.2934761345386505,-0.031126534566283226,0.45019596815109253,0.35619881749153137,-0.030414702370762825,0.47085800766944885,0.403719037771225,-0.019322093576192856,0.5022048354148865,0.3091089725494385,-0.014225969091057777,0.4675195515155792,0.28562965989112854,-0.03317047283053398,0.4716123342514038,0.3322243094444275,-0.028183501213788986,0.4841880202293396,0.3716171383857727,-0.01767340674996376,Stop
0.5008691549301147,0.47251763939857483,-4.679038454469264e-07,0.44764238595962524,0.47342053055763245,-0.008889804594218731,0.39882567524909973,0.4493975341320038,-0.01553574949502945,0.3836684823036194,0.39707520604133606,-0.02709963172674179,0.4049622118473053,0.3538033962249756,-0.03712614253163338,0.4057912528514862,0.3603326082229614,0.018428554758429527,0.3796079456806183,0.33517467975616455,-0.008495906367897987,0.3982083201408386,0.37299835681915283,-0.02988223172724247,0.4191019535064697,0.40658870339393616,-0.039793431758880615,0.43325313925743103,0.33831530809402466,0.01185572985559702,0.403524786233902,0.3144560158252716,-0.016625231131911278,0.4252185821533203,0.36773768067359924,-0.030765097588300705,0.4468478560447693,0.4091477394104004,-0.03181285783648491,0.46455901861190796,0.31978586316108704,9.93320791167207e-05,0.4312213063240051,0.29340890049934387,-0.029911328107118607,0.44990062713623047,0.3550887107849121,-0.029545683413743973,0.4709087610244751,0.40225541591644287,-0.01851588860154152,0.5013306736946106,0.30709308385849,-0.012702158652245998,0.4663510024547577,0.28403377532958984,-0.03178028389811516,0.47087129950523376,0.3299485445022583,-0.02694062329828739,0.48359063267707825,0.36906898021698,-0.016482362523674965,Stop
0.5011268854141235,0.4716987609863281,-4.7164559191514854e-07,0.4481695890426636,0.4738676846027374,-0.00899357721209526,0.39870166778564453,0.4492405354976654,-0.01546648982912302,0.38414180278778076,0.39594098925590515,-0.0267315860837698,0.406355082988739,0.3535943627357483,-0.03646571561694145,0.4060242176055908,0.36179906129837036,0.017275623977184296,0.3791827857494354,0.33588510751724243,-0.00950269028544426,0.3978920876979828,0.37360382080078125,-0.030458616092801094,0.4188539683818817,0.40666621923446655,-0.04009956866502762,0.43358683586120605,0.33954745531082153,0.010882340371608734,0.4037124216556549,0.3151593506336212,-0.017652790993452072,0.4253247380256653,0.3685840368270874,-0.031409263610839844,0.446733295917511,0.4101484417915344,-0.03215513378381729,0.46493208408355713,0.32078996300697327,-0.0006163906073197722,0.4312635362148285,0.29389142990112305,-0.030764425173401833,0.449781209230423,0.35572224855422974,-0.030367285013198853,0.47054028511047363,0.40339869260787964,-0.01930535025894642,0.5016642808914185,0.3075362741947174,-0.013135370798408985,0.4663941562175751,0.2844778895378113,-0.03265964239835739,0.470744788646698,0.3305733799934387,-0.028100421652197838,0.48334839940071106,0.3702985644340515,-0.01779663749039173,Stop
0.4997408390045166,0.47039756178855896,-4.7116847667894035e-07,0.4460250437259674,0.47317612171173096,-0.008224752731621265,0.39574527740478516,0.44773852825164795,-0.014164364896714687,0.3824094831943512,0.3936285078525543,-0.02499840408563614,0.4078201353549957,0.354248970746994,-0.03443567454814911,0.4060813784599304,0.3589547872543335,0.018213840201497078,0.3802586793899536,0.3342988193035126,-0.007537528872489929,0.3978593647480011,0.37267374992370605,-0.02824763022363186,0.4182351231575012,0.4064892530441284,-0.03810136765241623,0.43342748284339905,0.3368915617465973,0.011754262261092663,0.40393465757369995,0.31346258521080017,-0.015437796711921692,0.4247453808784485,0.36654943227767944,-0.028859920799732208,0.44622325897216797,0.40860381722450256,-0.02979719638824463,0.46454566717147827,0.3185548782348633,0.00029493909096345305,0.4313526749610901,0.2924330234527588,-0.028523633256554604,0.4490925967693329,0.3542294204235077,-0.028079109266400337,0.46974310278892517,0.4025760591030121,-0.017403265461325645,0.5013577342033386,0.3059670925140381,-0.01218943390995264,0.46624594926834106,0.28402429819107056,-0.030728822574019432,0.4700355529785156,0.33026155829429626,-0.026166141033172607,0.48250558972358704,0.37028035521507263,-0.016213104128837585,Stop
0.49920162558555603,0.4689532220363617,-4.726548752387316e-07,0.445774108171463,0.4727528393268585,-0.00812576338648796,0.3953542709350586,0.4469318389892578,-0.013640345074236393,0.38239580392837524,0.39264753460884094,-0.023982996121048927,0.40750086307525635,0.35437124967575073,-0.03291793540120125,0.40570756793022156,0.3591868281364441,0.01793050952255726,0.3796796202659607,0.33418506383895874,-0.007341702934354544,0.3975021243095398,0.3728993237018585,-0.027402125298976898,0.41782546043395996,0.4067997634410858,-0.036851733922958374,0.43292585015296936,0.33747199177742004,0.01152875181287527,0.4034678041934967,0.31375300884246826,-0.015481307171285152,0.4244833290576935,0.36715251207351685,-0.028601177036762238,0.4458276033401489,0.4090181291103363,-0.029310734942555428,0.46405473351478577,0.3193497359752655,0.0002137933042831719,0.43083471059799194,0.29236307740211487,-0.028638504445552826,0.44870513677597046,0.3543982207775116,-0.028070712462067604,0.4691906273365021,0.4026843011379242,-0.017334727570414543,0.5007795691490173,0.30691686272621155,-0.012079775333404541,0.4660588800907135,0.28458550572395325,-0.03096701391041279,0.47013354301452637,0.3309173583984375,-0.026493379846215248,0.4829069972038269,0.3707571029663086,-0.01654507778584957,Stop
0.49824318289756775,0.46960628032684326,-4.725895337287511e-07,0.44409066438674927,0.47362709045410156,-0.008499345742166042,0.3934299349784851,0.44565266370773315,-0.014076581224799156,0.3820347785949707,0.3912043571472168,-0.02414601854979992,0.4085384011268616,0.3547106981277466,-0.03271700069308281,0.4043963551521301,0.35718095302581787,0.016677251085639,0.378307968378067,0.3346201479434967,-0.009367427788674831,0.3966781795024872,0.37327829003334045,-0.02974354848265648,0.4169878661632538,0.4063646197319031,-0.039212487637996674,0.43178021907806396,0.33525192737579346,0.010548222810029984,0.4017942249774933,0.3132268190383911,-0.01664017327129841,0.4233839511871338,0.3673429787158966,-0.029014315456151962,0.44511041045188904,0.4084019660949707,-0.029043490067124367,0.46304962038993835,0.3176904618740082,-0.0005724270595237613,0.4299609363079071,0.2933543920516968,-0.02943417802453041,0.4481792449951172,0.35588422417640686,-0.028400445356965065,0.4689587354660034,0.40299683809280396,-0.017236564308404922,0.5000483989715576,0.3059256374835968,-0.01272156648337841,0.4657456576824188,0.2845708727836609,-0.03139137476682663,0.4696183204650879,0.33078882098197937,-0.02678692899644375,0.4824014902114868,0.3691726326942444,-0.016698330640792847,Stop
0.49828040599823,0.46982061862945557,-4.822597361453518e-07,0.444436639547348,0.4735856056213379,-0.008073270320892334,0.3936854302883148,0.4462396502494812,-0.013279752805829048,0.3821170926094055,0.391322523355484,-0.02309298701584339,0.4083564579486847,0.35330528020858765,-0.031350474804639816,0.4042094945907593,0.35819917917251587,0.017280906438827515,0.3775719702243805,0.334695965051651,-0.008081542328000069,0.3960171043872833,0.3738461136817932,-0.027706732973456383,0.41635626554489136,0.4065393805503845,-0.03672794997692108,0.43185192346572876,0.3361845314502716,0.011027278378605843,0.40157759189605713,0.313157320022583,-0.01584009826183319,0.422946959733963,0.36746761202812195,-0.028052134439349174,0.4443581998348236,0.40823251008987427,-0.02793228067457676,0.4633190631866455,0.31839966773986816,-0.00013444150681607425,0.429930180311203,0.29347503185272217,-0.028863904997706413,0.44803670048713684,0.35619229078292847,-0.027876025065779686,0.46868401765823364,0.40309494733810425,-0.01672685332596302,0.5005093812942505,0.306318461894989,-0.012259337119758129,0.46576857566833496,0.28472092747688293,-0.030913805589079857,0.4696769416332245,0.33101823925971985,-0.026362277567386627,0.4825132489204407,0.36934787034988403,-0.01628764159977436,Stop
0.6118558645248413,0.5349527597427368,-3.1716601256448484e-07,0.5639055371284485,0.5078737139701843,-0.010497081093490124,0.5303097367286682,0.4608638286590576,-0.018190637230873108,0.5384522080421448,0.4106972813606262,-0.028648968786001205,0.5712037682533264,0.40397217869758606,-0.037468861788511276,0.551112949848175,0.4013647735118866,0.004729801323264837,0.5452571511268616,0.366499662399292,-0.017281224951148033,0.5531820058822632,0.40614762902259827,-0.03321363776922226,0.5591160655021667,0.4389796257019043,-0.04049191251397133,0.579504132270813,0.3959261178970337,0.0005180566222406924,0.5743482708930969,0.35880571603775024,-0.022694097831845284,0.5811730027198792,0.4120175838470459,-0.030795039609074593,0.5852411985397339,0.4528592824935913,-0.029149990528821945,0.6080910563468933,0.3968471884727478,-0.007571687921881676,0.6030704975128174,0.35974401235580444,-0.029158219695091248,0.6045511364936829,0.4134657382965088,-0.025711707770824432,0.6061293482780457,0.4566924273967743,-0.015298939310014248,0.637717068195343,0.40553906559944153,-0.017033660784363747,0.6317757964134216,0.36924079060554504,-0.027995647862553596,0.627467155456543,0.4008486866950989,-0.021647389978170395,0.6258341073989868,0.4312458038330078,-0.012386037036776543,Stop
0.6165468096733093,0.5353882908821106,-3.271667594617611e-07,0.568110466003418,0.5071681141853333,-0.009926573373377323,0.534070611000061,0.4611741006374359,-0.017748435959219933,0.5423245429992676,0.4128437042236328,-0.02830657735466957,0.5751553773880005,0.4059391915798187,-0.03717971220612526,0.5572354793548584,0.3991062343120575,0.0031961447093635798,0.5497983694076538,0.36405542492866516,-0.019670886918902397,0.5580366849899292,0.40491992235183716,-0.0365922749042511,0.5639368295669556,0.43745994567871094,-0.044812656939029694,0.5862482786178589,0.39469870924949646,-0.001697018276900053,0.5796678066253662,0.35844719409942627,-0.025565287098288536,0.5861541628837585,0.41130003333091736,-0.03444252163171768,0.5891302824020386,0.451608270406723,-0.03371572494506836,0.6153475642204285,0.39640846848487854,-0.01028471440076828,0.6086764931678772,0.3591703772544861,-0.03205347806215286,0.6095410585403442,0.41293764114379883,-0.02842235006392002,0.6099863052368164,0.4556608498096466,-0.01832139678299427,0.6455355286598206,0.4058627188205719,-0.020217327401041985,0.6382009387016296,0.3719416558742523,-0.03166384994983673,0.6330812573432922,0.4051837921142578,-0.025181667879223824,0.630506157875061,0.43551555275917053,-0.01596194878220558,Stop
0.6165146231651306,0.5347872972488403,-3.318683639008668e-07,0.5680566430091858,0.5086957812309265,-0.010158613324165344,0.5331412553787231,0.4628058075904846,-0.01833147183060646,0.5401493310928345,0.4128763675689697,-0.029150640591979027,0.5731648802757263,0.4077301025390625,-0.03854835033416748,0.5570836663246155,0.39763954281806946,0.0028084449004381895,0.5496031641960144,0.36526405811309814,-0.020148029550909996,0.5572550892829895,0.4053640365600586,-0.037183210253715515,0.5631986856460571,0.43941032886505127,-0.04531967267394066,0.5860428810119629,0.39226943254470825,-0.0018580638570711017,0.5785940289497375,0.3580644130706787,-0.025193609297275543,0.5855776071548462,0.4103373885154724,-0.0336805135011673,0.5901248455047607,0.4520452320575714,-0.03273504227399826,0.6152102947235107,0.3938422203063965,-0.010253483429551125,0.6077650189399719,0.35909897089004517,-0.03219202533364296,0.6086899638175964,0.41273611783981323,-0.029003050178289413,0.6100565195083618,0.4564705491065979,-0.019073721021413803,0.6454753279685974,0.4037308990955353,-0.01994522660970688,0.6371702551841736,0.36985665559768677,-0.031822361052036285,0.6318163275718689,0.40319812297821045,-0.02570570819079876,0.629826545715332,0.43467411398887634,-0.016647793352603912,Stop
0.6160379648208618,0.5342456102371216,-3.2841725783328e-07,0.5678460597991943,0.5084368586540222,-0.010272692888975143,0.5330554246902466,0.4627341628074646,-0.01838493160903454,0.5402135252952576,0.41323018074035645,-0.02915998175740242,0.5734360814094543,0.4069441556930542,-0.0384540855884552,0.5571737885475159,0.3978341221809387,0.002684079809114337,0.5493420958518982,0.36501309275627136,-0.020497621968388557,0.5567935109138489,0.4048890471458435,-0.037416957318782806,0.5629569292068481,0.4379781484603882,-0.04536617547273636,0.5860353112220764,0.3927883505821228,-0.0019477212335914373,0.5784370303153992,0.358307808637619,-0.025689855217933655,0.5850334763526917,0.41069430112838745,-0.03411724790930748,0.5895224213600159,0.4518851041793823,-0.032921116799116135,0.6152027249336243,0.39456015825271606,-0.01033630408346653,0.6075700521469116,0.3597028851509094,-0.03278995677828789,0.608399510383606,0.41370296478271484,-0.02950488030910492,0.6098375916481018,0.4573163390159607,-0.019271260127425194,0.6456255316734314,0.40449342131614685,-0.019992565736174583,0.6372472643852234,0.370329350233078,-0.032187167555093765,0.6317508816719055,0.4037032425403595,-0.025995494797825813,0.6297445297241211,0.43534427881240845,-0.016712134703993797,Stop
0.6162407994270325,0.5344476699829102,-3.2530300586586236e-07,0.5664849877357483,0.5061851143836975,-0.009418204426765442,0.5323795676231384,0.4614381790161133,-0.017270557582378387,0.5399407744407654,0.41356340050697327,-0.02808736264705658,0.5726194381713867,0.4063584804534912,-0.03751816973090172,0.5573120713233948,0.39843177795410156,0.003941214177757502,0.5490772724151611,0.3657897114753723,-0.018757445737719536,0.5566726922988892,0.40548837184906006,-0.035759199410676956,0.561978816986084,0.4383907616138458,-0.04388515651226044,0.5861020684242249,0.39382803440093994,-0.0011706138029694557,0.5779789686203003,0.35900676250457764,-0.024565260857343674,0.584776759147644,0.41090452671051025,-0.03356916829943657,0.5884202718734741,0.4517783522605896,-0.03295149281620979,0.615363359451294,0.3954160511493683,-0.00992636475712061,0.6065293550491333,0.3601172864437103,-0.03182757645845413,0.6078088879585266,0.41333746910095215,-0.028672443702816963,0.6092800498008728,0.45677128434181213,-0.018675541505217552,0.6459400057792664,0.4047342836856842,-0.019891785457730293,0.6365315318107605,0.36962735652923584,-0.031283605843782425,0.6315582990646362,0.4012935161590576,-0.02464907616376877,0.6297392249107361,0.43181270360946655,-0.015191630460321903,Stop
0.6164404153823853,0.5344948172569275,-3.2374765623899293e-07,0.5666234493255615,0.5064662098884583,-0.009494966827332973,0.5324292778968811,0.4616038203239441,-0.01728643663227558,0.5397658348083496,0.41310474276542664,-0.028044700622558594,0.5724667906761169,0.4055779278278351,-0.03736911341547966,0.5569109320640564,0.39933085441589355,0.004200171213597059,0.5489274859428406,0.3658868372440338,-0.01854192093014717,0.5567588806152344,0.4055524170398712,-0.03545517474412918,0.5621402859687805,0.43836262822151184,-0.043467357754707336,0.585791289806366,0.39444413781166077,-0.0008423800463788211,0.5779094099998474,0.3593292534351349,-0.02431139536201954,0.5849222540855408,0.4111870527267456,-0.033235643059015274,0.5884764790534973,0.45182153582572937,-0.032494403421878815,0.6150983572006226,0.3957558870315552,-0.009581674821674824,0.606490969657898,0.3604032099246979,-0.031617674976587296,0.6079543232917786,0.41363170742988586,-0.028438065201044083,0.6092725396156311,0.4569135904312134,-0.018349550664424896,0.645724892616272,0.4048013687133789,-0.019531145691871643,0.6363871097564697,0.3698008358478546,-0.03098246082663536,0.6315788626670837,0.4016449749469757,-0.024347692728042603,0.6296864748001099,0.4322669804096222,-0.014853756874799728,Stop
0.6140045523643494,0.5335302352905273,-3.309153839836654e-07,0.5661056637763977,0.505609393119812,-0.009821845218539238,0.5315729379653931,0.4627917408943176,-0.01815800927579403,0.5371653437614441,0.4138845205307007,-0.029266929253935814,0.5699505805969238,0.40277618169784546,-0.038873884826898575,0.5572118759155273,0.3958379030227661,0.003655743319541216,0.5490321516990662,0.3630383014678955,-0.018816404044628143,0.5558257102966309,0.40205127000808716,-0.03551137074828148,0.5616970658302307,0.43588945269584656,-0.043438080698251724,0.5864273905754089,0.39184850454330444,-0.0011792810400947928,0.5779905319213867,0.3564419150352478,-0.02451573684811592,0.5839611291885376,0.4084627628326416,-0.03343440592288971,0.588157594203949,0.45048972964286804,-0.0327235572040081,0.6160040497779846,0.3937872648239136,-0.009683444164693356,0.6068649291992188,0.35924088954925537,-0.03186161816120148,0.6072701215744019,0.41275855898857117,-0.028629794716835022,0.609058141708374,0.4568876624107361,-0.018495939671993256,0.6470285058021545,0.40390849113464355,-0.019409820437431335,0.6369223594665527,0.3688775300979614,-0.03158469870686531,0.6315032839775085,0.4009568393230438,-0.02535484917461872,0.6300215721130371,0.4322454035282135,-0.01600329577922821,Stop
0.616876482963562,0.5345088243484497,-3.283423382072215e-07,0.5675128698348999,0.5083054900169373,-0.010392717085778713,0.5319740176200867,0.46278488636016846,-0.018212515860795975,0.5388874411582947,0.4129028618335724,-0.02867155708372593,0.5725348591804504,0.40631964802742004,-0.037582021206617355,0.5562966465950012,0.39773795008659363,0.0036611738614737988,0.5477910041809082,0.36446070671081543,-0.01893804222345352,0.556504487991333,0.4045564830303192,-0.03600797802209854,0.562598705291748,0.4375758767127991,-0.044306445866823196,0.5858197808265686,0.3923797011375427,-0.0008044335409067571,0.5774240493774414,0.3578963875770569,-0.024174299091100693,0.5855403542518616,0.4101756811141968,-0.0333646759390831,0.5893833041191101,0.45110464096069336,-0.03285660967230797,0.6156183481216431,0.3935192823410034,-0.008981064893305302,0.6068128347396851,0.3587721288204193,-0.03125431388616562,0.6088141202926636,0.4131737947463989,-0.028231825679540634,0.6100480556488037,0.4571695327758789,-0.018247120082378387,0.6465938091278076,0.40304484963417053,-0.018444273620843887,0.6369461417198181,0.3700431287288666,-0.03067607991397381,0.6321411728858948,0.4033174514770508,-0.024517390877008438,0.6301559209823608,0.43455713987350464,-0.015244578011333942,Stop
0.6159569621086121,0.5350117683410645,-3.3418874068047444e-07,0.5671069025993347,0.5084085464477539,-0.009248686023056507,0.5319185256958008,0.46281567215919495,-0.016412436962127686,0.5382985472679138,0.4132481515407562,-0.026546578854322433,0.5710386633872986,0.40535789728164673,-0.0352497398853302,0.5567699670791626,0.39892783761024475,0.004777232650667429,0.5484424829483032,0.36435458064079285,-0.017655761912465096,0.5564389228820801,0.4041820466518402,-0.03452504798769951,0.56245356798172,0.4376789331436157,-0.04257586598396301,0.5857493877410889,0.3938492238521576,-0.00014596583787351847,0.5772830247879028,0.35795921087265015,-0.023623263463377953,0.5846155285835266,0.40997812151908875,-0.03289743512868881,0.5886502861976624,0.4512614607810974,-0.032287102192640305,0.6152147650718689,0.39466187357902527,-0.008686515502631664,0.6066359877586365,0.3584313988685608,-0.03096586838364601,0.6081578731536865,0.4129588305950165,-0.028007788583636284,0.6095845699310303,0.4573333263397217,-0.017953291535377502,0.645950973033905,0.40351465344429016,-0.018399596214294434,0.6366338133811951,0.3700888454914093,-0.030537748709321022,0.631676197052002,0.4040899872779846,-0.02432270161807537,0.6299394369125366,0.43593037128448486,-0.014950140379369259,Stop
0.6172398924827576,0.5364038348197937,-3.4312628827137814e-07,0.5678070187568665,0.5100390315055847,-0.010449274443089962,0.5328938364982605,0.4613759219646454,-0.018211249262094498,0.5409280061721802,0.41058430075645447,-0.028637925162911415,0.5742680430412292,0.40654510259628296,-0.03747151419520378,0.5586267113685608,0.3976263403892517,0.002985486062243581,0.5495005249977112,0.3630134165287018,-0.020364409312605858,0.5577588081359863,0.40431123971939087,-0.0376005582511425,0.5638387203216553,0.43797799944877625,-0.045837581157684326,0.587737500667572,0.39286887645721436,-0.001648549921810627,0.5789095759391785,0.35763776302337646,-0.02578943781554699,0.5856167674064636,0.41115373373031616,-0.03467655926942825,0.5890660285949707,0.45236268639564514,-0.03371892869472504,0.6170784831047058,0.39477938413619995,-0.010061253793537617,0.6078556180000305,0.3585750162601471,-0.03268299996852875,0.6088626384735107,0.4137052297592163,-0.029365412890911102,0.6097951531410217,0.45758333802223206,-0.019066186621785164,0.6478268504142761,0.4043915867805481,-0.019783582538366318,0.6380892395973206,0.37089282274246216,-0.03198102489113808,0.6324700713157654,0.4050891399383545,-0.02568184956908226,0.6300473809242249,0.4366006553173065,-0.01629563979804516,Stop
0.6179633736610413,0.5374431014060974,-3.352419639668369e-07,0.5680022835731506,0.5092951655387878,-0.010227818973362446,0.5329522490501404,0.4615841209888458,-0.01826959103345871,0.5406656265258789,0.4109196066856384,-0.029116911813616753,0.574118971824646,0.4073350131511688,-0.03853015601634979,0.5585974454879761,0.3988434076309204,0.003307320876047015,0.5494942665100098,0.364671528339386,-0.01986694522202015,0.5573998689651489,0.405353844165802,-0.03711638227105141,0.5630546808242798,0.4395911693572998,-0.04534207656979561,0.5874905586242676,0.39375245571136475,-0.001412640674971044,0.5785173177719116,0.357313334941864,-0.02486238069832325,0.5849825143814087,0.4096265137195587,-0.033744927495718,0.5885415077209473,0.4510912001132965,-0.033057939261198044,0.6166937947273254,0.395447701215744,-0.009905696846544743,0.6080228090286255,0.3584638833999634,-0.03207673504948616,0.6083729863166809,0.41279035806655884,-0.02913084253668785,0.6091198921203613,0.4571341872215271,-0.019248811528086662,0.6471971273422241,0.40543612837791443,-0.01969931088387966,0.6381689310073853,0.3696330785751343,-0.03157956525683403,0.6321566104888916,0.40321505069732666,-0.02541293017566204,0.6294808387756348,0.435779869556427,-0.016285821795463562,Stop
0.6163384914398193,0.535968542098999,-3.437432383179839e-07,0.5675038695335388,0.5080605745315552,-0.010119173675775528,0.5331859588623047,0.4619300961494446,-0.018360981717705727,0.5404115915298462,0.41242319345474243,-0.029503487050533295,0.5741134285926819,0.405881404876709,-0.039269883185625076,0.5586873888969421,0.3970329165458679,0.0034011583775281906,0.5508321523666382,0.36413148045539856,-0.019726427271962166,0.5581002235412598,0.40545013546943665,-0.03698296844959259,0.5633012056350708,0.43953636288642883,-0.045319683849811554,0.5876760482788086,0.3922978639602661,-0.0015192365972325206,0.5799193382263184,0.3577268421649933,-0.025293519720435143,0.5861297845840454,0.4109707176685333,-0.03421878069639206,0.5894083380699158,0.45290619134902954,-0.03350721299648285,0.6173149943351746,0.39417919516563416,-0.010176636278629303,0.6090310215950012,0.3582753539085388,-0.032760731875896454,0.6096532940864563,0.41335710883140564,-0.029531389474868774,0.6103987097740173,0.45825687050819397,-0.01937354914844036,0.6481448411941528,0.40434184670448303,-0.02009291760623455,0.6389166712760925,0.3702329993247986,-0.032483864575624466,0.632946789264679,0.4048776626586914,-0.0261275265365839,0.6301231384277344,0.43791040778160095,-0.01669127680361271,Stop
0.6165862679481506,0.5356639623641968,-3.328997308926773e-07,0.5674734115600586,0.5084775686264038,-0.010519172996282578,0.532701313495636,0.46211349964141846,-0.01872936822474003,0.5406656861305237,0.4121728837490082,-0.02965647727251053,0.5744175910949707,0.4067520201206207,-0.03927431255578995,0.5583562850952148,0.39783892035484314,0.0031359847635030746,0.5508638620376587,0.3651977479457855,-0.01980847679078579,0.5583357810974121,0.4052724242210388,-0.03727349638938904,0.5634363293647766,0.4394032657146454,-0.04585155472159386,0.5875619053840637,0.39272379875183105,-0.0014644329203292727,0.5800736546516418,0.35812434554100037,-0.024917365983128548,0.5866702795028687,0.4104047119617462,-0.03407902270555496,0.5898690819740295,0.4528794288635254,-0.03363874927163124,0.6172685027122498,0.39453163743019104,-0.009793182834982872,0.6093125343322754,0.3592020869255066,-0.032314807176589966,0.6101619005203247,0.4136486351490021,-0.029429003596305847,0.610743522644043,0.4588588774204254,-0.019530516117811203,0.6481902003288269,0.40480902791023254,-0.019402898848056793,0.639091968536377,0.3702213168144226,-0.03214447572827339,0.6334826946258545,0.4042634665966034,-0.02606193535029888,0.6307199001312256,0.43742623925209045,-0.016786586493253708,Stop
0.6154590249061584,0.5346971154212952,-3.2549726824981917e-07,0.5666325688362122,0.5072001218795776,-0.009762528352439404,0.5324397087097168,0.4614240527153015,-0.017596935853362083,0.5399799942970276,0.41285744309425354,-0.028407402336597443,0.5725221037864685,0.40284690260887146,-0.037894733250141144,0.5586219429969788,0.3968174457550049,0.0040933797135949135,0.5506031513214111,0.36302900314331055,-0.019256452098488808,0.5576239228248596,0.4030306935310364,-0.036746811121702194,0.563738226890564,0.43824639916419983,-0.04492619261145592,0.5879358053207397,0.39244937896728516,-0.0009880479192361236,0.5797287225723267,0.35694003105163574,-0.025399954989552498,0.5854523777961731,0.40939265489578247,-0.03491251915693283,0.5897648930549622,0.452455073595047,-0.034123264253139496,0.6176955103874207,0.39435985684394836,-0.009812738746404648,0.6088522672653198,0.3589424192905426,-0.032741252332925797,0.6091300845146179,0.413341760635376,-0.029929786920547485,0.6105619668960571,0.45828044414520264,-0.01970585621893406,0.6488409042358398,0.4041275382041931,-0.019846901297569275,0.6391322016716003,0.3701498210430145,-0.032176773995161057,0.6335816979408264,0.4028613567352295,-0.0258405152708292,0.6317811608314514,0.43408262729644775,-0.016238195821642876,Stop
