0.7992953062057495,0.6431933045387268,-2.3972361873347836e-07,0.7730301022529602,0.5570955276489258,-0.002577652223408222,0.7301957011222839,0.48533087968826294,-0.011083210818469524,0.6918724179267883,0.4279932677745819,-0.021772827953100204,0.6765314936637878,0.3717910051345825,-0.033421389758586884,0.6204520463943481,0.5079946517944336,0.0026853743474930525,0.6150788068771362,0.5568747520446777,-0.006276294123381376,0.6441192626953125,0.580717921257019,-0.021394407376646996,0.6712154150009155,0.5806422233581543,-0.0322730727493763,0.6045223474502563,0.5648529529571533,-0.002518827561289072,0.6119109988212585,0.616610586643219,-0.002140058670192957,0.6423215270042419,0.6315929889678955,-0.010074097663164139,0.6695606708526611,0.6220771670341492,-0.017731599509716034,0.604507565498352,0.6275678873062134,-0.0075393859297037125,0.6173921227455139,0.6655895113945007,-0.008545401506125927,0.6449563503265381,0.6738251447677612,-0.00950914341956377,0.6707725524902344,0.6612326502799988,-0.011690781451761723,0.6110974550247192,0.6877022385597229,-0.013530026189982891,0.6231061816215515,0.7195402383804321,-0.01598641462624073,0.6519253849983215,0.719733715057373,-0.011374423280358315,0.6741344332695007,0.7067122459411621,-0.0052777668461203575,Yes
0.7948499917984009,0.632155179977417,-2.3911363200568303e-07,0.7693542242050171,0.5445945858955383,-0.0030535717960447073,0.7281168103218079,0.4739935100078583,-0.011632808484137058,0.6903502345085144,0.41794562339782715,-0.022117894142866135,0.6736400127410889,0.3631551265716553,-0.03345055133104324,0.6201916337013245,0.4975789487361908,0.0005104154115542769,0.6138333082199097,0.5484736561775208,-0.007980397902429104,0.6424403786659241,0.5722772479057312,-0.0216642115265131,0.6699239015579224,0.5712974071502686,-0.03151370584964752,0.6040668487548828,0.5544009804725647,-0.004273443948477507,0.6108949780464172,0.607585608959198,-0.00334482965990901,0.6412521600723267,0.6219563484191895,-0.009724202565848827,0.6681845188140869,0.6115033030509949,-0.016543446108698845,0.6043846011161804,0.617594838142395,-0.0088368970900774,0.6166326403617859,0.6572048664093018,-0.009461771696805954,0.6446797251701355,0.6648633480072021,-0.00937243364751339,0.6703221797943115,0.6512842774391174,-0.011128575541079044,0.6112942695617676,0.6780156493186951,-0.014376893639564514,0.6238497495651245,0.7111195921897888,-0.017277557402849197,0.6534842252731323,0.7104836702346802,-0.012562992982566357,0.6757659316062927,0.6965711712837219,-0.00642021931707859,Yes
0.7957836389541626,0.632728099822998,-2.5634457756495976e-07,0.769761323928833,0.5455020070075989,-0.005189026240259409,0.7268850803375244,0.4756949543952942,-0.014982569962739944,0.6877661943435669,0.4185507595539093,-0.026268446817994118,0.6710096001625061,0.36240461468696594,-0.03798208385705948,0.6186160445213318,0.49696505069732666,-0.00157059112098068,0.6134223937988281,0.5482039451599121,-0.012557168491184711,0.6432024240493774,0.570452094078064,-0.028767982497811317,0.6708023548126221,0.5691614747047424,-0.04042248800396919,0.6023311614990234,0.5534897446632385,-0.005920093040913343,0.6091141104698181,0.60862797498703,-0.00740468455478549,0.639511227607727,0.6214475631713867,-0.014990177936851978,0.6666299104690552,0.6107268929481506,-0.022485313937067986,0.6017755270004272,0.616227924823761,-0.010428854264318943,0.6140327453613281,0.6577134728431702,-0.012861788272857666,0.6414292454719543,0.6637533903121948,-0.012991627678275108,0.6662084460258484,0.6501417756080627,-0.014718430116772652,0.6081030368804932,0.6757204532623291,-0.0162044670432806,0.620779275894165,0.7105026245117188,-0.020397694781422615,0.649392306804657,0.7100182771682739,-0.016293345019221306,0.6701090335845947,0.6967630386352539,-0.010540285147726536,Yes
0.7953445911407471,0.6351100206375122,-2.6710489464676357e-07,0.7688254117965698,0.5490076541900635,-0.004221637733280659,0.726337194442749,0.4787115454673767,-0.013880339451134205,0.6868458986282349,0.42254695296287537,-0.025100013241171837,0.6685469746589661,0.36730721592903137,-0.03681935369968414,0.6174226403236389,0.4999918043613434,-0.00169078609906137,0.6106911301612854,0.5562140345573425,-0.012019813060760498,0.6408746242523193,0.5787205696105957,-0.02716197445988655,0.6688443422317505,0.5763121843338013,-0.03788698464632034,0.6007376909255981,0.5551926493644714,-0.006543009541928768,0.6085972785949707,0.6141152381896973,-0.0071878558956086636,0.6398377418518066,0.6271445155143738,-0.014361499808728695,0.6669908761978149,0.6159400343894958,-0.021589146926999092,0.6005589365959167,0.6174973845481873,-0.011307927779853344,0.6146538257598877,0.6619650721549988,-0.012962739914655685,0.6427107453346252,0.6680607795715332,-0.013089721091091633,0.6673821210861206,0.653636634349823,-0.014986305497586727,0.6069376468658447,0.6772109270095825,-0.017231684178113937,0.6202803254127502,0.7131679058074951,-0.021199095994234085,0.6496507525444031,0.7125474214553833,-0.017055541276931763,0.6705108284950256,0.699169933795929,-0.011241885833442211,Yes
0.7925907373428345,0.6182725429534912,-2.40132351336797e-07,0.7654514908790588,0.5330663323402405,-0.0023644953034818172,0.7228855490684509,0.46534955501556396,-0.01104801893234253,0.683841347694397,0.40922701358795166,-0.021779630333185196,0.6688287854194641,0.3524287939071655,-0.03309168666601181,0.6162697076797485,0.4847980737686157,0.0015279094222933054,0.6060352921485901,0.5346662402153015,-0.008264157921075821,0.6339943408966064,0.558736264705658,-0.023020857945084572,0.6618654727935791,0.5586680173873901,-0.03319467604160309,0.6002904772758484,0.5400842428207397,-0.003564422018826008,0.6075541973114014,0.5947635173797607,-0.0038743887562304735,0.6382840275764465,0.6082056164741516,-0.010766688734292984,0.6651860475540161,0.597359299659729,-0.017470626160502434,0.6002175807952881,0.602705717086792,-0.008631032891571522,0.6149338483810425,0.6427878141403198,-0.009728937409818172,0.6423101425170898,0.6494858264923096,-0.010240720584988594,0.6671798229217529,0.6356686949729919,-0.012108991853892803,0.6063980460166931,0.6631047129631042,-0.01468982920050621,0.6196584701538086,0.6957845687866211,-0.017541885375976562,0.6480028033256531,0.6954432725906372,-0.013571943156421185,0.6682326793670654,0.6820988059043884,-0.007900846190750599,Yes
0.7950771450996399,0.612163245677948,-2.605815154765878e-07,0.7663097977638245,0.5260828733444214,-0.0022753651719540358,0.7233522534370422,0.4558849036693573,-0.010051327757537365,0.6848035454750061,0.4002615511417389,-0.019841620698571205,0.6690269112586975,0.3465035557746887,-0.03011140413582325,0.6186866760253906,0.4771096110343933,0.0018572543049231172,0.608174741268158,0.5304809212684631,-0.00773489149287343,0.6364898681640625,0.5525447726249695,-0.022626729682087898,0.6646270155906677,0.5515215396881104,-0.03301822766661644,0.6032293438911438,0.5312830209732056,-0.003507879562675953,0.6059038043022156,0.5885464549064636,-0.004645586479455233,0.6362031698226929,0.6003058552742004,-0.011726783588528633,0.6635066270828247,0.5893757939338684,-0.018404603004455566,0.6034577488899231,0.5921099781990051,-0.008878874592483044,0.6132941842079163,0.6366593837738037,-0.010407485067844391,0.6403822898864746,0.6414193511009216,-0.010415878146886826,0.6645681858062744,0.6270167231559753,-0.011940447613596916,0.6100378036499023,0.6507075428962708,-0.015287458896636963,0.6194317936897278,0.6880970001220703,-0.01856897585093975,0.6475823521614075,0.6866312026977539,-0.014369240030646324,0.6671196818351746,0.672167181968689,-0.008702453225851059,Yes
0.7931646704673767,0.5901580452919006,-2.3294367679227435e-07,0.7636558413505554,0.5064935684204102,-0.0009313795017078519,0.7215748429298401,0.44120490550994873,-0.008414068259298801,0.6829875707626343,0.3869691491127014,-0.01817081868648529,0.6707743406295776,0.3316471576690674,-0.02851196378469467,0.6155792474746704,0.46529844403266907,0.002796853892505169,0.6106611490249634,0.511949360370636,-0.006598125211894512,0.6393201947212219,0.5326729416847229,-0.021755468100309372,0.6659752130508423,0.5319163799285889,-0.03220856934785843,0.6002426147460938,0.5213217735290527,-0.002538322238251567,0.6106359362602234,0.5708608627319336,-0.0018879269482567906,0.6403542160987854,0.5841395258903503,-0.008583351969718933,0.6668429970741272,0.5748769044876099,-0.015348006039857864,0.6006247997283936,0.5836845636367798,-0.007737674750387669,0.6173642873764038,0.6190347075462341,-0.008622621186077595,0.643200695514679,0.6266546249389648,-0.00921496283262968,0.6678717136383057,0.6158901453018188,-0.010963830165565014,0.6076061725616455,0.6436503529548645,-0.013792132027447224,0.6200999021530151,0.6739493608474731,-0.015862584114074707,0.6467192769050598,0.6736904978752136,-0.011350871063768864,0.6671868562698364,0.661567211151123,-0.0053609078750014305,Yes
0.7954387068748474,0.575778603553772,-2.2396118026790646e-07,0.7708398699760437,0.48650088906288147,-0.0006116486620157957,0.7331833839416504,0.4147599935531616,-0.007910474203526974,0.6976811289787292,0.35905763506889343,-0.0172975342720747,0.6848276257514954,0.3040587604045868,-0.02724171243607998,0.6266589760780334,0.4401865303516388,-7.44808858144097e-05,0.621906042098999,0.4735449254512787,-0.006375530268996954,0.6475954651832581,0.49569806456565857,-0.01787799410521984,0.67284095287323,0.501268744468689,-0.026111604645848274,0.6090035438537598,0.4991591274738312,-0.0050123645924031734,0.6171482801437378,0.5302025675773621,-0.0018844492733478546,0.6445907950401306,0.54334557056427,-0.007272785063832998,0.6706291437149048,0.5403651595115662,-0.013766313903033733,0.6077873706817627,0.5617105960845947,-0.009151256643235683,0.6220291256904602,0.5793688297271729,-0.00653905188664794,0.646455705165863,0.5877529382705688,-0.005649957340210676,0.6718982458114624,0.5838885307312012,-0.007226179353892803,0.613867998123169,0.6210812926292419,-0.014103122986853123,0.6256847977638245,0.6337803602218628,-0.012050562538206577,0.6500590443611145,0.6339995861053467,-0.006011882331222296,0.6700339317321777,0.6281204223632812,0.00012466427870094776,Yes
0.7871397137641907,0.5722445249557495,-2.1108631642619002e-07,0.7633112668991089,0.48298048973083496,-0.0019653975032269955,0.7257986664772034,0.4107988476753235,-0.010260071605443954,0.6904711723327637,0.354348748922348,-0.020267631858587265,0.6769854426383972,0.30029916763305664,-0.030881760641932487,0.6166256666183472,0.44109028577804565,-0.0037905420176684856,0.615123987197876,0.47601118683815,-0.010894428007304668,0.6426869630813599,0.49778100848197937,-0.023302152752876282,0.6684914231300354,0.5025936961174011,-0.032285284250974655,0.6002071499824524,0.5007467865943909,-0.008412259630858898,0.6131788492202759,0.5337545871734619,-0.0050454940646886826,0.6408423781394958,0.5454493165016174,-0.010748499073088169,0.6657123565673828,0.5405949950218201,-0.01825534552335739,0.6002396941184998,0.5632399320602417,-0.012199978344142437,0.6194989681243896,0.582332193851471,-0.009662702679634094,0.6433609127998352,0.5882377028465271,-0.009592789225280285,0.6669961214065552,0.582390546798706,-0.012316074222326279,0.6069013476371765,0.6217997074127197,-0.016901040449738503,0.6196601986885071,0.6343652606010437,-0.015501837246119976,0.6438767910003662,0.633754551410675,-0.009886370971798897,0.6629839539527893,0.6275079250335693,-0.004322730004787445,Yes
0.7926762104034424,0.5802316665649414,-2.2029158230907342e-07,0.7689226865768433,0.4919304847717285,-0.0007423789356835186,0.730381965637207,0.4216664731502533,-0.008670087903738022,0.6954797506332397,0.36528074741363525,-0.01808064989745617,0.6824266910552979,0.3117446303367615,-0.02836938202381134,0.6180872917175293,0.44653165340423584,-0.007034992799162865,0.6154034733772278,0.48919323086738586,-0.013369598425924778,0.6446306109428406,0.5106327533721924,-0.024602923542261124,0.670778214931488,0.5130948424339294,-0.032866887748241425,0.6030610799789429,0.5082865357398987,-0.01169818639755249,0.6147757768630981,0.5454767346382141,-0.007602790370583534,0.6435682773590088,0.5578178763389587,-0.011650992557406425,0.6699721217155457,0.5530956387519836,-0.017982076853513718,0.60487300157547,0.5729717016220093,-0.014924712479114532,0.6216923594474792,0.594588577747345,-0.011063073761761189,0.6463078856468201,0.6007853746414185,-0.009568652138113976,0.6718965768814087,0.595414936542511,-0.01154294889420271,0.6140548586845398,0.633500337600708,-0.018907791003584862,0.6286206245422363,0.648971438407898,-0.01679217629134655,0.6539550423622131,0.6472253799438477,-0.010705238208174706,0.6745947599411011,0.6402789354324341,-0.004635019693523645,Yes
0.7938050627708435,0.5772427916526794,-2.2433361834828247e-07,0.7688047885894775,0.48850128054618835,-0.0012012439547106624,0.7305373549461365,0.41789835691452026,-0.009873372502624989,0.6959187984466553,0.36271950602531433,-0.020220549777150154,0.6826921701431274,0.3087644577026367,-0.0315806120634079,0.6192219257354736,0.4456234276294708,-0.0067300498485565186,0.6167119741439819,0.49144789576530457,-0.014569412916898727,0.6463375091552734,0.5129266977310181,-0.027333753183484077,0.6736983060836792,0.5154565572738647,-0.03649607300758362,0.6040533781051636,0.5078269243240356,-0.011684229597449303,0.614352822303772,0.5462504625320435,-0.009240561164915562,0.6434902548789978,0.5586900115013123,-0.014703456312417984,0.6710477471351624,0.554236650466919,-0.021670430898666382,0.60579514503479,0.572049081325531,-0.01536041684448719,0.621000349521637,0.5947160720825195,-0.012784463353455067,0.6459044218063354,0.6011616587638855,-0.012006648816168308,0.672141969203949,0.5956821441650391,-0.014116143807768822,0.6149625182151794,0.6313793063163757,-0.019845200702548027,0.627875566482544,0.6485793590545654,-0.01897622086107731,0.6534097790718079,0.6469411849975586,-0.013439686968922615,0.6744070053100586,0.6394282579421997,-0.00748608261346817,Yes
0.7989209890365601,0.565877377986908,-1.7785721695418033e-07,0.7746022939682007,0.4778195023536682,-0.0027779738884419203,0.736029326915741,0.4070362448692322,-0.01235057134181261,0.700252115726471,0.3497563302516937,-0.02326318621635437,0.6882738471031189,0.2929801642894745,-0.0349469929933548,0.622921347618103,0.43621233105659485,-0.006822968367487192,0.6201464533805847,0.4788287281990051,-0.014607162214815617,0.648965060710907,0.4990243911743164,-0.027417371049523354,0.675431489944458,0.5008285641670227,-0.0366734080016613,0.6084159016609192,0.4990030527114868,-0.011346513405442238,0.6177711486816406,0.5334131121635437,-0.009167070500552654,0.6467128396034241,0.5440297722816467,-0.01452912949025631,0.6739043593406677,0.5392929315567017,-0.02131398767232895,0.610576868057251,0.5639439821243286,-0.014806010760366917,0.6244096159934998,0.5826815366744995,-0.012433522380888462,0.6498009562492371,0.5885074734687805,-0.011039919219911098,0.6759712100028992,0.5828197598457336,-0.012626920826733112,0.619865894317627,0.6241705417633057,-0.019245393574237823,0.6311235427856445,0.6385457515716553,-0.017770975828170776,0.6566411256790161,0.6358848810195923,-0.011499669402837753,0.6768693923950195,0.6277010440826416,-0.00515153631567955,Yes
0.8010791540145874,0.5548422932624817,-2.2127012755390751e-07,0.7760769128799438,0.46681147813796997,-0.0022775253746658564,0.7383245825767517,0.39644086360931396,-0.0111333467066288,0.702062726020813,0.3428562581539154,-0.021463118493556976,0.6889036297798157,0.28855210542678833,-0.03239894285798073,0.6280639171600342,0.42578789591789246,-0.007608216721564531,0.6273923516273499,0.46202099323272705,-0.01494994293898344,0.6554389595985413,0.48240482807159424,-0.026314405724406242,0.6815959811210632,0.486488401889801,-0.034676387906074524,0.6115429997444153,0.4886896312236786,-0.012554437853395939,0.6211264133453369,0.5215778946876526,-0.010394313372671604,0.6499323844909668,0.5336390137672424,-0.014483830891549587,0.6762434244155884,0.5298742055892944,-0.02042561024427414,0.613012433052063,0.5534434914588928,-0.016384795308113098,0.6266851425170898,0.5740074515342712,-0.014272197149693966,0.6523829698562622,0.580560564994812,-0.012000085785984993,0.6776290535926819,0.5747709274291992,-0.013243528082966805,0.6226807832717896,0.6136183142662048,-0.021095482632517815,0.6342267990112305,0.6326063871383667,-0.020147128030657768,0.6592074036598206,0.6299426555633545,-0.01359714288264513,0.6788164377212524,0.6211652159690857,-0.00728305010125041,Yes
0.8020936250686646,0.5523448586463928,-2.1645945480486262e-07,0.7769304513931274,0.4625992476940155,-0.0006010931101627648,0.7394198775291443,0.3910638093948364,-0.008398923091590405,0.7028186917304993,0.3360370397567749,-0.01815691590309143,0.6881566047668457,0.28203392028808594,-0.028770960867404938,0.6277139186859131,0.4205611050128937,-0.002304179361090064,0.6235452890396118,0.4633871912956238,-0.007968964986503124,0.6520320177078247,0.4830669164657593,-0.019543375819921494,0.6784388422966003,0.48371875286102295,-0.028375066816806793,0.6118544936180115,0.4815542995929718,-0.007903031073510647,0.6159056425094604,0.5203168988227844,-0.004157945513725281,0.6440988183021545,0.5312656164169312,-0.008829816244542599,0.6712363958358765,0.5250707268714905,-0.015214581973850727,0.6137914657592773,0.5453410744667053,-0.01237932126969099,0.6228797435760498,0.572015106678009,-0.0086483433842659,0.648868203163147,0.5779218077659607,-0.006658816710114479,0.6744623780250549,0.5698955655097961,-0.008247129619121552,0.6232741475105286,0.6045998334884644,-0.01770356483757496,0.6324228644371033,0.6268101930618286,-0.015360848046839237,0.6582241654396057,0.6245036721229553,-0.008330794051289558,0.6785767078399658,0.6146108508110046,-0.0018168098758906126,Yes
0.804122805595398,0.5336582660675049,-1.9841417042698595e-07,0.7764158248901367,0.4441927373409271,-0.0016531398287042975,0.7410413026809692,0.3748621344566345,-0.011085215955972672,0.7039813995361328,0.32227182388305664,-0.02195282280445099,0.6895380616188049,0.2661171555519104,-0.03320441395044327,0.6284130215644836,0.4027956426143646,-0.005012978799641132,0.6172654628753662,0.44455525279045105,-0.010717593133449554,0.6457871794700623,0.464689701795578,-0.02136835642158985,0.6735888123512268,0.4648825526237488,-0.02945711463689804,0.6125529408454895,0.46555501222610474,-0.00995470117777586,0.6132774353027344,0.5038396120071411,-0.006549834739416838,0.6424022912979126,0.5150471925735474,-0.010650702752172947,0.67048579454422,0.508665919303894,-0.01638590730726719,0.6150739789009094,0.5307271480560303,-0.013685942627489567,0.6239680051803589,0.5571496486663818,-0.010017192922532558,0.6498669385910034,0.5628589987754822,-0.00788115244358778,0.6757115125656128,0.5540430545806885,-0.009314695373177528,0.625343382358551,0.5908105969429016,-0.018237777054309845,0.6340380311012268,0.6140632629394531,-0.01647861860692501,0.6602928638458252,0.6116910576820374,-0.009923032484948635,0.6809625029563904,0.600497841835022,-0.0034535923041403294,Yes
0.8016983270645142,0.5282620787620544,-2.195350390366002e-07,0.7749197483062744,0.4404229521751404,-0.0015126800863072276,0.7384811043739319,0.37183818221092224,-0.010571724735200405,0.7012495398521423,0.31994566321372986,-0.02117314375936985,0.6875742673873901,0.2642940282821655,-0.03228991851210594,0.624762773513794,0.40059608221054077,-0.0041034165769815445,0.6157369613647461,0.44563859701156616,-0.010426162742078304,0.6444233655929565,0.4673354923725128,-0.0218681488186121,0.6727499961853027,0.46767112612724304,-0.030415046960115433,0.6090922355651855,0.4617418944835663,-0.009127069264650345,0.612897515296936,0.5038332939147949,-0.005975749809294939,0.6423695683479309,0.5161676406860352,-0.010574394837021828,0.6704910397529602,0.5090669989585876,-0.016663433983922005,0.6117756366729736,0.5259379744529724,-0.013034353032708168,0.6235637664794922,0.5545433759689331,-0.010377676226198673,0.6498258113861084,0.5606852769851685,-0.009011831134557724,0.6757535934448242,0.55136638879776,-0.010642564855515957,0.6219324469566345,0.5860106945037842,-0.01773582585155964,0.6321792602539062,0.6096833944320679,-0.017137184739112854,0.6587774157524109,0.6076583862304688,-0.011268104426562786,0.67966228723526,0.59657222032547,-0.00504650454968214,Yes
0.797412633895874,0.5291181802749634,-2.1508409986381594e-07,0.7698994278907776,0.44014695286750793,0.00021168908278923482,0.73342365026474,0.3730141818523407,-0.00818575918674469,0.6964536905288696,0.3215327858924866,-0.01854930818080902,0.6842003464698792,0.2644895911216736,-0.029518229886889458,0.621220052242279,0.4001479148864746,-0.002105016727000475,0.6116117238998413,0.4442262649536133,-0.007143670227378607,0.6401093006134033,0.46526071429252625,-0.01757732406258583,0.6685647368431091,0.4648244082927704,-0.025627553462982178,0.6056866645812988,0.4613339304924011,-0.007966856472194195,0.6083398461341858,0.5029679536819458,-0.003785258624702692,0.6378039717674255,0.5146771669387817,-0.007780042942613363,0.6658846139907837,0.5074641108512878,-0.013555056415498257,0.6087294220924377,0.5256540179252625,-0.012541642412543297,0.6189594268798828,0.5548714399337769,-0.00869023147970438,0.6452389359474182,0.5605001449584961,-0.006994712166488171,0.6710453033447266,0.5509753227233887,-0.008696367964148521,0.6195964813232422,0.5858555436134338,-0.017772581428289413,0.62867271900177,0.6116896271705627,-0.016164030879735947,0.6552809476852417,0.6086351275444031,-0.00978867057710886,0.6764634251594543,0.5966489911079407,-0.003410177305340767,Yes
0.8014976978302002,0.5376691222190857,-2.2444987735070754e-07,0.7720878720283508,0.4484589993953705,-0.0004850901896134019,0.7343289852142334,0.3798083961009979,-0.00926909688860178,0.6969447731971741,0.3284562826156616,-0.020043781027197838,0.6837170124053955,0.2725241184234619,-0.03149323910474777,0.620393693447113,0.407340407371521,-0.002077123150229454,0.6083862781524658,0.45797914266586304,-0.008461590856313705,0.6371625065803528,0.4794805943965912,-0.020280394703149796,0.665527880191803,0.47800931334495544,-0.028992144390940666,0.6054860949516296,0.46825671195983887,-0.007798913866281509,0.6063594818115234,0.515958845615387,-0.0053287348710000515,0.6358921527862549,0.5275051593780518,-0.010645889677107334,0.6643751859664917,0.5190646052360535,-0.016883371397852898,0.6085485816001892,0.5326801538467407,-0.012394621968269348,0.6173181533813477,0.5670092701911926,-0.009853341616690159,0.6438775658607483,0.5723050236701965,-0.008908520452678204,0.6701383590698242,0.5618096590042114,-0.010630590841174126,0.6193121671676636,0.5929778814315796,-0.01775417849421501,0.6267736554145813,0.6216592788696289,-0.017125464975833893,0.6537970900535583,0.61913001537323,-0.011201745830476284,0.6755253076553345,0.6067628264427185,-0.004775387234985828,Yes
0.8029785752296448,0.5761376023292542,-2.0858254856648273e-07,0.7783459424972534,0.488084614276886,-9.329231397714466e-05,0.7387328147888184,0.41977691650390625,-0.007288605440407991,0.7017583847045898,0.36591053009033203,-0.016512256115674973,0.6891288161277771,0.31126853823661804,-0.026228487491607666,0.6281338930130005,0.4463002681732178,-0.0010721280705183744,0.6222538352012634,0.47918501496315,-0.006183983758091927,0.6499829292297363,0.5013217329978943,-0.01694471947848797,0.6768078207969666,0.5053233504295349,-0.025043487548828125,0.611867368221283,0.5086425542831421,-0.0058881975710392,0.6218938231468201,0.542136013507843,-0.0007470219861716032,0.6511033773422241,0.5535334944725037,-0.004701507743448019,0.6769753098487854,0.5472823977470398,-0.010759065859019756,0.6133121848106384,0.5740170478820801,-0.009681705385446548,0.629393458366394,0.5931440591812134,-0.005169942043721676,0.6544480323791504,0.5979793071746826,-0.0036113120149821043,0.6794735193252563,0.590610146522522,-0.005484485998749733,0.6224321126937866,0.6353663206100464,-0.014238240197300911,0.6373228430747986,0.6498902440071106,-0.011471684090793133,0.6622554063796997,0.6468432545661926,-0.00518519664183259,0.6820430159568787,0.638202965259552,0.000977947493083775,Yes
0.8031951189041138,0.6075758337974548,-1.9091994829523173e-07,0.7769060134887695,0.516684353351593,-0.0010276936227455735,0.7352814674377441,0.4443856477737427,-0.009250744245946407,0.6977038979530334,0.38613462448120117,-0.019213562831282616,0.6860653758049011,0.3295210599899292,-0.029764389619231224,0.6250537037849426,0.47421619296073914,-0.004589412827044725,0.6107815504074097,0.5085225701332092,-0.010574404150247574,0.6392993330955505,0.5318612456321716,-0.021591829136013985,0.6682289838790894,0.5368120670318604,-0.02948489971458912,0.6100327968597412,0.5386110544204712,-0.008878032676875591,0.6170658469200134,0.5711334347724915,-0.004141824785619974,0.6466414332389832,0.5817793011665344,-0.008313436061143875,0.673815906047821,0.5754872560501099,-0.014491302892565727,0.6126706600189209,0.6051644086837769,-0.012017805129289627,0.6284772753715515,0.622067928314209,-0.006952108349651098,0.6536739468574524,0.627022922039032,-0.005740747787058353,0.6801742911338806,0.6199597120285034,-0.007931138388812542,0.6218105554580688,0.6665050983428955,-0.016041506081819534,0.6367188692092896,0.6777529120445251,-0.012363485060632229,0.6627261638641357,0.6754856109619141,-0.006329769734293222,0.6838266253471375,0.6670045852661133,-0.00039992533857002854,Yes
0.8039665222167969,0.6094744801521301,-1.824870849986837e-07,0.775883138179779,0.5210798978805542,6.267504795687273e-05,0.733050525188446,0.4502915143966675,-0.006928706541657448,0.6942091584205627,0.39276546239852905,-0.01593993790447712,0.6834062933921814,0.3342757225036621,-0.025607768446207047,0.6223554611206055,0.48214367032051086,0.0008878668886609375,0.6128966808319092,0.5116985440254211,-0.003622259944677353,0.6414476633071899,0.5338802337646484,-0.014509848318994045,0.6695225238800049,0.5396264791488647,-0.02249039337038994,0.6075498461723328,0.5450869202613831,-0.0035819141194224358,0.6178262233734131,0.5745041966438293,0.0026443349197506905,0.6472111344337463,0.5855697393417358,-0.001926810946315527,0.6741470694541931,0.5797528624534607,-0.00849732756614685,0.6103622317314148,0.6099506616592407,-0.007088123820722103,0.6283559799194336,0.6252847909927368,-0.0014576972462236881,0.6538732647895813,0.6302536725997925,-0.0010411622934043407,0.6806557774543762,0.6230179071426392,-0.003742933040484786,0.620232880115509,0.6692688465118408,-0.01143389381468296,0.6357360482215881,0.6804429292678833,-0.007262582890689373,0.661673903465271,0.6784981489181519,-0.0013997475616633892,0.6829151511192322,0.6699926853179932,0.004285119939595461,Yes
0.8054208755493164,0.6103274822235107,-2.0239090758877865e-07,0.7780284881591797,0.5234384536743164,-0.0005187189672142267,0.7354496717453003,0.45363226532936096,-0.00757655780762434,0.6968716382980347,0.3986361622810364,-0.01686009019613266,0.6863646507263184,0.3402523100376129,-0.026977822184562683,0.6255757808685303,0.4827989339828491,0.0010398883605375886,0.6127216219902039,0.5205761194229126,-0.005179351195693016,0.6394938826560974,0.5450179576873779,-0.01690218225121498,0.667273759841919,0.547320544719696,-0.02539108693599701,0.6099836826324463,0.5442036390304565,-0.00380478473380208,0.6175677180290222,0.5842705965042114,0.00021722749806940556,0.6468555927276611,0.5968857407569885,-0.004400596488267183,0.6732892394065857,0.587422788143158,-0.010436647571623325,0.612280547618866,0.6088983416557312,-0.008032815530896187,0.6289218664169312,0.6357099413871765,-0.0052918982692062855,0.6548758745193481,0.6417005658149719,-0.005090663209557533,0.6808216571807861,0.6302099227905273,-0.007204563822597265,0.6214367747306824,0.6690167188644409,-0.013105109333992004,0.6366916298866272,0.6904574632644653,-0.01220665592700243,0.6638834476470947,0.690009593963623,-0.007166290655732155,0.6855573654174805,0.6791132688522339,-0.0013452754355967045,Yes
0.8009216785430908,0.6173437237739563,-2.2050942050100275e-07,0.7742259502410889,0.5292124152183533,-0.002831938909366727,0.7319562435150146,0.4597305357456207,-0.011617560870945454,0.6938638687133789,0.40377694368362427,-0.022167855873703957,0.6817543506622314,0.34669432044029236,-0.03341483697295189,0.6194033026695251,0.49183565378189087,-0.004032442346215248,0.6126273274421692,0.526960015296936,-0.01254773698747158,0.6437059640884399,0.5506638884544373,-0.026121020317077637,0.674237072467804,0.5560354590415955,-0.035675935447216034,0.6051464080810547,0.5562487244606018,-0.008416907861828804,0.6174935102462769,0.5897098183631897,-0.006250682752579451,0.6478771567344666,0.6011477112770081,-0.012488179840147495,0.6756771206855774,0.5949123501777649,-0.0197718758136034,0.6087785363197327,0.6215177774429321,-0.012117866426706314,0.6273216009140015,0.6408700942993164,-0.0104825459420681,0.6538835763931274,0.6458922028541565,-0.010407797060906887,0.6809712052345276,0.637671709060669,-0.012660976499319077,0.6195454597473145,0.6810721755027771,-0.016847660765051842,0.6363168358802795,0.6972808837890625,-0.01687885820865631,0.6638302206993103,0.6955313682556152,-0.01180896908044815,0.6858454346656799,0.6858386397361755,-0.005856289993971586,Yes
0.8054572343826294,0.620098888874054,-2.6225120564049575e-07,0.7784803509712219,0.5341867208480835,0.0006170675624161959,0.7336664795875549,0.46424806118011475,-0.006270606070756912,0.6938936710357666,0.4085974097251892,-0.015334200114011765,0.6805399656295776,0.35144999623298645,-0.025445908308029175,0.6227933168411255,0.49191445112228394,0.0010281553259119391,0.6203612089157104,0.5329328775405884,-0.006142543163150549,0.6492080092430115,0.5568867921829224,-0.019964970648288727,0.6761778593063354,0.5594741702079773,-0.029859105125069618,0.6078698039054871,0.5526251196861267,-0.004425107501447201,0.6214749813079834,0.5935419201850891,-0.0001882214128272608,0.6507938504219055,0.6057392954826355,-0.006152790039777756,0.676750659942627,0.5973992943763733,-0.013529707677662373,0.6097477674484253,0.6166777610778809,-0.009025031700730324,0.6308944225311279,0.6430749297142029,-0.005729794967919588,0.6577067375183105,0.6480046510696411,-0.006074769888073206,0.6835829615592957,0.6372828483581543,-0.008956287056207657,0.6181812286376953,0.676938533782959,-0.014432325959205627,0.6363170146942139,0.6965402960777283,-0.012789333239197731,0.6640951633453369,0.6950488090515137,-0.0074160099029541016,0.6855319738388062,0.6850566267967224,-0.0016975438920781016,Yes
0.8041062355041504,0.6202252507209778,-2.498919400295563e-07,0.7774479985237122,0.5339568257331848,-0.0025832639075815678,0.7329563498497009,0.4645078182220459,-0.010655527003109455,0.6934595108032227,0.407642126083374,-0.020530370995402336,0.6790257096290588,0.35029834508895874,-0.03112918883562088,0.6213628649711609,0.49278223514556885,-0.0019683372229337692,0.6151564717292786,0.5333722233772278,-0.011108421720564365,0.6448243856430054,0.5571135878562927,-0.025613950565457344,0.6737195253372192,0.559445321559906,-0.0357719250023365,0.6058825850486755,0.5544470548629761,-0.006468348670750856,0.6199544668197632,0.5970044136047363,-0.004401443060487509,0.6502432823181152,0.6086382865905762,-0.01070011593401432,0.6765255928039551,0.5989260077476501,-0.01799231953918934,0.6079766154289246,0.6197299957275391,-0.010586983524262905,0.6298094987869263,0.6469748616218567,-0.009631915017962456,0.6564425826072693,0.6516057252883911,-0.009910679422318935,0.6819546818733215,0.6402167081832886,-0.012319517321884632,0.616902768611908,0.6810331344604492,-0.015792176127433777,0.6355847716331482,0.7041240930557251,-0.016773218289017677,0.6632388830184937,0.7018493413925171,-0.012127644382417202,0.6843553781509399,0.6904801726341248,-0.0063269720412790775,Yes
0.8036490678787231,0.6480357050895691,-2.2928811915789993e-07,0.7755625247955322,0.5531556010246277,0.007577776443213224,0.7347119450569153,0.47715240716934204,0.00293397787027061,0.698478102684021,0.4134375751018524,-0.004828979726880789,0.6887471675872803,0.3545784056186676,-0.01374035980552435,0.638967752456665,0.4852624237537384,0.004190271254628897,0.6056764125823975,0.5325198173522949,0.004025566391646862,0.631181001663208,0.5600927472114563,-0.0020029530860483646,0.6594680547714233,0.5614601969718933,-0.0078039271757006645,0.6250046491622925,0.5433633327484131,-0.004658875055611134,0.6021537184715271,0.591626763343811,0.0011587960179895163,0.6296883821487427,0.6095018982887268,-0.00014049626770429313,0.6591194272041321,0.6040780544281006,-0.004217715933918953,0.623781144618988,0.6087805032730103,-0.011520764790475368,0.6070144772529602,0.6450632214546204,-0.004069065675139427,0.6328725218772888,0.6581022143363953,0.002342850435525179,0.6597344279289246,0.6508092880249023,0.0026294742710888386,0.6299887895584106,0.672105610370636,-0.018463529646396637,0.6170219779014587,0.6991266012191772,-0.01280923280864954,0.6437174081802368,0.7054316401481628,-0.002408660249784589,0.6662981510162354,0.6965946555137634,0.005564706865698099,Yes
0.8274898529052734,0.647165834903717,-3.198257445546915e-07,0.7917264699935913,0.5600263476371765,0.004846652504056692,0.742786705493927,0.4830324947834015,-0.005620906129479408,0.7132304906845093,0.41370317339897156,-0.018892763182520866,0.7103704214096069,0.34768056869506836,-0.032121408730745316,0.6659001708030701,0.46952468156814575,-0.013719584792852402,0.600060224533081,0.5496296286582947,-0.029774148017168045,0.6276313662528992,0.5757583975791931,-0.039193879812955856,0.6542374491691589,0.5619180798530579,-0.04509761556982994,0.6640276908874512,0.5192152261734009,-0.026592934504151344,0.6054303646087646,0.6104992628097534,-0.03781603276729584,0.6374961137771606,0.6240172386169434,-0.03597936034202576,0.6644448041915894,0.6024071574211121,-0.036194492131471634,0.6678991913795471,0.5799425840377808,-0.03909818083047867,0.6217550039291382,0.6565840840339661,-0.04659780114889145,0.6518420577049255,0.6650733947753906,-0.0346357561647892,0.6752258539199829,0.642956554889679,-0.02878095954656601,0.6764415502548218,0.6429980993270874,-0.05184076353907585,0.6404252648353577,0.6956321001052856,-0.056748319417238235,0.6712177991867065,0.6997832655906677,-0.046507008373737335,0.6940068602561951,0.6817547678947449,-0.03789839521050453,Yes
0.8456856608390808,0.6627164483070374,-3.8700690652149206e-07,0.8108618259429932,0.5668275356292725,0.008261344395577908,0.7683002948760986,0.4856567680835724,-0.0026496779173612595,0.7381110191345215,0.4144726097583771,-0.016809111461043358,0.7349871397018433,0.34404462575912476,-0.03152770176529884,0.6919847726821899,0.4716103971004486,-0.017730142921209335,0.6197262406349182,0.5458321571350098,-0.03018045797944069,0.6411769390106201,0.577134907245636,-0.0346253365278244,0.6648292541503906,0.5699597597122192,-0.037603214383125305,0.6891233921051025,0.5196561217308044,-0.031810175627470016,0.6250852346420288,0.612112283706665,-0.040216099470853806,0.6555182933807373,0.629243791103363,-0.0355958454310894,0.6821661591529846,0.6105685830116272,-0.03514985367655754,0.6923807263374329,0.5802446007728577,-0.04441272094845772,0.6393025517463684,0.658622682094574,-0.04957596957683563,0.6694827079772949,0.6692919135093689,-0.036549974232912064,0.6934685707092285,0.6478895545005798,-0.031241297721862793,0.6997053027153015,0.644668698310852,-0.05662709102034569,0.6531780362129211,0.6978718042373657,-0.060578614473342896,0.6818022727966309,0.705024242401123,-0.05003059282898903,0.7047452330589294,0.6889368295669556,-0.04199981689453125,Yes
0.8412472605705261,0.6667719483375549,-2.770138962659985e-07,0.8142418265342712,0.5709972977638245,0.001445816713385284,0.772760272026062,0.4826264977455139,-0.008255021646618843,0.7446582913398743,0.4089841842651367,-0.019734635949134827,0.7402843832969666,0.3439193367958069,-0.0316195972263813,0.6875507235527039,0.48016613721847534,-0.017181426286697388,0.6215842962265015,0.5401137471199036,-0.028508074581623077,0.6447845697402954,0.5709292888641357,-0.03496960178017616,0.6716744303703308,0.564764142036438,-0.03913097083568573,0.6789538264274597,0.5368292331695557,-0.0260061826556921,0.6249998807907104,0.6074735522270203,-0.0322173573076725,0.6536951065063477,0.6268517374992371,-0.029482796788215637,0.6816630363464355,0.6119399070739746,-0.029699154198169708,0.6785867810249329,0.6017964482307434,-0.03380058333277702,0.6350934505462646,0.6606489419937134,-0.03860721364617348,0.6623737812042236,0.6745133399963379,-0.027910931035876274,0.6883294582366943,0.659744918346405,-0.022862909361720085,0.6832370162010193,0.6675238609313965,-0.04170573130249977,0.64734947681427,0.7052309513092041,-0.04529471695423126,0.6758319139480591,0.7141796946525574,-0.03470708429813385,0.7007567882537842,0.7030656337738037,-0.02557012252509594,Yes
0.8413415551185608,0.6637176275253296,-3.09453668023707e-07,0.8106227517127991,0.5665859580039978,0.002934639109298587,0.7693856954574585,0.4795849025249481,-0.007306820712983608,0.7410475015640259,0.40549755096435547,-0.019892722368240356,0.737205982208252,0.3379068076610565,-0.0334453321993351,0.6855627298355103,0.4790758192539215,-0.016290942206978798,0.6204313039779663,0.5389306545257568,-0.02548087015748024,0.641017735004425,0.5731712579727173,-0.030558541417121887,0.6658877730369568,0.5717069506645203,-0.034414347261190414,0.677280843257904,0.5344189405441284,-0.026154400780797005,0.6235846877098083,0.6061726808547974,-0.030122777447104454,0.6513409614562988,0.6271187663078308,-0.027061719447374344,0.6779829859733582,0.6138163208961487,-0.027983607724308968,0.6780049204826355,0.5989124774932861,-0.034594081342220306,0.6328817009925842,0.658003568649292,-0.03708949312567711,0.6608577370643616,0.6727218627929688,-0.025896750390529633,0.6862422823905945,0.6586976647377014,-0.021630557253956795,0.6840606331825256,0.6644856929779053,-0.04308278113603592,0.6454784870147705,0.7040542364120483,-0.04571130871772766,0.6740421056747437,0.7124577760696411,-0.03467220440506935,0.6984451413154602,0.7011669278144836,-0.02588452585041523,Yes
0.8389957547187805,0.6701620221138,-2.9733541850873735e-07,0.8100731372833252,0.5726630687713623,0.000762338109780103,0.7693443894386292,0.4854469299316406,-0.010497698560357094,0.7409605979919434,0.41109663248062134,-0.023816684260964394,0.738301157951355,0.3442835807800293,-0.03781994804739952,0.6827278137207031,0.48356175422668457,-0.017061786726117134,0.6183077692985535,0.5449061989784241,-0.02919941209256649,0.6415735483169556,0.5772141218185425,-0.037157293409109116,0.6693900227546692,0.5741928219795227,-0.04255057871341705,0.674061119556427,0.5394395589828491,-0.026306679472327232,0.6203728318214417,0.6103861331939697,-0.0323958583176136,0.6486998200416565,0.6308706998825073,-0.030867209658026695,0.676167905330658,0.6178430318832397,-0.032451216131448746,0.6740413308143616,0.6040909886360168,-0.03463522717356682,0.6308512687683105,0.663702130317688,-0.038403626531362534,0.6585583686828613,0.677841067314148,-0.028074368834495544,0.6838347315788269,0.6634199619293213,-0.024120254442095757,0.6794679760932922,0.6694265007972717,-0.04334563389420509,0.6439475417137146,0.7116165161132812,-0.046616822481155396,0.6729378700256348,0.7194019556045532,-0.036394502967596054,0.6971078515052795,0.7069547176361084,-0.028086155652999878,Yes
0.8421484231948853,0.6738367676734924,-2.78526130159662e-07,0.8104772567749023,0.5760288238525391,0.0024201907217502594,0.7691085338592529,0.49062225222587585,-0.008147621527314186,0.7393421530723572,0.41763466596603394,-0.021146025508642197,0.7351639866828918,0.350861519575119,-0.03489364683628082,0.6800540089607239,0.4906855821609497,-0.014317858032882214,0.6180430054664612,0.5517430305480957,-0.025020236149430275,0.6432647109031677,0.5808722972869873,-0.03276744484901428,0.671431303024292,0.5758825540542603,-0.03818624094128609,0.6715443730354309,0.5487257838249207,-0.024184025824069977,0.6201247572898865,0.615674614906311,-0.029286187142133713,0.6492642164230347,0.6340925097465515,-0.028143491595983505,0.6771231293678284,0.6216713190078735,-0.02992471493780613,0.67229825258255,0.6138620376586914,-0.03286019712686539,0.6308829188346863,0.6694507002830505,-0.03582843765616417,0.6587374806404114,0.682844877243042,-0.025445424020290375,0.684386670589447,0.6693258285522461,-0.02128780074417591,0.6789175868034363,0.6789851188659668,-0.041735678911209106,0.6423916220664978,0.7166185975074768,-0.04414435476064682,0.6712865233421326,0.7237699627876282,-0.032890886068344116,0.6957971453666687,0.7122623920440674,-0.023648139089345932,Yes
0.8379734754562378,0.6780262589454651,-2.872219226901507e-07,0.8093581795692444,0.5784657001495361,0.001205597654916346,0.769137978553772,0.4913812577724457,-0.009716624394059181,0.7397504448890686,0.41678720712661743,-0.02278275229036808,0.7354024648666382,0.3493459224700928,-0.036819472908973694,0.6794483661651611,0.4924209415912628,-0.01736757531762123,0.6159781217575073,0.5528953671455383,-0.02780582569539547,0.64085453748703,0.583406388759613,-0.03465534746646881,0.6688793301582336,0.5800791382789612,-0.039414700120687485,0.6704621315002441,0.5516493916511536,-0.026511497795581818,0.6196286678314209,0.6192171573638916,-0.031248873099684715,0.6493600606918335,0.6381868720054626,-0.029631836339831352,0.6772040724754333,0.6261866092681885,-0.03132355213165283,0.6709504127502441,0.6183262467384338,-0.0343499481678009,0.6301287412643433,0.6724050641059875,-0.03734311833977699,0.6586179733276367,0.6858507990837097,-0.026788784191012383,0.6847373843193054,0.6733835935592651,-0.02262238971889019,0.6771345734596252,0.6847935318946838,-0.042384497821331024,0.6404944658279419,0.7189111113548279,-0.044752221554517746,0.6695207357406616,0.7262941598892212,-0.033196620643138885,0.6943626403808594,0.7160934209823608,-0.02378661558032036,Yes
0.8387870788574219,0.6816021800041199,-2.8660960538218205e-07,0.8101094961166382,0.5819196701049805,0.0008714094292372465,0.769492506980896,0.4959510564804077,-0.009781764820218086,0.7395468950271606,0.42319434881210327,-0.022801686078310013,0.7342877984046936,0.35698822140693665,-0.036608971655368805,0.6788713932037354,0.4968540668487549,-0.01447251532226801,0.6180398464202881,0.5579206347465515,-0.026294441893696785,0.6431450247764587,0.587261974811554,-0.03507000580430031,0.6713865995407104,0.5839815735816956,-0.040907345712184906,0.6696531772613525,0.5547177791595459,-0.023510996252298355,0.6209481954574585,0.6222647428512573,-0.029357895255088806,0.6503013968467712,0.640280544757843,-0.029137833043932915,0.67836993932724,0.6284674406051636,-0.03138488158583641,0.670002818107605,0.6201159358024597,-0.03164712339639664,0.632459282875061,0.6756492853164673,-0.035501595586538315,0.6604574918746948,0.6881252527236938,-0.02627003751695156,0.6863428950309753,0.6748530268669128,-0.02255307137966156,0.675723135471344,0.6852935552597046,-0.040161825716495514,0.6429895162582397,0.723295271396637,-0.04315005987882614,0.671713650226593,0.7298774719238281,-0.032944921404123306,0.6959211826324463,0.7180003523826599,-0.024259766563773155,Yes
0.8416268825531006,0.6805537939071655,-2.963227245800226e-07,0.8116855621337891,0.5817998051643372,0.002163775498047471,0.7708831429481506,0.49602192640304565,-0.008202851749956608,0.7404732704162598,0.42338359355926514,-0.021003631874918938,0.7349281311035156,0.3570776581764221,-0.03444270044565201,0.6811030507087708,0.4963701367378235,-0.014439941383898258,0.6180949211120605,0.5574135780334473,-0.02557084523141384,0.6437300443649292,0.5877217650413513,-0.03304078057408333,0.6729915738105774,0.5842088460922241,-0.03800702095031738,0.6719648241996765,0.5536185503005981,-0.024071166291832924,0.6205241680145264,0.6217542886734009,-0.029347965493798256,0.6511062383651733,0.6407390236854553,-0.027788717299699783,0.6796324849128723,0.6283851861953735,-0.029183201491832733,0.6723591089248657,0.6187046766281128,-0.03265031427145004,0.6319915652275085,0.6752568483352661,-0.03596533462405205,0.6614471673965454,0.6886927485466003,-0.02552429959177971,0.6876934170722961,0.6748954057693481,-0.021260157227516174,0.6784804463386536,0.6840105056762695,-0.0414573960006237,0.643704891204834,0.7226333022117615,-0.04431634023785591,0.6736917495727539,0.7297437191009521,-0.03351520746946335,0.6984061002731323,0.7178014516830444,-0.024567630141973495,Yes
0.8399648070335388,0.6809277534484863,-3.01610299402455e-07,0.8100408315658569,0.5811874270439148,0.0033485826570540667,0.768741250038147,0.4958251118659973,-0.006212102714926004,0.7388260960578918,0.4233778715133667,-0.01853989250957966,0.733513355255127,0.3580138683319092,-0.03151210770010948,0.6799529194831848,0.49625957012176514,-0.012421696446835995,0.6158086657524109,0.5538390278816223,-0.02277098223567009,0.6391022801399231,0.5858740210533142,-0.02986106090247631,0.6667570471763611,0.5845417976379395,-0.03469572216272354,0.6705729961395264,0.5529049634933472,-0.02232009917497635,0.6196811199188232,0.6216340065002441,-0.026906918734312057,0.649444580078125,0.641750156879425,-0.025230834260582924,0.6772956252098083,0.6290495991706848,-0.02662529982626438,0.6702486872673035,0.6178545355796814,-0.031140249222517014,0.6314265727996826,0.6747809052467346,-0.03386880084872246,0.6602641344070435,0.6884466409683228,-0.023622965440154076,0.6861172318458557,0.6745549440383911,-0.019450418651103973,0.675690770149231,0.6827828288078308,-0.040138185024261475,0.6411551833152771,0.7200675010681152,-0.042278096079826355,0.6703556776046753,0.7285261750221252,-0.03130856156349182,0.6950421333312988,0.7178137898445129,-0.022232037037611008,Yes
0.8390783071517944,0.6802588701248169,-2.937762815236056e-07,0.8092325925827026,0.580578088760376,0.0034415218979120255,0.7674698233604431,0.49523136019706726,-0.005845947191119194,0.7374684810638428,0.4229891002178192,-0.018003400415182114,0.732310950756073,0.35781624913215637,-0.031101563945412636,0.6785241961479187,0.4981521964073181,-0.011933961883187294,0.6164489388465881,0.557314932346344,-0.02212049625813961,0.641015887260437,0.5871670842170715,-0.02968330681324005,0.6689697504043579,0.5838561058044434,-0.034863539040088654,0.6696788668632507,0.5560351610183716,-0.021989697590470314,0.6203315258026123,0.6223414540290833,-0.02620364911854267,0.650110125541687,0.6408089399337769,-0.0250775795429945,0.6778439879417419,0.6284894347190857,-0.02688642218708992,0.6705120801925659,0.6210176944732666,-0.030891194939613342,0.6317355036735535,0.6746736168861389,-0.033521197736263275,0.6602593064308167,0.6876893043518066,-0.023662053048610687,0.6861101388931274,0.6745970845222473,-0.019689001142978668,0.6772507429122925,0.6857508420944214,-0.039924461394548416,0.6418926119804382,0.7208287715911865,-0.042036913335323334,0.6707882285118103,0.727979838848114,-0.030895855277776718,0.6956998705863953,0.7174672484397888,-0.02164052426815033,Yes
0.8363138437271118,0.6787050366401672,-2.8619126624107594e-07,0.8073726892471313,0.5800006985664368,0.001847381703555584,0.766122579574585,0.4942775368690491,-0.007998300716280937,0.736385703086853,0.4225146770477295,-0.020426131784915924,0.7305439710617065,0.3583091199398041,-0.0336417518556118,0.6765761375427246,0.4973876178264618,-0.012413290329277515,0.6168410778045654,0.5555988550186157,-0.02350471541285515,0.6408534049987793,0.5862993001937866,-0.03201404958963394,0.6684619188308716,0.5843285322189331,-0.03778127208352089,0.6673955917358398,0.5550561547279358,-0.021688751876354218,0.6195135116577148,0.6219134330749512,-0.027116596698760986,0.6490420699119568,0.6402504444122314,-0.02676614373922348,0.6767250299453735,0.6278663277626038,-0.028798731043934822,0.6676599979400635,0.6201058030128479,-0.03002515435218811,0.630743145942688,0.675871729850769,-0.033702302724123,0.6595233678817749,0.6879298686981201,-0.024295087903738022,0.6851910948753357,0.6738076210021973,-0.02030746266245842,0.6734456419944763,0.6848464012145996,-0.0386323519051075,0.6408500075340271,0.7216031551361084,-0.041411954909563065,0.6701735258102417,0.7283248901367188,-0.03067871369421482,0.6947054266929626,0.717004656791687,-0.021531879901885986,Yes
0.8318572044372559,0.6822452545166016,-2.6138172870560084e-07,0.8027058839797974,0.583164393901825,0.003517081029713154,0.7611646056175232,0.49628013372421265,-0.005342436488717794,0.7311270236968994,0.4226321876049042,-0.01656758412718773,0.726031482219696,0.3588963449001312,-0.028866801410913467,0.6709291934967041,0.4999813437461853,-0.013838641345500946,0.6124238967895508,0.5622407793998718,-0.02199523337185383,0.6399127244949341,0.589521050453186,-0.02792484126985073,0.6685342788696289,0.5844644904136658,-0.03225237876176834,0.6610945463180542,0.5594344139099121,-0.02332797646522522,0.6136671304702759,0.6249455213546753,-0.02603107877075672,0.6438403725624084,0.6424968838691711,-0.024306634441018105,0.672301709651947,0.6301532983779907,-0.025846168398857117,0.6606976985931396,0.6257112622261047,-0.03118571825325489,0.624850332736969,0.6780990362167358,-0.031463973224163055,0.6530411243438721,0.6900954842567444,-0.021183228120207787,0.6783744692802429,0.6772991418838501,-0.01760074868798256,0.666130781173706,0.6913473606109619,-0.03921337425708771,0.637190580368042,0.7236639857292175,-0.039202697575092316,0.6663585305213928,0.7301546931266785,-0.027651438489556313,0.689690351486206,0.7198192477226257,-0.018537895753979683,Yes
0.8311060667037964,0.6831702589988708,-2.8895192372146994e-07,0.8029178977012634,0.5853493213653564,0.0018156258156523108,0.7613338232040405,0.5005970001220703,-0.007629037834703922,0.7306619882583618,0.4289272427558899,-0.019261425361037254,0.7233899831771851,0.36573708057403564,-0.031684789806604385,0.6717785000801086,0.5020310878753662,-0.014638625085353851,0.6114304065704346,0.5580773949623108,-0.02435300312936306,0.6322042942047119,0.5914686322212219,-0.03125018626451492,0.657103955745697,0.5937443375587463,-0.036225978285074234,0.6616212129592896,0.5590866804122925,-0.023540152236819267,0.6135708093643188,0.6252501606941223,-0.027830354869365692,0.642494261264801,0.6455953121185303,-0.02643713541328907,0.6695646643638611,0.6347368955612183,-0.02800857648253441,0.661266028881073,0.6243559122085571,-0.03118841163814068,0.6250038146972656,0.6788341999053955,-0.03351344168186188,0.6528413891792297,0.6921409368515015,-0.023401129990816116,0.6776410341262817,0.6796807646751404,-0.019399410113692284,0.6667762994766235,0.6896441578865051,-0.0391218475997448,0.6359487771987915,0.7249222993850708,-0.04086032137274742,0.6642173528671265,0.7321531772613525,-0.02991916798055172,0.6873891353607178,0.7218186855316162,-0.020967472344636917,Yes
0.8230165839195251,0.6856168508529663,-2.5227882360923104e-07,0.7956073880195618,0.5861092209815979,0.0016220242250710726,0.7536548376083374,0.4996383786201477,-0.007734383922070265,0.7207530736923218,0.4268092215061188,-0.01881955936551094,0.7125645875930786,0.36330389976501465,-0.031137850135564804,0.6587770581245422,0.5086955428123474,-0.01528197806328535,0.6054509282112122,0.5641864538192749,-0.02074372209608555,0.6305158734321594,0.5937239527702332,-0.026142248883843422,0.6591303944587708,0.5938543081283569,-0.030439022928476334,0.6467339396476746,0.5694593787193298,-0.022491591051220894,0.6092014312744141,0.6277996301651001,-0.021214643493294716,0.6381458640098572,0.6460188627243042,-0.01983771100640297,0.6663728952407837,0.6363789439201355,-0.02239888347685337,0.6460129022598267,0.636510968208313,-0.027599304914474487,0.6202121376991272,0.6794843077659607,-0.02477816492319107,0.6472561359405518,0.6928539276123047,-0.01591697335243225,0.6734168529510498,0.6839297413825989,-0.01376744732260704,0.6513815522193909,0.7014879584312439,-0.03298483043909073,0.6299359798431396,0.7256720662117004,-0.03099856525659561,0.658414363861084,0.7336707711219788,-0.019647473469376564,0.6821699738502502,0.7270947694778442,-0.010774796828627586,Yes
0.8205109238624573,0.678112804889679,-2.4428888423244643e-07,0.7934455275535583,0.5776505470275879,0.0021374758798629045,0.7519657611846924,0.4950302243232727,-0.005036270245909691,0.7140567302703857,0.42757660150527954,-0.013895046897232533,0.7022473216056824,0.3661688566207886,-0.023884175345301628,0.6511502265930176,0.5095144510269165,-0.008795694448053837,0.6106937527656555,0.5656299591064453,-0.010814822278916836,0.6342397332191467,0.5960168242454529,-0.01563921384513378,0.6612308025360107,0.5998515486717224,-0.019876902922987938,0.6355708241462708,0.5690526962280273,-0.014741852879524231,0.6168501377105713,0.6243341565132141,-0.009391308762133121,0.6443145275115967,0.6410719752311707,-0.010112644173204899,0.6719616651535034,0.6342623829841614,-0.014340260066092014,0.6344115734100342,0.6357290744781494,-0.018412230536341667,0.6264219880104065,0.6730800867080688,-0.012451013550162315,0.6516612768173218,0.684569239616394,-0.007178094703704119,0.6778563261032104,0.6777026057243347,-0.007563360501080751,0.6396123766899109,0.699733555316925,-0.022429553791880608,0.6331691741943359,0.7209563255310059,-0.01893821731209755,0.660152018070221,0.7279002666473389,-0.01018444076180458,0.6824434995651245,0.721545398235321,-0.002827501855790615,Yes
0.8231992721557617,0.6759371161460876,-2.6057713853333553e-07,0.7962095737457275,0.5761291980743408,0.001235177624039352,0.7552424073219299,0.4928002655506134,-0.006715377792716026,0.7186523079872131,0.4260611832141876,-0.016471674665808678,0.7045642137527466,0.36691921949386597,-0.027240682393312454,0.6521456837654114,0.508399486541748,-0.009695260785520077,0.6118069887161255,0.5653793215751648,-0.014229386113584042,0.6362997889518738,0.5944908857345581,-0.021040428429841995,0.6651589274406433,0.5974785685539246,-0.02611483447253704,0.6361501812934875,0.5674647688865662,-0.01568032242357731,0.6198738217353821,0.6237720251083374,-0.012359674088656902,0.6478937864303589,0.6393793821334839,-0.014186164364218712,0.6760762333869934,0.6322475671768188,-0.018789906054735184,0.6353036165237427,0.63386470079422,-0.019701801240444183,0.629169762134552,0.6729512214660645,-0.015463222749531269,0.6547594666481018,0.6834313273429871,-0.010825227946043015,0.6813387274742126,0.676049530506134,-0.011217060498893261,0.6408635377883911,0.6978955864906311,-0.024208329617977142,0.6360154151916504,0.7229844331741333,-0.02226249873638153,0.6632811427116394,0.7286556959152222,-0.014346825890243053,0.6854426860809326,0.7212380170822144,-0.007209786679595709,Yes
0.8225874304771423,0.6724795699119568,-2.3876674504208495e-07,0.7952214479446411,0.5716469883918762,0.003511353163048625,0.7571222186088562,0.491408109664917,-0.0030384822748601437,0.7219220399856567,0.42579394578933716,-0.011774787679314613,0.707563042640686,0.368913859128952,-0.021801410242915154,0.6513282656669617,0.5097219347953796,-0.005918020382523537,0.6152136325836182,0.5637832283973694,-0.0081661781296134,0.6395725607872009,0.5937220454216003,-0.014315280131995678,0.6681957244873047,0.5982705950737,-0.019146554172039032,0.6337834596633911,0.5703191757202148,-0.012077240273356438,0.6226597428321838,0.620692789554596,-0.00575708644464612,0.6500254273414612,0.637193500995636,-0.007643319666385651,0.6784694790840149,0.6321101784706116,-0.0127144455909729,0.6327051520347595,0.6375687718391418,-0.015965964645147324,0.6312918066978455,0.6696005463600159,-0.009445227682590485,0.6555578112602234,0.6804857850074768,-0.005833305884152651,0.6828718781471252,0.6755136847496033,-0.007206707261502743,0.6384149193763733,0.7018665671348572,-0.020111408084630966,0.6385109424591064,0.7214643359184265,-0.017071254551410675,0.6646528244018555,0.7270734310150146,-0.009700572118163109,0.6867013573646545,0.7210221886634827,-0.002897887025028467,Yes
0.8271672129631042,0.6719720959663391,-2.512783794372808e-07,0.7983158826828003,0.5726655721664429,0.003107448574155569,0.7597046494483948,0.4901663661003113,-0.003621895331889391,0.72458416223526,0.4251319169998169,-0.012776562012732029,0.7082319259643555,0.36910706758499146,-0.022948075085878372,0.6518397331237793,0.5103703737258911,-0.002459421055391431,0.616338849067688,0.5636143684387207,-0.005221501458436251,0.6415699124336243,0.593280553817749,-0.012505294755101204,0.6708753705024719,0.5969515442848206,-0.01801915653049946,0.6348839402198792,0.5685723423957825,-0.008767018094658852,0.6238813996315002,0.6218658685684204,-0.0030805941205471754,0.6518643498420715,0.6379196047782898,-0.006155305076390505,0.680035412311554,0.6309558749198914,-0.01179869007319212,0.6343593597412109,0.6341542601585388,-0.013216754421591759,0.6322263479232788,0.6699715256690979,-0.007701904512941837,0.6576558947563171,0.6802674531936646,-0.0049250321462750435,0.6849942207336426,0.6732081174850464,-0.006441823206841946,0.6406208872795105,0.6972869038581848,-0.01800960674881935,0.6394215822219849,0.7196110486984253,-0.01565670408308506,0.6665039658546448,0.7242946028709412,-0.008551876991987228,0.6892815828323364,0.7169544696807861,-0.0016952469013631344,Yes
0.8239246010780334,0.6724739074707031,-1.9086670022261387e-07,0.7987176179885864,0.5727955102920532,0.0023913863115012646,0.7617295384407043,0.49353912472724915,-0.004029788076877594,0.7260093092918396,0.42811113595962524,-0.012569018639624119,0.7115736603736877,0.37045371532440186,-0.022392719984054565,0.6509512066841125,0.5160123705863953,-0.0008547938778065145,0.6230841279029846,0.5656164288520813,-0.0016644427087157965,0.649226188659668,0.5943275690078735,-0.008950934745371342,0.6775490045547485,0.598725438117981,-0.0148923359811306,0.6332620978355408,0.5776113271713257,-0.005614034831523895,0.62928307056427,0.6200308203697205,0.002231550170108676,0.6581006646156311,0.6347330808639526,-0.0016890313709154725,0.6868857145309448,0.6307371258735657,-0.008037203922867775,0.6328228712081909,0.6440436840057373,-0.00832265242934227,0.6374024152755737,0.6683128476142883,-0.0008326743263751268,0.6621309518814087,0.6785823702812195,0.0001544149563414976,0.6901975274085999,0.6751507520675659,-0.002539672190323472,0.6389720439910889,0.7057536244392395,-0.011334443464875221,0.644896924495697,0.7208393812179565,-0.006902748718857765,0.6712349057197571,0.7256605625152588,-0.0005540639394894242,0.6941637992858887,0.7207269668579102,0.005669469945132732,Yes
0.8238940238952637,0.6683717370033264,-2.231185050050044e-07,0.7999165058135986,0.5705230832099915,0.0017244204645976424,0.7623215317726135,0.49237293004989624,-0.005352172069251537,0.7275158762931824,0.4298390746116638,-0.014438139274716377,0.7129361629486084,0.373767614364624,-0.024745605885982513,0.6490269899368286,0.5149624943733215,-0.004081305116415024,0.6298214793205261,0.5642465949058533,-0.006720344070345163,0.6584606170654297,0.5906658172607422,-0.015246296301484108,0.6874947547912598,0.5941662192344666,-0.021899530664086342,0.631306529045105,0.575836181640625,-0.009037354961037636,0.633277952671051,0.61798095703125,-0.002134437672793865,0.6633511781692505,0.6325802803039551,-0.005806899629533291,0.6919949054718018,0.6290549039840698,-0.011982210911810398,0.6310811042785645,0.6412961483001709,-0.011956511065363884,0.6413218975067139,0.6655809879302979,-0.005512577947229147,0.6672112941741943,0.6742393970489502,-0.004361637402325869,0.6949384808540344,0.6701278686523438,-0.006847401149570942,0.6373745203018188,0.7031806707382202,-0.01524392794817686,0.6479120850563049,0.719510555267334,-0.011813655495643616,0.6746426820755005,0.7220097780227661,-0.0056503270752727985,0.6969971656799316,0.7167060375213623,0.0005679438472725451,Yes
0.8210532665252686,0.6685191988945007,-1.6137845193497924e-07,0.7989451289176941,0.568859338760376,-0.0020819627679884434,0.7627130150794983,0.49282199144363403,-0.010507938452064991,0.7289165258407593,0.4307807683944702,-0.02009321190416813,0.7156270146369934,0.3735736012458801,-0.030314408242702484,0.6495792865753174,0.5190610885620117,-0.009408688172698021,0.6380264163017273,0.5503057837486267,-0.01198035292327404,0.6662769317626953,0.5721036791801453,-0.019285477697849274,0.6927948594093323,0.5791289806365967,-0.025470316410064697,0.6318438053131104,0.5819665789604187,-0.01281461026519537,0.6369460821151733,0.6056405901908875,-0.006345727480947971,0.6656812429428101,0.6177010536193848,-0.008910744450986385,0.6930385231971741,0.6186639666557312,-0.014674287289381027,0.6320946216583252,0.6478413939476013,-0.014465861022472382,0.6447387933731079,0.6578084230422974,-0.008430641144514084,0.6696169376373291,0.6645032167434692,-0.006549138575792313,0.6964477896690369,0.6644864082336426,-0.008891213685274124,0.6397432684898376,0.7093316912651062,-0.01684132218360901,0.6533304452896118,0.7153016328811646,-0.013523475266993046,0.6784641742706299,0.7148932814598083,-0.0077446941286325455,0.6995189189910889,0.7122049331665039,-0.0023751670960336924,Yes
0.8215662837028503,0.6668510437011719,-1.8232599074963218e-07,0.798808753490448,0.5711374878883362,-0.0005387861165218055,0.7601641416549683,0.4948728084564209,-0.008526427671313286,0.7264241576194763,0.4332594573497772,-0.0183547455817461,0.7135893702507019,0.3760794699192047,-0.029085764661431313,0.6469082832336426,0.52289879322052,-0.00493053812533617,0.6395555734634399,0.5584223866462708,-0.01061379723250866,0.668633222579956,0.5803178548812866,-0.021950559690594673,0.6957383155822754,0.5840944647789001,-0.030586834996938705,0.6299940943717957,0.5851656794548035,-0.010006398893892765,0.6371961236000061,0.613862156867981,-0.005347482860088348,0.6671975255012512,0.626865029335022,-0.009463212452828884,0.6944904327392578,0.6244875192642212,-0.015971805900335312,0.6302852034568787,0.6506201028823853,-0.013834119774401188,0.6453188061714172,0.6650177836418152,-0.009801939129829407,0.671716034412384,0.6725322604179382,-0.008211326785385609,0.698084831237793,0.6688902378082275,-0.01014913059771061,0.6379300951957703,0.7117635011672974,-0.01842041313648224,0.6516192555427551,0.7216405868530273,-0.016205133870244026,0.6782673597335815,0.7216321229934692,-0.010094298981130123,0.6992766857147217,0.7162326574325562,-0.004202218260616064,Yes
0.8185006976127625,0.6688052415847778,-2.134601260195268e-07,0.7962119579315186,0.5752038359642029,-0.002623051404953003,0.7559977769851685,0.49874645471572876,-0.01134459674358368,0.7215374112129211,0.4381951093673706,-0.021476663649082184,0.7068309187889099,0.3809393644332886,-0.032563187181949615,0.6409417390823364,0.5336484909057617,-0.007832597009837627,0.6480726003646851,0.5661448240280151,-0.014929492957890034,0.6777086853981018,0.5839795470237732,-0.027604246512055397,0.7010247707366943,0.5875189304351807,-0.03727729618549347,0.6247462630271912,0.596842348575592,-0.01249956525862217,0.644147515296936,0.6228233575820923,-0.009217197075486183,0.6746513247489929,0.632377028465271,-0.014587615616619587,0.6995457410812378,0.6295512318611145,-0.02221740037202835,0.6257978081703186,0.6615627408027649,-0.01603923924267292,0.6490709185600281,0.6744124889373779,-0.013264612294733524,0.6768722534179688,0.6785522103309631,-0.01241327915340662,0.701699435710907,0.6737036108970642,-0.01504525262862444,0.6346983909606934,0.7215306758880615,-0.020573953166604042,0.6529619097709656,0.7294769883155823,-0.019209494814276695,0.6800069808959961,0.7270731925964355,-0.01339671015739441,0.7000716328620911,0.7213837504386902,-0.007949190214276314,Yes
0.8157548308372498,0.6675445437431335,-1.7209033842391364e-07,0.7938913106918335,0.5715994238853455,-0.002529025776311755,0.7566602826118469,0.4955878257751465,-0.01072690263390541,0.7217029333114624,0.43665897846221924,-0.020050644874572754,0.7071042656898499,0.3799681067466736,-0.029784314334392548,0.6398395895957947,0.5353063344955444,-0.006454272661358118,0.6416987776756287,0.5561683773994446,-0.009074495173990726,0.6711488366127014,0.5724945664405823,-0.017932970076799393,0.694112241268158,0.5779819488525391,-0.025664355605840683,0.6239306926727295,0.6001023650169373,-0.010181919671595097,0.639440655708313,0.6150978207588196,-0.00246168440207839,0.6687874794006348,0.6235429644584656,-0.005647020880132914,0.6927452683448792,0.6231457591056824,-0.012773753143846989,0.6259063482284546,0.6644608974456787,-0.012607460841536522,0.6458879709243774,0.6683522462844849,-0.006290953140705824,0.672386884689331,0.672130823135376,-0.004670343361794949,0.6969619989395142,0.6701493263244629,-0.007750742603093386,0.6355438828468323,0.7230856418609619,-0.015971461310982704,0.6500079035758972,0.7249191999435425,-0.011718573048710823,0.6759542226791382,0.7222524285316467,-0.005097900051623583,0.6965068578720093,0.7180985808372498,0.00015152659034356475,Yes
0.808190107345581,0.666900634765625,-2.0197754224682285e-07,0.789459764957428,0.5711029171943665,-0.004431524313986301,0.7536416053771973,0.4970998466014862,-0.013283572159707546,0.719805896282196,0.4410445988178253,-0.022899748757481575,0.7046634554862976,0.3867214322090149,-0.03292635455727577,0.6411387324333191,0.5370381474494934,-0.011647481471300125,0.6491732597351074,0.5564661026000977,-0.017558712512254715,0.6775735020637512,0.5724015831947327,-0.02787572704255581,0.6992717385292053,0.5800216794013977,-0.03631589561700821,0.6244009733200073,0.6017579436302185,-0.015099595300853252,0.6441177129745483,0.6176031231880188,-0.010746694169938564,0.6724637150764465,0.625775158405304,-0.014390036463737488,0.6953041553497314,0.6264721155166626,-0.021572798490524292,0.6249895691871643,0.6656702160835266,-0.017424672842025757,0.6481789946556091,0.6713228225708008,-0.01381608285009861,0.6736904382705688,0.6747354865074158,-0.012137229554355145,0.696851372718811,0.6733435988426208,-0.014981687068939209,0.6335998773574829,0.7239975929260254,-0.020869363099336624,0.651898205280304,0.7281161546707153,-0.01943238452076912,0.6778644919395447,0.7249348759651184,-0.013749447651207447,0.6979283690452576,0.72133469581604,-0.008941298350691795,Yes
0.8035671710968018,0.673035740852356,-2.4418380917268223e-07,0.7833949327468872,0.5818345546722412,-0.002183161675930023,0.7447197437286377,0.5108400583267212,-0.009526464156806469,0.7111643552780151,0.45542317628860474,-0.018180273473262787,0.6970530152320862,0.40292754769325256,-0.02779155783355236,0.6357554197311401,0.5389398336410522,-0.007653501816093922,0.6368418335914612,0.576362133026123,-0.015642181038856506,0.6649905443191528,0.5963369607925415,-0.02816370129585266,0.6906479001045227,0.5996177196502686,-0.037282899022102356,0.6199382543563843,0.599250853061676,-0.011710848659276962,0.63466876745224,0.631249725818634,-0.01002185046672821,0.6633532047271729,0.6427104473114014,-0.015283424407243729,0.6889938116073608,0.6391448378562927,-0.021989623084664345,0.6204193830490112,0.661873996257782,-0.014714975841343403,0.6397578120231628,0.6791273355484009,-0.0138408737257123,0.664977490901947,0.6845962405204773,-0.013432513922452927,0.6892133951187134,0.6797851920127869,-0.01546503882855177,0.6286265254020691,0.7201610803604126,-0.01854785718023777,0.645035445690155,0.7321122884750366,-0.019686618819832802,0.670921266078949,0.7303984761238098,-0.015102704986929893,0.6909090876579285,0.7238503694534302,-0.009727032855153084,Yes
0.8033564686775208,0.6772497296333313,-2.301161288187359e-07,0.7828355431556702,0.5855478644371033,-0.0010671538766473532,0.7431101202964783,0.5149170160293579,-0.007749037351459265,0.7089958190917969,0.45848655700683594,-0.015614286996424198,0.6967804431915283,0.404169499874115,-0.02429412491619587,0.6347784996032715,0.5420418977737427,-0.007577772717922926,0.6360797882080078,0.5717569589614868,-0.012640639208257198,0.6643239259719849,0.5917361378669739,-0.022886089980602264,0.6878005862236023,0.5966149568557739,-0.03104477934539318,0.6189018487930298,0.6028311848640442,-0.011426125653088093,0.6349210739135742,0.6311566829681396,-0.00662512332201004,0.6637890934944153,0.6420630812644958,-0.009841470047831535,0.6883142590522766,0.6396768689155579,-0.01590225286781788,0.618899405002594,0.6660789251327515,-0.01386592909693718,0.6403179168701172,0.6807186603546143,-0.009801781736314297,0.6655087471008301,0.6849420070648193,-0.007895003072917461,0.6897287368774414,0.6816005110740662,-0.009857290424406528,0.6265831589698792,0.7251218557357788,-0.0171000175178051,0.6448295712471008,0.7342826128005981,-0.015343527309596539,0.6706081628799438,0.7316355109214783,-0.009528856724500656,0.69062739610672,0.7263456583023071,-0.003957929089665413,Yes
0.8011138439178467,0.6746927499771118,-2.2401442834052432e-07,0.7802824378013611,0.5833341479301453,-0.0024432027712464333,0.7420601844787598,0.5126298069953918,-0.009920758195221424,0.7087374925613403,0.45670872926712036,-0.018477879464626312,0.6955689191818237,0.40228843688964844,-0.02792404778301716,0.6341193318367004,0.5426428914070129,-0.0089678093791008,0.6367220282554626,0.5779871344566345,-0.014897802844643593,0.6649051308631897,0.5975087881088257,-0.02534651756286621,0.6888983845710754,0.600859522819519,-0.03358165919780731,0.6177731156349182,0.603825032711029,-0.012771936133503914,0.6346122026443481,0.6359617114067078,-0.009170742705464363,0.6635470390319824,0.6469905376434326,-0.012945901602506638,0.6881547570228577,0.6432455778121948,-0.019305935129523277,0.6181042194366455,0.667434811592102,-0.015317624434828758,0.6393215656280518,0.6853886842727661,-0.013022555969655514,0.6650789976119995,0.6905669569969177,-0.01164458878338337,0.689021110534668,0.685731828212738,-0.01369344349950552,0.6260722875595093,0.726277232170105,-0.018704602494835854,0.6429916620254517,0.7389583587646484,-0.018889104947447777,0.6691004037857056,0.7373170852661133,-0.013613775372505188,0.6890133619308472,0.7311925292015076,-0.008160547353327274,Yes
0.7198628783226013,0.7568846344947815,-1.6014077175441344e-07,0.7039560079574585,0.6793749928474426,-0.00451126042753458,0.6738876104354858,0.6196976900100708,-0.012714828364551067,0.646698534488678,0.5699023604393005,-0.021503906697034836,0.6379460692405701,0.5214347243309021,-0.030999289825558662,0.5851561427116394,0.6323710083961487,-0.010274811647832394,0.5814922451972961,0.6664925217628479,-0.017860794439911842,0.6044043302536011,0.6852853894233704,-0.028867146000266075,0.6252456903457642,0.6887539029121399,-0.037170879542827606,0.570694088935852,0.6826156973838806,-0.013022038154304028,0.579254686832428,0.7120203375816345,-0.012593352235853672,0.6015839576721191,0.7229868769645691,-0.017316188663244247,0.6224029660224915,0.7215003371238708,-0.02341313101351261,0.5698294043540955,0.7363396286964417,-0.015007341280579567,0.5843935608863831,0.7535533308982849,-0.014859850518405437,0.6038310527801514,0.7593120336532593,-0.0143051752820611,0.623762845993042,0.7564091086387634,-0.01608060859143734,0.5749704837799072,0.7866234183311462,-0.01796393282711506,0.5881754159927368,0.7981242537498474,-0.019434666261076927,0.609437882900238,0.7981759309768677,-0.01568063721060753,0.6261523365974426,0.7940104007720947,-0.011274643242359161,Yes
0.7218165993690491,0.7501780390739441,-1.5824294052890764e-07,0.7045223712921143,0.6747645139694214,-0.004487175494432449,0.6742379665374756,0.6164135336875916,-0.013323772698640823,0.6476729512214661,0.5664640665054321,-0.02291993424296379,0.6382012367248535,0.5179557800292969,-0.0333382785320282,0.585389256477356,0.6295261979103088,-0.010113158263266087,0.5800283551216125,0.667847752571106,-0.01975223794579506,0.6036071181297302,0.6876737475395203,-0.03231344744563103,0.6259205937385559,0.6902355551719666,-0.04118961840867996,0.5712619423866272,0.6788212060928345,-0.013210698030889034,0.57902991771698,0.713420569896698,-0.013942805118858814,0.6026974320411682,0.7248901724815369,-0.01880282536149025,0.624472975730896,0.7210832238197327,-0.024699833244085312,0.5708882808685303,0.7326735258102417,-0.01585042104125023,0.586894154548645,0.7540421485900879,-0.01717020943760872,0.6074122190475464,0.7590441703796387,-0.016714680939912796,0.6277662515640259,0.7533829212188721,-0.01810719445347786,0.5763795375823975,0.783504068851471,-0.01946234703063965,0.5911256670951843,0.796751856803894,-0.02193058282136917,0.6132243871688843,0.7956658005714417,-0.018398979678750038,0.6298105120658875,0.789264976978302,-0.013874932192265987,Yes
0.7245330214500427,0.7563536167144775,-1.816389243458616e-07,0.707727313041687,0.6782266497612,-0.004940089304000139,0.6761795878410339,0.6166796684265137,-0.013218238018453121,0.6480454802513123,0.5673809051513672,-0.022110963240265846,0.638710618019104,0.5186713933944702,-0.03167115896940231,0.5866109132766724,0.6318857669830322,-0.009553857147693634,0.5873240232467651,0.6667895913124084,-0.018322674557566643,0.6115294098854065,0.6845943331718445,-0.03059808537364006,0.6328125596046448,0.687642514705658,-0.039531197398900986,0.5719571709632874,0.6826322078704834,-0.012417775578796864,0.5822543501853943,0.7128710746765137,-0.012783365324139595,0.6058148145675659,0.7231668829917908,-0.017914537340402603,0.6275489926338196,0.7207810878753662,-0.024110548198223114,0.5710747838020325,0.7367790937423706,-0.014791947789490223,0.5865287184715271,0.7548443078994751,-0.015569365583360195,0.6071390509605408,0.7596398591995239,-0.015169046819210052,0.627543568611145,0.7550500631332397,-0.01679663546383381,0.576219379901886,0.7875047922134399,-0.018191689625382423,0.5887970328330994,0.7995250225067139,-0.020043887197971344,0.6104955673217773,0.7985941767692566,-0.01610037125647068,0.6273225545883179,0.7930216193199158,-0.011516391299664974,Yes
0.7239258885383606,0.75624680519104,-1.7436231303236127e-07,0.7063250541687012,0.6785870790481567,-0.005045633763074875,0.6744210124015808,0.617881715297699,-0.013545006513595581,0.6464400887489319,0.5673341751098633,-0.0226917564868927,0.6368430256843567,0.5181312561035156,-0.032604530453681946,0.58461993932724,0.6330322027206421,-0.00938865914940834,0.5842023491859436,0.6697178483009338,-0.018146520480513573,0.6085234880447388,0.6878301501274109,-0.030680213123559952,0.629897952079773,0.6906703114509583,-0.03985188528895378,0.5702598094940186,0.683718740940094,-0.012144926004111767,0.580773115158081,0.7153063416481018,-0.01275578886270523,0.6043230891227722,0.7259745597839355,-0.018609540536999702,0.6262013912200928,0.7237318158149719,-0.0251912921667099,0.569574236869812,0.7378983497619629,-0.01431956421583891,0.5850842595100403,0.7566958665847778,-0.015223697759211063,0.6055554151535034,0.7617338299751282,-0.015411201864480972,0.6263635158538818,0.7576667070388794,-0.01734067127108574,0.5749282836914062,0.7886369228363037,-0.01751544140279293,0.5888271331787109,0.8014883995056152,-0.019936909899115562,0.6110361218452454,0.8008142113685608,-0.016501139849424362,0.628562331199646,0.7956374883651733,-0.01201704517006874,Yes
0.7228531837463379,0.757422924041748,-1.6940488478667248e-07,0.7053059339523315,0.6792187094688416,-0.005177113693207502,0.6739986538887024,0.6195588707923889,-0.013927321881055832,0.6447415947914124,0.5695322155952454,-0.022955531254410744,0.6355320811271667,0.5198070406913757,-0.03268144652247429,0.583296537399292,0.6331536173820496,-0.011175770312547684,0.5783950090408325,0.6714705228805542,-0.018674923107028008,0.6025998592376709,0.6909452676773071,-0.029607776552438736,0.6248469948768616,0.6946737766265869,-0.03767382726073265,0.5691700577735901,0.6840381622314453,-0.013251092284917831,0.5775901079177856,0.7168238162994385,-0.012606100179255009,0.6011598706245422,0.7283327579498291,-0.017423957586288452,0.623349666595459,0.7266329526901245,-0.023476392030715942,0.5686197280883789,0.7382918000221252,-0.0144578842446208,0.5834224224090576,0.7571837306022644,-0.013904202729463577,0.6033580303192139,0.7629605531692505,-0.013517883606255054,0.6244726777076721,0.7597950100898743,-0.015332311391830444,0.5739830732345581,0.7890979051589966,-0.016657063737511635,0.5868819355964661,0.8015375733375549,-0.017836369574069977,0.6086627840995789,0.8018670082092285,-0.014080019667744637,0.6262200474739075,0.7978386282920837,-0.009498302824795246,Yes
0.7206034660339355,0.7610500454902649,-1.760577958975773e-07,0.7039058208465576,0.6828632950782776,-0.005320202559232712,0.6719686388969421,0.6215066909790039,-0.0136109022423625,0.6441053748130798,0.5696449279785156,-0.022205546498298645,0.6335622072219849,0.5213520526885986,-0.031508736312389374,0.5824346542358398,0.6344672441482544,-0.011153796687722206,0.5837045907974243,0.6679952144622803,-0.019827771931886673,0.6072208881378174,0.6868929862976074,-0.032068945467472076,0.6280689835548401,0.6926981210708618,-0.04090547561645508,0.5678757429122925,0.6855652928352356,-0.013305023312568665,0.5795343518257141,0.7147715091705322,-0.013499075546860695,0.6026387214660645,0.7249062061309814,-0.019112305715680122,0.6242239475250244,0.7251127362251282,-0.025806577876210213,0.5669618844985962,0.7401590347290039,-0.014803245663642883,0.5846117734909058,0.7565735578536987,-0.014878164045512676,0.6042731404304504,0.7609731554985046,-0.015286938287317753,0.6246426105499268,0.7594504356384277,-0.017687665298581123,0.5723474621772766,0.7916797399520874,-0.01735357940196991,0.587821900844574,0.8018456101417542,-0.018895156681537628,0.6087149381637573,0.8004526495933533,-0.015933750197291374,0.625307023525238,0.7969157695770264,-0.01213046070188284,Yes
0.7206295728683472,0.7617660164833069,-1.6941538660830702e-07,0.7031497359275818,0.6843264698982239,-0.005235729739069939,0.6711019277572632,0.6232392191886902,-0.013835994526743889,0.6429073214530945,0.5720218420028687,-0.022944500669836998,0.6322060823440552,0.5233959555625916,-0.03262044116854668,0.5817221403121948,0.6368435621261597,-0.010249381884932518,0.5794942378997803,0.6705214381217957,-0.019042225554585457,0.6027958989143372,0.6896032691001892,-0.03107471577823162,0.6240001320838928,0.6939623951911926,-0.039789311587810516,0.5668032169342041,0.6875676512718201,-0.012827822007238865,0.576190710067749,0.7191711068153381,-0.012963551096618176,0.5994478464126587,0.7299023270606995,-0.01788346841931343,0.620834231376648,0.7274986505508423,-0.023972641676664352,0.5657719373703003,0.7421949505805969,-0.014905666932463646,0.5816161036491394,0.7614890336990356,-0.015162169001996517,0.6019221544265747,0.7663605809211731,-0.014431288465857506,0.622066080570221,0.7620046734809875,-0.015938542783260345,0.5710837841033936,0.7936137318611145,-0.018060436472296715,0.5844256281852722,0.8070065379142761,-0.0193871408700943,0.6058041453361511,0.806200385093689,-0.015276193618774414,0.6223273873329163,0.8011448979377747,-0.010562833398580551,Yes
0.7193971872329712,0.763866126537323,-1.8818997205016785e-07,0.7025660872459412,0.6846505403518677,-0.004690034780651331,0.670701801776886,0.6233780384063721,-0.01283614058047533,0.6418039202690125,0.5722942352294922,-0.021540135145187378,0.6313945651054382,0.5229125022888184,-0.030963758006691933,0.5807868242263794,0.6399878859519958,-0.010181831195950508,0.581940233707428,0.6729816198348999,-0.01819024235010147,0.6063948273658752,0.6917366981506348,-0.029735198244452477,0.6271647810935974,0.6963594555854797,-0.03824849799275398,0.56648188829422,0.6913513541221619,-0.01274851430207491,0.5777304768562317,0.7188720703125,-0.012394108809530735,0.6018732786178589,0.7297747731208801,-0.017279550433158875,0.6233798265457153,0.7285681366920471,-0.023435086011886597,0.5658055543899536,0.7455089092254639,-0.014592815190553665,0.582024335861206,0.7608713507652283,-0.014488603919744492,0.6029149293899536,0.7662033438682556,-0.01401419099420309,0.6234395503997803,0.7634209990501404,-0.015769600868225098,0.5711353421211243,0.7958633899688721,-0.01739385910332203,0.5843687653541565,0.80633544921875,-0.018483275547623634,0.6059284806251526,0.8055940866470337,-0.01438208855688572,0.6228650212287903,0.8012105822563171,-0.00976327434182167,Yes
0.7189978957176208,0.764594316482544,-1.685296524556179e-07,0.7019490003585815,0.6864504814147949,-0.004896947648376226,0.6706605553627014,0.6273601055145264,-0.013577139005064964,0.6424407958984375,0.5746075510978699,-0.022823400795459747,0.6317897439002991,0.5244552493095398,-0.032897140830755234,0.5796281099319458,0.6386163234710693,-0.01051367912441492,0.5726845264434814,0.675752580165863,-0.018467091023921967,0.5973483324050903,0.6954600811004639,-0.029978657141327858,0.6200312972068787,0.6990312933921814,-0.038253385573625565,0.5654745697975159,0.689485490322113,-0.012575733475387096,0.5728273391723633,0.7220357060432434,-0.012258668430149555,0.5971050262451172,0.7335578203201294,-0.017293423414230347,0.6197123527526855,0.7314532995223999,-0.023304473608732224,0.5649720430374146,0.7439654469490051,-0.013875814154744148,0.5786185264587402,0.7628702521324158,-0.013826771639287472,0.599156379699707,0.7683815360069275,-0.01357789896428585,0.6205877065658569,0.7651656866073608,-0.015163104981184006,0.5701645612716675,0.794830322265625,-0.016085373237729073,0.5818437933921814,0.8068190813064575,-0.01729414239525795,0.6034542322158813,0.8066059350967407,-0.01332870963960886,0.6210461854934692,0.8022697567939758,-0.008458719588816166,Yes
0.7182164192199707,0.7652579545974731,-1.8269474821863696e-07,0.7020401954650879,0.6862227916717529,-0.004789785016328096,0.6708741188049316,0.6252184510231018,-0.013022121973335743,0.6419187188148499,0.5737027525901794,-0.02174793742597103,0.630500853061676,0.5253928899765015,-0.031194139271974564,0.5800977945327759,0.6406155824661255,-0.010588712058961391,0.5801845192909241,0.6726245880126953,-0.018120266497135162,0.604296088218689,0.6912412047386169,-0.029261209070682526,0.6250948309898376,0.6963949203491211,-0.03763407841324806,0.5658242106437683,0.6919158697128296,-0.013141763396561146,0.5762128233909607,0.7195231914520264,-0.012336982414126396,0.5999872088432312,0.7302671670913696,-0.017035210505127907,0.6211267113685608,0.7293168902397156,-0.023261848837137222,0.5657111406326294,0.7459721565246582,-0.014894741587340832,0.5802947282791138,0.7612113356590271,-0.014643486589193344,0.6010274291038513,0.7665688395500183,-0.013925392180681229,0.621393620967865,0.7642029523849487,-0.015581091865897179,0.5717788338661194,0.796220064163208,-0.017552610486745834,0.5830077528953552,0.8062267303466797,-0.018712984398007393,0.6042625904083252,0.8053355813026428,-0.014321907423436642,0.6212565898895264,0.8013967275619507,-0.009489393793046474,Yes
0.7205276489257812,0.769212543964386,-1.8040978488897963e-07,0.7030619382858276,0.691120982170105,-0.005785738583654165,0.6712562441825867,0.6298036575317383,-0.015069399029016495,0.6425765752792358,0.5768176317214966,-0.02476845122873783,0.6302914619445801,0.5272552967071533,-0.03517945855855942,0.5797185897827148,0.6435009837150574,-0.01165806595236063,0.5779767632484436,0.6804541945457458,-0.02108185924589634,0.602377712726593,0.6995652318000793,-0.03389807417988777,0.624103307723999,0.7029350996017456,-0.04320002347230911,0.5652677416801453,0.69463711977005,-0.014174016192555428,0.5746607780456543,0.7265520691871643,-0.014963841065764427,0.5984882712364197,0.7375221252441406,-0.020572951063513756,0.6203063130378723,0.7352885603904724,-0.027191482484340668,0.5647777318954468,0.74918532371521,-0.01606566458940506,0.5793328881263733,0.7678817510604858,-0.016893208026885986,0.5999659895896912,0.7734963297843933,-0.016188453882932663,0.6206108331680298,0.769973874092102,-0.017632387578487396,0.5705084800720215,0.8001288175582886,-0.019036399200558662,0.5818119645118713,0.8127558827400208,-0.02103567123413086,0.6034468412399292,0.8125568628311157,-0.01668214052915573,0.6207019090652466,0.8081499338150024,-0.011594438925385475,Yes
0.7190153002738953,0.7696841359138489,-1.6446678330339637e-07,0.701899528503418,0.6908529996871948,-0.005718207452446222,0.6713256239891052,0.6310181617736816,-0.015408729203045368,0.6420356035232544,0.5774962902069092,-0.02543957345187664,0.6311964392662048,0.5257859230041504,-0.036176931113004684,0.5796224474906921,0.6436263918876648,-0.01247697975486517,0.5775662660598755,0.6802520751953125,-0.021408723667263985,0.6027056574821472,0.6985296010971069,-0.03346577286720276,0.6246650218963623,0.7025569677352905,-0.042083144187927246,0.5651357769966125,0.6952877640724182,-0.014683572575449944,0.5743640661239624,0.725153923034668,-0.014807218685746193,0.5985075831413269,0.7363423109054565,-0.01987173594534397,0.6208418011665344,0.7357919812202454,-0.026123231276869774,0.56434166431427,0.7504880428314209,-0.016143180429935455,0.5792742371559143,0.76723712682724,-0.016024768352508545,0.6000964641571045,0.7734675407409668,-0.015170122496783733,0.6216158866882324,0.7716485857963562,-0.01662435755133629,0.5695712566375732,0.8019294738769531,-0.018675385043025017,0.5817294120788574,0.8121506571769714,-0.019599929451942444,0.6032904386520386,0.8124026656150818,-0.015246477909386158,0.6206106543540955,0.8091647624969482,-0.01033647358417511,Yes
0.7215449810028076,0.7722095251083374,-1.8165953008519864e-07,0.7035466432571411,0.6943869590759277,-0.005930143408477306,0.6713282465934753,0.6341282725334167,-0.015296615660190582,0.6418755650520325,0.5813398361206055,-0.024996520951390266,0.6299861073493958,0.5312597751617432,-0.03528629243373871,0.5800753235816956,0.6460891962051392,-0.011841380968689919,0.57611083984375,0.6828697919845581,-0.020665252581238747,0.6011950373649597,0.7023683190345764,-0.03260476887226105,0.6237928867340088,0.7064805626869202,-0.041249893605709076,0.5658180713653564,0.6974747180938721,-0.014150352217257023,0.5738480091094971,0.7292273044586182,-0.01513705961406231,0.5984140634536743,0.7405480146408081,-0.020781537517905235,0.620884358882904,0.7390372157096863,-0.027131613343954086,0.5652705430984497,0.7525382041931152,-0.01578105427324772,0.5785573720932007,0.7709664106369019,-0.016621263697743416,0.5994734764099121,0.7769959568977356,-0.01597907766699791,0.6207152605056763,0.7744541168212891,-0.017249200493097305,0.5707014203071594,0.804082453250885,-0.018452530726790428,0.5808073282241821,0.8164209723472595,-0.020154092460870743,0.6024768948554993,0.8167005777359009,-0.01570879854261875,0.619964063167572,0.812958836555481,-0.010478825308382511,Yes
0.7226950526237488,0.7730743288993835,-1.7487941761373804e-07,0.7034436464309692,0.6945481896400452,-0.004268699325621128,0.6691243648529053,0.6340446472167969,-0.012767406180500984,0.6404244899749756,0.5806737542152405,-0.02199491672217846,0.6306445002555847,0.5296671390533447,-0.032061778008937836,0.5792614817619324,0.6484327912330627,-0.00938036385923624,0.5782620906829834,0.6861701011657715,-0.018697382882237434,0.603147566318512,0.7025089859962463,-0.03198534995317459,0.6248030066490173,0.7038453221321106,-0.041607942432165146,0.5661026835441589,0.7000945210456848,-0.012585246935486794,0.5754294991493225,0.7321545481681824,-0.013504842296242714,0.5999705195426941,0.7417213916778564,-0.019349053502082825,0.622406005859375,0.7394732236862183,-0.02588251419365406,0.5658780932426453,0.7551074028015137,-0.015176069922745228,0.5812196135520935,0.7740909457206726,-0.015589172020554543,0.602477490901947,0.77840256690979,-0.014903983101248741,0.623601496219635,0.7746930122375488,-0.016281835734844208,0.5715311765670776,0.8061932325363159,-0.018856745213270187,0.584124743938446,0.8179129362106323,-0.02022504433989525,0.6063597798347473,0.8171647787094116,-0.01588398404419422,0.6234967112541199,0.8129498958587646,-0.010886136442422867,Yes
0.7200740575790405,0.7739011645317078,-1.648847529622799e-07,0.701119065284729,0.6934386491775513,-0.004287931602448225,0.6681856513023376,0.6325001120567322,-0.01236866693943739,0.6397488117218018,0.5799664258956909,-0.021128511056303978,0.6297035813331604,0.5301921963691711,-0.030609216541051865,0.578123927116394,0.6499059200286865,-0.008712909184396267,0.5764030814170837,0.6824957728385925,-0.016373127698898315,0.6009935140609741,0.698591411113739,-0.02825859561562538,0.6229403614997864,0.7016471028327942,-0.0370098277926445,0.5648050308227539,0.7017725110054016,-0.011522735469043255,0.572866678237915,0.7286317944526672,-0.010502255521714687,0.5962571501731873,0.7377231121063232,-0.015547757968306541,0.6186043620109558,0.7367183566093445,-0.021992243826389313,0.5650190711021423,0.7561939358711243,-0.013680150732398033,0.5781741142272949,0.7708190679550171,-0.012808429077267647,0.5986460447311401,0.7756774425506592,-0.012059085071086884,0.6197530031204224,0.7734454870223999,-0.013723445124924183,0.5712637305259705,0.8065054416656494,-0.01683886907994747,0.5804500579833984,0.81609046459198,-0.01703629083931446,0.6012979745864868,0.8154935240745544,-0.012242156080901623,0.6183880567550659,0.8118551969528198,-0.007281463593244553,Yes
0.7207914590835571,0.7736492156982422,-1.799288895654172e-07,0.7024452090263367,0.6937461495399475,-0.00449259951710701,0.6701803207397461,0.6330439448356628,-0.013086549006402493,0.6404915452003479,0.581595242023468,-0.02225484885275364,0.6304933428764343,0.5309979319572449,-0.032138675451278687,0.5782882571220398,0.6510010361671448,-0.010435929521918297,0.5777071714401245,0.686099112033844,-0.018434643745422363,0.6031316518783569,0.7037424445152283,-0.02987382933497429,0.6251481175422668,0.7073876857757568,-0.03826480731368065,0.5650285482406616,0.7031420469284058,-0.013299225829541683,0.5746085047721863,0.731436014175415,-0.012606896460056305,0.5991008877754211,0.7419297099113464,-0.01719290018081665,0.621371328830719,0.7404404878616333,-0.02328518033027649,0.5653515458106995,0.7574726343154907,-0.015374940820038319,0.580440104007721,0.7725074887275696,-0.01499065849930048,0.6016374230384827,0.7779466509819031,-0.014046626165509224,0.6228512525558472,0.7750638723373413,-0.015492004342377186,0.5715936422348022,0.8075969815254211,-0.018405137583613396,0.5822484493255615,0.8174106478691101,-0.019072234630584717,0.6036012172698975,0.8171281814575195,-0.014352581463754177,0.6206700205802917,0.813019871711731,-0.009288928471505642,Yes
0.7075434327125549,0.7765550017356873,-1.2642195201806317e-07,0.6973956823348999,0.6918580532073975,-0.00704364525154233,0.6710882186889648,0.628089964389801,-0.014731098897755146,0.6431951522827148,0.5807937383651733,-0.022325055673718452,0.630135715007782,0.53350830078125,-0.02998104877769947,0.5780491232872009,0.6634729504585266,-0.007672009523957968,0.5886498093605042,0.6730583310127258,-0.013207724317908287,0.6097242832183838,0.6825842261314392,-0.024317631497979164,0.622365415096283,0.6885556578636169,-0.033388279378414154,0.5632985234260559,0.71452796459198,-0.008573256433010101,0.5800241231918335,0.7212883234024048,-0.0038473461754620075,0.5996423363685608,0.7253081202507019,-0.007793532684445381,0.6131575703620911,0.7292671799659729,-0.01535570714622736,0.5625212788581848,0.7643937468528748,-0.009345239959657192,0.5813376307487488,0.7648887634277344,-0.006273555103689432,0.5997611880302429,0.7660009264945984,-0.005813986994326115,0.6140925288200378,0.767814040184021,-0.009335522539913654,0.5680978298187256,0.8099371194839478,-0.011358237825334072,0.582890510559082,0.8080687522888184,-0.009965488687157631,0.6015897393226624,0.8053942918777466,-0.00568363955244422,0.6140666007995605,0.8060293197631836,-0.0027354189660400152,Yes
0.7024565935134888,0.7805061936378479,-1.4438190021337505e-07,0.6932468414306641,0.6949449777603149,-0.00721099553629756,0.6676684021949768,0.6317948698997498,-0.014762768521904945,0.6403906941413879,0.5852514505386353,-0.02233240194618702,0.6277066469192505,0.53882896900177,-0.030083801597356796,0.5739237666130066,0.6675674915313721,-0.008699017576873302,0.5890833735466003,0.6752305030822754,-0.01558622345328331,0.6108031272888184,0.6852724552154541,-0.027572985738515854,0.6234811544418335,0.6929702758789062,-0.03718961402773857,0.5592668056488037,0.7192139625549316,-0.010093949735164642,0.5784814357757568,0.7242080569267273,-0.007470621261745691,0.5988478064537048,0.7288454174995422,-0.012402190826833248,0.6129759550094604,0.7349973917007446,-0.020291872322559357,0.5591380596160889,0.769655704498291,-0.011391795240342617,0.5800395607948303,0.7696402072906494,-0.010416337288916111,0.5989440083503723,0.7707206010818481,-0.010764514096081257,0.6133347153663635,0.7733281254768372,-0.014377957209944725,0.5658200979232788,0.8160324096679688,-0.013900856487452984,0.5824167728424072,0.8140859603881836,-0.014451080933213234,0.6016319990158081,0.8104267120361328,-0.011069812811911106,0.61444091796875,0.8104797601699829,-0.008489176630973816,Yes
0.7040255069732666,0.7856959104537964,-1.5629359495505923e-07,0.6942955851554871,0.7010512948036194,-0.007035719696432352,0.6672143340110779,0.6365301609039307,-0.014304079115390778,0.639014482498169,0.588474690914154,-0.021372027695178986,0.6253726482391357,0.5417525768280029,-0.02859271690249443,0.5734134912490845,0.6709678769111633,-0.008962946943938732,0.5877875089645386,0.681175947189331,-0.014865092933177948,0.609535276889801,0.6908367276191711,-0.025977671146392822,0.6219292283058167,0.6969404816627502,-0.035035185515880585,0.5585323572158813,0.7221750020980835,-0.009881728328764439,0.577540934085846,0.7299293279647827,-0.005738656502217054,0.5980266332626343,0.7343689799308777,-0.009844343177974224,0.6117710471153259,0.7390801906585693,-0.017443085089325905,0.5583181977272034,0.7722516059875488,-0.010547571815550327,0.5796538591384888,0.7746780514717102,-0.008612926118075848,0.5985816717147827,0.7753058671951294,-0.008731307461857796,0.6128690242767334,0.7767196297645569,-0.012342757545411587,0.5646593570709229,0.8184208869934082,-0.01232948899269104,0.5805462598800659,0.8170458078384399,-0.012091786600649357,0.5996510982513428,0.8133684396743774,-0.00820962991565466,0.6126179099082947,0.8133513331413269,-0.005329336505383253,Yes
0.7038950324058533,0.7894457578659058,-1.5450579837761325e-07,0.6937260627746582,0.7037748098373413,-0.008339840918779373,0.6670597195625305,0.6390010118484497,-0.016408361494541168,0.6389188170433044,0.5912461280822754,-0.024114519357681274,0.6251919865608215,0.5439298152923584,-0.031840331852436066,0.5725220441818237,0.6731040477752686,-0.010098877362906933,0.5879821181297302,0.6827146410942078,-0.01660100743174553,0.6106135845184326,0.6918860077857971,-0.028166742995381355,0.6231229305267334,0.6972439885139465,-0.037692900747060776,0.5575024485588074,0.7244744300842285,-0.01080870721489191,0.5782530903816223,0.732041597366333,-0.00795217975974083,0.5992215871810913,0.7359734773635864,-0.012845880351960659,0.6123798489570618,0.7404363751411438,-0.020863305777311325,0.5572336912155151,0.7748733758926392,-0.011405113153159618,0.5793960094451904,0.7774472832679749,-0.010421069338917732,0.5984426140785217,0.7771328091621399,-0.010927194729447365,0.6117251515388489,0.7781509160995483,-0.014738633297383785,0.5637104511260986,0.8212378621101379,-0.01324748806655407,0.5804073214530945,0.8194855451583862,-0.013735509477555752,0.5993420481681824,0.81520676612854,-0.01030595414340496,0.6112104058265686,0.8152685165405273,-0.007721595466136932,Yes
0.7042775750160217,0.7941739559173584,-1.222967966896249e-07,0.6936478614807129,0.7090739607810974,-0.007775492966175079,0.6662479639053345,0.6448651552200317,-0.01546479295939207,0.6373694539070129,0.5970765352249146,-0.02297528088092804,0.6243825554847717,0.550032913684845,-0.030422015115618706,0.5734624862670898,0.6788951754570007,-0.00767151452600956,0.5838837027549744,0.686203122138977,-0.014404536224901676,0.6054463386535645,0.696342945098877,-0.026425056159496307,0.6184880137443542,0.7036229372024536,-0.0360010601580143,0.5582795143127441,0.7303170561790466,-0.008383122272789478,0.5748471021652222,0.7345432639122009,-0.005454785190522671,0.5951265096664429,0.738800048828125,-0.010413632728159428,0.6087734699249268,0.7444911599159241,-0.01817677542567253,0.5573182702064514,0.7807399034500122,-0.009175514802336693,0.5772283673286438,0.7798089981079102,-0.007619417272508144,0.5955774784088135,0.7805801630020142,-0.008042442612349987,0.6093876957893372,0.7833843231201172,-0.01169502642005682,0.5632719993591309,0.8267059922218323,-0.011239491403102875,0.5795795917510986,0.8234035968780518,-0.010997962206602097,0.5983665585517883,0.8202196955680847,-0.0076406896114349365,0.610352098941803,0.8213121891021729,-0.005101156421005726,Yes
0.705475926399231,0.7962594032287598,-1.4057698649594386e-07,0.6943643093109131,0.7112168073654175,-0.008249820210039616,0.6670882701873779,0.6470106840133667,-0.016702977940440178,0.638141393661499,0.5982073545455933,-0.024642251431941986,0.6246470212936401,0.5495026111602783,-0.032457903027534485,0.5724815726280212,0.6771835684776306,-0.010410083457827568,0.5852527618408203,0.6874539256095886,-0.01645147241652012,0.6084612011909485,0.6979731917381287,-0.02745572291314602,0.6220475435256958,0.7042308449745178,-0.03645293042063713,0.5568850040435791,0.7286279797554016,-0.010728728957474232,0.5753044486045837,0.7353092432022095,-0.006675213109701872,0.5965033769607544,0.7401836514472961,-0.010668055154383183,0.6106356382369995,0.7453333735466003,-0.0181487537920475,0.5562226176261902,0.7795155048370361,-0.01085633598268032,0.5774821043014526,0.7808796167373657,-0.008438204415142536,0.5965840220451355,0.7815336585044861,-0.008248251862823963,0.6110683679580688,0.7833426594734192,-0.011741496622562408,0.5624904632568359,0.8263733983039856,-0.012230164371430874,0.5786357522010803,0.8239350318908691,-0.011340836994349957,0.5979307293891907,0.8197054862976074,-0.007275972981005907,0.6109889149665833,0.8198354840278625,-0.004262290894985199,Yes
0.7046768665313721,0.7952557802200317,-1.4929435110389022e-07,0.6924269199371338,0.7100130915641785,-0.007671823259443045,0.6652277708053589,0.6458683013916016,-0.016053371131420135,0.6370861530303955,0.5974233746528625,-0.024180227890610695,0.623135507106781,0.5496870279312134,-0.03222903981804848,0.5702257752418518,0.6785043478012085,-0.009752072393894196,0.5840616822242737,0.6888707876205444,-0.016691887751221657,0.607001006603241,0.698232889175415,-0.028683168813586235,0.620363712310791,0.7035484313964844,-0.03832770138978958,0.555780291557312,0.7298593521118164,-0.01079651340842247,0.5755776762962341,0.7371622323989868,-0.0075867557898163795,0.5965946912765503,0.7415521144866943,-0.012165813706815243,0.6101951003074646,0.7460031509399414,-0.020062115043401718,0.5561283230781555,0.7806195616722107,-0.011731772683560848,0.5779343843460083,0.7819675207138062,-0.010160437785089016,0.5967280864715576,0.782675564289093,-0.010034984908998013,0.6103898286819458,0.7840811014175415,-0.013537151739001274,0.5634191036224365,0.8275267481803894,-0.01390439085662365,0.5791082978248596,0.8253769278526306,-0.013802539557218552,0.5981811285018921,0.821578323841095,-0.00971949566155672,0.6104604005813599,0.8216413259506226,-0.006669949274510145,Yes
0.7079771757125854,0.7949061989784241,-1.471084942750167e-07,0.6942185759544373,0.71159827709198,-0.005647316109389067,0.6655758023262024,0.6487029790878296,-0.012980512343347073,0.6371113061904907,0.6000052690505981,-0.020482446998357773,0.6245564222335815,0.5527177453041077,-0.027968062087893486,0.572145402431488,0.6804888844490051,-0.007336585782468319,0.5820005536079407,0.691939115524292,-0.013023339211940765,0.605307936668396,0.70256507396698,-0.023843437433242798,0.6206858158111572,0.7087885141372681,-0.03248993307352066,0.5578573346138,0.7316232323646545,-0.008783834055066109,0.5755959153175354,0.7405540347099304,-0.004297602456063032,0.5968105792999268,0.7452808022499084,-0.00830239336937666,0.6118528842926025,0.7490523457527161,-0.015680106356739998,0.5579917430877686,0.7823213934898376,-0.009921330027282238,0.5782830119132996,0.7849484086036682,-0.006869679316878319,0.5972606539726257,0.7858361005783081,-0.006578122265636921,0.6124967932701111,0.7868558764457703,-0.009943777695298195,0.5649403929710388,0.829137921333313,-0.012133774347603321,0.5796105861663818,0.8282902240753174,-0.01061217486858368,0.5988583564758301,0.8245682716369629,-0.006196244619786739,0.6124261021614075,0.8238656520843506,-0.002832618076354265,Yes
0.7046003937721252,0.794438362121582,-1.3810776522404922e-07,0.6925429105758667,0.7103109359741211,-0.007942876778542995,0.6654191613197327,0.6463496685028076,-0.01610482670366764,0.6375903487205505,0.5975438356399536,-0.02397274039685726,0.6226251721382141,0.5519286394119263,-0.03176996856927872,0.5730946660041809,0.6786796450614929,-0.010624978691339493,0.5830508470535278,0.6888465881347656,-0.017321953549981117,0.6065289378166199,0.6985589861869812,-0.028674716129899025,0.6206662654876709,0.7038558721542358,-0.03782067447900772,0.5580998659133911,0.7293292880058289,-0.011281980201601982,0.5761078596115112,0.7373281717300415,-0.007838111370801926,0.5974705219268799,0.741661787033081,-0.011971554718911648,0.6113235354423523,0.745526909828186,-0.01959248259663582,0.5574473738670349,0.7798537015914917,-0.011835264042019844,0.5784933567047119,0.7817113995552063,-0.010114624164998531,0.5977523326873779,0.7825174331665039,-0.009654673747718334,0.611981987953186,0.7838549613952637,-0.012904929928481579,0.5632437467575073,0.8265972137451172,-0.013604576699435711,0.5782976150512695,0.8245052099227905,-0.013388845138251781,0.5972575545310974,0.8210225105285645,-0.009175722487270832,0.6096518039703369,0.8213345408439636,-0.005998724140226841,Yes
0.7107417583465576,0.7918761968612671,-1.485681764279434e-07,0.6975810527801514,0.7082801461219788,-0.006343399174511433,0.667313277721405,0.6434898972511292,-0.013440823182463646,0.6382174491882324,0.5955058336257935,-0.020451562479138374,0.6247161626815796,0.5493027567863464,-0.027359044179320335,0.5745128393173218,0.6773568987846375,-0.007998195476830006,0.5847310423851013,0.6873741745948792,-0.013508192263543606,0.6078200340270996,0.696546733379364,-0.02417648397386074,0.6214845180511475,0.7011789083480835,-0.032948050647974014,0.5592092275619507,0.7279565334320068,-0.009228036738932133,0.5769190788269043,0.7356394529342651,-0.004315532743930817,0.5983226299285889,0.7398905158042908,-0.007464398629963398,0.6122779846191406,0.7430799007415771,-0.014358445070683956,0.55893874168396,0.7787177562713623,-0.010253776796162128,0.5791823267936707,0.7806805968284607,-0.0074383835308253765,0.5989475846290588,0.7812392711639404,-0.006386586464941502,0.6135645508766174,0.7815284132957458,-0.009282301180064678,0.5655264854431152,0.825783908367157,-0.012406843714416027,0.5806080102920532,0.8253790736198425,-0.011348696425557137,0.6001721620559692,0.8208217620849609,-0.0066139353439211845,0.613149881362915,0.8194888234138489,-0.0030599527526646852,Yes
0.7072131037712097,0.7896165251731873,-1.326385898892113e-07,0.6949096918106079,0.7045796513557434,-0.007521048653870821,0.6666637659072876,0.6406934857368469,-0.015334007330238819,0.6377245783805847,0.5930942893028259,-0.022977253422141075,0.6239858269691467,0.5451822280883789,-0.03047299012541771,0.5719420909881592,0.673622190952301,-0.008052979595959187,0.5824951529502869,0.6852498650550842,-0.014003202319145203,0.6048715710639954,0.6949426531791687,-0.025059856474399567,0.6191830635070801,0.6997411847114563,-0.03406672552227974,0.5566187500953674,0.7252475023269653,-0.0090766791254282,0.5735228657722473,0.7339754700660706,-0.005156408529728651,0.5942664742469788,0.738007128238678,-0.009117750450968742,0.6088533401489258,0.7407553791999817,-0.01632397249341011,0.5565773248672485,0.7767829895019531,-0.010043282993137836,0.5766763687133789,0.7801954746246338,-0.007845183834433556,0.5957411527633667,0.7806941270828247,-0.00756682688370347,0.6102764010429382,0.7801921963691711,-0.010898785665631294,0.5637217164039612,0.8242805004119873,-0.012281514704227448,0.579818069934845,0.8262135982513428,-0.01191792730242014,0.5993325114250183,0.8223369121551514,-0.008036688901484013,0.6124030947685242,0.8204936385154724,-0.005003071390092373,Yes
0.7092002630233765,0.7815350890159607,-1.409835732602005e-07,0.6966127753257751,0.6973855495452881,-0.00622349651530385,0.6677892208099365,0.6353168487548828,-0.013407492078840733,0.6378828287124634,0.5879753828048706,-0.020711859688162804,0.6228861808776855,0.5406724214553833,-0.02792726643383503,0.5713592171669006,0.66722571849823,-0.005516841076314449,0.5806484818458557,0.6790977716445923,-0.010731817223131657,0.6029244065284729,0.6891894340515137,-0.021541623398661613,0.6173294186592102,0.6938726305961609,-0.030310645699501038,0.5559293031692505,0.718384325504303,-0.006893742363899946,0.5721590518951416,0.7290348410606384,-0.0016709064366295934,0.5933297872543335,0.7333724498748779,-0.00511024659499526,0.6085164546966553,0.7348814606666565,-0.012012260966002941,0.5559096336364746,0.7702140212059021,-0.008241944015026093,0.5761054158210754,0.7746120095252991,-0.0052093383856117725,0.5961481332778931,0.7754620313644409,-0.004482116550207138,0.6117048859596252,0.7742623090744019,-0.0075058601796627045,0.5628147721290588,0.8180577754974365,-0.010781180113554,0.5777868032455444,0.8207134008407593,-0.009451926685869694,0.5974060893058777,0.8177748918533325,-0.004871575627475977,0.6108765602111816,0.8162367939949036,-0.001380227506160736,Yes
0.7092758417129517,0.7834734916687012,-1.1538416799794504e-07,0.6957669258117676,0.6980249285697937,-0.0069575235247612,0.6675587892532349,0.6352192163467407,-0.014666091650724411,0.6373026371002197,0.5873103141784668,-0.02215968444943428,0.6217746734619141,0.5393400192260742,-0.02925197035074234,0.573391854763031,0.6672875881195068,-0.007751666475087404,0.5768944621086121,0.6788129210472107,-0.012412232346832752,0.598973274230957,0.6890087127685547,-0.021768275648355484,0.6142195463180542,0.6939683556556702,-0.02932640165090561,0.5573498010635376,0.7182859778404236,-0.008243966847658157,0.5681195259094238,0.7265235185623169,-0.002573238452896476,0.5883382558822632,0.7314193248748779,-0.004854065831750631,0.6043610572814941,0.7343003749847412,-0.01073068380355835,0.5564186573028564,0.76996910572052,-0.008565041236579418,0.5726383924484253,0.7722883820533752,-0.00428412901237607,0.5913691520690918,0.7740526795387268,-0.002608615905046463,0.6075876355171204,0.7742505669593811,-0.005081137176603079,0.5626263618469238,0.8174912929534912,-0.010126705281436443,0.575584888458252,0.8179802894592285,-0.007719262503087521,0.5945884585380554,0.8153235912322998,-0.00266513810493052,0.6084981560707092,0.8144197463989258,0.0012000971473753452,Yes
0.7055473923683167,0.7824835777282715,-1.3744360671807954e-07,0.6921302080154419,0.6977066993713379,-0.006445558741688728,0.6634394526481628,0.6351990699768066,-0.014131050556898117,0.6348724365234375,0.5871707201004028,-0.022223977372050285,0.6207751631736755,0.5383025407791138,-0.03037087619304657,0.5678340196609497,0.6688738465309143,-0.0058376663364470005,0.5737108588218689,0.6829388737678528,-0.013128071092069149,0.5963737368583679,0.692766547203064,-0.02556469850242138,0.6124606728553772,0.6961045265197754,-0.035058438777923584,0.5536572337150574,0.7202367186546326,-0.007468672934919596,0.5681891441345215,0.7316290736198425,-0.004193783737719059,0.589537501335144,0.7353402972221375,-0.008918920531868935,0.6054773926734924,0.7362037301063538,-0.016270028427243233,0.5543620586395264,0.772041916847229,-0.009233986958861351,0.5734900832176208,0.7765220999717712,-0.007304402533918619,0.5929176807403564,0.7768160104751587,-0.007071097381412983,0.6083715558052063,0.775215208530426,-0.010105405934154987,0.561762809753418,0.8197920918464661,-0.012287932448089123,0.5764570832252502,0.8219929337501526,-0.011527678929269314,0.5958635807037354,0.8179875016212463,-0.007207694463431835,0.6089321374893188,0.8155415058135986,-0.003716130508109927,Yes
0.7775471210479736,0.6711285710334778,-2.8597392542906164e-07,0.75469571352005,0.5651223063468933,-0.007270490285009146,0.7098102569580078,0.47865602374076843,-0.018523704260587692,0.6677651405334473,0.41612303256988525,-0.030183659866452217,0.6483936309814453,0.35367870330810547,-0.04246978461742401,0.5822343230247498,0.5198810696601868,-0.013565123081207275,0.6025177836418152,0.5540114045143127,-0.024693913757801056,0.6361063718795776,0.5739797353744507,-0.04127734526991844,0.6596776247024536,0.581802487373352,-0.05368310213088989,0.5628833174705505,0.5906867384910583,-0.01670740358531475,0.5961400270462036,0.6191369295120239,-0.015763510018587112,0.6286250352859497,0.6302564740180969,-0.023920679464936256,0.6546951532363892,0.6317110061645508,-0.03441653028130531,0.5621871948242188,0.6622045040130615,-0.01900222897529602,0.5980299711227417,0.6776208877563477,-0.01845444180071354,0.6264762878417969,0.6817227602005005,-0.01977643556892872,0.6520581245422363,0.6794635653495789,-0.02463414892554283,0.5702417492866516,0.7294526696205139,-0.022784873843193054,0.5985565185546875,0.7387098670005798,-0.024547584354877472,0.6279355883598328,0.7364112138748169,-0.021136732771992683,0.6487262845039368,0.73335200548172,-0.017393609508872032,Yes
0.7788012027740479,0.6751068234443665,-2.4161275291589845e-07,0.7541852593421936,0.5669634342193604,-0.007830637507140636,0.7093890309333801,0.47899535298347473,-0.01962917298078537,0.665376603603363,0.4152446687221527,-0.031130636110901833,0.6469470262527466,0.3510536551475525,-0.04264405742287636,0.5812723636627197,0.5248428583145142,-0.01673824153840542,0.5974098443984985,0.5470723509788513,-0.025187378749251366,0.6324588060379028,0.5625129342079163,-0.038830310106277466,0.6576185822486877,0.5709288716316223,-0.04947471618652344,0.5635588765144348,0.5989925861358643,-0.019085846841335297,0.592022180557251,0.615172266960144,-0.015896273776888847,0.6247406005859375,0.6246063709259033,-0.022110790014266968,0.6508305072784424,0.6295880079269409,-0.03161714971065521,0.564300000667572,0.6713483333587646,-0.02015022747218609,0.5946506857872009,0.6753814816474915,-0.016763893887400627,0.6220105886459351,0.6794081926345825,-0.01588926464319229,0.6477331519126892,0.6817059516906738,-0.019641289487481117,0.573733925819397,0.7381965517997742,-0.02268117293715477,0.5944228768348694,0.7369921207427979,-0.02090270072221756,0.6226049661636353,0.735206663608551,-0.014395182952284813,0.6444536447525024,0.7369796633720398,-0.00877347681671381,Yes
0.7820255160331726,0.669886589050293,-2.778078282972274e-07,0.7567477226257324,0.5620240569114685,-0.004094109870493412,0.7112236022949219,0.4766126275062561,-0.014003962278366089,0.6678192615509033,0.41426295042037964,-0.024646641686558723,0.6488293409347534,0.3516632616519928,-0.03571763262152672,0.5829994678497314,0.5227463245391846,-0.012228226289153099,0.5991947054862976,0.5487155914306641,-0.0199194997549057,0.6336941123008728,0.5657001733779907,-0.03332951292395592,0.6591774225234985,0.5735030174255371,-0.04375895485281944,0.5647760629653931,0.5967748165130615,-0.016059458255767822,0.5955948233604431,0.6173160672187805,-0.011409307830035686,0.6285312175750732,0.6270580887794495,-0.01712350733578205,0.6548726558685303,0.6290239691734314,-0.026471197605133057,0.5657546520233154,0.6695045232772827,-0.018429715186357498,0.5981751680374146,0.6766997575759888,-0.014115439727902412,0.6262962222099304,0.680628776550293,-0.013221126049757004,0.6527372598648071,0.6804122924804688,-0.017170719802379608,0.5754954814910889,0.7367825508117676,-0.02199007198214531,0.5993227362632751,0.7393584847450256,-0.019821811467409134,0.6284229755401611,0.7366166710853577,-0.01352082472294569,0.6506643295288086,0.7353911399841309,-0.008112715557217598,Yes
0.7879428267478943,0.6693397760391235,-2.765708302376879e-07,0.7605438828468323,0.5643742680549622,-0.00577727472409606,0.7114556431770325,0.4790077805519104,-0.017027389258146286,0.6670777797698975,0.41591089963912964,-0.02915111742913723,0.6498146057128906,0.3490901589393616,-0.04185641184449196,0.584435224533081,0.5209503769874573,-0.012005013413727283,0.6034266948699951,0.5521223545074463,-0.023248527199029922,0.6377999186515808,0.5696477293968201,-0.040431492030620575,0.6616238951683044,0.5760435461997986,-0.053487371653318405,0.5660312175750732,0.594490110874176,-0.016483869403600693,0.6005482077598572,0.62177574634552,-0.015499231405556202,0.6334954500198364,0.6305595636367798,-0.024112500250339508,0.6588742733001709,0.6294980049133301,-0.034981150180101395,0.5665299296379089,0.6680883765220642,-0.020053181797266006,0.6023607850074768,0.681354820728302,-0.019290966913104057,0.6304763555526733,0.6844056248664856,-0.020750341936945915,0.6553045511245728,0.6808224320411682,-0.025831880047917366,0.5758317708969116,0.7365063428878784,-0.02503649704158306,0.6031197905540466,0.7457902431488037,-0.026443300768733025,0.6333014369010925,0.7422858476638794,-0.022435342893004417,0.6549880504608154,0.7377354502677917,-0.018235348165035248,Yes
0.7818408012390137,0.6664878129959106,-2.4230834583249816e-07,0.7551717758178711,0.5596690773963928,-0.004037364386022091,0.7108301520347595,0.47588425874710083,-0.01404135674238205,0.6678584814071655,0.41426989436149597,-0.025310825556516647,0.6481690406799316,0.3524883985519409,-0.03692764416337013,0.583238422870636,0.5221777558326721,-0.007219583727419376,0.5917609930038452,0.5467562675476074,-0.015328677371144295,0.6259738802909851,0.564484715461731,-0.02967473305761814,0.6532160043716431,0.5702914595603943,-0.040488675236701965,0.5646589994430542,0.5955294370651245,-0.011166339740157127,0.5894684791564941,0.6182616949081421,-0.007421600166708231,0.6226544976234436,0.6273847818374634,-0.01400322001427412,0.6506291627883911,0.6251072287559509,-0.023012813180685043,0.5654928088188171,0.6684627532958984,-0.014230111613869667,0.595314085483551,0.680097758769989,-0.010698984377086163,0.6235347986221313,0.6833189129829407,-0.01146803516894579,0.6502875089645386,0.6780957579612732,-0.01589275151491165,0.5751125812530518,0.7349618077278137,-0.018494296818971634,0.5993846654891968,0.7450469732284546,-0.016953207552433014,0.6287819743156433,0.7425650358200073,-0.012224121019244194,0.6513618230819702,0.7371395230293274,-0.00758393807336688,Yes
0.7883740663528442,0.6701635122299194,-2.4448846147606673e-07,0.7592799663543701,0.564666748046875,-0.0035291220992803574,0.7124179005622864,0.4792581796646118,-0.013726617209613323,0.6679822206497192,0.41557058691978455,-0.02490292489528656,0.6481092572212219,0.35238033533096313,-0.036215852946043015,0.5827670097351074,0.5247901082038879,-0.009372483938932419,0.5932033061981201,0.5479013323783875,-0.017234735190868378,0.6275455355644226,0.5648952126502991,-0.031309179961681366,0.6541078090667725,0.5716658234596252,-0.042100682854652405,0.5640588998794556,0.5987588763237,-0.013718856498599052,0.5897548198699951,0.6192994713783264,-0.009223215281963348,0.6227827072143555,0.6285297870635986,-0.01479740347713232,0.6507258415222168,0.6285683512687683,-0.02356690727174282,0.5646262764930725,0.6723591089248657,-0.016858365386724472,0.5946793556213379,0.6810499429702759,-0.012099269777536392,0.6229996681213379,0.6849249005317688,-0.011092030443251133,0.6504082679748535,0.6821601390838623,-0.01478766929358244,0.5747169256210327,0.739479124546051,-0.021259231492877007,0.5984998941421509,0.7460764646530151,-0.01871948130428791,0.6277340054512024,0.7438749074935913,-0.012634024024009705,0.6503233909606934,0.7404822707176208,-0.0071667893789708614,Yes
0.7788670063018799,0.674072802066803,-2.2925645737359446e-07,0.7531222105026245,0.5661674737930298,-0.005176750011742115,0.7084994316101074,0.48076626658439636,-0.01573919877409935,0.6647494435310364,0.41696596145629883,-0.027078358456492424,0.644625723361969,0.35405945777893066,-0.03878962993621826,0.5807086825370789,0.5274022817611694,-0.010947946459054947,0.5928564071655273,0.5507685542106628,-0.01941227912902832,0.6269904375076294,0.5674348473548889,-0.03409164771437645,0.6526081562042236,0.5745965242385864,-0.04513299837708473,0.5623295903205872,0.6018249988555908,-0.014222506433725357,0.5875346064567566,0.6200482845306396,-0.010117909871041775,0.6200529336929321,0.6287071704864502,-0.01652253232896328,0.6471080183982849,0.6305757761001587,-0.02603759430348873,0.5626200437545776,0.67535001039505,-0.01643376797437668,0.592475414276123,0.6825430989265442,-0.01216794177889824,0.6205555200576782,0.6858875155448914,-0.012094805017113686,0.6473495364189148,0.684650182723999,-0.01645120419561863,0.5715209245681763,0.7426245808601379,-0.01995675638318062,0.5949446558952332,0.7441939115524292,-0.01730983331799507,0.6236467361450195,0.7417412996292114,-0.011603696271777153,0.6457167267799377,0.7400916814804077,-0.006758176721632481,Yes
0.7772700786590576,0.6712750196456909,-2.413453330518678e-07,0.752245306968689,0.5632181763648987,-0.005847986321896315,0.7081900238990784,0.4778657853603363,-0.016520865261554718,0.664909839630127,0.41572660207748413,-0.02785855159163475,0.645415723323822,0.35434669256210327,-0.039445072412490845,0.580602765083313,0.5259297490119934,-0.013808362185955048,0.5904406309127808,0.5489869117736816,-0.022877952083945274,0.624523937702179,0.5658285021781921,-0.03660961985588074,0.6514970064163208,0.5727611780166626,-0.047002218663692474,0.5620149374008179,0.601237416267395,-0.01713491603732109,0.5873847007751465,0.6217791438102722,-0.014065694063901901,0.6204043030738831,0.6307965517044067,-0.01949862204492092,0.6480735540390015,0.6302257776260376,-0.028128962963819504,0.563030481338501,0.6754034757614136,-0.019409898668527603,0.5932741165161133,0.6850907802581787,-0.016783136874437332,0.6212430000305176,0.6886985301971436,-0.016252432018518448,0.6480097770690918,0.6856078505516052,-0.019945647567510605,0.5728464126586914,0.7432838678359985,-0.02298332378268242,0.5967371463775635,0.7506581544876099,-0.02226071245968342,0.6259573101997375,0.7477087378501892,-0.016900628805160522,0.648563027381897,0.743671178817749,-0.011868392117321491,Yes
0.7799543738365173,0.6742913722991943,-2.561921519372845e-07,0.75456702709198,0.5648890733718872,-0.0052619813941419125,0.7077944278717041,0.4780563414096832,-0.0155487060546875,0.6630873680114746,0.41430559754371643,-0.02660314366221428,0.6432052850723267,0.3528306186199188,-0.037982307374477386,0.5816397666931152,0.5272872447967529,-0.01287111546844244,0.5931596159934998,0.5477991104125977,-0.02224346250295639,0.6269339323043823,0.5641021132469177,-0.03701489791274071,0.6524197459220886,0.5723095536231995,-0.04815744608640671,0.5623382925987244,0.6031106114387512,-0.016591157764196396,0.5880550146102905,0.6203280687332153,-0.013319417834281921,0.620611310005188,0.6288243532180786,-0.01936080865561962,0.6467924118041992,0.6304232478141785,-0.028632808476686478,0.5627244710922241,0.6775158643722534,-0.01921716518700123,0.5917414426803589,0.6837134957313538,-0.01589433290064335,0.6201021671295166,0.6864201426506042,-0.015193484723567963,0.6464009284973145,0.6845827102661133,-0.019127873703837395,0.5723889470100403,0.7455519437789917,-0.023117976263165474,0.5956937670707703,0.7478219270706177,-0.021597769111394882,0.6249673962593079,0.743648111820221,-0.015609785914421082,0.6473098397254944,0.7404696345329285,-0.01042463630437851,Yes
0.7879120111465454,0.6751620769500732,-2.7767353572016873e-07,0.7595816850662231,0.5685365200042725,-0.003418178530409932,0.7066871523857117,0.4827684164047241,-0.012927248142659664,0.6606301069259644,0.4175437092781067,-0.023898793384432793,0.6432697772979736,0.3520631790161133,-0.03559817373752594,0.5827270746231079,0.5261613130569458,-0.007747921627014875,0.5933464765548706,0.5540835857391357,-0.01815659925341606,0.6262671947479248,0.5718434453010559,-0.035393454134464264,0.6516584753990173,0.577462911605835,-0.04828741401433945,0.5636159181594849,0.6001040935516357,-0.012706976383924484,0.5918307900428772,0.6276231408119202,-0.009741612710058689,0.624358057975769,0.6362022161483765,-0.01691984012722969,0.6506149768829346,0.6330910921096802,-0.026797808706760406,0.563427209854126,0.6748101115226746,-0.0168951116502285,0.5949117541313171,0.6887126564979553,-0.013771924190223217,0.6235417127609253,0.6913067698478699,-0.013704617507755756,0.6497003436088562,0.6850267052650452,-0.017915695905685425,0.5717356204986572,0.7438686490058899,-0.022458381950855255,0.5967046618461609,0.753844678401947,-0.021378567442297935,0.6269016861915588,0.7504891157150269,-0.01596716046333313,0.6491162776947021,0.7444926500320435,-0.010924065485596657,Yes
0.7775098085403442,0.6753450036048889,-2.3059841680606041e-07,0.7498514652252197,0.5656647682189941,-0.0035870803985744715,0.7033022046089172,0.479683518409729,-0.013205751776695251,0.657992422580719,0.41663962602615356,-0.02362637035548687,0.6358982920646667,0.35659295320510864,-0.03433958441019058,0.5765504240989685,0.52744460105896,-0.011811693198978901,0.5883499383926392,0.5499592423439026,-0.01859377510845661,0.6222591400146484,0.5653675198554993,-0.030890069901943207,0.6487087607383728,0.5721747875213623,-0.04055781289935112,0.5577327609062195,0.6048178672790527,-0.01583218015730381,0.5825885534286499,0.623162567615509,-0.010647407732903957,0.6154077649116516,0.6318638324737549,-0.015111039392650127,0.6437088847160339,0.6327487826347351,-0.02340061031281948,0.5588708519935608,0.6812673807144165,-0.018355179578065872,0.5853012800216675,0.6884483098983765,-0.013030193746089935,0.6138696074485779,0.6923418641090393,-0.010836048051714897,0.6420639753341675,0.6907238960266113,-0.014099794439971447,0.5700995326042175,0.7506051063537598,-0.022009100764989853,0.5915748476982117,0.7556918859481812,-0.019291264936327934,0.6206881403923035,0.7517029643058777,-0.012497048825025558,0.6435350775718689,0.7479144334793091,-0.006760766264051199,Yes
0.7783437967300415,0.6733173131942749,-2.424194462946616e-07,0.7515848278999329,0.5665417313575745,-0.005761388223618269,0.7053585052490234,0.4809580147266388,-0.016543149948120117,0.6599941849708557,0.41710174083709717,-0.02766648679971695,0.63719242811203,0.35549017786979675,-0.03904706612229347,0.5755109786987305,0.5287571549415588,-0.014631378464400768,0.5861835479736328,0.5519827604293823,-0.023746555671095848,0.6205105185508728,0.5687651634216309,-0.03783472254872322,0.6474798917770386,0.5756397843360901,-0.04832913726568222,0.5568552613258362,0.605682373046875,-0.017697809264063835,0.5822271108627319,0.6263735890388489,-0.013682637363672256,0.6153605580329895,0.6351516246795654,-0.01893218606710434,0.643184244632721,0.6350761651992798,-0.027819223701953888,0.5585207343101501,0.6820101141929626,-0.019612262025475502,0.5888589024543762,0.6912739276885986,-0.015774987637996674,0.616989016532898,0.6940737962722778,-0.01519943866878748,0.644099235534668,0.6909885406494141,-0.019419671967625618,0.5696099400520325,0.7515912055969238,-0.022797366604208946,0.5940603613853455,0.7569575905799866,-0.021112613379955292,0.6233747005462646,0.753143310546875,-0.015641778707504272,0.6458089351654053,0.7493900060653687,-0.010865823365747929,Yes
0.7777547836303711,0.6730710864067078,-2.5284771254519e-07,0.7501037120819092,0.5645350217819214,-0.0056790863163769245,0.7035280466079712,0.4792211949825287,-0.01693946309387684,0.6587110757827759,0.41532015800476074,-0.028982440009713173,0.6381790041923523,0.35262760519981384,-0.041408054530620575,0.5762642621994019,0.5247761011123657,-0.014069178141653538,0.5887545943260193,0.5520628690719604,-0.02412157878279686,0.6231400966644287,0.5693174600601196,-0.038984980434179306,0.6505709290504456,0.5762990713119507,-0.050071269273757935,0.5575592517852783,0.6012426614761353,-0.018002212047576904,0.5850322246551514,0.6251828074455261,-0.016065575182437897,0.6181907057762146,0.6345179080963135,-0.022615373134613037,0.6464189291000366,0.6339877843856812,-0.031921204179525375,0.55885249376297,0.677619457244873,-0.02078450657427311,0.5883356928825378,0.6884740591049194,-0.01860477402806282,0.6166607141494751,0.6925268769264221,-0.01806553080677986,0.6441895961761475,0.689163088798523,-0.021844783797860146,0.56962651014328,0.7476867437362671,-0.02485717460513115,0.593580961227417,0.7555072903633118,-0.024898767471313477,0.6228489279747009,0.7526140213012695,-0.019639013335108757,0.6449967622756958,0.7480560541152954,-0.014543241821229458,Yes
0.7802654504776001,0.6733534336090088,-2.72644001597655e-07,0.7524532079696655,0.5645444393157959,-0.008091559633612633,0.7029868960380554,0.47902145981788635,-0.020021360367536545,0.6575802564620972,0.41495680809020996,-0.03206126019358635,0.6368078589439392,0.35160690546035767,-0.04436328634619713,0.5767306685447693,0.5259507298469543,-0.017567433416843414,0.5895018577575684,0.5546750426292419,-0.02950926497578621,0.6243160367012024,0.5720674395561218,-0.04564362019300461,0.6516575217247009,0.5785638689994812,-0.057413797825574875,0.557736873626709,0.6027286648750305,-0.020461151376366615,0.5851085186004639,0.6294787526130676,-0.01970718242228031,0.618970513343811,0.6381856203079224,-0.026074746623635292,0.6470649242401123,0.6364092230796814,-0.03515661507844925,0.5589100122451782,0.6788490414619446,-0.02250591851770878,0.5894962549209595,0.6919938921928406,-0.02147003635764122,0.6185064315795898,0.6950309872627258,-0.020959654822945595,0.6455376744270325,0.6902257204055786,-0.024609841406345367,0.5695453882217407,0.7482939958572388,-0.026085644960403442,0.594097912311554,0.7586432099342346,-0.027220679447054863,0.6240140199661255,0.7545315623283386,-0.02236221171915531,0.646385133266449,0.7486189603805542,-0.01744689606130123,Yes
0.7795102596282959,0.6722230911254883,-2.5902659217535984e-07,0.7511444091796875,0.5648740530014038,-0.005088260397315025,0.7025556564331055,0.48012131452560425,-0.015742838382720947,0.6569608449935913,0.4162048399448395,-0.02689901925623417,0.6358373761177063,0.353108286857605,-0.03843925893306732,0.5735531449317932,0.5281489491462708,-0.014198574237525463,0.5882611274719238,0.5524891018867493,-0.023582248017191887,0.6228212714195251,0.5691577792167664,-0.03817295283079147,0.6498849987983704,0.5761007070541382,-0.049057744443416595,0.5556573867797852,0.6053296327590942,-0.017792923375964165,0.5851508975028992,0.6277017593383789,-0.013788948766887188,0.6186049580574036,0.6362133026123047,-0.019155248999595642,0.6464754343032837,0.6350303888320923,-0.02824307233095169,0.5579746961593628,0.6820271611213684,-0.020178353413939476,0.5903227925300598,0.6911665201187134,-0.016610238701105118,0.6190257668495178,0.694159746170044,-0.01603597030043602,0.6461877226829529,0.6907177567481995,-0.020262325182557106,0.5694884061813354,0.7521445751190186,-0.023785347118973732,0.5951507091522217,0.7579969167709351,-0.022661805152893066,0.6247177720069885,0.7537682056427002,-0.017306992784142494,0.6468215584754944,0.7490056753158569,-0.012531153857707977,Yes
0.7731477618217468,0.670603334903717,-2.3943718474583875e-07,0.7476383447647095,0.5632268190383911,-0.007246095687150955,0.7028084993362427,0.47935205698013306,-0.01886930875480175,0.6579798460006714,0.41574227809906006,-0.03085760958492756,0.6365858912467957,0.3536114990711212,-0.043328870087862015,0.5745551586151123,0.5252051949501038,-0.015238860622048378,0.5852958559989929,0.5565124750137329,-0.02553977631032467,0.6201581954956055,0.5735967755317688,-0.040827155113220215,0.6488795280456543,0.5782123804092407,-0.051882386207580566,0.5566599369049072,0.6020432114601135,-0.01790185645222664,0.5821064710617065,0.6293286085128784,-0.015706170350313187,0.6156530380249023,0.6380957961082458,-0.02228805609047413,0.6454157829284668,0.6352172493934631,-0.03147471323609352,0.5585371851921082,0.6789383888244629,-0.019572889432311058,0.5878520011901855,0.691660463809967,-0.017825284972786903,0.6158866882324219,0.6955055594444275,-0.018243446946144104,0.6444842219352722,0.6908032894134521,-0.022293979302048683,0.5689516067504883,0.7492237687110901,-0.022583285346627235,0.5925934314727783,0.7579494714736938,-0.022672139108181,0.6221768260002136,0.7542627453804016,-0.017872493714094162,0.6458466649055481,0.7477402687072754,-0.012978694401681423,Yes
0.7835218906402588,0.6694802045822144,-2.482949241766619e-07,0.7535532116889954,0.5632262825965881,-0.004389218054711819,0.7043852210044861,0.4806043803691864,-0.014662075787782669,0.6579544544219971,0.4172462224960327,-0.02592211775481701,0.6367380619049072,0.35349613428115845,-0.03764999285340309,0.5752232074737549,0.5256215929985046,-0.009480654262006283,0.5807260274887085,0.5558114647865295,-0.019498076289892197,0.6156896352767944,0.5743571519851685,-0.035427603870630264,0.6458380222320557,0.5791910886764526,-0.04675334319472313,0.5573318600654602,0.6013681292533875,-0.013147925958037376,0.5801846981048584,0.6301763653755188,-0.010117038153111935,0.6137179136276245,0.6394306421279907,-0.01687334105372429,0.643903374671936,0.6349547505378723,-0.02595495618879795,0.5589500665664673,0.6782670617103577,-0.015924163162708282,0.587088942527771,0.6923132538795471,-0.013178137131035328,0.6152244210243225,0.6958004236221313,-0.013686801306903362,0.6442062258720398,0.6893324851989746,-0.017733359709382057,0.5692739486694336,0.7488695383071899,-0.019889207556843758,0.5921459794044495,0.7590073943138123,-0.018900593742728233,0.6222423315048218,0.7563368082046509,-0.013657655566930771,0.6462510228157043,0.7498369812965393,-0.008332421071827412,Yes
0.7836240530014038,0.6834667325019836,-1.950496795188883e-07,0.7618861794471741,0.5731300711631775,-0.002238948829472065,0.7291556000709534,0.48231369256973267,-0.012388180941343307,0.7142243981361389,0.40850573778152466,-0.025606846436858177,0.722420871257782,0.35470372438430786,-0.03957098349928856,0.5894039869308472,0.5378270149230957,-0.0033787351567298174,0.5776216983795166,0.5509055852890015,-0.014196144416928291,0.6000959873199463,0.5713104009628296,-0.030876433476805687,0.6252586245536804,0.5790473222732544,-0.043028365820646286,0.5633262395858765,0.6110624074935913,-0.00947367213666439,0.5721436142921448,0.6327711343765259,-0.007709324825555086,0.5993598103523254,0.6445833444595337,-0.015254450961947441,0.624487578868866,0.6430575847625732,-0.024226762354373932,0.55851149559021,0.6851191520690918,-0.014998437836766243,0.5784021019935608,0.704274594783783,-0.01128521841019392,0.6054069995880127,0.7056130170822144,-0.012735734693706036,0.6293447017669678,0.6968539953231812,-0.017480749636888504,0.5650167465209961,0.752199649810791,-0.022044995799660683,0.589438796043396,0.7754559516906738,-0.020733481273055077,0.6196093559265137,0.7727863788604736,-0.01566625013947487,0.6427905559539795,0.7637408375740051,-0.010633240453898907,Yes
0.7760944366455078,0.6793460249900818,-1.9224439995468856e-07,0.7543421983718872,0.5718148350715637,-0.0031577537301927805,0.7220313549041748,0.482732355594635,-0.01459778007119894,0.7055069208145142,0.4095817506313324,-0.02960928902029991,0.7141784429550171,0.35330730676651,-0.04569083824753761,0.5813380479812622,0.5373007655143738,-0.0034575299359858036,0.577010989189148,0.5640912652015686,-0.016203781589865685,0.6030093431472778,0.5860769748687744,-0.03463907912373543,0.6301903128623962,0.588688850402832,-0.0480056032538414,0.5575112104415894,0.610200047492981,-0.010503949597477913,0.575455904006958,0.6447347402572632,-0.010354369878768921,0.6066019535064697,0.6560527086257935,-0.018419988453388214,0.6326566934585571,0.6467741131782532,-0.027699453756213188,0.5558923482894897,0.6839866638183594,-0.017373478040099144,0.5827388167381287,0.7124080061912537,-0.016102204099297523,0.6116909980773926,0.7149754762649536,-0.017837142571806908,0.6352537274360657,0.7005972266197205,-0.022295303642749786,0.564283549785614,0.7518712282180786,-0.025959210470318794,0.5919163823127747,0.7787919640541077,-0.026375411078333855,0.6232593655586243,0.7762349843978882,-0.0215997863560915,0.6446673274040222,0.7633739709854126,-0.016483046114444733,Yes
0.7804701328277588,0.6825532913208008,-1.8334523588237062e-07,0.755739152431488,0.5733148455619812,-0.0048896195366978645,0.7211906909942627,0.48612141609191895,-0.017221719026565552,0.700751781463623,0.41578739881515503,-0.032119881361722946,0.7054543495178223,0.3582804203033447,-0.04706304892897606,0.588950514793396,0.539141058921814,-0.008622780442237854,0.577637791633606,0.5525347590446472,-0.021753579378128052,0.6050817966461182,0.5712530016899109,-0.03906005248427391,0.6336113214492798,0.5779504776000977,-0.05112256854772568,0.5645239949226379,0.611561119556427,-0.013981646858155727,0.5751612782478333,0.6323915719985962,-0.014447852969169617,0.6060056686401367,0.6419548988342285,-0.021045636385679245,0.6331077218055725,0.6369149684906006,-0.028789453208446503,0.5608050227165222,0.6853392720222473,-0.019055211916565895,0.5815042853355408,0.6997733116149902,-0.016898194327950478,0.6097062230110168,0.701640784740448,-0.01616630330681801,0.6345862150192261,0.692493736743927,-0.018879929557442665,0.5676655769348145,0.7532248497009277,-0.025850141420960426,0.5895589590072632,0.7697584629058838,-0.024462252855300903,0.6190787553787231,0.7664756178855896,-0.017942503094673157,0.6407930850982666,0.7569299936294556,-0.011705891229212284,Yes
0.777444064617157,0.681351900100708,-1.2640630586702173e-07,0.7545705437660217,0.5734674334526062,-0.007876483723521233,0.7199361324310303,0.48782071471214294,-0.02171284519135952,0.6994665265083313,0.41368621587753296,-0.03797266259789467,0.7064361572265625,0.35187819600105286,-0.05426976829767227,0.5933613777160645,0.538314700126648,-0.008490393869578838,0.5768812298774719,0.5502979755401611,-0.023252153769135475,0.6023772358894348,0.5726954340934753,-0.04159766063094139,0.6299003958702087,0.5803320407867432,-0.054306454956531525,0.5675071477890015,0.6096526980400085,-0.0132987592369318,0.5690017342567444,0.6270745992660522,-0.016481807455420494,0.5977512001991272,0.6408795714378357,-0.024060964584350586,0.6256389617919922,0.6386051774024963,-0.03157031536102295,0.5617790818214417,0.6832099556922913,-0.018483441323041916,0.57843017578125,0.6958706974983215,-0.018564723432064056,0.6048908233642578,0.7018305063247681,-0.018856022506952286,0.6299545168876648,0.6944864392280579,-0.021549487486481667,0.5669153928756714,0.7506505846977234,-0.02570689097046852,0.5863516330718994,0.7677574753761292,-0.025172116234898567,0.6158515810966492,0.7671301364898682,-0.019389139488339424,0.6390429139137268,0.7581432461738586,-0.013631332665681839,Yes
0.7818793654441833,0.679863691329956,-2.0595440730630798e-07,0.7561972141265869,0.5735793709754944,-0.005008128471672535,0.7174895405769348,0.4890071749687195,-0.017063729465007782,0.6934399604797363,0.41803044080734253,-0.031774066388607025,0.6967381238937378,0.3568105101585388,-0.04669702425599098,0.5867133736610413,0.5373412370681763,-0.0067766327410936356,0.5796606540679932,0.5539937615394592,-0.020648285746574402,0.6068734526634216,0.5761058330535889,-0.039060331881046295,0.6351394653320312,0.5836294889450073,-0.05213708430528641,0.5614640116691589,0.6089708209037781,-0.012828449718654156,0.5752990245819092,0.6360297799110413,-0.014236503280699253,0.6054968237876892,0.6474273204803467,-0.021726494655013084,0.6322442889213562,0.6410716772079468,-0.030111534520983696,0.5573875904083252,0.6833404302597046,-0.018898967653512955,0.5823134183883667,0.7035176753997803,-0.018212083727121353,0.6100618839263916,0.7072857022285461,-0.018781118094921112,0.6341698169708252,0.6965290307998657,-0.02239816077053547,0.5644245743751526,0.7519035339355469,-0.02679997682571411,0.5891275405883789,0.7751210331916809,-0.02710932120680809,0.6192923784255981,0.7733068466186523,-0.02202785760164261,0.6408437490463257,0.7625548839569092,-0.016833174973726273,Yes
0.7786864638328552,0.6804594397544861,-1.7576354593984433e-07,0.7532423734664917,0.5740242600440979,-0.006856133230030537,0.717587411403656,0.4900001287460327,-0.02074180357158184,0.6959258913993835,0.4178774654865265,-0.03720121085643768,0.7002278566360474,0.35629063844680786,-0.053544849157333374,0.5864377617835999,0.5381923317909241,-0.009683567099273205,0.5768653154373169,0.5536143183708191,-0.02519257925450802,0.6054295897483826,0.5758343935012817,-0.044226858764886856,0.6355562210083008,0.5837947130203247,-0.05735316872596741,0.5614114999771118,0.6102568507194519,-0.015201928094029427,0.5745968222618103,0.6333131790161133,-0.017811160534620285,0.6048943400382996,0.6450963616371155,-0.025686824694275856,0.6324825882911682,0.6406251192092896,-0.0342966727912426,0.5572236180305481,0.6847657561302185,-0.020958157256245613,0.5831171870231628,0.7003582119941711,-0.021290557458996773,0.6104451417922974,0.7054221630096436,-0.02212214469909668,0.6354160308837891,0.6973459720611572,-0.025637371465563774,0.5635995864868164,0.7531964778900146,-0.028694869950413704,0.5879532694816589,0.7729488015174866,-0.029099784791469574,0.6181088089942932,0.7722073793411255,-0.024088401347398758,0.640791654586792,0.7635365128517151,-0.018865924328565598,Yes
0.7794444561004639,0.6820479035377502,-2.1513046988275164e-07,0.7562873959541321,0.5754749178886414,-0.005732331424951553,0.7182373404502869,0.4911293089389801,-0.017854977399110794,0.6931934356689453,0.4196416735649109,-0.03232761472463608,0.6952425837516785,0.3580605387687683,-0.04714583232998848,0.587939977645874,0.5382863879203796,-0.008512052707374096,0.5836859345436096,0.5511274933815002,-0.021502749994397163,0.611283004283905,0.5713701248168945,-0.03931260108947754,0.6378405690193176,0.5798036456108093,-0.05216320976614952,0.5630443096160889,0.6106740832328796,-0.013711296021938324,0.5797015428543091,0.6334348917007446,-0.014229322783648968,0.6099646091461182,0.6436700820922852,-0.021707503125071526,0.6354236006736755,0.6398170590400696,-0.03043285943567753,0.5591187477111816,0.685174822807312,-0.01872311905026436,0.5855156183242798,0.7011134624481201,-0.017503628507256508,0.6129840612411499,0.7028679251670837,-0.018040213733911514,0.6365024447441101,0.6938390731811523,-0.021846434101462364,0.5662465691566467,0.7540565133094788,-0.025473102927207947,0.5914873480796814,0.7716020941734314,-0.024885699152946472,0.6208401322364807,0.7676064372062683,-0.019222363829612732,0.6420066952705383,0.757571816444397,-0.013873963616788387,Yes
0.7787260413169861,0.6778360605239868,-1.778000751073705e-07,0.7541714310646057,0.572242021560669,-0.006063463632017374,0.7176029682159424,0.48913127183914185,-0.01924356259405613,0.6956912875175476,0.41846105456352234,-0.035035379230976105,0.6996440291404724,0.35695880651474,-0.05113720893859863,0.5881158709526062,0.5344551205635071,-0.007958091795444489,0.578324556350708,0.5552190542221069,-0.02249862626194954,0.6040052175521851,0.5801852941513062,-0.041188303381204605,0.6317161321640015,0.5862670540809631,-0.054487138986587524,0.5625656843185425,0.6055706739425659,-0.013789820484817028,0.5746527910232544,0.6355388760566711,-0.015954991802573204,0.604568362236023,0.6488367319107056,-0.02336711250245571,0.6321148872375488,0.6412197351455688,-0.031561318784952164,0.5582036375999451,0.6804783940315247,-0.01984833925962448,0.5842061638832092,0.7027235627174377,-0.020012319087982178,0.6112924218177795,0.7079381346702576,-0.021098759025335312,0.6357296109199524,0.6960217952728271,-0.024926673620939255,0.564426600933075,0.7497919797897339,-0.027836501598358154,0.5908980965614319,0.7748579978942871,-0.028897972777485847,0.6207066178321838,0.7743018269538879,-0.024733101949095726,0.6422819495201111,0.7630124688148499,-0.020172733813524246,Yes
0.7781631946563721,0.6782026886940002,-2.1255480930904014e-07,0.7558966875076294,0.5710759162902832,-0.006141879595816135,0.7192271947860718,0.4871659278869629,-0.01804485358297825,0.6945964694023132,0.4169033169746399,-0.03256089240312576,0.6954479217529297,0.3549592196941376,-0.04748830944299698,0.5916115045547485,0.5323414206504822,-0.00623503141105175,0.5807639956474304,0.5509491562843323,-0.01996558904647827,0.6066170930862427,0.5754069089889526,-0.038118258118629456,0.6335955262184143,0.582798182964325,-0.05107221007347107,0.5644001364707947,0.60276198387146,-0.011687635444104671,0.576522707939148,0.6336464881896973,-0.013909063301980495,0.6068854331970215,0.6461291313171387,-0.022143429145216942,0.6329173445701599,0.6392472982406616,-0.030543968081474304,0.5591678023338318,0.6773242354393005,-0.017301218584179878,0.584316074848175,0.7029080390930176,-0.01808106154203415,0.6122589707374573,0.7066188454627991,-0.019944235682487488,0.6358302235603333,0.6942980885505676,-0.02402898482978344,0.5651724338531494,0.7470723986625671,-0.0247217807918787,0.5921670198440552,0.7755028605461121,-0.027085307985544205,0.6228410601615906,0.7724372148513794,-0.023431971669197083,0.6450201869010925,0.7590436935424805,-0.018862536177039146,Yes
0.7861924767494202,0.6826396584510803,-1.584661362130646e-07,0.7575367093086243,0.5744999647140503,-0.003469268325716257,0.7173421382904053,0.4902169704437256,-0.015037203207612038,0.6921525597572327,0.4184107780456543,-0.029621589928865433,0.6934927701950073,0.3573306202888489,-0.044388942420482635,0.5894876718521118,0.5343655943870544,-0.00333017879165709,0.570941150188446,0.5527966022491455,-0.016353510320186615,0.5981466174125671,0.5763694643974304,-0.03413383662700653,0.6290030479431152,0.582579493522644,-0.04639574512839317,0.5649624466896057,0.6064163446426392,-0.009608178399503231,0.5636508464813232,0.6300526261329651,-0.010543656535446644,0.5939486622810364,0.6442145705223083,-0.017075471580028534,0.6253573894500732,0.6400385499000549,-0.023864055052399635,0.5613749027252197,0.681841254234314,-0.015907838940620422,0.5718618631362915,0.6993018984794617,-0.013626151718199253,0.6002343893051147,0.7067254781723022,-0.012061618268489838,0.6290183663368225,0.6992129683494568,-0.013751066289842129,0.5696145296096802,0.7511410713195801,-0.02391570806503296,0.5858733654022217,0.7718486785888672,-0.022019360214471817,0.6155714988708496,0.7713609337806702,-0.014990207739174366,0.6395943760871887,0.7616370916366577,-0.008126850239932537,Yes
0.7829735279083252,0.6820560693740845,-1.724179412576632e-07,0.7549436688423157,0.5732431411743164,-0.0027119785081595182,0.7160484194755554,0.4900289475917816,-0.013661257922649384,0.6911670565605164,0.4186233580112457,-0.027475640177726746,0.6932591199874878,0.3578498959541321,-0.041647884994745255,0.5869228839874268,0.5381587147712708,-0.004068917129188776,0.5730119347572327,0.5547958612442017,-0.014302060939371586,0.5989928841590881,0.5774468779563904,-0.02965983934700489,0.6271539330482483,0.5845679640769958,-0.04095614701509476,0.5620343685150146,0.6107144951820374,-0.010390921495854855,0.5661991834640503,0.633935809135437,-0.008910035714507103,0.5960730314254761,0.6465936303138733,-0.01432230044156313,0.6248965859413147,0.6419619917869568,-0.02115059830248356,0.5589130520820618,0.6855318546295166,-0.01628253608942032,0.5744633674621582,0.7025516033172607,-0.01263039093464613,0.6027405858039856,0.7085443139076233,-0.011143291369080544,0.6292374134063721,0.699989378452301,-0.013520671054720879,0.5674803256988525,0.7536965608596802,-0.023718196898698807,0.5855299234390259,0.773683488368988,-0.02143552154302597,0.615220844745636,0.7725968956947327,-0.014380572363734245,0.6381869912147522,0.7626228332519531,-0.007825830951333046,Yes
0.7817913293838501,0.6849266290664673,-1.9231841008604533e-07,0.7553493976593018,0.5769786834716797,-0.0025298604741692543,0.7159765362739563,0.49142569303512573,-0.013111742213368416,0.6916036009788513,0.4196241497993469,-0.02682405523955822,0.6929197311401367,0.3591228723526001,-0.040868595242500305,0.5824298858642578,0.5388066172599792,-0.002307995455339551,0.5731432437896729,0.5578818917274475,-0.013946767896413803,0.6012633442878723,0.5803123712539673,-0.03139863163232803,0.6315017342567444,0.5867692232131958,-0.04375794529914856,0.558218240737915,0.6112733483314514,-0.008783101104199886,0.5688899159431458,0.6382233500480652,-0.007533634547144175,0.599265992641449,0.6497310996055603,-0.014487060718238354,0.6277555823326111,0.6435015797615051,-0.0227134358137846,0.5559127330780029,0.6861611604690552,-0.015073929913341999,0.5757137537002563,0.7049422264099121,-0.011695086024701595,0.6041036248207092,0.7095775604248047,-0.011370285414159298,0.6305421590805054,0.6998458504676819,-0.014616917818784714,0.5650328993797302,0.7551811933517456,-0.0230256337672472,0.5859372615814209,0.7755708694458008,-0.020640918985009193,0.6159416437149048,0.7730247974395752,-0.014063572511076927,0.638782262802124,0.7623845338821411,-0.007916559465229511,Yes
0.7780263423919678,0.6799577474594116,-1.8867253004373197e-07,0.7518084049224854,0.5738056302070618,-0.004789625760167837,0.7143071889877319,0.490284264087677,-0.017164217308163643,0.6890111565589905,0.4205363988876343,-0.03202458471059799,0.690394937992096,0.3601360023021698,-0.04716600477695465,0.5839490294456482,0.5405983328819275,-0.00818582158535719,0.5773484706878662,0.5565387010574341,-0.02100289985537529,0.6049193143844604,0.5774907469749451,-0.038514457643032074,0.6333271861076355,0.5841811895370483,-0.05098026618361473,0.5600314140319824,0.6128022074699402,-0.014065452851355076,0.5720453262329102,0.6356669664382935,-0.014219658449292183,0.6017846465110779,0.6466954350471497,-0.02075817622244358,0.6294917464256287,0.6414299011230469,-0.0287214033305645,0.5574739575386047,0.6870030164718628,-0.019677702337503433,0.5790279507637024,0.7034271955490112,-0.017893798649311066,0.6070388555526733,0.7078127264976501,-0.017136065289378166,0.6331107020378113,0.6984439492225647,-0.019970882683992386,0.5661872029304504,0.7551425099372864,-0.027028411626815796,0.5865625143051147,0.7743269205093384,-0.026130277663469315,0.6162851452827454,0.7719495296478271,-0.019643880426883698,0.6392676830291748,0.7613939046859741,-0.013538988307118416,Yes
0.7822080850601196,0.6836354732513428,-1.9716185306606349e-07,0.756340503692627,0.5777612328529358,-0.004416166804730892,0.717658519744873,0.4929438829421997,-0.01630210690200329,0.691437840461731,0.42129987478256226,-0.030595023185014725,0.6907947659492493,0.359596848487854,-0.04502573981881142,0.5860658884048462,0.5383214354515076,-0.007081959396600723,0.5763455033302307,0.5508568286895752,-0.018470561131834984,0.603209912776947,0.5728532671928406,-0.03494001924991608,0.6308202147483826,0.5814597010612488,-0.046791885048151016,0.5610591173171997,0.6099073886871338,-0.012398365885019302,0.5740227699279785,0.6324000954627991,-0.010735731571912766,0.6036479473114014,0.6438614726066589,-0.016910362988710403,0.6297048330307007,0.6400166153907776,-0.02498231641948223,0.5574665069580078,0.6844456195831299,-0.017349466681480408,0.5813020467758179,0.6998472809791565,-0.014155353419482708,0.6091216206550598,0.7038886547088623,-0.013434110209345818,0.6342319846153259,0.696307361125946,-0.01661546155810356,0.5648859143257141,0.7535033226013184,-0.023936424404382706,0.5869381427764893,0.7697583436965942,-0.02153618074953556,0.6166274547576904,0.7676601409912109,-0.014550584368407726,0.6390365362167358,0.7595977783203125,-0.00827098824083805,Yes
0.783090353012085,0.6831232905387878,-2.0060004146671417e-07,0.7543461322784424,0.5767229795455933,-0.00396473053842783,0.7154176831245422,0.4929015040397644,-0.015909364446997643,0.6880515813827515,0.42358896136283875,-0.03048393316566944,0.6854680776596069,0.3635658621788025,-0.04507453739643097,0.5851539373397827,0.5393373966217041,-0.005816939752548933,0.5729646682739258,0.5606920123100281,-0.01855701394379139,0.6011560559272766,0.5848563313484192,-0.036047160625457764,0.631420910358429,0.5914402008056641,-0.04826914146542549,0.5606448650360107,0.6108262538909912,-0.011812079697847366,0.5691163539886475,0.6402706503868103,-0.01177405659109354,0.5996919274330139,0.6526402235031128,-0.018278898671269417,0.6285851001739502,0.6454798579216003,-0.025972653180360794,0.5576755404472351,0.6856208443641663,-0.017619015648961067,0.578031063079834,0.707055926322937,-0.015579493716359138,0.6062687635421753,0.7118828892707825,-0.01448348443955183,0.632854163646698,0.7011698484420776,-0.01697058230638504,0.5653952956199646,0.754702627658844,-0.025156814604997635,0.5860081911087036,0.7770207524299622,-0.0239886324852705,0.6161732077598572,0.7755086421966553,-0.01728465035557747,0.6392840147018433,0.7651175856590271,-0.01076856255531311,Yes
0.769357442855835,0.6921827793121338,-2.8557039399856876e-07,0.7414973378181458,0.5815365314483643,-0.005596913862973452,0.7009967565536499,0.49045252799987793,-0.012656325474381447,0.6526539921760559,0.4454643130302429,-0.020790988579392433,0.6120454668998718,0.42689386010169983,-0.028044182807207108,0.5679845213890076,0.5488386750221252,-0.002299135783687234,0.5566449165344238,0.5837709903717041,-0.012185157276690006,0.5875443816184998,0.6062513589859009,-0.02591688372194767,0.6222324967384338,0.609263002872467,-0.03435096889734268,0.5478783845901489,0.6228737831115723,-0.005451497156172991,0.5571366548538208,0.6614232063293457,-0.0040099951438605785,0.5903815627098083,0.6752678751945496,-0.01088223047554493,0.6202564239501953,0.6666076183319092,-0.018363788723945618,0.5489609241485596,0.6971284747123718,-0.008629118092358112,0.5636184215545654,0.727156937122345,-0.008193684741854668,0.5937330722808838,0.7335277795791626,-0.0077155171893537045,0.6216275095939636,0.7213106751441956,-0.009900393895804882,0.5605524182319641,0.7661702632904053,-0.01308167353272438,0.5734418630599976,0.7945154905319214,-0.01564936712384224,0.6047050356864929,0.7943551540374756,-0.010204028338193893,0.6285563111305237,0.782377302646637,-0.0032974446658045053,Yes
0.774448037147522,0.6904805898666382,-2.925895046246296e-07,0.7443275451660156,0.5798712968826294,-0.0019086332758888602,0.7024132609367371,0.49149996042251587,-0.007312240079045296,0.6522400379180908,0.44617319107055664,-0.013894244097173214,0.6119795441627502,0.42393285036087036,-0.019662294536828995,0.5686963796615601,0.5479401350021362,-0.0006029088981449604,0.5532442927360535,0.5841909646987915,-0.005780211184173822,0.5845240354537964,0.60740727186203,-0.015535878948867321,0.618974506855011,0.6103699207305908,-0.021757381036877632,0.548335611820221,0.6213159561157227,-0.004310082644224167,0.5557676553726196,0.6600830554962158,0.002248504664748907,0.588767945766449,0.6739012002944946,-0.0017902066465467215,0.6180950999259949,0.6648514270782471,-0.00837222021073103,0.5492233037948608,0.6950848698616028,-0.007303864695131779,0.5655981302261353,0.7245649099349976,-0.002253457438200712,0.5952868461608887,0.7309486865997314,-0.0008287742966786027,0.623055100440979,0.7191396951675415,-0.0035778055898845196,0.5599026083946228,0.7632654905319214,-0.011248416267335415,0.5716489553451538,0.7914601564407349,-0.010071189142763615,0.6026240587234497,0.7926838397979736,-0.0034403542522341013,0.6270220875740051,0.78242027759552,0.003495943732559681,Yes
0.7715381979942322,0.6899155974388123,-3.0209784540602413e-07,0.7452789545059204,0.5831800103187561,-0.006867155898362398,0.7022892236709595,0.4962819218635559,-0.015456181950867176,0.6521167159080505,0.4475210905075073,-0.024976946413517,0.6138201355934143,0.41544124484062195,-0.03367020562291145,0.5690425038337708,0.5469169020652771,-0.004847236443310976,0.5567277669906616,0.5841885209083557,-0.016782941296696663,0.5866100192070007,0.6090378165245056,-0.03170045465230942,0.621839702129364,0.6129462122917175,-0.04080646485090256,0.5478490591049194,0.6187180280685425,-0.007681773975491524,0.5609980821609497,0.6620228290557861,-0.007386304903775454,0.5944467186927795,0.6756598949432373,-0.013809889554977417,0.6229821443557739,0.6644288897514343,-0.021219449117779732,0.5487033128738403,0.6929664611816406,-0.01088075339794159,0.568328857421875,0.7270123958587646,-0.011395075358450413,0.5980862975120544,0.7325050830841064,-0.010575865395367146,0.6242328882217407,0.7175036668777466,-0.012819461524486542,0.559014081954956,0.7635183334350586,-0.015570519492030144,0.575453519821167,0.7946991324424744,-0.018569905310869217,0.6063682436943054,0.7935429811477661,-0.013477977365255356,0.6280598044395447,0.7803537845611572,-0.007154105231165886,Yes
0.7736131548881531,0.689723789691925,-2.8874723057015217e-07,0.7428696751594543,0.5806881785392761,-0.004131123889237642,0.70220547914505,0.4951546788215637,-0.012806026265025139,0.6552056670188904,0.4470052123069763,-0.023061826825141907,0.6172812581062317,0.41586264967918396,-0.03282611444592476,0.5669398307800293,0.5479443669319153,-0.004056228790432215,0.5584981441497803,0.5923620462417603,-0.014916133135557175,0.5922622680664062,0.615551769733429,-0.02976440265774727,0.6280592083930969,0.6157712936401367,-0.03924531117081642,0.5475649833679199,0.6196399331092834,-0.00879303552210331,0.5615154504776001,0.6632077097892761,-0.007210849318653345,0.5957692861557007,0.6766605973243713,-0.014321339316666126,0.6265770792961121,0.6657338738441467,-0.02276218868792057,0.5493295192718506,0.6935873627662659,-0.013417543843388557,0.5728204250335693,0.725073516368866,-0.013231581076979637,0.6026726961135864,0.7309414148330688,-0.013471841812133789,0.6304793953895569,0.7174326777458191,-0.01654757373034954,0.560424268245697,0.7636439204216003,-0.019383952021598816,0.5759543180465698,0.7911431193351746,-0.021987421438097954,0.6072974801063538,0.7906690239906311,-0.017102358862757683,0.6315427422523499,0.7790671586990356,-0.01100139133632183,Yes
0.77425616979599,0.6917349100112915,-2.920342296874878e-07,0.7451573014259338,0.5826077461242676,-0.00025202950928360224,0.7022042274475098,0.4953962564468384,-0.005578165873885155,0.6528422832489014,0.44576525688171387,-0.012799597345292568,0.6136305928230286,0.41734760999679565,-0.019722437486052513,0.5667022466659546,0.5469126105308533,0.004027626011520624,0.555874228477478,0.5882067680358887,-0.0022314272355288267,0.5873087644577026,0.61232990026474,-0.014954665675759315,0.6217901110649109,0.6138350963592529,-0.02325761318206787,0.5467035174369812,0.6195738315582275,-0.0006654348107986152,0.5578486919403076,0.6606192588806152,0.005402392707765102,0.591743528842926,0.6747939586639404,-0.0006328153540380299,0.622355580329895,0.665499746799469,-0.008427020162343979,0.5484824180603027,0.6940273642539978,-0.004812261089682579,0.5679828524589539,0.7246377468109131,0.00015256422921083868,0.5982221364974976,0.7299820184707642,0.0006770684267394245,0.6264403462409973,0.7169798612594604,-0.002472441643476486,0.5604087710380554,0.7639323472976685,-0.009912892244756222,0.5753589868545532,0.7896649837493896,-0.008310561999678612,0.6063527464866638,0.7880850434303284,-0.001989316428080201,0.6299368739128113,0.7758256196975708,0.004719594493508339,Yes
0.7759985327720642,0.6912651062011719,-2.9874817641939444e-07,0.7445620894432068,0.5812282562255859,-0.003955543972551823,0.7014519572257996,0.49523165822029114,-0.012164253741502762,0.653329610824585,0.44721341133117676,-0.02184377610683441,0.6165561676025391,0.41405507922172546,-0.030814113095402718,0.5685046911239624,0.5444029569625854,-0.003879124065861106,0.5545926690101624,0.5906907320022583,-0.014226502738893032,0.5875633955001831,0.6130661368370056,-0.02801061049103737,0.6240649819374084,0.6122578978538513,-0.0368197001516819,0.548439621925354,0.6169068217277527,-0.008575630374252796,0.5565832257270813,0.6637023091316223,-0.00790941808372736,0.5911164283752441,0.6761794090270996,-0.01408904418349266,0.6225123405456543,0.6644518971443176,-0.021212827414274216,0.5499095916748047,0.6912438869476318,-0.013096791692078114,0.5660534501075745,0.7271843552589417,-0.012843254022300243,0.5967788100242615,0.7328387498855591,-0.011790602467954159,0.6247113943099976,0.7180888652801514,-0.01389707624912262,0.561679482460022,0.7611158490180969,-0.018876170739531517,0.5736982822418213,0.7933916449546814,-0.022079549729824066,0.6055635809898376,0.7928947806358337,-0.016770193353295326,0.6292762756347656,0.7794301509857178,-0.010032647289335728,Yes
0.7740633487701416,0.6919425129890442,-2.904466214204149e-07,0.7432153820991516,0.5831630229949951,-0.003767072455957532,0.6993851065635681,0.4958127737045288,-0.010974057018756866,0.6509078741073608,0.4489777684211731,-0.01949089579284191,0.6115570068359375,0.42240118980407715,-0.02733481675386429,0.567900538444519,0.5470669865608215,-0.001926203491166234,0.5554872155189514,0.5880774855613708,-0.011400201357901096,0.5866744518280029,0.612347424030304,-0.02488483488559723,0.6202906370162964,0.6129459738731384,-0.03366278111934662,0.5476089715957642,0.6184648871421814,-0.006490280851721764,0.5561005473136902,0.6622729301452637,-0.005261255428195,0.590747058391571,0.6763983964920044,-0.011506306007504463,0.6204560995101929,0.664608359336853,-0.018566006794571877,0.5485966801643372,0.6924837231636047,-0.010987665504217148,0.565970778465271,0.7266972064971924,-0.01160009577870369,0.5973588228225708,0.7327820062637329,-0.011400098912417889,0.6247575879096985,0.7172430753707886,-0.013620089739561081,0.559309184551239,0.7623395919799805,-0.016591515392065048,0.5730395913124084,0.7938978672027588,-0.02059294283390045,0.6054633855819702,0.7944294214248657,-0.015936093404889107,0.6292632222175598,0.7812728881835938,-0.009478816762566566,Yes
0.7704517245292664,0.6893867254257202,-2.9481088859029114e-07,0.7420424222946167,0.5810061097145081,-0.0030572565738111734,0.7005265355110168,0.4955064058303833,-0.010485967621207237,0.6531973481178284,0.44708776473999023,-0.01963433437049389,0.6152654886245728,0.4182252585887909,-0.028432874009013176,0.5654188990592957,0.5471371412277222,-0.002618216909468174,0.5542581677436829,0.5948129296302795,-0.012835475616157055,0.5870761871337891,0.6181632280349731,-0.02732796035706997,0.6231905817985535,0.6179982423782349,-0.03637443855404854,0.545539915561676,0.6198070645332336,-0.00731644406914711,0.5576431155204773,0.6675337553024292,-0.0047322772443294525,0.5920616984367371,0.6807957887649536,-0.010833163745701313,0.622514545917511,0.6685621738433838,-0.018386222422122955,0.5475659370422363,0.6947149634361267,-0.011796403676271439,0.5675422549247742,0.7313342094421387,-0.010304300114512444,0.5979388356208801,0.7364139556884766,-0.009720709174871445,0.6251459717750549,0.7201371192932129,-0.012465677224099636,0.5593446493148804,0.7653693556785583,-0.017463259398937225,0.5746909379959106,0.7978571057319641,-0.019283290952444077,0.6064095497131348,0.7962119579315186,-0.013691590167582035,0.6297680735588074,0.7816858887672424,-0.007096144836395979,Yes
0.773944079875946,0.6922227740287781,-2.971399908346939e-07,0.7433074116706848,0.582924485206604,-0.001645580749027431,0.6996651291847229,0.496609628200531,-0.00708439527079463,0.6507854461669922,0.44869720935821533,-0.014450252056121826,0.6116605401039124,0.4205414652824402,-0.021065836772322655,0.5686383247375488,0.5484830141067505,0.004406333900988102,0.558066725730896,0.5847957134246826,-0.0033923210576176643,0.5882828235626221,0.6093140244483948,-0.01618179678916931,0.6229815483093262,0.61122065782547,-0.02444019354879856,0.5473678708076477,0.6199557781219482,-0.0005612529930658638,0.5594394207000732,0.661818265914917,0.0029511169996112585,0.5931936502456665,0.6756247282028198,-0.0032731168903410435,0.6227794289588928,0.6639988422393799,-0.010758939199149609,0.5478288531303406,0.6935938000679016,-0.005603083409368992,0.5692921876907349,0.726776123046875,-0.0041567133739590645,0.5997012853622437,0.7321999073028564,-0.004439561627805233,0.6264171600341797,0.7166110873222351,-0.007565523497760296,0.5576731562614441,0.7633122205734253,-0.01170515175908804,0.5755663514137268,0.7948005795478821,-0.013785206712782383,0.6068304181098938,0.7946502566337585,-0.009306346997618675,0.6288220286369324,0.7814102172851562,-0.0035297097638249397,Yes
0.7825089693069458,0.6929064393043518,-3.318835695154121e-07,0.7483977675437927,0.5843079686164856,-0.00035595588269643486,0.7021514177322388,0.4967283308506012,-0.0062518492341041565,0.6533328890800476,0.4482438564300537,-0.014086312614381313,0.6153900623321533,0.41850146651268005,-0.021359188482165337,0.5722769498825073,0.5450819134712219,0.0024145347997546196,0.5583693981170654,0.5828284621238708,-0.005630741827189922,0.5883212685585022,0.6096965670585632,-0.01888960972428322,0.6226947903633118,0.6132993102073669,-0.02765289507806301,0.5510630011558533,0.6152095794677734,-0.0033555880654603243,0.5582736730575562,0.6602331399917603,0.00031471691909246147,0.5916857719421387,0.6758350729942322,-0.005256491247564554,0.6221058964729309,0.6654630303382874,-0.012422756291925907,0.5516505837440491,0.688049852848053,-0.008834345266222954,0.5684493184089661,0.725256621837616,-0.006051518954336643,0.5990943312644958,0.7322825193405151,-0.004812320228666067,0.6264395117759705,0.7175197601318359,-0.007368818391114473,0.5625284910202026,0.7571375370025635,-0.015319840982556343,0.574476957321167,0.7913022637367249,-0.016265301033854485,0.6063104867935181,0.7917590141296387,-0.010125111788511276,0.629500687122345,0.7785525321960449,-0.003367871046066284,Yes
0.8036825060844421,0.673399031162262,-3.4215389632663573e-07,0.7594285011291504,0.5000649690628052,-0.0030930284410715103,0.6970513463020325,0.3638690114021301,-0.01288235280662775,0.6220926642417908,0.2720262408256531,-0.02439134567975998,0.56968754529953,0.19227150082588196,-0.035686664283275604,0.4784852862358093,0.4508545994758606,0.011027898639440536,0.44746899604797363,0.5164585709571838,0.019760051742196083,0.49657732248306274,0.5514542460441589,0.013757415115833282,0.549060583114624,0.560506284236908,0.007853701710700989,0.4522320628166199,0.5619174838066101,0.0071435002610087395,0.452505499124527,0.6163830161094666,0.031018918380141258,0.5045905113220215,0.6359495520591736,0.02356741763651371,0.5525479316711426,0.6290395259857178,0.00978419091552496,0.4605809450149536,0.6717011332511902,0.005767628084868193,0.4558730125427246,0.7043469548225403,0.023934774100780487,0.4983240067958832,0.713882565498352,0.02559720166027546,0.5452422499656677,0.704393208026886,0.019518453627824783,0.4814751148223877,0.7732126712799072,0.0035861486103385687,0.45137566328048706,0.8008242249488831,0.016700243577361107,0.48242315649986267,0.7989611029624939,0.03346659243106842,0.5197296738624573,0.7868402004241943,0.04683349281549454,Yes
0.8079348206520081,0.6741445660591125,-3.9415559172084613e-07,0.7620393633842468,0.4993096888065338,-0.0020632550586014986,0.6955605149269104,0.36642807722091675,-0.011275477707386017,0.6199121475219727,0.2750215530395508,-0.02226601354777813,0.5670742392539978,0.195237934589386,-0.032989561557769775,0.47990891337394714,0.45154207944869995,0.010368291288614273,0.44308364391326904,0.5131174921989441,0.017945289611816406,0.49259862303733826,0.5472213625907898,0.010673542506992817,0.5442429184913635,0.5576874017715454,0.003954305313527584,0.4525807499885559,0.5629808306694031,0.006051550153642893,0.44979962706565857,0.6097564697265625,0.028408952057361603,0.5028156042098999,0.6288411617279053,0.02060539461672306,0.5512229204177856,0.6263205409049988,0.006901806686073542,0.45992112159729004,0.6735345721244812,0.004151345230638981,0.4545459449291229,0.6961004137992859,0.0209206473082304,0.49758538603782654,0.706173300743103,0.022169185802340508,0.5451078414916992,0.7020021677017212,0.016261236742138863,0.47932955622673035,0.7749819755554199,0.0015670335851609707,0.446196973323822,0.7963306307792664,0.01351448055356741,0.4760741889476776,0.7940025329589844,0.02934156358242035,0.5127813816070557,0.7831587791442871,0.0422152541577816,Yes
0.8082371354103088,0.6701043844223022,-3.7346799786064366e-07,0.7623321413993835,0.4976990818977356,0.003364936448633671,0.6996858716011047,0.3631700575351715,-0.0032558159437030554,0.6256570816040039,0.27184316515922546,-0.012357315979897976,0.5722659826278687,0.19766837358474731,-0.021233199164271355,0.48214849829673767,0.4423941969871521,0.01581665873527527,0.4402027130126953,0.5064878463745117,0.03054462932050228,0.49037081003189087,0.5422720909118652,0.029134711250662804,0.5436789989471436,0.5508337616920471,0.026215678080916405,0.456537663936615,0.5530303120613098,0.009833001531660557,0.44823431968688965,0.6043944954872131,0.03970275819301605,0.5024802088737488,0.6260014176368713,0.03516467288136482,0.5508344173431396,0.6207800507545471,0.022690000012516975,0.4647802710533142,0.6641268134117126,0.007331183645874262,0.45548656582832336,0.6906862854957581,0.029852010309696198,0.49965888261795044,0.7022081613540649,0.0322229377925396,0.5485066771507263,0.6952547430992126,0.02599436044692993,0.4854351580142975,0.7660969495773315,0.004765077028423548,0.4414486587047577,0.788959264755249,0.021914666518568993,0.4651373624801636,0.7855395674705505,0.04048103839159012,0.500435471534729,0.7714579105377197,0.054368700832128525,Yes
0.8056764006614685,0.6722263097763062,-3.00569524824823e-07,0.7626621723175049,0.5011789798736572,-0.00177998177241534,0.6968815922737122,0.3666588068008423,-0.008977171964943409,0.6202549338340759,0.27463996410369873,-0.017146456986665726,0.5678040981292725,0.20039471983909607,-0.02477671578526497,0.48103082180023193,0.45076918601989746,0.012781750410795212,0.437963604927063,0.5113411545753479,0.024091355502605438,0.48462778329849243,0.5469366908073425,0.019771568477153778,0.5358467698097229,0.5566659569740295,0.015058869495987892,0.45523494482040405,0.5591734051704407,0.011030544526875019,0.4491490423679352,0.6058915853500366,0.03838381916284561,0.4990549087524414,0.624496579170227,0.03315410017967224,0.5458987355232239,0.6198188066482544,0.02062825672328472,0.4631936550140381,0.668010413646698,0.01188562624156475,0.4595937430858612,0.6887141466140747,0.03341447561979294,0.5005308985710144,0.6990218162536621,0.03497892618179321,0.5472835302352905,0.6941077709197998,0.028448855504393578,0.4828454852104187,0.7691444158554077,0.012061932124197483,0.46078479290008545,0.7840030789375305,0.027160178869962692,0.4940168559551239,0.7808055877685547,0.042025282979011536,0.5316774249076843,0.7693648338317871,0.05383056774735451,Yes
0.8045542240142822,0.668076753616333,-3.238344561395934e-07,0.7621266841888428,0.49687057733535767,-0.0043623484671115875,0.6975775957107544,0.36207813024520874,-0.013334053568542004,0.6232759356498718,0.27275991439819336,-0.02297225408256054,0.572253942489624,0.19922614097595215,-0.03179696947336197,0.48188847303390503,0.4469422399997711,0.006627555936574936,0.44963330030441284,0.4991613030433655,0.01428132876753807,0.5008779764175415,0.5290536284446716,0.007388018071651459,0.550249457359314,0.5377712845802307,0.0007374567212536931,0.4562980532646179,0.5577319860458374,0.004236128181219101,0.45385950803756714,0.5944768190383911,0.027234584093093872,0.5049910545349121,0.6112549304962158,0.021067213267087936,0.5522919297218323,0.6096371412277222,0.008629710413515568,0.46414950489997864,0.6667236089706421,0.004171629901975393,0.4615960121154785,0.679750919342041,0.021393340080976486,0.502103328704834,0.6889196634292603,0.0220625177025795,0.5495500564575195,0.6865305304527283,0.015992876142263412,0.4839378595352173,0.7658120393753052,0.0033093891106545925,0.46097850799560547,0.7835599184036255,0.015292189083993435,0.4898139536380768,0.7802771925926208,0.029071716591715813,0.5252755284309387,0.7701789140701294,0.04064469784498215,Yes
0.792707622051239,0.670250654220581,-3.019013092853129e-07,0.756011426448822,0.5010239481925964,-0.0018870262429118156,0.6910490393638611,0.3692018985748291,-0.007910484448075294,0.6171075105667114,0.28100404143333435,-0.014662384055554867,0.568810760974884,0.20932933688163757,-0.020611092448234558,0.4832141399383545,0.450370728969574,0.010548588819801807,0.444227933883667,0.5072293877601624,0.019213413819670677,0.4890162944793701,0.5392748117446899,0.01334704551845789,0.5379083752632141,0.5481922626495361,0.007761938031762838,0.4571234881877899,0.5579100847244263,0.009367146529257298,0.45433276891708374,0.5996962785720825,0.03315640240907669,0.50173419713974,0.6144068241119385,0.027491901069879532,0.5482714772224426,0.6108167171478271,0.015516407787799835,0.4621049761772156,0.6641063690185547,0.01052609272301197,0.4635619521141052,0.6816044449806213,0.030192812904715538,0.5019459128379822,0.6899306774139404,0.03083708882331848,0.5477034449577332,0.686603844165802,0.024149803444743156,0.4769747257232666,0.7608785629272461,0.010858257301151752,0.4689871668815613,0.7727053165435791,0.024542149156332016,0.504621148109436,0.7715766429901123,0.03668452426791191,0.5420178174972534,0.7635912895202637,0.046683281660079956,Yes
0.7957708835601807,0.6653240323066711,-2.602948825369822e-07,0.7590165734291077,0.5010579228401184,-0.013085499405860901,0.692704439163208,0.3720981776714325,-0.0265763271600008,0.6173871755599976,0.2849309742450714,-0.0384938046336174,0.5675568580627441,0.21118608117103577,-0.049275096505880356,0.47727131843566895,0.45545586943626404,-0.00573368277400732,0.4533388316631317,0.5083891153335571,-0.004640988539904356,0.5037000775337219,0.536743700504303,-0.015652891248464584,0.5522629618644714,0.5457726120948792,-0.024252695962786674,0.4529169201850891,0.563965916633606,-0.0036694298032671213,0.46108657121658325,0.59717857837677,0.012912510894238949,0.5112633109092712,0.609235405921936,0.0046302927657961845,0.55820232629776,0.6087062954902649,-0.008314019069075584,0.4597628116607666,0.670547604560852,3.48442918038927e-05,0.4711463451385498,0.6803717613220215,0.012869149446487427,0.5126544833183289,0.6836099624633789,0.012137703597545624,0.5600481033325195,0.68044114112854,0.005766539368778467,0.4774303436279297,0.7689368724822998,0.002022774424403906,0.47724074125289917,0.7723860144615173,0.00888134352862835,0.5157280564308167,0.764509379863739,0.018476789817214012,0.5539733171463013,0.7550798058509827,0.02781163528561592,Yes
0.7951805591583252,0.6643323302268982,-3.8815997527308355e-07,0.748042106628418,0.49847447872161865,-0.0028088607359677553,0.6802399754524231,0.3744591474533081,-0.012507823295891285,0.6044111847877502,0.2913690507411957,-0.02398795448243618,0.5548378825187683,0.21774864196777344,-0.03569776564836502,0.4784030020236969,0.45711326599121094,0.0037658473011106253,0.4390367269515991,0.5344161987304688,0.005470050498843193,0.4830877482891083,0.5715718865394592,-0.004669759888201952,0.5312004089355469,0.5767253637313843,-0.012816352769732475,0.45195966958999634,0.562143862247467,-0.00043531638220883906,0.45297086238861084,0.6250330805778503,0.015912353992462158,0.5030789375305176,0.6431190371513367,0.008336946368217468,0.549634575843811,0.6329352259635925,-0.003869293024763465,0.45741498470306396,0.6684134602546692,-0.002460714429616928,0.4638189971446991,0.703787624835968,0.009787647984921932,0.5055012702941895,0.7146743535995483,0.01087645161896944,0.5508840084075928,0.7044587731361389,0.006026424467563629,0.473633348941803,0.767143964767456,-0.00539562338963151,0.4609144628047943,0.7941916584968567,0.0017061118269339204,0.49779847264289856,0.7941479086875916,0.014657542109489441,0.5370367765426636,0.781769871711731,0.02680141292512417,Yes
0.7939139008522034,0.6679467558860779,-3.659785079435096e-07,0.7479274272918701,0.5007760524749756,-0.005823204293847084,0.6806727051734924,0.37557291984558105,-0.01809081621468067,0.60566246509552,0.28960490226745605,-0.031122425571084023,0.5543066263198853,0.21613597869873047,-0.0437416173517704,0.47754889726638794,0.4557960331439972,-0.0040757665410637856,0.4362524151802063,0.5305294394493103,-0.004297957289963961,0.4786278009414673,0.569032609462738,-0.014553295448422432,0.5266592502593994,0.5774471759796143,-0.02259048819541931,0.4514714479446411,0.5626785159111023,-0.0071577937342226505,0.4556935131549835,0.6231487989425659,0.007410923019051552,0.506119966506958,0.6384262442588806,0.00017890507297124714,0.5516893863677979,0.6289743185043335,-0.01190007384866476,0.4578429162502289,0.6711114645004272,-0.007991447113454342,0.46932727098464966,0.7042747735977173,0.00430298550054431,0.5096254944801331,0.7128790616989136,0.006513939704746008,0.5526154041290283,0.7033991813659668,0.001957179279997945,0.4748665988445282,0.7717317938804626,-0.01005626656115055,0.4680052101612091,0.7970637083053589,-0.0024705713149160147,0.5061009526252747,0.7953438758850098,0.010729587636888027,0.5438539981842041,0.7838177680969238,0.02282845415174961,Yes
0.7955684661865234,0.6582474708557129,-3.817785056980938e-07,0.7496775388717651,0.4951019883155823,-0.00470744026824832,0.6808405518531799,0.3702751100063324,-0.016394728794693947,0.6033248901367188,0.28747478127479553,-0.02934599108994007,0.5536618232727051,0.21233174204826355,-0.04242943972349167,0.479187548160553,0.4510248005390167,-0.0024474302772432566,0.4368487298488617,0.5338257551193237,-0.0033202054910361767,0.48238301277160645,0.572905957698822,-0.01396780926734209,0.5326765179634094,0.5766372680664062,-0.02183808758854866,0.4548482298851013,0.5579565167427063,-0.005928713828325272,0.45581066608428955,0.6248331069946289,0.008382664993405342,0.5072721838951111,0.6428896188735962,0.0012651648139581084,0.5536191463470459,0.6305263638496399,-0.010295020416378975,0.46215760707855225,0.6657047271728516,-0.007194648962467909,0.4702216684818268,0.7031990885734558,0.004320328589528799,0.5116864442825317,0.7143765091896057,0.006386387161910534,0.556170642375946,0.7019048929214478,0.0022479279432445765,0.4796169102191925,0.766517162322998,-0.009482119232416153,0.470706045627594,0.7966644167900085,-0.0019311277428641915,0.508111834526062,0.797673225402832,0.011361210606992245,0.5465603470802307,0.785383939743042,0.023776886984705925,Yes
0.7925877571105957,0.6558990478515625,-3.31813367893119e-07,0.7449586987495422,0.49392470717430115,0.0012163000646978617,0.6810783743858337,0.3718808591365814,-0.007062981370836496,0.6075280904769897,0.2917300760746002,-0.017259253188967705,0.5570459365844727,0.2253429889678955,-0.02754993923008442,0.4761146306991577,0.448087602853775,0.006143169943243265,0.44954270124435425,0.5233789682388306,0.014303539879620075,0.5007129907608032,0.556557834148407,0.00871550478041172,0.5488584041595459,0.5589619278907776,0.0027552302926778793,0.452262282371521,0.5583752393722534,0.0007754408870823681,0.45358097553253174,0.6154540181159973,0.022370368242263794,0.5038180947303772,0.634323239326477,0.016239363700151443,0.5511460304260254,0.6256794333457947,0.004287672694772482,0.4593157172203064,0.6678282618522644,-0.0010676118545234203,0.46409496665000916,0.6999974250793457,0.016320906579494476,0.5051440000534058,0.7119272351264954,0.017422694712877274,0.5522832870483398,0.7019485831260681,0.011512511409819126,0.4776853024959564,0.7680022716522217,-0.0032703750766813755,0.4642021656036377,0.7962816953659058,0.008217224851250648,0.49797162413597107,0.7990080714225769,0.022242441773414612,0.5369899868965149,0.7887845039367676,0.03440159186720848,Yes
0.7898313403129578,0.6590747833251953,-3.736085147920676e-07,0.7401777505874634,0.494266152381897,-0.007350951433181763,0.6774550080299377,0.3732922673225403,-0.021372629329562187,0.6072214841842651,0.2930007576942444,-0.03683965653181076,0.5573965907096863,0.22210806608200073,-0.05171852931380272,0.4745323657989502,0.4500073790550232,-0.004246746655553579,0.4636881351470947,0.5174804925918579,-0.009668261744081974,0.5170034766197205,0.5451415181159973,-0.024394484236836433,0.5654309391975403,0.550243079662323,-0.03505955636501312,0.4497983455657959,0.5593516826629639,-0.009026818908751011,0.4648052752017975,0.6149588823318481,0.00018779525998979807,0.516185462474823,0.6311532855033875,-0.010055573657155037,0.562466561794281,0.6237136125564575,-0.02322336658835411,0.45555707812309265,0.667460024356842,-0.012073392048478127,0.47193917632102966,0.7002203464508057,-0.005638898815959692,0.5138291716575623,0.7084723711013794,-0.005252203904092312,0.5592350363731384,0.6988769173622131,-0.009498165920376778,0.4734574556350708,0.7661361694335938,-0.01658283732831478,0.4694943130016327,0.7978135347366333,-0.014266876503825188,0.5077765583992004,0.7964919209480286,-0.0022535265889018774,0.5472960472106934,0.7855994701385498,0.010247206315398216,Yes
0.790349543094635,0.6528280973434448,-3.326835837924591e-07,0.7425174117088318,0.49224135279655457,-0.0064582908526062965,0.6775336861610413,0.3709861934185028,-0.017624422907829285,0.6047030091285706,0.2927325963973999,-0.029809828847646713,0.5552545785903931,0.22542572021484375,-0.04181576892733574,0.47349876165390015,0.4488714933395386,-0.00012977869482710958,0.4496476650238037,0.5232328176498413,-9.758857049746439e-05,0.5006011724472046,0.5560624599456787,-0.010988656431436539,0.5494778752326965,0.5582810044288635,-0.01959436759352684,0.44984281063079834,0.5580735206604004,-0.003397555323317647,0.4549500346183777,0.6174934506416321,0.010714308358728886,0.5052928924560547,0.636128842830658,0.0024645060766488314,0.5522270798683167,0.6261918544769287,-0.009413491003215313,0.45680755376815796,0.6664549112319946,-0.004602666944265366,0.4682764708995819,0.701931357383728,0.004466046113520861,0.5103421807289124,0.7139050364494324,0.004143780097365379,0.5566638708114624,0.7029404640197754,-0.0005172892124392092,0.4747803211212158,0.7658164501190186,-0.006869717035442591,0.47089317440986633,0.7998906373977661,-0.003334300359711051,0.5089521408081055,0.8024404048919678,0.0078117214143276215,0.5486338138580322,0.7912346720695496,0.019787181168794632,Yes
0.7912150025367737,0.6526259779930115,-3.913742432359868e-07,0.7413610816001892,0.49389711022377014,-0.003662289120256901,0.676449716091156,0.37283629179000854,-0.016287095844745636,0.6046634912490845,0.2898249924182892,-0.03006736934185028,0.5546086430549622,0.21818304061889648,-0.04418255388736725,0.4725559651851654,0.44645217061042786,-0.006130267400294542,0.453438937664032,0.5271602272987366,-0.006606710143387318,0.5025118589401245,0.560034990310669,-0.017303846776485443,0.5504801869392395,0.5655871033668518,-0.025403140112757683,0.44866031408309937,0.553503692150116,-0.011328973807394505,0.45861008763313293,0.6159161925315857,0.0034951420966535807,0.508924126625061,0.6342037916183472,-0.004706849809736013,0.555738091468811,0.6278359889984131,-0.0174691341817379,0.45613253116607666,0.660125195980072,-0.01342245563864708,0.4694378674030304,0.6957576274871826,-0.0017999361734837294,0.5107808113098145,0.7065578699111938,-0.0011588517809286714,0.5564096570014954,0.6982564926147461,-0.0064805010333657265,0.4752558469772339,0.7587817907333374,-0.016332507133483887,0.4648985266685486,0.7916347980499268,-0.00909541267901659,0.4991692006587982,0.7934480905532837,0.0044733560644090176,0.5371501445770264,0.7848222255706787,0.01694388873875141,Yes
0.788662314414978,0.6485016942024231,-4.162511970662308e-07,0.7427830100059509,0.4910992383956909,-0.008639156818389893,0.6764818429946899,0.3684222400188446,-0.023228079080581665,0.6034445762634277,0.28676384687423706,-0.03821996599435806,0.5532631278038025,0.21524399518966675,-0.053519655019044876,0.47747665643692017,0.43943333625793457,-0.012493999674916267,0.46239763498306274,0.5259239673614502,-0.019052978605031967,0.5121552348136902,0.5601771473884583,-0.03338393568992615,0.5599216818809509,0.5630090236663818,-0.043432075530290604,0.45223361253738403,0.5469688773155212,-0.016392072662711143,0.4648579955101013,0.6181169152259827,-0.007181271445006132,0.5150193572044373,0.6381152272224426,-0.01652638427913189,0.5599929094314575,0.6271234154701233,-0.02897205390036106,0.4576401114463806,0.6537961959838867,-0.01791643165051937,0.4743967652320862,0.6986302137374878,-0.011473070830106735,0.5158241391181946,0.7110024094581604,-0.0105553874745965,0.5589601397514343,0.6977168321609497,-0.014538178220391273,0.4750092625617981,0.7528560757637024,-0.020773788914084435,0.474215030670166,0.7900398969650269,-0.01858539506793022,0.513576090335846,0.7931014895439148,-0.006182631012052298,0.5523883104324341,0.7822629809379578,0.006579905282706022,Yes
0.7934330701828003,0.6418361663818359,-4.1905843772838125e-07,0.7456083297729492,0.48467496037483215,-0.004682948347181082,0.6795079708099365,0.3650304675102234,-0.01800171472132206,0.6075649857521057,0.28438031673431396,-0.03201691806316376,0.5572965145111084,0.21289411187171936,-0.04646814242005348,0.4782111346721649,0.4369904100894928,-0.01107605267316103,0.4586550295352936,0.5203459858894348,-0.012622118927538395,0.5073192715644836,0.5549402236938477,-0.022970831021666527,0.5558525919914246,0.5584458112716675,-0.03087354451417923,0.45417526364326477,0.5426616072654724,-0.015829510986804962,0.4621414542198181,0.6102166175842285,-0.0006413721712306142,0.5116757750511169,0.6292097568511963,-0.006648503243923187,0.5573559403419495,0.6198468208312988,-0.018467815592885017,0.46176910400390625,0.6491101980209351,-0.017499662935733795,0.47240257263183594,0.6899899244308472,-0.0058624702505767345,0.513844907283783,0.7011410593986511,-0.0031006939243525267,0.5584118366241455,0.6896891593933105,-0.0076124281622469425,0.48113614320755005,0.7485994696617126,-0.020013563334941864,0.4697124660015106,0.7849413156509399,-0.013575062155723572,0.5056443214416504,0.7875066995620728,0.00083062460180372,0.5442177057266235,0.7775735855102539,0.01355383638292551,Yes
0.7864878177642822,0.6357998847961426,-3.296583770406869e-07,0.7458844184875488,0.4792928099632263,0.0004982522805221379,0.684203028678894,0.35880982875823975,-0.007137198932468891,0.611858606338501,0.28059685230255127,-0.016108719632029533,0.5616738796234131,0.21513527631759644,-0.025088198482990265,0.4855164885520935,0.4322725534439087,0.005279246252030134,0.46823644638061523,0.49768492579460144,0.0120101198554039,0.518680214881897,0.5276392102241516,0.005565452389419079,0.5654755234718323,0.5318194627761841,-0.0008465253049507737,0.45894262194633484,0.5356974005699158,0.0008717617020010948,0.4651808440685272,0.590019702911377,0.022936653345823288,0.5129273533821106,0.6086247563362122,0.018932534381747246,0.5583715438842773,0.6007929444313049,0.008277811110019684,0.4630208909511566,0.6398519277572632,-0.00047621128032915294,0.4712075889110565,0.6713962554931641,0.018093040212988853,0.5115258693695068,0.6827965974807739,0.0207432322204113,0.5572587847709656,0.6739587783813477,0.015214146114885807,0.4799416661262512,0.7351715564727783,-0.002530779456719756,0.47991251945495605,0.7575990557670593,0.008877217769622803,0.5184823274612427,0.7590674161911011,0.02195022627711296,0.5577555894851685,0.751104474067688,0.03298628702759743,Yes
0.7914559841156006,0.6390852332115173,-3.9976262655727623e-07,0.7478095293045044,0.4813860356807709,-0.0005014641210436821,0.682572066783905,0.3595524728298187,-0.009467380121350288,0.6111723780632019,0.28100940585136414,-0.020446041598916054,0.5619955658912659,0.2161349654197693,-0.032123878598213196,0.48612457513809204,0.43167030811309814,0.003289237152785063,0.461618036031723,0.5116254091262817,0.0015363023849204183,0.507926344871521,0.5478297472000122,-0.011754192411899567,0.5563087463378906,0.5493980646133423,-0.02162107266485691,0.4620072841644287,0.5326153635978699,-0.0021373089402914047,0.46199142932891846,0.601131796836853,0.014306803233921528,0.507377564907074,0.6214870810508728,0.008200588636100292,0.552814245223999,0.6093997359275818,-0.0031788989435881376,0.4681408703327179,0.6350151300430298,-0.005310498643666506,0.47259053587913513,0.6780163049697876,0.00900670513510704,0.5111180543899536,0.6913192272186279,0.011913135647773743,0.5548802614212036,0.6794995665550232,0.007432994898408651,0.48707735538482666,0.7302324771881104,-0.009558001533150673,0.4851163327693939,0.7639980912208557,-0.0012367527233436704,0.5234616994857788,0.7645075917243958,0.011687184683978558,0.5622690320014954,0.7520380616188049,0.02326679602265358,Yes
0.7788376808166504,0.824602484703064,-2.0639441800085478e-07,0.7564117908477783,0.7273035645484924,-0.004066984169185162,0.7180508375167847,0.6523653268814087,-0.012246592901647091,0.6844793558120728,0.5948325395584106,-0.02174076810479164,0.670427143573761,0.5427027344703674,-0.03192782774567604,0.607512891292572,0.7107194066047668,-0.0077529833652079105,0.6056066155433655,0.7331981062889099,-0.013042141683399677,0.6347782611846924,0.7464540600776672,-0.023768331855535507,0.6606483459472656,0.7502612471580505,-0.032021697610616684,0.5967918038368225,0.7733126878738403,-0.011099359951913357,0.6130872964859009,0.7907047271728516,-0.005230382550507784,0.6404118537902832,0.7956739664077759,-0.010361481457948685,0.6634096503257751,0.7914196252822876,-0.018535349518060684,0.6035646200180054,0.832248330116272,-0.013409254141151905,0.6230319738388062,0.8389360904693604,-0.008598833344876766,0.646403968334198,0.8394640684127808,-0.00844504963606596,0.6685388684272766,0.8336789608001709,-0.012051018886268139,0.6160202026367188,0.8864274621009827,-0.01679697073996067,0.6298648118972778,0.8911669254302979,-0.013952053152024746,0.6531175971031189,0.8858100771903992,-0.0077551137655973434,0.6714884042739868,0.8785086870193481,-0.002490153769031167,Yes
0.7789547443389893,0.8267111778259277,-1.9388778582651867e-07,0.7552409172058105,0.7296566963195801,-0.005184983368963003,0.715562105178833,0.6552360653877258,-0.01393874827772379,0.683957040309906,0.5942793488502502,-0.023788753896951675,0.6703057289123535,0.5406380295753479,-0.034472160041332245,0.6063497066497803,0.7113564014434814,-0.00841592252254486,0.6128679513931274,0.7310625910758972,-0.015169177204370499,0.6430318355560303,0.7432921528816223,-0.028135867789387703,0.6664426922798157,0.7494367957115173,-0.038063712418079376,0.5972980856895447,0.7742035388946533,-0.011756552383303642,0.6151564717292786,0.7875166535377502,-0.0069403923116624355,0.6417810320854187,0.7914222478866577,-0.013408321887254715,0.6641228795051575,0.790339469909668,-0.02275111898779869,0.6042083501815796,0.833397388458252,-0.014250154606997967,0.623297929763794,0.8355211019515991,-0.010280268266797066,0.6462603211402893,0.836360514163971,-0.010720623657107353,0.668088972568512,0.8341071605682373,-0.01471004169434309,0.6170774698257446,0.8874314427375793,-0.01797916181385517,0.6294145584106445,0.889445960521698,-0.016040582209825516,0.6521580219268799,0.8842324614524841,-0.01028937567025423,0.6706833243370056,0.8791100978851318,-0.005343310069292784,Yes
0.7775790691375732,0.8274339437484741,-1.9354759217549145e-07,0.754391074180603,0.7311374545097351,-0.006377222016453743,0.7153970003128052,0.6560289859771729,-0.015625258907675743,0.6832008361816406,0.5974663496017456,-0.025726843625307083,0.669121265411377,0.5444318056106567,-0.03646201640367508,0.6049851179122925,0.7154605984687805,-0.009738543070852757,0.6082366108894348,0.73702472448349,-0.016339628025889397,0.6378345489501953,0.7505601644515991,-0.028617078438401222,0.6619864702224731,0.7563956379890442,-0.038073740899562836,0.5958631038665771,0.7780187129974365,-0.01257277000695467,0.6144428253173828,0.7940245270729065,-0.007712764665484428,0.6408501267433167,0.798353374004364,-0.01411912776529789,0.6630843281745911,0.795158863067627,-0.023444361984729767,0.6030895709991455,0.8367106914520264,-0.01457322295755148,0.6241757273674011,0.8411262035369873,-0.010974091477692127,0.6465362906455994,0.8417196869850159,-0.011711087077856064,0.6676514744758606,0.8373611569404602,-0.01591508835554123,0.6161248087882996,0.8905820250511169,-0.017854664474725723,0.6301551461219788,0.894374430179596,-0.016552267596125603,0.6526072025299072,0.8891282081604004,-0.011195991188287735,0.6703905463218689,0.882682740688324,-0.006438587326556444,Yes
0.7767715454101562,0.8384961485862732,-1.9626710923148494e-07,0.7525730133056641,0.7424696087837219,-0.008511967025697231,0.7139233350753784,0.6660169363021851,-0.019442297518253326,0.6822786331176758,0.60622239112854,-0.03125747665762901,0.6657236218452454,0.5518485307693481,-0.043638888746500015,0.6078169345855713,0.7211302518844604,-0.00939120352268219,0.6112333536148071,0.7505831122398376,-0.020143885165452957,0.6401459574699402,0.7661052346229553,-0.03623901680111885,0.6650413274765015,0.7713146805763245,-0.047575246542692184,0.5969460010528564,0.782928466796875,-0.011889970861375332,0.6161506175994873,0.807269811630249,-0.011081336066126823,0.6424710154533386,0.8117716312408447,-0.020114656537771225,0.6653523445129395,0.8072183728218079,-0.030257778242230415,0.6018592715263367,0.8426134586334229,-0.014189480803906918,0.6246317625045776,0.8546619415283203,-0.013663109391927719,0.647247850894928,0.8553016185760498,-0.015554452314972878,0.6684141755104065,0.849295973777771,-0.019585199654102325,0.6124886870384216,0.897314190864563,-0.018081417307257652,0.6284539699554443,0.9058685898780823,-0.019260019063949585,0.651680588722229,0.9014396667480469,-0.015160009264945984,0.6696592569351196,0.894497811794281,-0.01053501758724451,Yes
0.7800101637840271,0.8389466404914856,-1.9776264537085808e-07,0.7560781240463257,0.7435858845710754,-0.0065715862438082695,0.7159484028816223,0.666931688785553,-0.015912462025880814,0.6828950047492981,0.6068950295448303,-0.026303205639123917,0.6660348176956177,0.5550870299339294,-0.03750717639923096,0.6059052348136902,0.7239407896995544,-0.008112652227282524,0.6097609996795654,0.7516843676567078,-0.01704111136496067,0.6395742893218994,0.7648443579673767,-0.03207973763346672,0.664225697517395,0.7677600383758545,-0.04305770620703697,0.5964798927307129,0.7863970994949341,-0.011172082275152206,0.6147024035453796,0.8054748773574829,-0.00858607329428196,0.6418470144271851,0.809492290019989,-0.01688479445874691,0.6651427745819092,0.8058914542198181,-0.026886239647865295,0.6027734279632568,0.8454474210739136,-0.01375026535242796,0.6243932843208313,0.8529820442199707,-0.011745952069759369,0.6479750871658325,0.8537625074386597,-0.013114032335579395,0.6697304248809814,0.8488290309906006,-0.017174961045384407,0.6149494647979736,0.8993076682090759,-0.017790362238883972,0.630282461643219,0.903599202632904,-0.01750241406261921,0.6543987989425659,0.8992999792098999,-0.012696115300059319,0.672996461391449,0.8933073878288269,-0.007940076291561127,Yes
0.7744970917701721,0.8434075117111206,-1.5780442197410594e-07,0.7511240243911743,0.7462049722671509,-0.006303482688963413,0.7144737243652344,0.6722059845924377,-0.016202552244067192,0.6804164052009583,0.6113454103469849,-0.026719609275460243,0.6617181897163391,0.559171199798584,-0.03791740909218788,0.6036165356636047,0.7258425951004028,-0.011310005560517311,0.6006707549095154,0.7598034739494324,-0.01718829572200775,0.6282907128334045,0.7721598744392395,-0.028717130422592163,0.6525583267211914,0.7726048231124878,-0.03752771392464638,0.5937827825546265,0.7894147038459778,-0.013485684990882874,0.6079286336898804,0.8115047216415405,-0.008167855441570282,0.6340596675872803,0.8153489828109741,-0.013769603334367275,0.6573309302330017,0.8107361793518066,-0.022496169432997704,0.6001202464103699,0.85076904296875,-0.014691117219626904,0.6192919611930847,0.8588509559631348,-0.009980141185224056,0.641196072101593,0.8592539429664612,-0.010120577178895473,0.6630548238754272,0.8534462451934814,-0.014147630892693996,0.6118066906929016,0.9068338871002197,-0.017228731885552406,0.626583993434906,0.9100317358970642,-0.014795676805078983,0.6493951082229614,0.9053763747215271,-0.009684819728136063,0.6675815582275391,0.8993036150932312,-0.0052427020855247974,Yes
0.7653149366378784,0.8219012022018433,-2.051475860298524e-07,0.7464392781257629,0.7238379716873169,-0.006525666918605566,0.708820641040802,0.647967517375946,-0.015396765433251858,0.675594687461853,0.5907539129257202,-0.02509092539548874,0.6611596345901489,0.5377311110496521,-0.03561260178685188,0.6000850200653076,0.703046977519989,-0.010501228272914886,0.6099604964256287,0.7296251654624939,-0.01776546984910965,0.6385793685913086,0.7406113147735596,-0.030765369534492493,0.6608765125274658,0.7429240942001343,-0.040827784687280655,0.5892449617385864,0.7661799192428589,-0.013455425389111042,0.6084538698196411,0.7824000120162964,-0.009456606581807137,0.6344256401062012,0.7865444421768188,-0.015523434616625309,0.6556811332702637,0.7840176820755005,-0.024425296112895012,0.5947232842445374,0.8256412744522095,-0.015572716481983662,0.6145281791687012,0.831792950630188,-0.012354935519397259,0.6377778649330139,0.8321917653083801,-0.012052220292389393,0.6583423018455505,0.8274894952774048,-0.015543758869171143,0.6061976552009583,0.8796560764312744,-0.019101610407233238,0.6212565898895264,0.8833478689193726,-0.01765575259923935,0.6449625492095947,0.8783801794052124,-0.011592577211558819,0.6629753708839417,0.8726142644882202,-0.006487509235739708,Yes
0.7640906572341919,0.8006073832511902,-2.0339290074389282e-07,0.7445900440216064,0.7048360109329224,-0.004200202412903309,0.707888126373291,0.6307580471038818,-0.012117438018321991,0.6755897402763367,0.5758538246154785,-0.02121751941740513,0.6613456010818481,0.524904191493988,-0.030821694061160088,0.599902868270874,0.6830180287361145,-0.007260270416736603,0.6099768877029419,0.699551522731781,-0.012879122979938984,0.6381658911705017,0.7108430862426758,-0.024874789640307426,0.6574298739433289,0.715812087059021,-0.03481822833418846,0.5881552696228027,0.7452471852302551,-0.01110804732888937,0.6080910563468933,0.7554717659950256,-0.0054745846427977085,0.6334995627403259,0.7597332000732422,-0.01063667144626379,0.6521432399749756,0.7599934935569763,-0.019645199179649353,0.5927104353904724,0.8041909337043762,-0.014124161563813686,0.6147609353065491,0.8052322864532471,-0.010164151899516582,0.6378396153450012,0.8055949211120605,-0.009646398015320301,0.6566050052642822,0.8035487532615662,-0.013518085703253746,0.6034875512123108,0.8584612607955933,-0.018255146220326424,0.619862973690033,0.8589783906936646,-0.01614968106150627,0.64306640625,0.8534761071205139,-0.01009342074394226,0.6600375771522522,0.8492087125778198,-0.0055288290604949,Yes
0.7730379104614258,0.732128381729126,-1.8958213843234262e-07,0.7527617812156677,0.6413316130638123,-0.006364278960973024,0.714499831199646,0.5713242292404175,-0.015547201968729496,0.6800788044929504,0.5173136591911316,-0.025365518406033516,0.6663452982902527,0.4639858603477478,-0.03595525771379471,0.6051382422447205,0.6126006245613098,-0.01102285273373127,0.6057207584381104,0.6528055667877197,-0.018963906913995743,0.6320741772651672,0.6665665507316589,-0.031688060611486435,0.6553977131843567,0.6656957268714905,-0.041308555752038956,0.593488872051239,0.6730318665504456,-0.013803883455693722,0.6091086268424988,0.702282726764679,-0.011496705003082752,0.6347547769546509,0.7074633240699768,-0.017303965985774994,0.6572627425193787,0.7019085884094238,-0.025451038032770157,0.5981720685958862,0.732546865940094,-0.01595071703195572,0.6174760460853577,0.7470803260803223,-0.01439165323972702,0.6394991278648376,0.7483047246932983,-0.014506902545690536,0.6604323983192444,0.7417211532592773,-0.01776145026087761,0.6087222695350647,0.7875277400016785,-0.019434122368693352,0.6227589249610901,0.794705331325531,-0.019773630425333977,0.6456522345542908,0.7908649444580078,-0.015450740233063698,0.6622524857521057,0.7842357158660889,-0.011162130162119865,Yes
0.7772520184516907,0.5814419984817505,-1.9764119940646196e-07,0.7603074312210083,0.49814894795417786,-0.006192397326231003,0.7290210127830505,0.4330388903617859,-0.01594802550971508,0.699289858341217,0.38156870007514954,-0.02688802219927311,0.6895726323127747,0.33060699701309204,-0.03834244981408119,0.6250886917114258,0.4598184823989868,-0.009084152057766914,0.6297493577003479,0.4910981357097626,-0.019480200484395027,0.655553936958313,0.5110832452774048,-0.033345263451337814,0.6772745847702026,0.5155308246612549,-0.04357796162366867,0.6083729267120361,0.5174679160118103,-0.013144215568900108,0.6222825050354004,0.5469694137573242,-0.014557672664523125,0.6486084461212158,0.5588117241859436,-0.020181311294436455,0.6710145473480225,0.5554236769676208,-0.026906445622444153,0.6086410880088806,0.5770171284675598,-0.017115455120801926,0.6283569931983948,0.5957063436508179,-0.019680775701999664,0.6521058678627014,0.6019790768623352,-0.01952320896089077,0.6732683181762695,0.5955755710601807,-0.021274469792842865,0.6163235306739807,0.6320371031761169,-0.022355712950229645,0.6315783858299255,0.6505095958709717,-0.02565830573439598,0.6557241082191467,0.649287223815918,-0.021664464846253395,0.6741252541542053,0.6410501599311829,-0.016936279833316803,Yes
0.7796605825424194,0.577997088432312,-2.400340122221678e-07,0.7595227360725403,0.49165675044059753,-0.0057076052762568,0.724880039691925,0.42540934681892395,-0.015097103081643581,0.691106379032135,0.37481290102005005,-0.025738894939422607,0.679876983165741,0.32265186309814453,-0.036787908524274826,0.6189212799072266,0.4543522596359253,-0.007753687910735607,0.6199586987495422,0.4908697009086609,-0.017496876418590546,0.6464154124259949,0.513076663017273,-0.03061600960791111,0.6697009801864624,0.5158990025520325,-0.04032675176858902,0.6029542684555054,0.5124669671058655,-0.011869902722537518,0.6156107783317566,0.5497449040412903,-0.013022202998399734,0.6437212824821472,0.5618273019790649,-0.018274027854204178,0.6663776636123657,0.5551831126213074,-0.02461480163037777,0.6039255261421204,0.5730009078979492,-0.015861574560403824,0.6243941187858582,0.5994789004325867,-0.018322842195630074,0.6502645015716553,0.6035844683647156,-0.018025949597358704,0.6715962290763855,0.5929162502288818,-0.01967184990644455,0.6118165254592896,0.6296750903129578,-0.02106177806854248,0.6278863549232483,0.6539804935455322,-0.024259908124804497,0.6532195806503296,0.6517866849899292,-0.02000390738248825,0.671172559261322,0.6408332586288452,-0.015005271881818771,Yes
0.77779221534729,0.5730047225952148,-1.9656178551485937e-07,0.7561340928077698,0.48494961857795715,-0.00559611339122057,0.7235091328620911,0.42189475893974304,-0.015104328282177448,0.6914409399032593,0.3731890320777893,-0.02616972103714943,0.6800034642219543,0.32250165939331055,-0.03738969564437866,0.6206175684928894,0.4513363540172577,-0.005792050622403622,0.6135635375976562,0.4814722537994385,-0.015101104974746704,0.637294352054596,0.5047301650047302,-0.02707306109368801,0.6607786417007446,0.5097309350967407,-0.03572990000247955,0.6032189726829529,0.5087226033210754,-0.009515070356428623,0.6092183589935303,0.5439088344573975,-0.010538526810705662,0.6369138956069946,0.5571500062942505,-0.01502889022231102,0.6600710153579712,0.5507649779319763,-0.02031838148832321,0.6033834218978882,0.5700017213821411,-0.01336012501269579,0.6191238164901733,0.5953625440597534,-0.015383186750113964,0.6437577605247498,0.6011651158332825,-0.014672997407615185,0.6646440029144287,0.5912399291992188,-0.015846310183405876,0.6106451749801636,0.6278818249702454,-0.018350522965192795,0.6250700950622559,0.6523780822753906,-0.02110281214118004,0.6498895287513733,0.6504812836647034,-0.01677863858640194,0.6677969098091125,0.6394574642181396,-0.011614272370934486,Yes
0.7730050683021545,0.568416178226471,-1.9847689713969885e-07,0.7525720596313477,0.4838620126247406,-0.00833204947412014,0.7209166884422302,0.42089390754699707,-0.01928420178592205,0.6902185082435608,0.3725697994232178,-0.03150478005409241,0.6772414445877075,0.32080399990081787,-0.04385751858353615,0.6175200343132019,0.4486839771270752,-0.006647821515798569,0.6122558116912842,0.4841824471950531,-0.019274692982435226,0.6364441514015198,0.5067901611328125,-0.03449435159564018,0.6598423719406128,0.5101165771484375,-0.045150984078645706,0.6011839509010315,0.5052003860473633,-0.01008019782602787,0.6097614169120789,0.5467767119407654,-0.014475331641733646,0.6375173330307007,0.5582073926925659,-0.02141651138663292,0.6601827144622803,0.5490797758102417,-0.027995150536298752,0.6020419001579285,0.5654746294021606,-0.01418970339000225,0.6191521883010864,0.5958347320556641,-0.019581176340579987,0.6437968015670776,0.6001133918762207,-0.019869646057486534,0.6639941930770874,0.5875638127326965,-0.021035190671682358,0.6092146635055542,0.6214637756347656,-0.01973925717175007,0.6246017813682556,0.6505103707313538,-0.025361815467476845,0.6495518088340759,0.6491086483001709,-0.021925607696175575,0.6667583584785461,0.6370989084243774,-0.016894211992621422,Yes
0.7677922248840332,0.564024806022644,-2.3018814943043253e-07,0.7458710074424744,0.48137548565864563,-0.00492284819483757,0.7137262225151062,0.4192875921726227,-0.014402689412236214,0.6824589371681213,0.3708966374397278,-0.02588987909257412,0.6693918108940125,0.32138288021087646,-0.03772104158997536,0.610344409942627,0.44009706377983093,-0.003295486094430089,0.6073734760284424,0.4824092388153076,-0.014623746275901794,0.631787121295929,0.5027971863746643,-0.029916098341345787,0.654714822769165,0.5026417374610901,-0.04105117544531822,0.5938806533813477,0.49583563208580017,-0.00839930772781372,0.6038317084312439,0.5418629050254822,-0.01249011605978012,0.6306992173194885,0.5513894557952881,-0.0203370563685894,0.6534092426300049,0.5415338277816772,-0.027766013517975807,0.5940108895301819,0.5558741688728333,-0.01378942746669054,0.6106809377670288,0.5919598937034607,-0.01807720959186554,0.6350207328796387,0.5950204133987427,-0.019293440505862236,0.6554305553436279,0.5814923048019409,-0.021666834130883217,0.6003554463386536,0.6131150722503662,-0.020451780408620834,0.6167545318603516,0.6466073989868164,-0.02572326734662056,0.6417562961578369,0.6450252532958984,-0.023299548774957657,0.6586803197860718,0.6323061585426331,-0.019328683614730835,Yes
0.7619286775588989,0.5604506731033325,-2.151637943370588e-07,0.741231381893158,0.47757285833358765,-0.00604261877015233,0.7107565999031067,0.41466858983039856,-0.016386402770876884,0.6795356273651123,0.3655112087726593,-0.028582211583852768,0.6659736633300781,0.3159734010696411,-0.04105241224169731,0.6063728928565979,0.4381234049797058,-0.005516404751688242,0.6011994481086731,0.4807528555393219,-0.01743154227733612,0.6254761815071106,0.5010527968406677,-0.03256402537226677,0.6488414406776428,0.5010624527931213,-0.043499987572431564,0.5899721384048462,0.49422386288642883,-0.01043794583529234,0.597623348236084,0.5420066714286804,-0.015460606664419174,0.6246298551559448,0.5511457324028015,-0.02328057400882244,0.6480375528335571,0.5408608317375183,-0.030551619827747345,0.5901166200637817,0.5542581677436829,-0.015697525814175606,0.6062522530555725,0.5927932262420654,-0.020385174080729485,0.6301119327545166,0.5954439043998718,-0.021419165655970573,0.6505137085914612,0.5810000896453857,-0.023723598569631577,0.596479058265686,0.610733687877655,-0.022384807467460632,0.6134933233261108,0.6463384032249451,-0.02789652720093727,0.6382864117622375,0.6447938680648804,-0.025698713958263397,0.6550765633583069,0.6311428546905518,-0.02196829952299595,Yes
0.7636398673057556,0.5664596557617188,-2.514188395252859e-07,0.7401070594787598,0.48213887214660645,-0.003946942742913961,0.7035335302352905,0.4154526889324188,-0.013007253408432007,0.671352207660675,0.3641408681869507,-0.024013325572013855,0.6572139263153076,0.3146469295024872,-0.03563905879855156,0.5976579785346985,0.4397870600223541,-0.004724977072328329,0.6022851467132568,0.4838200509548187,-0.016585081815719604,0.6275233030319214,0.5019790530204773,-0.03305363655090332,0.6491954922676086,0.5011951327323914,-0.04510946571826935,0.5822613835334778,0.4977802634239197,-0.010859787464141846,0.5955822467803955,0.5431151390075684,-0.014988208189606667,0.6223223805427551,0.5514922142028809,-0.02369283325970173,0.6453843116760254,0.542727530002594,-0.032060250639915466,0.5835743546485901,0.5587078332901001,-0.016983862966299057,0.6037176251411438,0.5935924649238586,-0.02065402641892433,0.6271506547927856,0.5956124067306519,-0.02243606559932232,0.6470534801483154,0.583058774471283,-0.025675801560282707,0.5917088985443115,0.6167575120925903,-0.024396339431405067,0.6095043420791626,0.649086594581604,-0.028997398912906647,0.6335183382034302,0.6448076963424683,-0.026641232892870903,0.649482011795044,0.6308025121688843,-0.023113122209906578,Yes
0.37370023131370544,0.6605114340782166,-1.6228972299359157e-07,0.3706148862838745,0.5761839151382446,-0.0263055507093668,0.3526434302330017,0.5095415711402893,-0.04678736627101898,0.3286536633968353,0.45003241300582886,-0.06371700018644333,0.3133768141269684,0.39289623498916626,-0.07936868071556091,0.2461913824081421,0.5529729723930359,-0.034880343824625015,0.2662414312362671,0.556643009185791,-0.05070197582244873,0.29674503207206726,0.5675138831138611,-0.0666520968079567,0.3145843744277954,0.5766956806182861,-0.07813119888305664,0.22677379846572876,0.612084150314331,-0.02956947311758995,0.24973490834236145,0.6162179708480835,-0.036356352269649506,0.277737557888031,0.6231579184532166,-0.04428531229496002,0.2955319583415985,0.6309894919395447,-0.05319280922412872,0.22314606606960297,0.6679487824440002,-0.02480708807706833,0.24107219278812408,0.6682772636413574,-0.030358068645000458,0.26476994156837463,0.6721094250679016,-0.02880658581852913,0.2809232175350189,0.6762183904647827,-0.029993165284395218,0.2270723581314087,0.7170510292053223,-0.022617157548666,0.23656044900417328,0.7154595851898193,-0.025823356583714485,0.2584005892276764,0.7127977013587952,-0.019005171954631805,0.2739593982696533,0.7136034369468689,-0.013031680136919022,Yes
0.3651854693889618,0.658393919467926,-1.7461272250329785e-07,0.3659040331840515,0.5751969218254089,-0.029111430048942566,0.3484508991241455,0.5097535848617554,-0.04996969923377037,0.3242640793323517,0.454119473695755,-0.06661931425333023,0.3088681399822235,0.39895927906036377,-0.08236318826675415,0.24411781132221222,0.5540899038314819,-0.039831675589084625,0.26643091440200806,0.5610125660896301,-0.05807841941714287,0.2955900728702545,0.5728814601898193,-0.07604436576366425,0.31149330735206604,0.5832651257514954,-0.08880683034658432,0.2243340015411377,0.6139748692512512,-0.033455971628427505,0.24740169942378998,0.6212471723556519,-0.04221593588590622,0.27352994680404663,0.6285581588745117,-0.05077308788895607,0.29015520215034485,0.6374610662460327,-0.06021455302834511,0.22061684727668762,0.6694809794425964,-0.027894655242562294,0.23854729533195496,0.6746279001235962,-0.03604475408792496,0.2609129846096039,0.678998589515686,-0.0358455628156662,0.27614066004753113,0.6840073466300964,-0.03777413070201874,0.22433865070343018,0.7187893390655518,-0.02503596805036068,0.23463588953018188,0.7237361669540405,-0.03129282221198082,0.256003201007843,0.7215802669525146,-0.026293577626347542,0.2712482810020447,0.7229788303375244,-0.021571263670921326,Yes
0.36580806970596313,0.6691656112670898,-1.9188985334039899e-07,0.36835163831710815,0.5832250714302063,-0.031704459339380264,0.351498007774353,0.5171760320663452,-0.0536917969584465,0.32334282994270325,0.4628661870956421,-0.07018528133630753,0.3060581386089325,0.404653936624527,-0.08513763546943665,0.24364040791988373,0.5587378144264221,-0.04297155514359474,0.26358848810195923,0.5647487640380859,-0.05914118140935898,0.29209136962890625,0.5777249336242676,-0.07439424842596054,0.30840396881103516,0.5902414917945862,-0.08542151004076004,0.221562922000885,0.615459680557251,-0.034110113978385925,0.24406401813030243,0.6244952082633972,-0.04141601547598839,0.2700488865375519,0.6324353814125061,-0.048793189227581024,0.28731444478034973,0.6420332789421082,-0.05742594599723816,0.21610864996910095,0.6690925359725952,-0.025848807767033577,0.23204167187213898,0.6757365465164185,-0.03300425782799721,0.25406745076179504,0.6808446645736694,-0.03269624710083008,0.2698742151260376,0.686639666557312,-0.03457010164856911,0.21853601932525635,0.7171251177787781,-0.02025747485458851,0.22695457935333252,0.72370445728302,-0.026401663199067116,0.24747687578201294,0.7224999666213989,-0.022086137905716896,0.26270923018455505,0.7248197793960571,-0.017709627747535706,Yes
0.3577284812927246,0.6753196716308594,-1.7899732540627156e-07,0.3599795699119568,0.5880786776542664,-0.03076590783894062,0.34509462118148804,0.5231019854545593,-0.05309712514281273,0.3209356963634491,0.46534019708633423,-0.07062090188264847,0.30335843563079834,0.4084843397140503,-0.08710150420665741,0.24205976724624634,0.561944842338562,-0.04561205953359604,0.2610057592391968,0.567442774772644,-0.06516699492931366,0.2900032103061676,0.5794305801391602,-0.08284115046262741,0.3061926066875458,0.5901331305503845,-0.09518144279718399,0.22060397267341614,0.6205892562866211,-0.03774198144674301,0.24323783814907074,0.627544641494751,-0.04741084203124046,0.2695332467556,0.635086178779602,-0.05509959161281586,0.286752849817276,0.6438955068588257,-0.06388212740421295,0.21558937430381775,0.6762232780456543,-0.030585680156946182,0.236557275056839,0.6810190081596375,-0.039382681250572205,0.25883948802948,0.6849958300590515,-0.03895914927124977,0.27415260672569275,0.6890684366226196,-0.04080476611852646,0.2185155153274536,0.7255837917327881,-0.026158293709158897,0.23368437588214874,0.7283170223236084,-0.03344717621803284,0.2560383975505829,0.7259526252746582,-0.029536698013544083,0.2720038592815399,0.7265955209732056,-0.02558162808418274,Yes
0.3729485869407654,0.6798603534698486,-1.568121916761811e-07,0.3693746030330658,0.5943682193756104,-0.0233579371124506,0.35433435440063477,0.5273189544677734,-0.0433979257941246,0.3329038619995117,0.465894877910614,-0.06031176820397377,0.31806063652038574,0.4110105037689209,-0.07635126262903214,0.24690411984920502,0.5672605037689209,-0.03589954599738121,0.26587754487991333,0.5704988241195679,-0.05304267629981041,0.29246532917022705,0.5826357007026672,-0.07116032391786575,0.30811065435409546,0.5948414206504822,-0.08426734060049057,0.22693505883216858,0.6263416409492493,-0.031964514404535294,0.24818848073482513,0.6298292279243469,-0.038177087903022766,0.2728859782218933,0.6360755562782288,-0.046329647302627563,0.28910866379737854,0.6451078653335571,-0.05634664371609688,0.22391614317893982,0.6825817823410034,-0.028336791321635246,0.24090582132339478,0.6815819144248962,-0.033759646117687225,0.26235124468803406,0.6830243468284607,-0.03323666378855705,0.2777364253997803,0.687713623046875,-0.03587281331419945,0.22892525792121887,0.7326295971870422,-0.02696620300412178,0.239701047539711,0.7295361757278442,-0.03118966519832611,0.2609447240829468,0.7254653573036194,-0.02560344524681568,0.27657759189605713,0.7267223596572876,-0.021016811951994896,Yes
0.3746706247329712,0.6851362586021423,-1.4795453751048626e-07,0.3696524500846863,0.5997094511985779,-0.02259204536676407,0.35374411940574646,0.5318911075592041,-0.0419018492102623,0.3315601646900177,0.4695442318916321,-0.05840928107500076,0.31724247336387634,0.4130887985229492,-0.07389207184314728,0.2442067712545395,0.5722557306289673,-0.031039319932460785,0.26104041934013367,0.5773552060127258,-0.047390878200531006,0.2879120409488678,0.5906222462654114,-0.06580661982297897,0.304884135723114,0.6019085049629211,-0.07927649468183517,0.2251271903514862,0.6298875212669373,-0.0270762350410223,0.24684879183769226,0.6347675323486328,-0.03278190270066261,0.27201783657073975,0.6415985822677612,-0.0418262779712677,0.28883078694343567,0.649252712726593,-0.0523981936275959,0.2227783501148224,0.6851714849472046,-0.023635227233171463,0.23964014649391174,0.6840890645980835,-0.028972525149583817,0.2607111632823944,0.6860485076904297,-0.029285671189427376,0.27624523639678955,0.6903300881385803,-0.03229379281401634,0.22777996957302094,0.7348756790161133,-0.02243424765765667,0.23734647035598755,0.7312018275260925,-0.027105730026960373,0.25799068808555603,0.727661669254303,-0.022166520357131958,0.2731372117996216,0.7289344072341919,-0.017710775136947632,Yes
0.3690260946750641,0.6856932640075684,-1.4095819267367915e-07,0.367213636636734,0.6026221513748169,-0.024081386625766754,0.35329049825668335,0.5355786681175232,-0.043831467628479004,0.3316152095794678,0.4735718369483948,-0.06053077057003975,0.31614363193511963,0.419430136680603,-0.07635392993688583,0.24559639394283295,0.5744368433952332,-0.03471203148365021,0.26220715045928955,0.582343578338623,-0.052349746227264404,0.2871611416339874,0.5966843366622925,-0.07070205360651016,0.3038664758205414,0.6085851192474365,-0.08377762883901596,0.22527998685836792,0.6315047144889832,-0.029957886785268784,0.24602055549621582,0.6399811506271362,-0.037228863686323166,0.2701360881328583,0.6477130651473999,-0.04658042639493942,0.2875237762928009,0.6546390056610107,-0.05705387890338898,0.22123274207115173,0.686549723148346,-0.025721637532114983,0.23725855350494385,0.6893944144248962,-0.0323711596429348,0.2577710747718811,0.6920081973075867,-0.03291217237710953,0.2744339108467102,0.6956018209457397,-0.0357184000313282,0.2250003218650818,0.7363098859786987,-0.023725708946585655,0.23369969427585602,0.7354177236557007,-0.02945714443922043,0.2538413107395172,0.7318189144134521,-0.024951383471488953,0.27005454897880554,0.7313454151153564,-0.02054806984961033,Yes
0.36937135457992554,0.6904252171516418,-1.1525977328119552e-07,0.36550381779670715,0.6065719127655029,-0.024724125862121582,0.3493821322917938,0.5390130877494812,-0.04480937123298645,0.3255520164966583,0.4796145558357239,-0.06183697655797005,0.31159037351608276,0.42374682426452637,-0.07788185775279999,0.243973046541214,0.5751661062240601,-0.03322150930762291,0.25515326857566833,0.5856754183769226,-0.05041651800274849,0.28052255511283875,0.5987550020217896,-0.06854915618896484,0.2983190417289734,0.6080156564712524,-0.08141105622053146,0.22385503351688385,0.632573664188385,-0.028384244069457054,0.23669487237930298,0.6443346738815308,-0.03569718450307846,0.26018619537353516,0.6495703458786011,-0.04477035999298096,0.27915799617767334,0.6538394689559937,-0.05463520437479019,0.2197040319442749,0.6885440349578857,-0.024256497621536255,0.22970107197761536,0.694869339466095,-0.030767837539315224,0.2501849830150604,0.696101725101471,-0.03117913380265236,0.26814529299736023,0.6973965167999268,-0.0337156280875206,0.2233719825744629,0.739159107208252,-0.022478094324469566,0.22913944721221924,0.7421743273735046,-0.028149951249361038,0.24877357482910156,0.7381731867790222,-0.023822814226150513,0.26515188813209534,0.7365922331809998,-0.019444040954113007,Yes
0.37346360087394714,0.6993573904037476,-1.310580302060771e-07,0.3706250488758087,0.6160573363304138,-0.021657979115843773,0.3551877737045288,0.5491381287574768,-0.04104532673954964,0.3311980068683624,0.4895983338356018,-0.05806797742843628,0.3182137906551361,0.431260883808136,-0.0741402879357338,0.2505774199962616,0.5809293985366821,-0.02890169434249401,0.2619207203388214,0.586889922618866,-0.045453689992427826,0.28806084394454956,0.601064145565033,-0.06336253881454468,0.3063945174217224,0.6114985346794128,-0.07609359174966812,0.22958746552467346,0.6359832286834717,-0.02558307722210884,0.24422235786914825,0.6448831558227539,-0.032005906105041504,0.2686210870742798,0.6524308919906616,-0.04075845330953598,0.28775501251220703,0.657978892326355,-0.05025513470172882,0.22408729791641235,0.6903896927833557,-0.02284853719174862,0.23487988114356995,0.6950454115867615,-0.028667259961366653,0.2561851739883423,0.6983052492141724,-0.028268709778785706,0.2743430733680725,0.7005212306976318,-0.030127670615911484,0.22599256038665771,0.7397691607475281,-0.02217957191169262,0.23177416622638702,0.7439290881156921,-0.026661358773708344,0.2521791458129883,0.7417742609977722,-0.02104741893708706,0.26886269450187683,0.7409173250198364,-0.015711460262537003,Yes
0.7429676055908203,0.5835950374603271,-2.4283136212943646e-07,0.7120772004127502,0.4944509267807007,-0.0017671174136921763,0.6694175004959106,0.42186757922172546,-0.00995473749935627,0.6352056860923767,0.36332207918167114,-0.02027658186852932,0.6202183365821838,0.3089476227760315,-0.031033681705594063,0.5635760426521301,0.45059406757354736,-0.0006490005762316287,0.5624344944953918,0.4957719147205353,-0.009388383477926254,0.5901661515235901,0.514672040939331,-0.023638669401407242,0.6164323687553406,0.5132642388343811,-0.034401051700115204,0.5489627122879028,0.5112277269363403,-0.007344838231801987,0.5523886680603027,0.5621535181999207,-0.00845874473452568,0.5819768309593201,0.570303201675415,-0.014991944655776024,0.6086113452911377,0.5596382021903992,-0.021917006000876427,0.5523401498794556,0.5750418305397034,-0.013717134483158588,0.5612967014312744,0.6155420541763306,-0.013961486518383026,0.5881552696228027,0.6179185509681702,-0.012973715551197529,0.6107180714607239,0.6036000847816467,-0.014745460823178291,0.563602089881897,0.6347668170928955,-0.021209891885519028,0.5748724937438965,0.6701439023017883,-0.022998299449682236,0.6011734008789062,0.6662192344665527,-0.018136508762836456,0.6183130741119385,0.6512129306793213,-0.012924132868647575,Yes
0.7459381818771362,0.5874647498130798,-2.3783499614182801e-07,0.7129515409469604,0.49796417355537415,0.0015216193860396743,0.6702465415000916,0.4282216429710388,-0.005175033584237099,0.6361793875694275,0.3693995177745819,-0.01505189947783947,0.6225374937057495,0.3122882544994354,-0.02551998570561409,0.5645595192909241,0.4550222158432007,0.006086302455514669,0.5602988004684448,0.49955350160598755,-0.0014044770505279303,0.5865778923034668,0.5197947025299072,-0.015439094044268131,0.6127392053604126,0.5184373259544373,-0.026332976296544075,0.5487891435623169,0.5134743452072144,-0.002078692428767681,0.5536051988601685,0.5675990581512451,-0.0016497561009600759,0.5832669138908386,0.5760745406150818,-0.008138613775372505,0.6095889210700989,0.5636426210403442,-0.01534479483962059,0.5511499047279358,0.5772947072982788,-0.01006761658936739,0.5622034668922424,0.6202070713043213,-0.009265640750527382,0.5889955759048462,0.6225072741508484,-0.008458705618977547,0.6114850044250488,0.6070329546928406,-0.010728482156991959,0.5614561438560486,0.6379749774932861,-0.019057247787714005,0.5741775035858154,0.6764928698539734,-0.02049018070101738,0.6005621552467346,0.6729466915130615,-0.015865711495280266,0.6172487139701843,0.657559871673584,-0.010947249829769135,Yes
0.7435716986656189,0.5957295298576355,-2.469329558607569e-07,0.7111544609069824,0.5054700374603271,4.969549991074018e-05,0.6684219241142273,0.4365391135215759,-0.00775346951559186,0.6343909502029419,0.37901389598846436,-0.018498312681913376,0.6187053918838501,0.32251980900764465,-0.029762374237179756,0.5612566471099854,0.4612288773059845,0.004274734295904636,0.5582286715507507,0.5039635896682739,-0.005346097517758608,0.5860560536384583,0.5252344012260437,-0.02132483385503292,0.6128464341163635,0.5241321921348572,-0.03322615474462509,0.5452193021774292,0.5209921598434448,-0.003101298352703452,0.549288809299469,0.5710930824279785,-0.004921799059957266,0.5804038643836975,0.5812159776687622,-0.012386146001517773,0.60887211561203,0.5707777738571167,-0.019508948549628258,0.546737551689148,0.5859332084655762,-0.010439097881317139,0.5574204921722412,0.6264970302581787,-0.011759737506508827,0.5858134031295776,0.6296970844268799,-0.011624889448285103,0.6110512614250183,0.6151600480079651,-0.013496512547135353,0.5561310648918152,0.6472727060317993,-0.018828317523002625,0.5705066323280334,0.6845134496688843,-0.022111952304840088,0.5989172458648682,0.6807458996772766,-0.018293792381882668,0.618556797504425,0.6648699641227722,-0.013268545269966125,Yes
0.7305369973182678,0.6592168211936951,-1.9819469798676437e-07,0.7006427645683289,0.5715910792350769,-0.005601280368864536,0.6580284237861633,0.5017606616020203,-0.017825597897171974,0.6226407289505005,0.4440740942955017,-0.031001700088381767,0.6117414236068726,0.38436663150787354,-0.044574663043022156,0.5492558479309082,0.5202178359031677,-0.013266383670270443,0.5564240217208862,0.5538120865821838,-0.02752627804875374,0.587283730506897,0.5730668306350708,-0.04558286443352699,0.6105021834373474,0.576337456703186,-0.05859652906656265,0.5334087014198303,0.5862200260162354,-0.018349111080169678,0.5517043471336365,0.6160316467285156,-0.022250482812523842,0.5827871561050415,0.6254504323005676,-0.029712583869695663,0.608360230922699,0.6231095194816589,-0.03754477575421333,0.5353649258613586,0.6552050113677979,-0.022989844903349876,0.5597535967826843,0.6726253032684326,-0.02519160509109497,0.5862815380096436,0.6762136220932007,-0.025214804336428642,0.6100452542304993,0.671184778213501,-0.02762591280043125,0.5460954308509827,0.7198062539100647,-0.029005732387304306,0.5707125663757324,0.73323655128479,-0.03188924863934517,0.598107099533081,0.7294070720672607,-0.028567122295498848,0.6166399717330933,0.7224828004837036,-0.024213584139943123,Yes
0.7360693216323853,0.6663445830345154,-2.271904975259531e-07,0.7071231007575989,0.5765184164047241,-0.0036087720654904842,0.6649685502052307,0.504713237285614,-0.013336128555238247,0.6292687654495239,0.4450915455818176,-0.02418878674507141,0.6143820881843567,0.3869101107120514,-0.03559653460979462,0.5545477867126465,0.5304988026618958,-0.009510444477200508,0.5525758266448975,0.5643351674079895,-0.01823430135846138,0.5799320340156555,0.5878417491912842,-0.031020453199744225,0.60538649559021,0.5917578339576721,-0.04051993414759636,0.5379045009613037,0.5951199531555176,-0.014099578373134136,0.5511122345924377,0.6332966685295105,-0.012812822125852108,0.5820194482803345,0.6469281911849976,-0.017347216606140137,0.6081989407539368,0.6418800354003906,-0.023634128272533417,0.5402514934539795,0.6636138558387756,-0.017823079600930214,0.5613082647323608,0.6883412003517151,-0.016919424757361412,0.5882527232170105,0.6942359209060669,-0.015188661403954029,0.6132833957672119,0.6867879629135132,-0.01671762205660343,0.5511776208877563,0.7277761697769165,-0.022611578926444054,0.5703650712966919,0.7486341595649719,-0.023780502378940582,0.5978461503982544,0.7457305192947388,-0.018231039866805077,0.6178711652755737,0.7360419631004333,-0.012160911224782467,Yes
0.7449677586555481,0.6744108200073242,-2.4484418759129767e-07,0.7114087343215942,0.581212043762207,-3.3109201467595994e-05,0.6688538193702698,0.5126450061798096,-0.008462561294436455,0.6327213644981384,0.4559183120727539,-0.01960010454058647,0.6184121966362,0.39939022064208984,-0.03126011788845062,0.5611222982406616,0.5404170155525208,0.0007529714494012296,0.5476593375205994,0.5731291174888611,-0.008801116608083248,0.572855532169342,0.6012015342712402,-0.023005783557891846,0.6021353006362915,0.6085651516914368,-0.03278515860438347,0.5432950854301453,0.6017181873321533,-0.005309807136654854,0.5496288537979126,0.6440872550010681,-0.004329234827309847,0.5802384614944458,0.6591746807098389,-0.009744420647621155,0.6082674860954285,0.6518383622169495,-0.015907730907201767,0.5448897480964661,0.6685571074485779,-0.011008825153112411,0.5590028166770935,0.6990399956703186,-0.010278415866196156,0.5868280529975891,0.7064674496650696,-0.008739577606320381,0.6136637926101685,0.6965195536613464,-0.009891949594020844,0.5551823377609253,0.7316224575042725,-0.017628880217671394,0.5701647400856018,0.7595038414001465,-0.019248591735959053,0.5993162393569946,0.7574267983436584,-0.013899237848818302,0.6213714480400085,0.7449644207954407,-0.007485298905521631,Yes
0.7426985502243042,0.6779436469078064,-2.1746349432305578e-07,0.711078941822052,0.5839923620223999,-0.001842303667217493,0.6685332655906677,0.5124125480651855,-0.010664357803761959,0.6326524615287781,0.45428115129470825,-0.02132907509803772,0.6157011985778809,0.39862051606178284,-0.032149236649274826,0.559121310710907,0.5427631139755249,-0.0037314549554139376,0.5518779158592224,0.5686842203140259,-0.012072223238646984,0.5771687626838684,0.5916520357131958,-0.02461250126361847,0.6038666367530823,0.5981405377388,-0.033613309264183044,0.5417460203170776,0.6049313545227051,-0.009104616940021515,0.5508160591125488,0.6406243443489075,-0.006618461571633816,0.5809379816055298,0.6527099609375,-0.01026709284633398,0.6070544123649597,0.6467827558517456,-0.01587260328233242,0.5439580678939819,0.6719678044319153,-0.014037253335118294,0.5608333349227905,0.6958534121513367,-0.012252632528543472,0.5881343483924866,0.7011496424674988,-0.009698698297142982,0.6129364371299744,0.6926048398017883,-0.010764747858047485,0.5549860596656799,0.73502117395401,-0.020018652081489563,0.5717470049858093,0.7561256885528564,-0.020475002005696297,0.5995081067085266,0.7527636885643005,-0.014402513392269611,0.6194198727607727,0.7424817085266113,-0.008105365559458733,Yes
0.7362931966781616,0.6723169684410095,-2.045705400632869e-07,0.7082498073577881,0.5825498700141907,-0.004012006334960461,0.6663426756858826,0.5098872184753418,-0.01399977970868349,0.630902886390686,0.44900810718536377,-0.025528637692332268,0.6170972585678101,0.3891901969909668,-0.03759980574250221,0.5561841726303101,0.5386014580726624,-0.0070809973403811455,0.5578786134719849,0.5724149942398071,-0.017163896933197975,0.5863444209098816,0.5928246974945068,-0.03174380585551262,0.6128891110420227,0.5956739783287048,-0.04228932783007622,0.539654016494751,0.6035900712013245,-0.011981631629168987,0.5568061470985413,0.6406452059745789,-0.01093793474137783,0.5868223309516907,0.6506707668304443,-0.016689954325556755,0.6118674874305725,0.6438047289848328,-0.024104049429297447,0.5420323014259338,0.671735942363739,-0.01649569161236286,0.5662578344345093,0.6960852146148682,-0.01593521237373352,0.5923200249671936,0.6990529298782349,-0.015734488144516945,0.6151996850967407,0.6888500452041626,-0.018550042062997818,0.5525949001312256,0.7357386350631714,-0.022240469232201576,0.575506329536438,0.7569505572319031,-0.024062613025307655,0.6031900644302368,0.7516869306564331,-0.019953163340687752,0.6218502521514893,0.7398941516876221,-0.015166934579610825,Yes
0.7401549816131592,0.6780014634132385,-2.262314779954977e-07,0.7103409171104431,0.5846169590950012,-0.0037482359912246466,0.6675314903259277,0.5101224780082703,-0.014260733500123024,0.6304089426994324,0.4497873783111572,-0.02610156126320362,0.6151914596557617,0.3912684917449951,-0.03850172087550163,0.5563792586326599,0.5418185591697693,-0.00983232818543911,0.5526744723320007,0.576827883720398,-0.019838325679302216,0.5806095600128174,0.5997234582901001,-0.034047145396471024,0.6068066954612732,0.604905366897583,-0.044122371822595596,0.5401199460029602,0.6064096689224243,-0.014345638453960419,0.5550622940063477,0.6443313956260681,-0.012374196201562881,0.5852571725845337,0.6555957794189453,-0.016877856105566025,0.610176146030426,0.6490784287452698,-0.02352537214756012,0.5429685115814209,0.6748450994491577,-0.018116381019353867,0.5635804533958435,0.698000967502594,-0.01613032817840576,0.5899522304534912,0.7021899819374084,-0.01408081129193306,0.6139395833015442,0.6937072277069092,-0.015843762084841728,0.5539513826370239,0.7392054200172424,-0.023089414462447166,0.5733428597450256,0.7576590776443481,-0.02328927256166935,0.6006665229797363,0.7527389526367188,-0.017419878393411636,0.619951069355011,0.7420917749404907,-0.011347443796694279,Yes
0.7410687208175659,0.6841566562652588,-2.3412908944919764e-07,0.7104402780532837,0.5909386873245239,-0.0020625542383641005,0.6681817770004272,0.5189565420150757,-0.012318282388150692,0.6314120292663574,0.4592810869216919,-0.024458147585392,0.6180094480514526,0.3993314802646637,-0.037505097687244415,0.5561791062355042,0.5466898679733276,-0.006128491833806038,0.5537002086639404,0.5904784798622131,-0.016325756907463074,0.5836808085441589,0.6132542490959167,-0.032035764306783676,0.6121500134468079,0.6146442890167236,-0.043118804693222046,0.5409355163574219,0.6122987866401672,-0.011411155574023724,0.5542817115783691,0.6548765897750854,-0.009816469624638557,0.5849623084068298,0.667004406452179,-0.015843182802200317,0.6124090552330017,0.6598392724990845,-0.02325185388326645,0.5439584851264954,0.6809976100921631,-0.01582379639148712,0.5632405877113342,0.7077692747116089,-0.01420527882874012,0.5900769829750061,0.7136587500572205,-0.013193069025874138,0.6163310408592224,0.7049165368080139,-0.015128678642213345,0.5545618534088135,0.7445677518844604,-0.021277546882629395,0.5716574192047119,0.7654052972793579,-0.021547649055719376,0.5996408462524414,0.7640900611877441,-0.01576525904238224,0.6209018230438232,0.7547385692596436,-0.0093703493475914,Yes
0.7419168949127197,0.6920029520988464,-2.2577391689537762e-07,0.7104042768478394,0.5985143780708313,-0.0018861839780583978,0.6688138246536255,0.5260949730873108,-0.011723281815648079,0.6317047476768494,0.4652838110923767,-0.02344520203769207,0.6151894330978394,0.40643253922462463,-0.03596724197268486,0.5557228326797485,0.5591432452201843,-0.0063774604350328445,0.5553485155105591,0.597254753112793,-0.014953847043216228,0.5844374895095825,0.6180547475814819,-0.028990259394049644,0.6108463406562805,0.6203800439834595,-0.03930704668164253,0.5396773219108582,0.6249793767929077,-0.011595114134252071,0.5551849007606506,0.662190854549408,-0.00865864660590887,0.585806131362915,0.6728101968765259,-0.013690534979104996,0.6124977469444275,0.6665493845939636,-0.020991135388612747,0.5421229004859924,0.69343101978302,-0.015895938500761986,0.5644369125366211,0.717093825340271,-0.013018948026001453,0.5912938714027405,0.7207947373390198,-0.011670523323118687,0.6171343922615051,0.7117961645126343,-0.014088918454945087,0.552405834197998,0.7568898797035217,-0.021292071789503098,0.5720749497413635,0.7765456438064575,-0.020682895556092262,0.6001571416854858,0.7732937932014465,-0.014904049225151539,0.6214219331741333,0.7637721300125122,-0.009049504064023495,Yes
0.7438017129898071,0.6912076473236084,-2.3173468832737854e-07,0.7116698622703552,0.5980327129364014,-0.0034337230026721954,0.6702176928520203,0.5263316035270691,-0.014043431729078293,0.633388340473175,0.46650850772857666,-0.026381101459264755,0.617376446723938,0.4084659516811371,-0.03935133293271065,0.5572614669799805,0.5590324401855469,-0.008039518259465694,0.5538901090621948,0.6010584831237793,-0.018184088170528412,0.5837984085083008,0.6235488653182983,-0.0328931026160717,0.6119714975357056,0.6250690817832947,-0.04338051751255989,0.5409345626831055,0.623555064201355,-0.012985995970666409,0.5560703277587891,0.6657341122627258,-0.011587927117943764,0.5866649746894836,0.6776372790336609,-0.017126882448792458,0.6130335330963135,0.6699490547180176,-0.024496428668498993,0.543319582939148,0.6915534734725952,-0.017222246155142784,0.5651804804801941,0.7186800837516785,-0.01599997468292713,0.5919168591499329,0.7245210409164429,-0.01465274766087532,0.6174002289772034,0.7153913974761963,-0.016682598739862442,0.5532063245773315,0.7548853158950806,-0.022687878459692,0.5722596049308777,0.7774374485015869,-0.023524940013885498,0.6006599068641663,0.776502251625061,-0.01788746751844883,0.6220747828483582,0.7674534320831299,-0.011716155335307121,Yes
0.7395563125610352,0.6988511085510254,-2.1434972552469844e-07,0.7097642421722412,0.6038897037506104,-0.0033728601410984993,0.6692436933517456,0.5313456058502197,-0.013619769364595413,0.6324347853660583,0.4712696969509125,-0.02557254210114479,0.6180132031440735,0.41123026609420776,-0.03824861720204353,0.5586918592453003,0.5644476413726807,-0.007585127837955952,0.5582842230796814,0.599559485912323,-0.016774894669651985,0.5877410769462585,0.6195049285888672,-0.031355466693639755,0.6143484115600586,0.6214420795440674,-0.04216081276535988,0.5423915982246399,0.630741536617279,-0.01234060525894165,0.5569771528244019,0.6655555367469788,-0.010169277898967266,0.5878857970237732,0.6754363775253296,-0.015058709308505058,0.6143601536750793,0.6691384315490723,-0.022226719185709953,0.5446171760559082,0.6992084383964539,-0.0164392851293087,0.5659397840499878,0.7207168340682983,-0.01436502207070589,0.5929042100906372,0.7247555255889893,-0.012788395397365093,0.6185177564620972,0.7162986993789673,-0.01486913114786148,0.5543545484542847,0.7621448040008545,-0.02173382043838501,0.5728203654289246,0.7805690169334412,-0.021326422691345215,0.6005005240440369,0.7780646681785583,-0.015413977205753326,0.6214654445648193,0.7691172361373901,-0.009549954906105995,Yes
0.742336630821228,0.700373649597168,-2.3468400911497156e-07,0.7123333811759949,0.6058719158172607,-0.002479647984728217,0.6711387634277344,0.5323469042778015,-0.012095978483557701,0.6348527669906616,0.473868727684021,-0.023642191663384438,0.6220471262931824,0.4144356846809387,-0.03617089241743088,0.5587678551673889,0.5686562061309814,-0.007140489760786295,0.5579633712768555,0.6148989200592041,-0.01614578254520893,0.588057279586792,0.6328740119934082,-0.0306263267993927,0.6144456267356873,0.6305456161499023,-0.04127398505806923,0.5447468757629395,0.6342454552650452,-0.012552990578114986,0.5579454898834229,0.6741425395011902,-0.011128709651529789,0.5887110233306885,0.6830958724021912,-0.01680661551654339,0.6157363653182983,0.6754050850868225,-0.024085333570837975,0.5485552549362183,0.7011973857879639,-0.017029331997036934,0.5673462152481079,0.7264925241470337,-0.015251200646162033,0.5943930745124817,0.7296839952468872,-0.01393040269613266,0.6201928853988647,0.7198031544685364,-0.015861794352531433,0.5596045851707458,0.7630713582038879,-0.0226790402084589,0.5758542418479919,0.7825999855995178,-0.022457024082541466,0.6035067439079285,0.7795671224594116,-0.016459474340081215,0.6242681741714478,0.7694309949874878,-0.010326114483177662,Yes
0.7495041489601135,0.6821893453598022,-1.7909013649841654e-07,0.7195268869400024,0.5914372801780701,-0.00395530741661787,0.6762946248054504,0.5187742114067078,-0.014810354448854923,0.6412532925605774,0.45744726061820984,-0.027282578870654106,0.6297306418418884,0.3975987732410431,-0.040582794696092606,0.5695363879203796,0.5474229454994202,-0.007417142391204834,0.5699828267097473,0.5826104283332825,-0.018254317343235016,0.5992974638938904,0.6029817461967468,-0.03477373719215393,0.6249857544898987,0.6058909296989441,-0.04671049490571022,0.5554507970809937,0.6130794286727905,-0.012689927592873573,0.5646509528160095,0.643943727016449,-0.013086768798530102,0.5933324098587036,0.6542379260063171,-0.020076753571629524,0.620753288269043,0.6495500802993774,-0.02755725011229515,0.5588064789772034,0.6806407570838928,-0.01738821156322956,0.5757803916931152,0.698119580745697,-0.017039669677615166,0.600968062877655,0.7026945948600769,-0.01650886982679367,0.6262291073799133,0.6953038573265076,-0.01826070435345173,0.5699356198310852,0.7414514422416687,-0.023307261988520622,0.5857361555099487,0.7545011639595032,-0.023211659863591194,0.61236971616745,0.7524563670158386,-0.017364760860800743,0.6333260536193848,0.7439496517181396,-0.011202935129404068,Yes
0.7498905062675476,0.6355804800987244,-2.048590204140055e-07,0.7225490808486938,0.544579267501831,-0.0010710475035011768,0.682464599609375,0.47219404578208923,-0.009629633277654648,0.6508824825286865,0.4125443398952484,-0.020671671256422997,0.6402657628059387,0.35672080516815186,-0.03273283317685127,0.5766669511795044,0.49438562989234924,-0.0027137126307934523,0.5710254907608032,0.5338348150253296,-0.01233384758234024,0.5990384817123413,0.5550270676612854,-0.027568332850933075,0.6253923773765564,0.556519627571106,-0.03867492824792862,0.5624955892562866,0.5596792101860046,-0.009074406698346138,0.5654335618019104,0.5944697856903076,-0.010674512013792992,0.5948562026023865,0.6054090261459351,-0.018207481130957603,0.6232786178588867,0.6008171439170837,-0.025413919240236282,0.5650742053985596,0.6259395480155945,-0.014821822755038738,0.5761635303497314,0.6478801369667053,-0.015255776233971119,0.6014710664749146,0.6530544757843018,-0.015345251187682152,0.6271937489509583,0.6460304260253906,-0.017058227211236954,0.5750478506088257,0.685488760471344,-0.02146800048649311,0.5854698419570923,0.7038052082061768,-0.02206461690366268,0.6112608909606934,0.7026169300079346,-0.016993794590234756,0.6320077776908875,0.6932589411735535,-0.011212065815925598,Yes
0.7515129446983337,0.6181641817092896,-2.3827810480270273e-07,0.7235115766525269,0.5276541709899902,-0.0030930221546441317,0.6818885803222656,0.45705705881118774,-0.01158604584634304,0.6472958922386169,0.39928048849105835,-0.021901587024331093,0.6341222524642944,0.3454364538192749,-0.03287816792726517,0.5719053149223328,0.48525527119636536,-0.004141030367463827,0.5674019455909729,0.530041515827179,-0.013562256470322609,0.5959209203720093,0.5513289570808411,-0.02771388180553913,0.6237655878067017,0.5511221885681152,-0.03779073432087898,0.5578994154930115,0.5495786666870117,-0.009331226348876953,0.5644989013671875,0.59354567527771,-0.010228298604488373,0.5941944122314453,0.6040660738945007,-0.01694137044250965,0.6221843957901001,0.5951364040374756,-0.023786455392837524,0.5615723729133606,0.6151600480079651,-0.014036931097507477,0.5741622447967529,0.645919919013977,-0.014576630666851997,0.6003025770187378,0.6505950689315796,-0.014441605657339096,0.6256554126739502,0.6391840577125549,-0.01624857261776924,0.5730776786804199,0.6752738356590271,-0.01985464058816433,0.5868390202522278,0.7022790908813477,-0.022042492404580116,0.614064633846283,0.7005465626716614,-0.017604481428861618,0.6342806220054626,0.6877370476722717,-0.012007171288132668,Yes
0.7614599466323853,0.5347499251365662,-2.3801972304227093e-07,0.7292112708091736,0.4472672641277313,-0.001068373559974134,0.6856046915054321,0.37752747535705566,-0.009571511298418045,0.6502942442893982,0.3182987570762634,-0.0208638533949852,0.6393600702285767,0.26038599014282227,-0.0330551378428936,0.579974889755249,0.40228378772735596,0.0006385503802448511,0.569782018661499,0.4552002549171448,-0.01009336207062006,0.5987684726715088,0.4772060215473175,-0.025910241529345512,0.6285488605499268,0.4768373668193817,-0.03699542582035065,0.5675880312919617,0.46319061517715454,-0.006585597991943359,0.5662695169448853,0.5191130638122559,-0.010220633819699287,0.5968865752220154,0.5281370878219604,-0.018001215532422066,0.6268765926361084,0.5173112750053406,-0.02474929764866829,0.5720394253730774,0.5280332565307617,-0.013644085265696049,0.5755884051322937,0.5706186294555664,-0.01575075089931488,0.6038373708724976,0.575101912021637,-0.014568151906132698,0.6308626532554626,0.5619874000549316,-0.015166100114583969,0.5842272639274597,0.5884498953819275,-0.02192026376724243,0.5923432111740112,0.6249417066574097,-0.025061465799808502,0.6209331750869751,0.6223814487457275,-0.020384015515446663,0.6421465873718262,0.6067240238189697,-0.014440825209021568,Yes
0.7675458192825317,0.5126930475234985,-3.0414992124860873e-07,0.7310357689857483,0.42648959159851074,0.0038182861171662807,0.6855663657188416,0.36039772629737854,-0.0030046054162085056,0.6501604914665222,0.3029678463935852,-0.01405804418027401,0.6415256261825562,0.2444530725479126,-0.026182346045970917,0.5829338431358337,0.3781846761703491,0.00923829060047865,0.5613952875137329,0.45268216729164124,-0.002880014246329665,0.5907363295555115,0.4775131940841675,-0.01930481567978859,0.6237766146659851,0.47514426708221436,-0.029994066804647446,0.5724265575408936,0.43014559149742126,-0.0003740786632988602,0.566799521446228,0.5128530263900757,-0.004789179190993309,0.5984903573989868,0.5211606025695801,-0.012648031115531921,0.627095639705658,0.5033212304115295,-0.019512834027409554,0.5764791965484619,0.4909979999065399,-0.010212181136012077,0.5759165287017822,0.556833803653717,-0.012461988255381584,0.6053844690322876,0.5605282187461853,-0.010492173954844475,0.629603385925293,0.5410723090171814,-0.011022704653441906,0.5870373845100403,0.5516265630722046,-0.02111935429275036,0.5892853140830994,0.6032940149307251,-0.024234510958194733,0.6204647421836853,0.5996636152267456,-0.0190291665494442,0.6406444311141968,0.5794757008552551,-0.012959904037415981,Yes
0.7661539912223816,0.5052352547645569,-2.767731928088324e-07,0.7300783395767212,0.42022445797920227,0.0030212164856493473,0.6865079402923584,0.35310256481170654,-0.00503165740519762,0.6519937515258789,0.29516446590423584,-0.016944270581007004,0.6419006586074829,0.2377232164144516,-0.029941018670797348,0.5811697244644165,0.37024644017219543,0.006802990101277828,0.5641909241676331,0.44531160593032837,-0.003951021935790777,0.5953249335289001,0.46631360054016113,-0.01976892165839672,0.6257628202438354,0.4608778655529022,-0.030467994511127472,0.5707321166992188,0.4236370027065277,-0.0024185162037611008,0.5662475824356079,0.5034907460212708,-0.005591082386672497,0.5986660122871399,0.5108988881111145,-0.013159160502254963,0.6267307996749878,0.49324724078178406,-0.019971543923020363,0.575084924697876,0.48514631390571594,-0.011489013209939003,0.5744463205337524,0.549953818321228,-0.0124126598238945,0.6043736934661865,0.5526748299598694,-0.010746573098003864,0.6283650398254395,0.5324316024780273,-0.011673090048134327,0.5856155753135681,0.5460711717605591,-0.021582795307040215,0.5869561433792114,0.5969222784042358,-0.0232002642005682,0.6175655126571655,0.5926326513290405,-0.017435347661376,0.637674868106842,0.572306752204895,-0.011142359115183353,Yes
0.7627688050270081,0.5040180087089539,-2.9782984256598866e-07,0.7273469567298889,0.419208824634552,0.0013362852623686194,0.6832700371742249,0.35068604350090027,-0.006514633074402809,0.6499810218811035,0.29224705696105957,-0.01806793361902237,0.6383556723594666,0.23710864782333374,-0.030709704384207726,0.5796655416488647,0.3659798204898834,0.0057024224661290646,0.5661401152610779,0.439916729927063,-0.0080740787088871,0.5965561866760254,0.46268537640571594,-0.026383066549897194,0.6280627846717834,0.45873209834098816,-0.038601379841566086,0.5670887231826782,0.42062363028526306,-0.0033956642728298903,0.5653781890869141,0.4983989894390106,-0.010363987646996975,0.5975430011749268,0.5071586966514587,-0.02024710364639759,0.6273555159568787,0.4914010763168335,-0.027991820126771927,0.5699179172515869,0.4837048649787903,-0.012706641107797623,0.5716355443000793,0.545810341835022,-0.018149787560105324,0.6018213629722595,0.5495182871818542,-0.01758485659956932,0.6277249455451965,0.5310134887695312,-0.018153466284275055,0.5799611210823059,0.5462706685066223,-0.02314281277358532,0.5849267244338989,0.5958024263381958,-0.029882770031690598,0.6161958575248718,0.5926403999328613,-0.026137087494134903,0.6372930407524109,0.5730281472206116,-0.020222069695591927,Yes
0.7605109214782715,0.5020357370376587,-3.0002829021213984e-07,0.7239762544631958,0.4158115088939667,0.0042042117565870285,0.6811681389808655,0.3496900200843811,-0.0025797411799430847,0.6472773551940918,0.29458093643188477,-0.013505801558494568,0.6356654167175293,0.24011395871639252,-0.02543765679001808,0.5780693292617798,0.36728137731552124,0.008596704341471195,0.5614449381828308,0.4354979693889618,-0.0015941037563607097,0.5902899503707886,0.4586746096611023,-0.016803009435534477,0.6208786964416504,0.45618072152137756,-0.027525870129466057,0.5664002299308777,0.41985422372817993,-0.0016083676600828767,0.5615814924240112,0.49718090891838074,-0.005209231283515692,0.593553364276886,0.5053034424781799,-0.012731794267892838,0.6220843195915222,0.48860540986061096,-0.019543591886758804,0.5699204802513123,0.4811180830001831,-0.011678795330226421,0.5698948502540588,0.545951783657074,-0.013313389383256435,0.5999364852905273,0.5486099720001221,-0.01130207534879446,0.6240144371986389,0.5285834074020386,-0.012206831015646458,0.5807769298553467,0.5420530438423157,-0.022753510624170303,0.5848405957221985,0.5962530374526978,-0.026751233264803886,0.6156458258628845,0.5919045805931091,-0.022002948448061943,0.6356546878814697,0.5714671611785889,-0.016309836879372597,Yes
0.7584164142608643,0.4987519383430481,-2.935164218342834e-07,0.7234451770782471,0.41383275389671326,0.002708842745050788,0.6813177466392517,0.348219633102417,-0.004738133400678635,0.6472110748291016,0.2920724153518677,-0.01618180237710476,0.6365436911582947,0.23657172918319702,-0.028659584000706673,0.5764129161834717,0.3668740391731262,0.007412903010845184,0.5616663694381714,0.4388904273509979,-0.0036731211002916098,0.5914300084114075,0.46146246790885925,-0.01957341656088829,0.6217649579048157,0.45758721232414246,-0.03056354448199272,0.564649760723114,0.4195455014705658,-0.002063953084871173,0.5641400218009949,0.49939364194869995,-0.006274472456425428,0.5964455604553223,0.5064992904663086,-0.014219137839972973,0.6242834329605103,0.48853492736816406,-0.02121867798268795,0.5685103535652161,0.48107805848121643,-0.011554436758160591,0.5709277987480164,0.5455254316329956,-0.013942933641374111,0.6011391878128052,0.5485258102416992,-0.012389878742396832,0.6249934434890747,0.5281882286071777,-0.013297929428517818,0.5791553258895874,0.5428099632263184,-0.022185226902365685,0.5860373973846436,0.5960983037948608,-0.02658402919769287,0.6170452237129211,0.5910601615905762,-0.02232244238257408,0.6367045044898987,0.5696276426315308,-0.016778113320469856,Yes
0.7551645636558533,0.4925423860549927,-3.0104160941846203e-07,0.7221153378486633,0.408184677362442,0.0011831660522148013,0.6806092858314514,0.34184402227401733,-0.0065216124057769775,0.6470043659210205,0.28664520382881165,-0.01800866797566414,0.6349655985832214,0.2333609014749527,-0.030767712742090225,0.5772286653518677,0.3585774600505829,0.006487972568720579,0.5640938878059387,0.42995330691337585,-0.006804525386542082,0.5927834510803223,0.4529673755168915,-0.024839837104082108,0.6228476762771606,0.44997483491897583,-0.0369640588760376,0.5651220083236694,0.41042426228523254,-0.0020942986011505127,0.56371009349823,0.48858511447906494,-0.008416925556957722,0.5955517888069153,0.4973016083240509,-0.017736544832587242,0.6238797903060913,0.4807928800582886,-0.02523212879896164,0.56807941198349,0.47108596563339233,-0.010999968275427818,0.5695473551750183,0.5359447002410889,-0.01584828458726406,0.5993641018867493,0.5392284393310547,-0.015382319688796997,0.6236611008644104,0.519048810005188,-0.016320839524269104,0.577526330947876,0.5326842665672302,-0.02101588249206543,0.5831578373908997,0.5871656537055969,-0.027481647208333015,0.6140294075012207,0.582857608795166,-0.023994849994778633,0.634390652179718,0.5618118047714233,-0.018586626276373863,Yes
0.7532168626785278,0.44175171852111816,-2.945756705230451e-07,0.7202578186988831,0.3619290590286255,0.0020625244360417128,0.6783043146133423,0.30264660716056824,-0.005999642889946699,0.6447740197181702,0.2495248019695282,-0.018091080710291862,0.6320791244506836,0.19545434415340424,-0.031400080770254135,0.5758707523345947,0.3211216926574707,0.007848034612834454,0.5567759275436401,0.39398258924484253,-0.005263397470116615,0.5855038166046143,0.417508602142334,-0.022615652531385422,0.6173401474952698,0.413594126701355,-0.03376038745045662,0.5646156668663025,0.37078577280044556,-0.0004802703042514622,0.5620589256286621,0.4469004273414612,-0.00557435117661953,0.5930136442184448,0.4561106860637665,-0.014389469288289547,0.6222217082977295,0.43975549936294556,-0.021479737013578415,0.567912220954895,0.4286973178386688,-0.009183695539832115,0.5711218118667603,0.48950067162513733,-0.012141779996454716,0.6002793312072754,0.4935467839241028,-0.011974040418863297,0.6253278255462646,0.47439053654670715,-0.01329745166003704,0.5778466463088989,0.4858919382095337,-0.019007069990038872,0.5846449136734009,0.5353084206581116,-0.02361759915947914,0.6154103875160217,0.5320193767547607,-0.020589083433151245,0.6364209055900574,0.5122627019882202,-0.015628453344106674,Yes
0.7479751110076904,0.4335511326789856,-3.0540601869688544e-07,0.7161464691162109,0.3551155924797058,0.003797422628849745,0.6759620308876038,0.29545527696609497,-0.003407535143196583,0.6430352926254272,0.2444947212934494,-0.014609858393669128,0.6291810870170593,0.19259385764598846,-0.02666572853922844,0.5770842432975769,0.3092391788959503,0.009498432278633118,0.557735800743103,0.37740662693977356,-0.0017379632918164134,0.5848214030265808,0.40244925022125244,-0.017004908993840218,0.6162496209144592,0.40081077814102173,-0.026933062821626663,0.5647324323654175,0.3545401990413666,0.0007359491428360343,0.5602127909660339,0.43229034543037415,-0.0027020336128771305,0.5904577374458313,0.4427582919597626,-0.010214033536612988,0.6183275580406189,0.427870512008667,-0.016721144318580627,0.5666234493255615,0.4103212058544159,-0.008215922862291336,0.5680174827575684,0.4750567376613617,-0.010279602371156216,0.5973302721977234,0.47992995381355286,-0.010049138218164444,0.6209663152694702,0.46152007579803467,-0.011699866503477097,0.5749648213386536,0.4666346609592438,-0.017955617979168892,0.5793639421463013,0.5201761722564697,-0.022307127714157104,0.6098102331161499,0.5190829038619995,-0.019262418150901794,0.6303098797798157,0.5012702941894531,-0.014595593325793743,Yes
0.7509946227073669,0.4285620152950287,-3.09657849584255e-07,0.719901978969574,0.3521658480167389,0.002082955092191696,0.6794655323028564,0.2916804552078247,-0.005923960357904434,0.6472553610801697,0.24088697135448456,-0.017841976135969162,0.6325072050094604,0.1909599006175995,-0.030628561973571777,0.5774751305580139,0.3064389228820801,0.00853316392749548,0.5606193542480469,0.3779895305633545,-0.005043196491897106,0.5888479351997375,0.401889443397522,-0.02250286005437374,0.6203141212463379,0.39846333861351013,-0.033602625131607056,0.5654368996620178,0.35289254784584045,1.937485831149388e-05,0.563605785369873,0.4323892295360565,-0.006010617129504681,0.5952255725860596,0.44128572940826416,-0.015217100270092487,0.6236318945884705,0.42485564947128296,-0.02222689427435398,0.5678805708885193,0.40906983613967896,-0.008985750377178192,0.5717634558677673,0.4751931130886078,-0.013135455548763275,0.6020312309265137,0.47863292694091797,-0.013828372582793236,0.6261033415794373,0.45937272906303406,-0.015456361696124077,0.5768668055534363,0.46511414647102356,-0.01900533027946949,0.5843558311462402,0.5199211835861206,-0.024833375588059425,0.6155649423599243,0.517259418964386,-0.022752653807401657,0.636098325252533,0.4980359673500061,-0.01836136355996132,Yes
0.754298210144043,0.4318588376045227,-3.37325900545693e-07,0.7207171320915222,0.3538017272949219,0.003437673207372427,0.6798068284988403,0.2932204008102417,-0.004320889711380005,0.6472647786140442,0.2415756732225418,-0.016096636652946472,0.6338480710983276,0.19032259285449982,-0.028797617182135582,0.5785346627235413,0.3048504590988159,0.007469254080206156,0.5594125390052795,0.3785809278488159,-0.005702429451048374,0.5885372161865234,0.4021461009979248,-0.022510552778840065,0.6203529238700867,0.39813026785850525,-0.03346390277147293,0.5673917531967163,0.3511248230934143,-0.0016108680283650756,0.5594750642776489,0.43089041113853455,-0.006704101804643869,0.5906123518943787,0.4422024190425873,-0.014292128384113312,0.6196733117103577,0.4264886975288391,-0.020847652107477188,0.5703291893005371,0.4071534276008606,-0.010931559838354588,0.5674408078193665,0.47468313574790955,-0.013917400501668453,0.5974681973457336,0.48004159331321716,-0.011958729475736618,0.6220142245292664,0.46182486414909363,-0.012439312413334846,0.5800330638885498,0.4637790620326996,-0.021210532635450363,0.5831027626991272,0.5196659564971924,-0.025671500712633133,0.6140259504318237,0.5171985626220703,-0.02149396762251854,0.6347079873085022,0.4978625178337097,-0.016133969649672508,Yes
0.7404103875160217,0.4094753861427307,-2.7434876415100007e-07,0.71262526512146,0.33727437257766724,0.0006727920263074338,0.6746609807014465,0.2795006334781647,-0.007180909160524607,0.6437198519706726,0.22961442172527313,-0.01850648783147335,0.6302632093429565,0.18007688224315643,-0.0307033509016037,0.5766109824180603,0.2947497069835663,0.007740074303001165,0.5584885478019714,0.36266690492630005,-0.004417631309479475,0.5844870805740356,0.38594892621040344,-0.020923495292663574,0.6139845848083496,0.3829164505004883,-0.03169793635606766,0.5662142634391785,0.33895814418792725,0.00036457375972531736,0.560711145401001,0.4146778881549835,-0.00435970164835453,0.5893506407737732,0.42411375045776367,-0.012473279610276222,0.615904688835144,0.4088059365749359,-0.01912575773894787,0.5690298676490784,0.3921234905719757,-0.007623190991580486,0.5674883127212524,0.4546787440776825,-0.010694491676986217,0.5948164463043213,0.45919519662857056,-0.010380911640822887,0.6176472306251526,0.44084662199020386,-0.011523705907166004,0.5778061747550964,0.4453100860118866,-0.016704820096492767,0.5801401734352112,0.49801552295684814,-0.021294642239809036,0.6089076995849609,0.4970896542072296,-0.018183229491114616,0.6293396949768066,0.479495644569397,-0.013396669179201126,Yes
0.7445811629295349,0.40417611598968506,-3.1722473181616806e-07,0.7138342261314392,0.33213651180267334,0.005440555512905121,0.674781322479248,0.27712708711624146,-9.489222429692745e-05,0.6447104811668396,0.23005282878875732,-0.010456470772624016,0.6306577324867249,0.18088428676128387,-0.021803535521030426,0.580357015132904,0.29011082649230957,0.016254089772701263,0.5593008399009705,0.35192641615867615,0.005679617170244455,0.5848063230514526,0.38046303391456604,-0.010171269066631794,0.616258978843689,0.3810790181159973,-0.02071182057261467,0.5672875046730042,0.33249631524086,0.006891521625220776,0.5594376921653748,0.40572088956832886,0.005044222809374332,0.5873227119445801,0.421526700258255,-0.002598448423668742,0.6144666075706482,0.4085157513618469,-0.009557129815220833,0.5687780976295471,0.38565391302108765,-0.003105694428086281,0.5659513473510742,0.4488430917263031,-0.004336534067988396,0.5936137437820435,0.4597058594226837,-0.004433637019246817,0.617531955242157,0.4440951347351074,-0.006598647218197584,0.5769379138946533,0.43943217396736145,-0.013870270922780037,0.5823374390602112,0.49704068899154663,-0.017720622941851616,0.6111085414886475,0.5001304149627686,-0.015056628733873367,0.6317628026008606,0.48413199186325073,-0.011053347028791904,Yes
0.7427462339401245,0.3968902826309204,-2.8916093697262113e-07,0.712918758392334,0.32501062750816345,0.002136804163455963,0.6743350028991699,0.2686893045902252,-0.0051603130996227264,0.6453647017478943,0.22039225697517395,-0.01613721251487732,0.6319892406463623,0.1729123592376709,-0.027698010206222534,0.5806220173835754,0.2771071493625641,0.0092606320977211,0.5569992065429688,0.3374917507171631,-0.0027365037240087986,0.5815222859382629,0.36563020944595337,-0.01899331621825695,0.613089382648468,0.36648058891296387,-0.029624328017234802,0.5674248337745667,0.32015278935432434,0.001466386136598885,0.5573983788490295,0.39069053530693054,-0.00201127165928483,0.5846242308616638,0.40583890676498413,-0.009767030365765095,0.6120355725288391,0.3932898938655853,-0.016583414748311043,0.5681450963020325,0.37364932894706726,-0.006889954674988985,0.563948392868042,0.43362167477607727,-0.009209543466567993,0.5906099081039429,0.44310465455055237,-0.009017262607812881,0.6147028803825378,0.427555114030838,-0.010728352703154087,0.575661301612854,0.4275556802749634,-0.016195623204112053,0.579848051071167,0.4800484776496887,-0.020924760028719902,0.6080321073532104,0.48270153999328613,-0.01831778883934021,0.6286715865135193,0.4670547842979431,-0.014117918908596039,Yes
0.7462192177772522,0.3888290822505951,-2.964773955227429e-07,0.7148587703704834,0.318560928106308,0.005214373115450144,0.6750092506408691,0.2614186704158783,-0.0012851955834776163,0.6452332735061646,0.21212288737297058,-0.01243913359940052,0.6319054365158081,0.16312263906002045,-0.024667317047715187,0.5771186351776123,0.2731371521949768,0.013556702993810177,0.554523766040802,0.3385550379753113,0.0025639189407229424,0.5800995230674744,0.364711731672287,-0.013980989344418049,0.6111627221107483,0.36278170347213745,-0.024885334074497223,0.565931499004364,0.31658050417900085,0.0042804693803191185,0.5557721257209778,0.39079782366752625,0.0028174633625894785,0.5825901031494141,0.4052700996398926,-0.0048065753653645515,0.6100018620491028,0.39156460762023926,-0.011927823536098003,0.569136381149292,0.3698394298553467,-0.005375848617404699,0.56383216381073,0.43255335092544556,-0.005522731691598892,0.5902363061904907,0.4420084059238434,-0.0052438522689044476,0.6145822405815125,0.42594072222709656,-0.007327485363930464,0.5793465375900269,0.4233596622943878,-0.01584855280816555,0.5826371312141418,0.47745123505592346,-0.017862915992736816,0.6103100180625916,0.4789627194404602,-0.014344011433422565,0.6314383149147034,0.46255263686180115,-0.009962784126400948,Yes
0.7415787577629089,0.3853037655353546,-3.468231284387002e-07,0.7094624042510986,0.3152766227722168,0.005328776780515909,0.6722412705421448,0.2600063681602478,-0.001785583677701652,0.6413997411727905,0.21087060868740082,-0.013565407134592533,0.6273935437202454,0.1608988493680954,-0.02626413106918335,0.5745497941970825,0.2722669839859009,0.013695032335817814,0.5482863187789917,0.33632171154022217,0.0032844634260982275,0.5716288685798645,0.36579808592796326,-0.012111067771911621,0.6029297709465027,0.36722803115844727,-0.022168632596731186,0.563240110874176,0.31432488560676575,0.004737190902233124,0.5522762537002563,0.39178967475891113,0.002927075605839491,0.5789223909378052,0.40781691670417786,-0.005261818412691355,0.6063143610954285,0.3962366580963135,-0.012729398906230927,0.5650705099105835,0.36732128262519836,-0.004563423339277506,0.5599640011787415,0.4336435794830322,-0.004530512727797031,0.5846913456916809,0.447020947933197,-0.006246132776141167,0.60840904712677,0.4352073669433594,-0.009794666431844234,0.5728757381439209,0.42026227712631226,-0.014523587189614773,0.5721395611763,0.4851706326007843,-0.016802439466118813,0.5952743887901306,0.4980405867099762,-0.01528869103640318,0.6139339804649353,0.4927771985530853,-0.01247110404074192,Yes
0.73321533203125,0.3746470510959625,-2.6618999982019886e-07,0.7030890583992004,0.3003692328929901,0.002367067150771618,0.6668865084648132,0.2450290322303772,-0.005022495053708553,0.6385794878005981,0.1979956477880478,-0.016495194286108017,0.6283737421035767,0.15021376311779022,-0.028477264568209648,0.5741953253746033,0.2525504529476166,0.011555646546185017,0.5494228601455688,0.30583900213241577,-0.0005916013033129275,0.5707241296768188,0.3345731496810913,-0.016615886241197586,0.6003826856613159,0.33723729848861694,-0.02726816199719906,0.5603524446487427,0.2940323054790497,0.0030591022223234177,0.5498954057693481,0.3627496361732483,-0.002327753696590662,0.5769283175468445,0.38048255443573,-0.011249300092458725,0.6041030883789062,0.36913394927978516,-0.018301712349057198,0.5600130558013916,0.3476460576057434,-0.00631356704980135,0.5554755926132202,0.40793612599372864,-0.011518788523972034,0.5815680027008057,0.4217813313007355,-0.013815409503877163,0.6049392223358154,0.40716269612312317,-0.01634952984750271,0.5664042234420776,0.4022124111652374,-0.016376953572034836,0.5657729506492615,0.459524929523468,-0.02400391362607479,0.5930132269859314,0.46740734577178955,-0.023570654913783073,0.6138331294059753,0.4537576735019684,-0.020494544878602028,Yes
0.732147216796875,0.37491098046302795,-3.089486710905476e-07,0.7003376483917236,0.29919731616973877,0.005985029973089695,0.6653879880905151,0.2441474199295044,-0.0007623103447258472,0.6385270357131958,0.19665564596652985,-0.012818806804716587,0.6257885098457336,0.14737574756145477,-0.025759214535355568,0.5695404410362244,0.2511720359325409,0.016786441206932068,0.5484960675239563,0.31580492854118347,0.004496492445468903,0.5726273655891418,0.34538593888282776,-0.012788467109203339,0.6036101579666138,0.34739387035369873,-0.024304019287228584,0.5543862581253052,0.29199254512786865,0.005804982036352158,0.5505983829498291,0.37627020478248596,0.0004371014947537333,0.5803766846656799,0.38938966393470764,-0.009156104177236557,0.6078367233276367,0.3733256459236145,-0.01680072210729122,0.5541653037071228,0.34652823209762573,-0.005897438153624535,0.5551355481147766,0.4189704954624176,-0.010086748749017715,0.5845202803611755,0.42685389518737793,-0.011038362979888916,0.6077622771263123,0.40701115131378174,-0.013220884837210178,0.5608741641044617,0.4020698070526123,-0.018328726291656494,0.5670207738876343,0.4637629985809326,-0.025015300139784813,0.597584068775177,0.466031014919281,-0.02305842749774456,0.6175397634506226,0.4473578929901123,-0.018960338085889816,Yes
0.725528359413147,0.37601011991500854,-2.9719529948124546e-07,0.6954737305641174,0.30426353216171265,0.0039652371779084206,0.6583231091499329,0.2458493411540985,-0.00327918934635818,0.6298233866691589,0.19423073530197144,-0.014520879834890366,0.6197652220726013,0.14461520314216614,-0.0268390029668808,0.5597374439239502,0.25706416368484497,0.01065618172287941,0.5416866540908813,0.32467806339263916,-0.0005154955433681607,0.5662850141525269,0.3527181148529053,-0.017414404079318047,0.5954042673110962,0.3523600101470947,-0.028590640053153038,0.5481433868408203,0.3008551001548767,0.0019264088477939367,0.5438621640205383,0.37842443585395813,-0.00024060528085101396,0.5710815787315369,0.3932866156101227,-0.008620844222605228,0.5970456004142761,0.3798108994960785,-0.016246166080236435,0.5498902797698975,0.35350942611694336,-0.006989008747041225,0.5485888719558716,0.41747212409973145,-0.00788124930113554,0.5733816623687744,0.4281313121318817,-0.00816620234400034,0.59632807970047,0.4130217134952545,-0.010175125673413277,0.5576647520065308,0.4047200381755829,-0.01669970341026783,0.5553874373435974,0.4593806862831116,-0.01878817193210125,0.5813838839530945,0.4669668674468994,-0.014299019239842892,0.602564811706543,0.45552757382392883,-0.008808889426290989,Yes
0.721168577671051,0.37692224979400635,-2.874605797842378e-07,0.6905949711799622,0.3035772740840912,0.0020088518504053354,0.6541069746017456,0.2455676794052124,-0.006601796019822359,0.6266421675682068,0.195367693901062,-0.01934422180056572,0.6161810159683228,0.14564716815948486,-0.032840296626091,0.5546820163726807,0.26488175988197327,0.009490477852523327,0.5365384817123413,0.3374655246734619,-0.004886488430202007,0.5628718733787537,0.3601372241973877,-0.02376154251396656,0.5929666757583618,0.35481947660446167,-0.03593815118074417,0.5427721738815308,0.30637410283088684,0.0008039390086196363,0.538901686668396,0.38724589347839355,-0.004849266726523638,0.5680825114250183,0.39721259474754333,-0.014338921755552292,0.5937972664833069,0.38013216853141785,-0.022124340757727623,0.5444169640541077,0.35715144872665405,-0.00863757822662592,0.5444030165672302,0.4255276918411255,-0.01179150678217411,0.5714151859283447,0.43203863501548767,-0.01234991941601038,0.592341959476471,0.4136725664138794,-0.014430291950702667,0.5521477460861206,0.4081803560256958,-0.01925607956945896,0.5569514632225037,0.46777480840682983,-0.02341024950146675,0.5849156379699707,0.4699419140815735,-0.02047131210565567,0.6032406091690063,0.4533669054508209,-0.016169145703315735,Yes
0.7147098779678345,0.3800300359725952,-2.875457596474007e-07,0.6834694147109985,0.3063753843307495,0.0033181256148964167,0.6471520662307739,0.24830371141433716,-0.005146205425262451,0.6193225979804993,0.19691886007785797,-0.01769930124282837,0.6096450090408325,0.14629636704921722,-0.03120223432779312,0.5476502776145935,0.2684859037399292,0.008090409450232983,0.5302883386611938,0.3378681242465973,-0.003907015547156334,0.5565592646598816,0.3622085452079773,-0.02072087861597538,0.5856741666793823,0.35845547914505005,-0.031927574425935745,0.5352296233177185,0.31191009283065796,-0.0007547283894382417,0.5334342122077942,0.3902117908000946,-0.003735222853720188,0.5624663829803467,0.4010768532752991,-0.011742644011974335,0.5871091485023499,0.3848680257797241,-0.019148144870996475,0.5368196368217468,0.3640090227127075,-0.00977726187556982,0.5394027829170227,0.4288002848625183,-0.010677700862288475,0.5659624338150024,0.43488502502441406,-0.010937385261058807,0.5865964293479919,0.4170846939086914,-0.013394830748438835,0.5443019270896912,0.4158515930175781,-0.019733022898435593,0.5503905415534973,0.47071373462677,-0.022164858877658844,0.5784427523612976,0.4724680185317993,-0.01844976469874382,0.5971046090126038,0.45718806982040405,-0.013848656788468361,Yes
0.7145446538925171,0.3829280436038971,-3.2781733239062305e-07,0.682100236415863,0.31294623017311096,0.0034070881083607674,0.6454823613166809,0.25727736949920654,-0.005892137065529823,0.6173841953277588,0.2056816816329956,-0.01974768564105034,0.6053177118301392,0.15413562953472137,-0.03457459434866905,0.543005645275116,0.2730671167373657,0.011372288689017296,0.5294474363327026,0.34453055262565613,-0.002474111272022128,0.5568689107894897,0.3695991039276123,-0.021271919831633568,0.5870557427406311,0.36556604504585266,-0.0335603766143322,0.5301640033721924,0.31362566351890564,0.0018412460340186954,0.5306438207626343,0.3956741690635681,-0.0028056746814399958,0.5617039203643799,0.40726619958877563,-0.012172689661383629,0.5873962044715881,0.3906899392604828,-0.020074129104614258,0.5321385264396667,0.36423903703689575,-0.008281417191028595,0.5366034507751465,0.4338700771331787,-0.01049137208610773,0.5651065707206726,0.4408688247203827,-0.011691785417497158,0.5866744518280029,0.42281097173690796,-0.014467489905655384,0.5401811599731445,0.414705753326416,-0.0193646103143692,0.5475869178771973,0.475359171628952,-0.022367769852280617,0.5769817233085632,0.4787842333316803,-0.01900690235197544,0.5967648029327393,0.4643816351890564,-0.014491512440145016,Yes
0.7538802623748779,0.5068058371543884,-3.7051867707305064e-07,0.7179387211799622,0.42049098014831543,0.009413209743797779,0.6757720112800598,0.3549162745475769,0.0031476314179599285,0.6400649547576904,0.2972758412361145,-0.008568624034523964,0.6273879408836365,0.23903526365756989,-0.020685290917754173,0.5706260204315186,0.3661375641822815,0.013652742840349674,0.5176007747650146,0.45203280448913574,0.00303660798817873,0.5458794236183167,0.47920626401901245,-0.009440785273909569,0.5776311159133911,0.47179093956947327,-0.01692991703748703,0.5619732141494751,0.4127107262611389,0.0010420959442853928,0.5225493907928467,0.5051172375679016,-0.002420435892418027,0.552154541015625,0.524114727973938,-0.007005955558270216,0.581217885017395,0.506624698638916,-0.011483893729746342,0.5631846189498901,0.4700520932674408,-0.011712792329490185,0.5296646952629089,0.5465495586395264,-0.012088374234735966,0.5568403005599976,0.5628184676170349,-0.005987081676721573,0.5812700390815735,0.5440056920051575,-0.0038205261807888746,0.5705161690711975,0.5275720357894897,-0.024944109842181206,0.5376995801925659,0.5868111252784729,-0.025285175070166588,0.5646414160728455,0.5960874557495117,-0.016324538737535477,0.5887796878814697,0.5809313654899597,-0.00789857842028141,Yes
0.7534876465797424,0.5124444365501404,-3.6373660350363934e-07,0.7167443633079529,0.4225984215736389,0.010286286473274231,0.6772231459617615,0.35532763600349426,0.0036658926401287317,0.6424979567527771,0.2970498204231262,-0.00836274679750204,0.6295789480209351,0.23967941105365753,-0.021256349980831146,0.5715062022209167,0.36752140522003174,0.012476345524191856,0.5221506953239441,0.4536888003349304,0.0029734205454587936,0.5515534281730652,0.4811318516731262,-0.009257756173610687,0.584585964679718,0.4757499694824219,-0.016661137342453003,0.561738133430481,0.41444146633148193,-0.00010305393516318873,0.5274873971939087,0.5068654417991638,-0.001913475920446217,0.5573226809501648,0.5254610776901245,-0.007033197209239006,0.5877044796943665,0.5104615092277527,-0.012377295643091202,0.5623276233673096,0.47278448939323425,-0.012256365269422531,0.5341429710388184,0.5478842854499817,-0.010550638660788536,0.5614000558853149,0.563512921333313,-0.00521050114184618,0.5865827798843384,0.5471591353416443,-0.0042509217746555805,0.5689588785171509,0.5321718454360962,-0.024750439450144768,0.5414559841156006,0.5907411575317383,-0.02363453432917595,0.5689764022827148,0.5991283059120178,-0.014764351770281792,0.5925509929656982,0.5848838090896606,-0.0066529870964586735,Yes
0.7532248497009277,0.5117917060852051,-4.041157524170558e-07,0.7172912955284119,0.4220413267612457,0.011249850504100323,0.6779954433441162,0.35444942116737366,0.005204534158110619,0.6423221826553345,0.2966718077659607,-0.006571290548890829,0.6284151077270508,0.23921722173690796,-0.01922428235411644,0.5735431909561157,0.3666497468948364,0.012912401929497719,0.519840657711029,0.4499760866165161,0.0034094820730388165,0.5455684661865234,0.48091620206832886,-0.007984261028468609,0.5774381756782532,0.47790810465812683,-0.015032357536256313,0.5631065368652344,0.411382794380188,-0.00034876333666034043,0.5260084867477417,0.5081213712692261,-0.002549196593463421,0.5546802282333374,0.5279833078384399,-0.006608347874134779,0.5834903120994568,0.5120124220848083,-0.011452831327915192,0.5634670257568359,0.4683454632759094,-0.01331168133765459,0.5330062508583069,0.5492864847183228,-0.012522999197244644,0.5603032112121582,0.5653814077377319,-0.006384863052517176,0.5840445756912231,0.5473489761352539,-0.0051224143244326115,0.5700325965881348,0.5273874402046204,-0.02656402252614498,0.54196697473526,0.591537594795227,-0.02705785073339939,0.5705941915512085,0.5991621017456055,-0.01864776946604252,0.5938774347305298,0.5827932953834534,-0.011021272279322147,Yes
0.7530463933944702,0.5133904814720154,-3.784375337545498e-07,0.7165089845657349,0.4240869879722595,0.009723813273012638,0.6767132878303528,0.35619741678237915,0.0025628292933106422,0.639276385307312,0.2988327145576477,-0.010094142518937588,0.6243164539337158,0.24056321382522583,-0.02378903701901436,0.5683618783950806,0.3707347512245178,0.012816807255148888,0.5193691253662109,0.4604078233242035,0.002918777521699667,0.5478467345237732,0.48880305886268616,-0.009736264124512672,0.5812563300132751,0.48383450508117676,-0.017408587038517,0.5586671233177185,0.4175868332386017,0.0003317507798783481,0.5260433554649353,0.5165985822677612,-0.002434187103062868,0.5566303133964539,0.534709095954895,-0.008271688595414162,0.5875582098960876,0.5188571810722351,-0.013836891390383244,0.5602045059204102,0.4760974943637848,-0.011797944083809853,0.5329570770263672,0.5568448305130005,-0.01090711448341608,0.5610467791557312,0.5712816119194031,-0.005899662151932716,0.5868459939956665,0.5532292127609253,-0.005012933164834976,0.5680732727050781,0.5358994007110596,-0.024320093914866447,0.542367696762085,0.5990172624588013,-0.02414056658744812,0.5711164474487305,0.6054354310035706,-0.015673937276005745,0.5953652858734131,0.5889705419540405,-0.007682583294808865,Yes
0.7517328858375549,0.5109896063804626,-3.7275867725838907e-07,0.7134334444999695,0.4231662452220917,0.010221930220723152,0.6735078692436218,0.3545081615447998,0.0025791011285036802,0.6389461755752563,0.29739266633987427,-0.010646297596395016,0.624774158000946,0.24066808819770813,-0.024614384397864342,0.5674970149993896,0.36970171332359314,0.01106073334813118,0.5205104351043701,0.4589516818523407,-0.00040132462163455784,0.5488532185554504,0.4845725893974304,-0.013476137071847916,0.5806292295455933,0.4767405390739441,-0.021442744880914688,0.5595126152038574,0.4159550368785858,-0.0026543028652668,0.5251432657241821,0.513355016708374,-0.006860044319182634,0.5556344389915466,0.5294026732444763,-0.011778948828577995,0.5851554870605469,0.5116082429885864,-0.01681164838373661,0.562325119972229,0.47386083006858826,-0.016117827966809273,0.5325896143913269,0.5551507472991943,-0.01608312502503395,0.5612056851387024,0.5671746730804443,-0.009021248668432236,0.5850586891174316,0.5466766953468323,-0.0069359177723526955,0.5714206099510193,0.5338820815086365,-0.030070306733250618,0.5448005199432373,0.5983250141143799,-0.03008120320737362,0.5741228461265564,0.6014102101325989,-0.020454779267311096,0.5970352292060852,0.582240104675293,-0.01196832861751318,Yes
0.7560473680496216,0.5105463862419128,-3.960578851547325e-07,0.7167131900787354,0.4251278042793274,0.010049707256257534,0.6754271388053894,0.35766565799713135,0.002457912778481841,0.6399002075195312,0.29966017603874207,-0.01085376925766468,0.626142680644989,0.24225333333015442,-0.024907585233449936,0.569682776927948,0.3702912926673889,0.011680301278829575,0.5189775228500366,0.4572819769382477,0.00047420221380889416,0.5484175682067871,0.48447903990745544,-0.012840683571994305,0.5825091600418091,0.47790950536727905,-0.020759334787726402,0.5609042644500732,0.4177594482898712,-0.0019387034699320793,0.52708500623703,0.5138537883758545,-0.006294859107583761,0.5589776039123535,0.530887246131897,-0.012294300831854343,0.5904389023780823,0.5140779614448547,-0.017699215561151505,0.5634632706642151,0.476350873708725,-0.015222160145640373,0.5339950323104858,0.5556327700614929,-0.01569325104355812,0.5630146265029907,0.568648636341095,-0.009926305152475834,0.5893226265907288,0.5492168664932251,-0.00821607280522585,0.5723821520805359,0.5367141962051392,-0.028873391449451447,0.5423389673233032,0.5983332991600037,-0.0297350212931633,0.5722169876098633,0.6045787334442139,-0.020342057570815086,0.598237156867981,0.5880122184753418,-0.011445670388638973,Yes
0.755172610282898,0.5115088820457458,-3.756704245461151e-07,0.71856689453125,0.4239523410797119,0.008525109849870205,0.6771906018257141,0.35661453008651733,0.001069293124601245,0.6407948732376099,0.2999226450920105,-0.011479184031486511,0.6254218816757202,0.24411427974700928,-0.02452937513589859,0.571340799331665,0.3696070909500122,0.009308448992669582,0.520188570022583,0.45804959535598755,-0.0021344895940274,0.5496216416358948,0.4834054708480835,-0.014995713718235493,0.582899272441864,0.47576889395713806,-0.022771794348955154,0.5620986223220825,0.41609832644462585,-0.0032028795685619116,0.5256374478340149,0.5128220319747925,-0.00778359966352582,0.5569880604743958,0.5283682346343994,-0.012814333662390709,0.5878163576126099,0.5115467309951782,-0.017721425741910934,0.5637603402137756,0.4745030105113983,-0.015594687312841415,0.5346793532371521,0.5556843280792236,-0.015836842358112335,0.5642280578613281,0.5676075220108032,-0.009542761370539665,0.5899036526679993,0.5494056940078735,-0.007946369238197803,0.572084367275238,0.5348708629608154,-0.02864965796470642,0.5472115874290466,0.5998020768165588,-0.029983995482325554,0.5771548748016357,0.6041566133499146,-0.022046484053134918,0.6009237170219421,0.5870529413223267,-0.014581476338207722,Yes
0.7503761053085327,0.5111384987831116,-3.233247980460874e-07,0.7160137891769409,0.4245981276035309,0.003148243995383382,0.6759850978851318,0.3568078875541687,-0.006643722765147686,0.6403144598007202,0.29954567551612854,-0.020657632499933243,0.6263307332992554,0.24307212233543396,-0.0356675460934639,0.5653491616249084,0.3713136911392212,0.0034840693697333336,0.5354905128479004,0.4584411382675171,-0.010594984516501427,0.5675458908081055,0.47999370098114014,-0.027922289445996284,0.6009378433227539,0.47391265630722046,-0.038946110755205154,0.5520734786987305,0.4242246747016907,-0.007117571774870157,0.5369073748588562,0.5105553865432739,-0.014882243238389492,0.5712633728981018,0.5211194157600403,-0.024216825142502785,0.6050054430961609,0.5063487887382507,-0.03126047924160957,0.5529685616493225,0.487226665019989,-0.01748451590538025,0.5435186624526978,0.554827868938446,-0.02050374075770378,0.5744508504867554,0.5616666078567505,-0.017473140731453896,0.6027252674102783,0.544488251209259,-0.017105260863900185,0.5612185597419739,0.5503957867622375,-0.028946170583367348,0.5554732084274292,0.604373574256897,-0.0326414480805397,0.586327075958252,0.603313148021698,-0.02676740661263466,0.609219491481781,0.5840966105461121,-0.019888175651431084,Yes
0.7544129490852356,0.5142067074775696,-3.5683814303411054e-07,0.7182904481887817,0.426603227853775,0.005964110605418682,0.6765978932380676,0.35888803005218506,-0.002526914933696389,0.6409338116645813,0.30233123898506165,-0.01599360816180706,0.6271267533302307,0.24583931267261505,-0.03046555444598198,0.5707840323448181,0.3744831681251526,0.009885295294225216,0.5349366664886475,0.45526939630508423,-0.0047188978642225266,0.5657258033752441,0.4800092875957489,-0.022174885496497154,0.6015564203262329,0.4745618999004364,-0.032680440694093704,0.5597437620162964,0.42479169368743896,-0.0015538192819803953,0.5360568761825562,0.5072509050369263,-0.008944444358348846,0.5698909163475037,0.5218162536621094,-0.017827851697802544,0.6036218404769897,0.5074313879013062,-0.0241387952119112,0.5612742900848389,0.48449280858039856,-0.013081799261271954,0.5431205034255981,0.5528671741485596,-0.01579940691590309,0.5743866562843323,0.5625395774841309,-0.011816948652267456,0.6022845506668091,0.5445665717124939,-0.010359891690313816,0.5694286823272705,0.5451388955116272,-0.025449294596910477,0.5546468496322632,0.6013814210891724,-0.027812274172902107,0.5861874222755432,0.6023247838020325,-0.020088588818907738,0.6104140877723694,0.583135724067688,-0.011848798021674156,Yes
0.7319186925888062,0.5869729518890381,-5.562487359611623e-08,0.7102138996124268,0.48655688762664795,-0.004145725630223751,0.6763438582420349,0.40734127163887024,-0.016398118808865547,0.6391726732254028,0.3380624055862427,-0.028906557708978653,0.6232236623764038,0.2719656825065613,-0.04136008396744728,0.5497756600379944,0.4423404932022095,-0.009204385802149773,0.5282224416732788,0.46804237365722656,-0.009479817934334278,0.5571230053901672,0.4860585033893585,-0.015068534761667252,0.5846925973892212,0.4909569025039673,-0.019893066957592964,0.5327029228210449,0.5094797015190125,-0.011097080074250698,0.5322210192680359,0.527038037776947,-0.0016660052351653576,0.5633542537689209,0.5342603325843811,-0.004028135444968939,0.591902494430542,0.535334050655365,-0.009493269957602024,0.5360827445983887,0.5768926739692688,-0.011016784235835075,0.5460002422332764,0.585990309715271,0.0002102324942825362,0.5714864730834961,0.5875447988510132,0.0016593142645433545,0.5980701446533203,0.5857341885566711,-0.0019518850604072213,0.5469821691513062,0.6375700235366821,-0.011842679232358932,0.559658408164978,0.638836145401001,-0.002634103409945965,0.5845080614089966,0.6351277828216553,0.00451625557616353,0.6048858165740967,0.6319244503974915,0.010127096436917782,Yes
0.7320945262908936,0.5906220078468323,-2.2736357152552955e-07,0.7058013081550598,0.4938109517097473,-0.007541558239609003,0.6687976121902466,0.4160672426223755,-0.02227933704853058,0.6315640211105347,0.3501754701137543,-0.0372023768723011,0.6156490445137024,0.2857322692871094,-0.052605923265218735,0.5430075526237488,0.45206326246261597,-0.020350130274891853,0.542316198348999,0.4841238260269165,-0.03106090985238552,0.578311026096344,0.5049269199371338,-0.04525729641318321,0.6041043996810913,0.5119505524635315,-0.055848728865385056,0.5266039371490479,0.5207417607307434,-0.02361874096095562,0.5455266833305359,0.5464942455291748,-0.023698320612311363,0.5797504782676697,0.5573362708091736,-0.03030967339873314,0.6059185266494751,0.5593277812004089,-0.038772378116846085,0.5278935432434082,0.5889730453491211,-0.025263957679271698,0.5537994503974915,0.6017844080924988,-0.022564135491847992,0.5809899568557739,0.6056232452392578,-0.020770613104104996,0.6063896417617798,0.6057165861129761,-0.02325717732310295,0.5365882515907288,0.6510182619094849,-0.028384951874613762,0.5589685440063477,0.6589995622634888,-0.026086242869496346,0.586534857749939,0.658847451210022,-0.018809722736477852,0.6069561243057251,0.6598725914955139,-0.012086184695363045,Yes
0.7329612374305725,0.5866467952728271,-2.046394484978009e-07,0.7052537798881531,0.49174419045448303,-0.00519894203171134,0.66816645860672,0.415391743183136,-0.01873968169093132,0.6302513480186462,0.34976643323898315,-0.03302639350295067,0.6148709058761597,0.2849079966545105,-0.04809035360813141,0.5462546348571777,0.45296168327331543,-0.016373654827475548,0.5300523042678833,0.4952475130558014,-0.024352241307497025,0.5624572038650513,0.5180729031562805,-0.03562304377555847,0.5917815566062927,0.5209012031555176,-0.0437590628862381,0.5287214517593384,0.5190049409866333,-0.01955290697515011,0.5398767590522766,0.5562444925308228,-0.0164021048694849,0.5735132694244385,0.5677610635757446,-0.020940549671649933,0.6014121770858765,0.5637543797492981,-0.02788423001766205,0.529712438583374,0.5867486596107483,-0.02099144458770752,0.5508732199668884,0.6089654564857483,-0.015220128931105137,0.5776484608650208,0.6129229068756104,-0.0130168367177248,0.6042178869247437,0.6069377660751343,-0.015585907734930515,0.5371710062026978,0.6492823362350464,-0.023700779303908348,0.5558162331581116,0.664852499961853,-0.01889646239578724,0.5826683044433594,0.6647273898124695,-0.01115624699741602,0.6036272644996643,0.6617522239685059,-0.004323129076510668,Yes
0.7326778173446655,0.5862101912498474,-2.3459278963855468e-07,0.7057697772979736,0.4917127192020416,-0.0041578891687095165,0.6667607426643372,0.41450372338294983,-0.016184130683541298,0.6293516755104065,0.34808239340782166,-0.02893443964421749,0.6164588928222656,0.2835652828216553,-0.042398106306791306,0.543731689453125,0.4521077573299408,-0.014682847075164318,0.5390022993087769,0.48944902420043945,-0.0214847419410944,0.5749790072441101,0.510723888874054,-0.03274552896618843,0.6028426885604858,0.5158040523529053,-0.041306283324956894,0.5279335975646973,0.5196105241775513,-0.018558401614427567,0.544112503528595,0.5480097532272339,-0.014997532591223717,0.5789563059806824,0.5579093098640442,-0.020523596554994583,0.6061777472496033,0.5568314790725708,-0.028219308704137802,0.5305172801017761,0.5862555503845215,-0.020493553951382637,0.5543763637542725,0.600315272808075,-0.014959684573113918,0.5818839073181152,0.6023322343826294,-0.01404694002121687,0.6074953675270081,0.598779559135437,-0.017257828265428543,0.5400235652923584,0.6474769115447998,-0.023517988622188568,0.5601111650466919,0.654129147529602,-0.018970051780343056,0.5873833894729614,0.6524092555046082,-0.011715820990502834,0.6077264547348022,0.649990975856781,-0.0052447691559791565,Yes
0.7306011915206909,0.586600661277771,-1.466306969177822e-07,0.7038878202438354,0.48847052454948425,-0.0012724328553304076,0.6676070690155029,0.4122425317764282,-0.01254420168697834,0.6324232816696167,0.3457953929901123,-0.025208065286278725,0.6206724047660828,0.28140342235565186,-0.038922347128391266,0.5476477742195129,0.45147472620010376,-0.010661102831363678,0.5228589177131653,0.49775734543800354,-0.01406644843518734,0.5534091591835022,0.5194645524024963,-0.02184557355940342,0.583959698677063,0.5209802985191345,-0.027656378224492073,0.5322136282920837,0.5187289714813232,-0.01490342989563942,0.5329796075820923,0.5531490445137024,-0.010287908837199211,0.5669134259223938,0.5624699592590332,-0.015314005315303802,0.5977520942687988,0.5595474243164062,-0.021478770300745964,0.5352824926376343,0.5872433185577393,-0.016721462830901146,0.548747181892395,0.6080485582351685,-0.009092225693166256,0.5755589604377747,0.6116070747375488,-0.008953297510743141,0.6030101776123047,0.6062867045402527,-0.012386958114802837,0.5438544154167175,0.6499268412590027,-0.019258465617895126,0.558021068572998,0.6608555316925049,-0.013163925148546696,0.5853880047798157,0.6601455211639404,-0.006602928973734379,0.6077086925506592,0.6551952362060547,-0.00047270228969864547,Yes
0.7342144846916199,0.5884275436401367,-2.1068727562578715e-07,0.707673192024231,0.4913598597049713,-0.0017240260494872928,0.6697588562965393,0.4146450459957123,-0.012251675128936768,0.6335852742195129,0.34479716420173645,-0.023728832602500916,0.6218514442443848,0.2790389358997345,-0.03606010600924492,0.5478272438049316,0.4467281699180603,-0.008577564731240273,0.536188006401062,0.487537145614624,-0.012034215033054352,0.5708380937576294,0.5090615749359131,-0.02206261269748211,0.5999321937561035,0.5130583643913269,-0.02960967645049095,0.5310710072517395,0.5153731107711792,-0.011703758500516415,0.5435928702354431,0.5455930233001709,-0.004987724125385284,0.5775297284126282,0.5557111501693726,-0.011321422643959522,0.6059994697570801,0.5554648637771606,-0.019516538828611374,0.5324808359146118,0.5842314958572388,-0.012591429986059666,0.553267776966095,0.5985150933265686,-0.0036575263366103172,0.5797367691993713,0.6009520292282104,-0.004815726075321436,0.6067663431167603,0.5983687043190002,-0.009733092039823532,0.5401216745376587,0.6472588777542114,-0.014264542609453201,0.5576690435409546,0.6512075066566467,-0.006984576117247343,0.5849303603172302,0.6511024236679077,-0.00029915611958131194,0.6069712042808533,0.6498702764511108,0.005591053050011396,Yes
0.7370468378067017,0.5871419906616211,-2.0469109074383596e-07,0.7092702984809875,0.48993805050849915,-0.0034426625352352858,0.6696255803108215,0.41408270597457886,-0.015212009660899639,0.6328966617584229,0.3462236523628235,-0.027957415208220482,0.6219281554222107,0.27934038639068604,-0.041694846004247665,0.5506964325904846,0.4481275677680969,-0.014114024117588997,0.5246322751045227,0.5020050406455994,-0.020101655274629593,0.5554102659225464,0.5255911946296692,-0.029769429937005043,0.5870954394340515,0.5258304476737976,-0.03653305768966675,0.534079909324646,0.5151833295822144,-0.01724129356443882,0.541432797908783,0.5566012859344482,-0.01422332413494587,0.5751004219055176,0.5670358538627625,-0.01992381550371647,0.6044036746025085,0.5625808835029602,-0.026835085824131966,0.5364787578582764,0.5840831398963928,-0.01835203543305397,0.5549265742301941,0.6064192652702332,-0.01317556481808424,0.5811643004417419,0.6104186177253723,-0.013669918291270733,0.6081435084342957,0.6044059991836548,-0.01721791736781597,0.5445176362991333,0.6487131118774414,-0.020366674289107323,0.5608962774276733,0.6586633920669556,-0.01707795262336731,0.5886545777320862,0.6576129198074341,-0.011786269024014473,0.6108702421188354,0.6519615054130554,-0.0060121710412204266,Yes
0.7348588109016418,0.5879839658737183,-1.8510650079406332e-07,0.7091807126998901,0.4908665120601654,-0.003950845915824175,0.6699582934379578,0.413613498210907,-0.016022605821490288,0.6334083676338196,0.34565937519073486,-0.028928633779287338,0.6200737357139587,0.28124839067459106,-0.042531028389930725,0.5464591383934021,0.44896557927131653,-0.01401587575674057,0.5240881443023682,0.4895850121974945,-0.019927626475691795,0.5559483170509338,0.5121700167655945,-0.029751278460025787,0.5863649249076843,0.5171245336532593,-0.036984678357839584,0.5291810035705566,0.5172187089920044,-0.017208781093358994,0.5358551740646362,0.5470196008682251,-0.013675972819328308,0.5703921318054199,0.5568005442619324,-0.019068919122219086,0.599219799041748,0.5554625988006592,-0.026013534516096115,0.5313355326652527,0.5867982506752014,-0.018345389515161514,0.5476312041282654,0.6023862361907959,-0.01100401021540165,0.5737334489822388,0.6051783561706543,-0.009863634593784809,0.6001116037368774,0.6016864776611328,-0.013144011609256268,0.539740800857544,0.6504511833190918,-0.0206002090126276,0.5572296380996704,0.6594772338867188,-0.014455847442150116,0.5837583541870117,0.6586444973945618,-0.007365047000348568,0.6047446727752686,0.6560685038566589,-0.0010545102413743734,Yes
0.738746702671051,0.5843056440353394,-2.1756515877768834e-07,0.7080655097961426,0.48881593346595764,-0.003226493252441287,0.6665424704551697,0.4119136333465576,-0.015107659623026848,0.6307364702224731,0.34247666597366333,-0.028272654861211777,0.6189536452293396,0.27591484785079956,-0.042493049055337906,0.549080491065979,0.447012722492218,-0.013189219869673252,0.52432781457901,0.501686692237854,-0.020165886729955673,0.5548462867736816,0.52583247423172,-0.030508721247315407,0.5866546034812927,0.5267667770385742,-0.037583936005830765,0.5314991474151611,0.5136786103248596,-0.017204951494932175,0.5391029715538025,0.5606920123100281,-0.014529898762702942,0.5740513205528259,0.5705351829528809,-0.020137405022978783,0.6034391522407532,0.5620018243789673,-0.026905858889222145,0.5341393351554871,0.5829676389694214,-0.01932690292596817,0.5514822602272034,0.6120635271072388,-0.013435580767691135,0.5788642764091492,0.6153528690338135,-0.012490800581872463,0.6050142049789429,0.6048913598060608,-0.015460766851902008,0.5432593822479248,0.6491358876228333,-0.02254849299788475,0.5603083968162537,0.6688382625579834,-0.018547188490629196,0.5883855223655701,0.666721522808075,-0.0118748489767313,0.6093531847000122,0.6574488282203674,-0.005206158384680748,Yes
0.7426475286483765,0.5861766934394836,-2.5934312475328625e-07,0.71094810962677,0.4885566830635071,-0.005507092457264662,0.6687824130058289,0.4110490083694458,-0.019110748544335365,0.6315382122993469,0.3430096507072449,-0.033727843314409256,0.6159586310386658,0.27938979864120483,-0.04927695170044899,0.5473713874816895,0.4436866343021393,-0.01858266443014145,0.5251471400260925,0.5061898231506348,-0.03031986579298973,0.55779629945755,0.5314055681228638,-0.044444192200899124,0.5907017588615417,0.5313196778297424,-0.05385163426399231,0.529949426651001,0.5106399059295654,-0.022751888260245323,0.5370015501976013,0.56512850522995,-0.02389449253678322,0.5715131163597107,0.5773541331291199,-0.030237460508942604,0.6019107699394226,0.5693280696868896,-0.037555258721113205,0.5319498777389526,0.5817885398864746,-0.02530096471309662,0.5488035678863525,0.6175482869148254,-0.02274097502231598,0.5766375064849854,0.6215682625770569,-0.0202665776014328,0.6042884588241577,0.6111226081848145,-0.02197948284447193,0.5406040549278259,0.6490565538406372,-0.02934843674302101,0.5577601790428162,0.6763468980789185,-0.028541645035147667,0.5869343280792236,0.674284815788269,-0.02158033289015293,0.6094736456871033,0.6651606559753418,-0.014269031584262848,Yes
0.7415133714675903,0.5864207148551941,-2.925872593095846e-07,0.7121149897575378,0.4905567765235901,-0.006529757287353277,0.6706620454788208,0.41298195719718933,-0.01976308971643448,0.6316760778427124,0.34525221586227417,-0.033641304820775986,0.6170533299446106,0.2801031172275543,-0.0483320988714695,0.5520516633987427,0.4424498677253723,-0.018461070954799652,0.5312634706497192,0.5015122890472412,-0.0287319328635931,0.5614326000213623,0.5300357937812805,-0.0412219762802124,0.5919585824012756,0.5324507355690002,-0.049755584448575974,0.5320985913276672,0.5074507594108582,-0.021194014698266983,0.5439278483390808,0.5610237717628479,-0.020774703472852707,0.5776335597038269,0.575262725353241,-0.026320485398173332,0.6059677004814148,0.5682926177978516,-0.033654406666755676,0.5305075645446777,0.5764236450195312,-0.022351808845996857,0.5525510311126709,0.6121653914451599,-0.019636863842606544,0.5800579190254211,0.6177119016647339,-0.01774739846587181,0.607039749622345,0.6091122031211853,-0.020022010430693626,0.5352240800857544,0.6424053311347961,-0.02498718723654747,0.5539720058441162,0.6693884134292603,-0.02430982142686844,0.5829989314079285,0.6700214147567749,-0.017918052151799202,0.6052817702293396,0.66395503282547,-0.011135128326714039,Yes
0.7395169734954834,0.5863672494888306,-2.4522839225937787e-07,0.7113491892814636,0.48993006348609924,-0.006011755205690861,0.6693150997161865,0.4128672778606415,-0.019156329333782196,0.6306734085083008,0.3445507884025574,-0.03319387137889862,0.6174735426902771,0.2790203094482422,-0.048265304416418076,0.5509284138679504,0.444570928812027,-0.019662955775856972,0.5193014144897461,0.5033801198005676,-0.029493506997823715,0.5471236109733582,0.5336449146270752,-0.04065726324915886,0.5772026777267456,0.5378842353820801,-0.048304468393325806,0.5313299894332886,0.5101430416107178,-0.022514592856168747,0.5410075783729553,0.5617679953575134,-0.023701289668679237,0.5767779350280762,0.5730056762695312,-0.02908194437623024,0.6067948937416077,0.5652987957000732,-0.03569484129548073,0.5311915278434753,0.5806219577789307,-0.02365582436323166,0.5521568059921265,0.6129030585289001,-0.02211763523519039,0.5801388621330261,0.6165092587471008,-0.02050826884806156,0.6079599857330322,0.6073002219200134,-0.022527791559696198,0.5364157557487488,0.647796094417572,-0.026076681911945343,0.5559177398681641,0.6691730618476868,-0.02615739218890667,0.5852036476135254,0.6685950756072998,-0.02073744125664234,0.6079375147819519,0.6615896224975586,-0.014483061619102955,Yes
0.7429471015930176,0.586140513420105,-2.5595016950319405e-07,0.710798442363739,0.4899163842201233,1.2218541996844579e-05,0.6675544381141663,0.4133712947368622,-0.010461908765137196,0.6293620467185974,0.34546536207199097,-0.022951753810048103,0.616844117641449,0.2810107469558716,-0.03667912632226944,0.5493033528327942,0.4447013735771179,-0.010838577523827553,0.5150026082992554,0.5040726065635681,-0.017257245257496834,0.541521430015564,0.5337860584259033,-0.02668205089867115,0.5723580718040466,0.5363287925720215,-0.03313685208559036,0.5309051275253296,0.5086002945899963,-0.016013775020837784,0.5348294973373413,0.5631242394447327,-0.012128877453505993,0.5688583254814148,0.575454831123352,-0.015783360227942467,0.599065363407135,0.5666149854660034,-0.0217902809381485,0.5324167013168335,0.5784942507743835,-0.019155019894242287,0.5479075908660889,0.6134827136993408,-0.012754681520164013,0.5752848386764526,0.6185913681983948,-0.010302777402102947,0.6033818125724792,0.6091904044151306,-0.01276260707527399,0.5399096608161926,0.6460195183753967,-0.023223500698804855,0.5558688640594482,0.6717692613601685,-0.019642699509859085,0.5842060446739197,0.6712095737457275,-0.013045604340732098,0.6066790223121643,0.6628791689872742,-0.006586133968085051,Yes
0.7368963956832886,0.5878030061721802,-2.621611372433108e-07,0.7071248292922974,0.49132075905799866,-0.001954705221578479,0.6656365990638733,0.415122926235199,-0.012397968210279942,0.6271733045578003,0.34732532501220703,-0.02371475100517273,0.6155562400817871,0.28202134370803833,-0.03558287397027016,0.548898458480835,0.4415503144264221,-0.015706324949860573,0.5184401869773865,0.49286359548568726,-0.01933595910668373,0.5456180572509766,0.5231537222862244,-0.024427957832813263,0.5756814479827881,0.5285897850990295,-0.02825309894979,0.5281158685684204,0.5075162053108215,-0.018888337537646294,0.5359802842140198,0.5529032349586487,-0.01321085263043642,0.5709555149078369,0.5669673681259155,-0.014773370698094368,0.5998175144195557,0.5612595677375793,-0.01969124563038349,0.5277599096298218,0.5782132744789124,-0.01966634765267372,0.5486248731613159,0.6061369180679321,-0.012590460479259491,0.5763614177703857,0.6116654276847839,-0.009897374548017979,0.6029282212257385,0.6046562790870667,-0.012432769872248173,0.5338205695152283,0.6468403339385986,-0.02120981365442276,0.5523744225502014,0.6657443046569824,-0.017221808433532715,0.5809707641601562,0.6653420329093933,-0.010669519193470478,0.6027765870094299,0.658821702003479,-0.0044049969874322414,Yes
0.7351013422012329,0.5844190120697021,-2.3611320898453414e-07,0.7054716348648071,0.48728424310684204,-0.000580131309106946,0.6647589206695557,0.41132062673568726,-0.010432850569486618,0.6264277696609497,0.34558025002479553,-0.021771220490336418,0.6149212121963501,0.28127893805503845,-0.034140463918447495,0.5474600791931152,0.4433782398700714,-0.011548543348908424,0.514890730381012,0.49559029936790466,-0.01528430450707674,0.5399875640869141,0.5251786112785339,-0.021547576412558556,0.5700767636299133,0.5302973985671997,-0.02600405178964138,0.527886688709259,0.508865475654602,-0.015335491858422756,0.5343098044395447,0.5569329857826233,-0.010380718857049942,0.5689796209335327,0.5693149566650391,-0.013485905714333057,0.5984758734703064,0.5619173645973206,-0.01895684190094471,0.5290154218673706,0.5791682004928589,-0.016811169683933258,0.5472120046615601,0.6085813641548157,-0.010597603395581245,0.5751656889915466,0.6137518882751465,-0.009261416271328926,0.6027802228927612,0.6054665446281433,-0.012064033187925816,0.5365313291549683,0.6472398042678833,-0.018884476274251938,0.5530297756195068,0.6675975322723389,-0.015180674381554127,0.5812174081802368,0.6663470268249512,-0.009147422388195992,0.6034520268440247,0.658123254776001,-0.003022469813004136,Yes
0.7353179454803467,0.589580774307251,-2.719157805586292e-07,0.7058394551277161,0.49344587326049805,-0.000249096832703799,0.6637153029441833,0.4161075949668884,-0.009664075449109077,0.6256173253059387,0.3502240777015686,-0.020905451849102974,0.6130994558334351,0.2859620153903961,-0.03322269022464752,0.5452368855476379,0.4448309540748596,-0.010153650306165218,0.5152738094329834,0.5007852911949158,-0.015754729509353638,0.5416386127471924,0.5311521887779236,-0.024070994928479195,0.5724982619285583,0.5346235036849976,-0.029701214283704758,0.5259054899215698,0.5096281170845032,-0.014755004085600376,0.5335800647735596,0.5626762509346008,-0.0104669239372015,0.5678672194480896,0.5747924447059631,-0.013959728181362152,0.5965365767478943,0.5648990869522095,-0.019733520224690437,0.5271652936935425,0.5794901847839355,-0.017377395182847977,0.5461901426315308,0.6136378645896912,-0.011821193620562553,0.5744614005088806,0.6182364225387573,-0.010030928999185562,0.6011720299720764,0.608001708984375,-0.012454268522560596,0.5346781015396118,0.6475487947463989,-0.020758874714374542,0.5506976246833801,0.6722829937934875,-0.017129676416516304,0.579189121723175,0.6712782979011536,-0.010329586453735828,0.6011329293251038,0.6628103852272034,-0.003653362626209855,Yes
0.7325268387794495,0.5866919159889221,-2.515047867746034e-07,0.7050108313560486,0.49221813678741455,-0.004628785885870457,0.6633139252662659,0.41551101207733154,-0.016757991164922714,0.6264947652816772,0.3468383848667145,-0.03034149669110775,0.6119005680084229,0.28211721777915955,-0.044982973486185074,0.5418573617935181,0.44319984316825867,-0.01484631933271885,0.5197088122367859,0.4992228150367737,-0.025911789387464523,0.5486040115356445,0.5288555026054382,-0.03926980867981911,0.5800176858901978,0.5338385701179504,-0.04806254059076309,0.5239302515983582,0.5098497867584229,-0.019155137240886688,0.537063717842102,0.5640866160392761,-0.02075899764895439,0.5721817016601562,0.5754650831222534,-0.027721509337425232,0.601438581943512,0.5669946670532227,-0.03523329645395279,0.5255659222602844,0.5809496641159058,-0.02209888957440853,0.5481018424034119,0.6164408922195435,-0.02097606100142002,0.5757286548614502,0.6197112798690796,-0.019974468275904655,0.6027641892433167,0.6094560027122498,-0.022132612764835358,0.5341081619262695,0.6480189561843872,-0.026385126635432243,0.5542588233947754,0.6763304471969604,-0.026415210217237473,0.582948625087738,0.6746851205825806,-0.020740706473588943,0.6049336194992065,0.6657228469848633,-0.014184570871293545,Yes
0.7312047481536865,0.5890291333198547,-2.0808919032333506e-07,0.7021642923355103,0.4915826916694641,-0.003904141951352358,0.6608937382698059,0.4149382710456848,-0.016373377293348312,0.6236985921859741,0.35028916597366333,-0.030001675710082054,0.6107572913169861,0.28660649061203003,-0.044471126049757004,0.5408269166946411,0.44944635033607483,-0.015843570232391357,0.5085541605949402,0.5031177401542664,-0.02429521642625332,0.531205952167511,0.5335347652435303,-0.03412128612399101,0.5588658452033997,0.5392217040061951,-0.0409323051571846,0.523547887802124,0.5160479545593262,-0.019727293401956558,0.5300346612930298,0.5634021162986755,-0.01936923712491989,0.5648439526557922,0.5736977458000183,-0.02367745339870453,0.5942152142524719,0.5652899742126465,-0.02947678044438362,0.5267291069030762,0.5868244171142578,-0.02187151089310646,0.5445913672447205,0.6159439086914062,-0.019443079829216003,0.5729441046714783,0.6187166571617126,-0.01718769781291485,0.6003283262252808,0.6090329885482788,-0.01864813268184662,0.5358668565750122,0.6541053056716919,-0.025129400193691254,0.5529612302780151,0.6732963919639587,-0.024465767666697502,0.5816804766654968,0.6703020334243774,-0.01859506219625473,0.603874683380127,0.6615250110626221,-0.01207671221345663,Yes
0.419070303440094,0.7186989784240723,-1.9023127606487833e-07,0.419890820980072,0.61202472448349,-0.015338224358856678,0.39728212356567383,0.5309777855873108,-0.03000815212726593,0.3648727834224701,0.46673861145973206,-0.043603237718343735,0.3504296839237213,0.40087294578552246,-0.057120341807603836,0.26616567373275757,0.5617183446884155,-0.018591606989502907,0.2876128852367401,0.5690599679946899,-0.02972087450325489,0.32100552320480347,0.5856196284294128,-0.04708440601825714,0.34043291211128235,0.5983304381370544,-0.06064379960298538,0.2431376874446869,0.6311794519424438,-0.01816951110959053,0.27019625902175903,0.6348162889480591,-0.015075120143592358,0.2992950975894928,0.643530547618866,-0.021307848393917084,0.32028985023498535,0.6529999375343323,-0.03155573457479477,0.2416451871395111,0.6988009214401245,-0.017850566655397415,0.2642900049686432,0.6944078803062439,-0.01667841151356697,0.28931814432144165,0.6967319250106812,-0.015863319858908653,0.3107731342315674,0.7018245458602905,-0.019784215837717056,0.24977204203605652,0.761476993560791,-0.019364256411790848,0.2691672742366791,0.7567461729049683,-0.019626766443252563,0.2953447103500366,0.7525779604911804,-0.012871282175183296,0.3149561583995819,0.7546334266662598,-0.0077253240160644054,Yes
0.4275929927825928,0.7269011735916138,-1.6749713438457547e-07,0.42271846532821655,0.620488703250885,-0.013338370248675346,0.3962576389312744,0.5383121967315674,-0.02742127515375614,0.3632653057575226,0.46956709027290344,-0.040918849408626556,0.3502109944820404,0.4027121663093567,-0.05418555811047554,0.2633588910102844,0.5714326500892639,-0.01292139757424593,0.2799220681190491,0.5729323029518127,-0.022527184337377548,0.31313860416412354,0.5898085832595825,-0.03950927034020424,0.3340331017971039,0.6037113070487976,-0.05271260812878609,0.24214397370815277,0.6403327584266663,-0.01293995976448059,0.26520752906799316,0.6398904323577881,-0.008417587727308273,0.2947077751159668,0.6486002206802368,-0.014783082529902458,0.3168969750404358,0.6592276692390442,-0.024925747886300087,0.24219003319740295,0.7077943682670593,-0.013171312399208546,0.2624346613883972,0.7003685832023621,-0.009758662432432175,0.2880955934524536,0.7029815912246704,-0.008795158937573433,0.31095176935195923,0.7092322707176208,-0.012575863860547543,0.2518431842327118,0.7697356939315796,-0.0152058070525527,0.2673186659812927,0.7624602913856506,-0.012463991530239582,0.2932239770889282,0.7589032053947449,-0.004712608177214861,0.3135645389556885,0.7620910406112671,0.0009832903742790222,Yes
0.4224439263343811,0.7221809029579163,-1.748881715002426e-07,0.4240168035030365,0.6168463230133057,-0.013895387761294842,0.4001297056674957,0.5359250903129578,-0.026068469509482384,0.3659752607345581,0.4683525562286377,-0.037228893488645554,0.3518693447113037,0.40154147148132324,-0.04832794889807701,0.26992785930633545,0.5654194951057434,-0.01151528861373663,0.285839319229126,0.5724976658821106,-0.019232090562582016,0.3177378177642822,0.5900933146476746,-0.03462240844964981,0.3382765054702759,0.6026287078857422,-0.04678409546613693,0.24648787081241608,0.6335113048553467,-0.010256069712340832,0.2703939974308014,0.6402236223220825,-0.0042731608264148235,0.2987678050994873,0.6492791175842285,-0.010576827451586723,0.32000789046287537,0.6572626233100891,-0.02078339084982872,0.24411439895629883,0.7009852528572083,-0.00922991894185543,0.2656313180923462,0.6999661922454834,-0.005874347407370806,0.2894413471221924,0.7019748687744141,-0.0065948739647865295,0.31045326590538025,0.7058398127555847,-0.0115820886567235,0.25089031457901,0.7635716199874878,-0.009888130240142345,0.26864197850227356,0.7612614631652832,-0.008556033484637737,0.2940288782119751,0.7580156326293945,-0.0025273815263062716,0.31364867091178894,0.759531557559967,0.0020522656850516796,Yes
0.42312952876091003,0.7222679853439331,-1.87343545121621e-07,0.4229699969291687,0.615822970867157,-0.014168803580105305,0.3989294767379761,0.5346544981002808,-0.02726435847580433,0.36567455530166626,0.4681016802787781,-0.03915688022971153,0.35271820425987244,0.4017030596733093,-0.0511048398911953,0.269621342420578,0.5681061148643494,-0.01675388030707836,0.2923460602760315,0.5744873285293579,-0.024671323597431183,0.32542070746421814,0.5895810723304749,-0.03974455967545509,0.3446356952190399,0.6024001240730286,-0.0520540252327919,0.24753868579864502,0.637609601020813,-0.016104601323604584,0.2747093439102173,0.6396175026893616,-0.010640446096658707,0.3030700087547302,0.6478331089019775,-0.016266219317913055,0.3235969543457031,0.6583669781684875,-0.026531869545578957,0.24682137370109558,0.7041776776313782,-0.015238622203469276,0.268638551235199,0.6984149813652039,-0.012294599786400795,0.29300838708877563,0.7007021903991699,-0.011713440530002117,0.31433770060539246,0.7071985006332397,-0.016139131039381027,0.25537511706352234,0.765265941619873,-0.016021158546209335,0.27101290225982666,0.7594252824783325,-0.015058398246765137,0.2962484657764435,0.7558513283729553,-0.008137675002217293,0.31593284010887146,0.7587848901748657,-0.003203523578122258,Yes
0.42934346199035645,0.7284764647483826,-1.5386984841825324e-07,0.42606329917907715,0.6191328167915344,-0.009740686975419521,0.40143099427223206,0.5380695462226868,-0.02051648497581482,0.3667565584182739,0.47060370445251465,-0.031209899112582207,0.3536972999572754,0.4053550362586975,-0.04177156090736389,0.27222564816474915,0.5719051957130432,-0.007257623597979546,0.28410282731056213,0.5728059411048889,-0.012286477722227573,0.31670159101486206,0.5876049995422363,-0.025753865018486977,0.33778345584869385,0.600085973739624,-0.036902494728565216,0.25109314918518066,0.641157865524292,-0.007682228926569223,0.26921355724334717,0.6379649043083191,0.0008653387776575983,0.297151118516922,0.6457445025444031,-0.0037383507005870342,0.31890004873275757,0.6560695171356201,-0.013211212120950222,0.2511010766029358,0.7084276080131531,-0.007960646413266659,0.2664206027984619,0.6983829140663147,-0.0020360315684229136,0.2903742790222168,0.7006942629814148,-0.0012529363157227635,0.312934935092926,0.7075506448745728,-0.005713440012186766,0.26007238030433655,0.7697397470474243,-0.009585128165781498,0.2718479037284851,0.7605875730514526,-0.005693367216736078,0.29624608159065247,0.7570885419845581,0.0016349910292774439,0.31638187170028687,0.759921669960022,0.006618351209908724,Yes
0.4252548813819885,0.7268690466880798,-1.6995832652355602e-07,0.42522093653678894,0.6193892955780029,-0.014236348681151867,0.40224188566207886,0.5408557057380676,-0.02753225527703762,0.3680446445941925,0.4746713936328888,-0.03967534378170967,0.35549700260162354,0.40697765350341797,-0.05185459926724434,0.27125078439712524,0.5718395113945007,-0.016036661341786385,0.2905963659286499,0.5805723667144775,-0.02369861677289009,0.3233582675457001,0.5964876413345337,-0.03820786625146866,0.34378018975257874,0.6084458231925964,-0.04999706521630287,0.25026631355285645,0.6422781944274902,-0.015191765502095222,0.2739173471927643,0.6472612023353577,-0.00934758223593235,0.30240219831466675,0.6560299396514893,-0.014580067247152328,0.32393890619277954,0.6654737591743469,-0.024382736533880234,0.2506667971611023,0.7102046608924866,-0.01421314850449562,0.27040961384773254,0.7058767676353455,-0.01119227148592472,0.2942006289958954,0.7085380554199219,-0.011180761270225048,0.31559091806411743,0.7143571972846985,-0.015862122178077698,0.26018425822257996,0.7720895409584045,-0.014845522120594978,0.27647966146469116,0.76607346534729,-0.014072014950215816,0.3014368414878845,0.7622919678688049,-0.007953149266541004,0.3209788501262665,0.7646698355674744,-0.0034550100099295378,Yes
0.42341330647468567,0.7333173155784607,-1.5845432699279627e-07,0.4233754873275757,0.627937912940979,-0.012788902036845684,0.39880669116973877,0.5496805310249329,-0.025265764445066452,0.36469534039497375,0.4844473600387573,-0.03696593642234802,0.35282209515571594,0.41690871119499207,-0.048813167959451675,0.2694924771785736,0.5801936984062195,-0.014043420553207397,0.29065683484077454,0.588786244392395,-0.022166097536683083,0.3218305706977844,0.6053977608680725,-0.03714415803551674,0.3408319354057312,0.6170335412025452,-0.0491115041077137,0.2490064799785614,0.6504771113395691,-0.013778343796730042,0.27362650632858276,0.6545059680938721,-0.0076732817105948925,0.301076740026474,0.6627152562141418,-0.012683697044849396,0.3221343457698822,0.6707819700241089,-0.022202787920832634,0.24941416084766388,0.7182770371437073,-0.013439454138278961,0.27254676818847656,0.7135518789291382,-0.009890977293252945,0.29547855257987976,0.715674877166748,-0.009839381091296673,0.3158206343650818,0.720055341720581,-0.014396016485989094,0.2588459551334381,0.7807851433753967,-0.014679628424346447,0.2789417803287506,0.7727615237236023,-0.012607977725565434,0.3031894862651825,0.7684736251831055,-0.006198219023644924,0.3213343918323517,0.7702478170394897,-0.001631993567571044,Yes
0.42949390411376953,0.7414903044700623,-1.5148881971072115e-07,0.42675459384918213,0.6336023807525635,-0.014855200424790382,0.40109795331954956,0.5526893734931946,-0.02974006161093712,0.3664422035217285,0.4870074391365051,-0.04338660091161728,0.35435596108436584,0.4202905297279358,-0.05644526332616806,0.2721221148967743,0.5843599438667297,-0.020014222711324692,0.2863909602165222,0.5797702074050903,-0.030989285558462143,0.31943562626838684,0.5956651568412781,-0.04654352739453316,0.34010645747184753,0.6114709377288818,-0.058463335037231445,0.250870019197464,0.6528570652008057,-0.019467588514089584,0.27036869525909424,0.6442461013793945,-0.017217498272657394,0.2990208864212036,0.652206540107727,-0.022212114185094833,0.32052645087242126,0.6658822298049927,-0.03106149099767208,0.25043967366218567,0.719184160232544,-0.0189597699791193,0.269184410572052,0.7042834162712097,-0.01728268712759018,0.29338958859443665,0.7067508101463318,-0.01553928293287754,0.3148796558380127,0.7159059047698975,-0.018678124994039536,0.2596670985221863,0.7803832292556763,-0.02017974853515625,0.2744363248348236,0.7646382451057434,-0.01886674016714096,0.2987818121910095,0.7606663107872009,-0.011594057083129883,0.3173430263996124,0.7660396695137024,-0.006331886630505323,Yes
0.4261019229888916,0.7345655560493469,-1.598868379915075e-07,0.4245671033859253,0.6302757859230042,-0.015821421518921852,0.39974522590637207,0.5507842898368835,-0.030957544222474098,0.3663131892681122,0.4846481382846832,-0.045267254114151,0.35455065965652466,0.4164474308490753,-0.059324655681848526,0.2720751166343689,0.5828922390937805,-0.017403120175004005,0.2867126762866974,0.5864060521125793,-0.030252747237682343,0.32134732604026794,0.6029459238052368,-0.048131104558706284,0.34297049045562744,0.61565762758255,-0.06151978671550751,0.2505570352077484,0.6502549052238464,-0.017073579132556915,0.2711336314678192,0.6515516042709351,-0.016243429854512215,0.30135589838027954,0.6596461534500122,-0.022901535034179688,0.3233907222747803,0.6689013242721558,-0.03234436362981796,0.24950149655342102,0.7171988487243652,-0.01729521155357361,0.27044281363487244,0.7108093500137329,-0.017309285700321198,0.29564327001571655,0.7131196856498718,-0.016946829855442047,0.31691861152648926,0.7185008525848389,-0.02044926956295967,0.25788044929504395,0.7795505523681641,-0.019426260143518448,0.2770145833492279,0.7723386883735657,-0.019459206610918045,0.30241239070892334,0.7680156826972961,-0.01318153366446495,0.320712685585022,0.7702710628509521,-0.008231223560869694,Yes
0.427942156791687,0.7360442876815796,-1.5775574979670637e-07,0.42421871423721313,0.6302550435066223,-0.013567074202001095,0.3994276523590088,0.5500592589378357,-0.027545206248760223,0.3655868172645569,0.4859178960323334,-0.04101838544011116,0.3537701368331909,0.4195319414138794,-0.0542873777449131,0.27071040868759155,0.5844324827194214,-0.015559935010969639,0.2848731279373169,0.5881625413894653,-0.026620209217071533,0.3181421160697937,0.6040178537368774,-0.04296807572245598,0.33965691924095154,0.6162388920783997,-0.055257946252822876,0.2501215636730194,0.6525087952613831,-0.015892181545495987,0.26833903789520264,0.6533262133598328,-0.0132950060069561,0.29729464650154114,0.661370038986206,-0.01864704117178917,0.32013192772865295,0.6700382232666016,-0.027323734015226364,0.24983343482017517,0.7192643284797668,-0.016504349187016487,0.269858717918396,0.7135340571403503,-0.014960065484046936,0.29417678713798523,0.716415524482727,-0.013843934051692486,0.31616461277008057,0.721467912197113,-0.016961026936769485,0.2589901089668274,0.7807568311691284,-0.018914014101028442,0.27683398127555847,0.774674654006958,-0.01732647605240345,0.30139562487602234,0.7709172368049622,-0.010460377670824528,0.3198786973953247,0.7726029753684998,-0.005287930369377136,Yes
0.4334496855735779,0.742351233959198,-1.379290210934414e-07,0.42919212579727173,0.6364914178848267,-0.014116781763732433,0.40195971727371216,0.5564804077148438,-0.02855529822409153,0.367316871881485,0.49045825004577637,-0.04210292920470238,0.3548951745033264,0.4240548312664032,-0.054993852972984314,0.2724786698818207,0.5853086113929749,-0.016815531998872757,0.2790956497192383,0.5868270993232727,-0.029782595112919807,0.31183522939682007,0.604047954082489,-0.046831246465444565,0.3346130847930908,0.6174649000167847,-0.05906309932470322,0.2502442002296448,0.6530727744102478,-0.016769222915172577,0.2609453797340393,0.6538282632827759,-0.016009129583835602,0.2904740869998932,0.662170946598053,-0.021297408267855644,0.31403905153274536,0.6712194681167603,-0.029218196868896484,0.24886144697666168,0.7204495668411255,-0.017206968739628792,0.264100581407547,0.7151361703872681,-0.016554158180952072,0.2884320318698883,0.7171850800514221,-0.015402975492179394,0.3103135824203491,0.7214124798774719,-0.018117249011993408,0.2575185298919678,0.7821133136749268,-0.01939961314201355,0.2727680802345276,0.7745776176452637,-0.018130922690033913,0.2976306080818176,0.7714728116989136,-0.011311794631183147,0.3162936568260193,0.7736522555351257,-0.0059307655319571495,Yes
0.4169961214065552,0.7433808445930481,-1.4124049130259664e-07,0.41789939999580383,0.6378896236419678,-0.014305551536381245,0.3928613066673279,0.5590594410896301,-0.026733092963695526,0.3568086624145508,0.49568456411361694,-0.03833916038274765,0.34560519456863403,0.4276496171951294,-0.049594178795814514,0.2624618411064148,0.592741847038269,-0.009341109544038773,0.2776576578617096,0.5981401205062866,-0.01831212267279625,0.3097495138645172,0.6145273447036743,-0.03448569402098656,0.33092015981674194,0.6264849901199341,-0.046846844255924225,0.24205301702022552,0.6602743268013,-0.008609792217612267,0.2597804069519043,0.6650236248970032,-0.004277330357581377,0.2885619103908539,0.6725550889968872,-0.01087997481226921,0.3112173080444336,0.6795836091041565,-0.020212074741721153,0.24195943772792816,0.7271979451179504,-0.0084414416924119,0.2620660066604614,0.7247440218925476,-0.006516262888908386,0.2855333387851715,0.7266927361488342,-0.0075571476481854916,0.30634936690330505,0.7300931215286255,-0.011757425032556057,0.25057727098464966,0.7890492081642151,-0.010039840824902058,0.2688378095626831,0.7856982946395874,-0.00892522744834423,0.29338526725769043,0.7811592221260071,-0.003238297300413251,0.3118271231651306,0.7807683944702148,0.0013799815205857158,Yes
0.4133605360984802,0.7424031496047974,-1.3687039768228715e-07,0.4139985740184784,0.6390367746353149,-0.014110125601291656,0.3890475630760193,0.5604077577590942,-0.026796916499733925,0.3547285497188568,0.4968969225883484,-0.03901011869311333,0.3442527651786804,0.4277992248535156,-0.051161859184503555,0.2592270076274872,0.5925544500350952,-0.011051186360418797,0.2764650583267212,0.6026293039321899,-0.021106287837028503,0.3061961829662323,0.6191836595535278,-0.0374128520488739,0.32636597752571106,0.6302359700202942,-0.049753010272979736,0.23888428509235382,0.660774290561676,-0.010910064913332462,0.2580389976501465,0.6702660918235779,-0.007629971951246262,0.28505513072013855,0.6783265471458435,-0.01365726999938488,0.30673879384994507,0.6837185025215149,-0.022652877494692802,0.2392968237400055,0.7283302545547485,-0.011443564668297768,0.2617642283439636,0.7321246266365051,-0.010482490062713623,0.28465068340301514,0.7342690825462341,-0.011518356390297413,0.30467069149017334,0.7350337505340576,-0.01569923385977745,0.24895130097866058,0.7914881706237793,-0.013835995458066463,0.2683297097682953,0.7941104173660278,-0.013299589045345783,0.29221898317337036,0.7895400524139404,-0.00828495156019926,0.3093583285808563,0.7877358794212341,-0.004294689744710922,Yes
0.43552887439727783,0.8158921003341675,-1.3893399852804578e-07,0.4306747019290924,0.7263844013214111,-0.013281748630106449,0.40675777196884155,0.6603506207466125,-0.02306266501545906,0.376965194940567,0.610266387462616,-0.031360216438770294,0.36197105050086975,0.5620967149734497,-0.039674416184425354,0.31371134519577026,0.7039746642112732,-0.01629166677594185,0.3368759751319885,0.703701376914978,-0.022363612428307533,0.3606858253479004,0.7113639712333679,-0.033097706735134125,0.3722064793109894,0.7219104170799255,-0.04208529740571976,0.3023557662963867,0.7589271664619446,-0.014491885900497437,0.3254040479660034,0.7521963119506836,-0.010238971561193466,0.3457738161087036,0.7556272149085999,-0.014570013619959354,0.3581917881965637,0.7659137845039368,-0.023264121264219284,0.3065311014652252,0.8080940842628479,-0.012586724013090134,0.3278645873069763,0.7975940704345703,-0.009357210248708725,0.34550631046295166,0.7974621057510376,-0.009103500284254551,0.35802707076072693,0.8039117455482483,-0.013611197471618652,0.31749945878982544,0.8516352772712708,-0.012296924367547035,0.33316361904144287,0.8412631750106812,-0.010239405557513237,0.3506670892238617,0.8363823890686035,-0.005566946230828762,0.3626768887042999,0.8392712473869324,-0.0033730536233633757,Yes
0.4375383257865906,0.8140766620635986,-1.2122266923597635e-07,0.43201977014541626,0.7250125408172607,-0.014160281978547573,0.40723997354507446,0.6584246158599854,-0.024453723803162575,0.37834933400154114,0.607111930847168,-0.03303814306855202,0.36449581384658813,0.5586860179901123,-0.04146444797515869,0.3145785331726074,0.7036381363868713,-0.016351226717233658,0.33725690841674805,0.6984049081802368,-0.022813355550169945,0.36139512062072754,0.7063997387886047,-0.034335482865571976,0.37306293845176697,0.7179000973701477,-0.04387034848332405,0.3032636344432831,0.7576806545257568,-0.014209548011422157,0.32383862137794495,0.7474562525749207,-0.010177659802138805,0.3442363142967224,0.7507027387619019,-0.014263726770877838,0.3568803668022156,0.7616947293281555,-0.022630125284194946,0.30718353390693665,0.8061861395835876,-0.012193129397928715,0.32603010535240173,0.7930974364280701,-0.009008284658193588,0.34357500076293945,0.7928549647331238,-0.00822976604104042,0.3562452495098114,0.7999157309532166,-0.012172653339803219,0.31759878993034363,0.8489896655082703,-0.011882350780069828,0.33136168122291565,0.8367487788200378,-0.009361779317259789,0.3484306037425995,0.8318663835525513,-0.004165885969996452,0.36023449897766113,0.8351245522499084,-0.0015957080759108067,Yes
0.4398680627346039,0.8141325116157532,-1.1321179727019626e-07,0.43284377455711365,0.7256499528884888,-0.01585952378809452,0.40809619426727295,0.6590462327003479,-0.027984686195850372,0.37959733605384827,0.6070899367332458,-0.037909042090177536,0.36734455823898315,0.5571683645248413,-0.04742889478802681,0.3154013752937317,0.7043446898460388,-0.021753905341029167,0.3367272913455963,0.6982495784759521,-0.030053677037358284,0.36178910732269287,0.7069869637489319,-0.04158466309309006,0.37418127059936523,0.7203035950660706,-0.0507226400077343,0.30421990156173706,0.7593777179718018,-0.01918233372271061,0.3235938549041748,0.7471473217010498,-0.01762726716697216,0.3447461426258087,0.7504570484161377,-0.021616719663143158,0.35825803875923157,0.7625600695610046,-0.02932133898139,0.3074727952480316,0.8085245490074158,-0.016666123643517494,0.3257791996002197,0.7923200130462646,-0.015368626452982426,0.34366074204444885,0.7926335334777832,-0.014356963336467743,0.3572371304035187,0.8011468648910522,-0.017625341191887856,0.31704947352409363,0.8515855073928833,-0.0159209743142128,0.3310706615447998,0.8362168073654175,-0.014955319464206696,0.3487350642681122,0.831932783126831,-0.010252497158944607,0.36085954308509827,0.8361256718635559,-0.007592778652906418,Yes
0.439805805683136,0.8182061910629272,-1.0981775488971834e-07,0.43326979875564575,0.7264301776885986,-0.014132576994597912,0.40748512744903564,0.6584680676460266,-0.024704460054636,0.3781592845916748,0.6046975255012512,-0.03330161049962044,0.36461421847343445,0.5551057457923889,-0.041648659855127335,0.31225380301475525,0.7044248580932617,-0.018117031082510948,0.3337898850440979,0.6984952688217163,-0.023435300216078758,0.35926157236099243,0.7057964205741882,-0.033627841621637344,0.3716944456100464,0.7176276445388794,-0.04219776764512062,0.30099597573280334,0.7598700523376465,-0.015303774736821651,0.3224998116493225,0.7482060790061951,-0.009360337629914284,0.3437700569629669,0.7501143217086792,-0.012472129426896572,0.3570350408554077,0.7607454061508179,-0.020706476643681526,0.30551278591156006,0.808781623840332,-0.012301811948418617,0.3242611587047577,0.7942836284637451,-0.007231725845485926,0.3420996367931366,0.7928405404090881,-0.006396221928298473,0.3557543456554413,0.8005826473236084,-0.010882575996220112,0.3166489601135254,0.8514671325683594,-0.0109480582177639,0.3299311101436615,0.8377758860588074,-0.007131272926926613,0.34761175513267517,0.833190381526947,-0.0018155123107135296,0.3606187403202057,0.8378573656082153,0.0005522311548702419,Yes
0.43560129404067993,0.811950147151947,-1.2701032403583667e-07,0.4307830035686493,0.7220198512077332,-0.016004975885152817,0.40585505962371826,0.653891921043396,-0.02786070480942726,0.3776409327983856,0.6004980802536011,-0.03773963823914528,0.3631117045879364,0.5504027009010315,-0.04763007164001465,0.3115558624267578,0.6985620856285095,-0.020758969709277153,0.3369399607181549,0.6940407156944275,-0.029453657567501068,0.3613704741001129,0.7020648717880249,-0.04227801784873009,0.37227267026901245,0.7145986557006836,-0.052413713186979294,0.30017751455307007,0.7538683414459229,-0.018274569883942604,0.32391735911369324,0.7430503964424133,-0.016017401590943336,0.34440022706985474,0.7461487054824829,-0.020875219255685806,0.35685431957244873,0.7579491138458252,-0.029759246855974197,0.3038382828235626,0.8037136793136597,-0.015913626179099083,0.3241773545742035,0.7890569567680359,-0.01431627944111824,0.34214404225349426,0.7888331413269043,-0.013609406538307667,0.35527169704437256,0.7966974377632141,-0.0174615029245615,0.3144315481185913,0.8481143116950989,-0.015367601066827774,0.3290097415447235,0.8346771001815796,-0.014212793670594692,0.3466643691062927,0.8300578594207764,-0.009093191474676132,0.3588489592075348,0.8343395590782166,-0.00638881279155612,Yes
0.4254353642463684,0.801224410533905,-1.3640998020036932e-07,0.4236476719379425,0.7106238007545471,-0.01831143908202648,0.3991772532463074,0.6434954404830933,-0.030480703338980675,0.37104225158691406,0.5920032262802124,-0.0403367280960083,0.35752007365226746,0.5410887598991394,-0.05035386607050896,0.30504360795021057,0.6929126381874084,-0.020080169662833214,0.3433123230934143,0.6894294023513794,-0.030770525336265564,0.36770564317703247,0.6976835131645203,-0.046878568828105927,0.37571707367897034,0.7097141742706299,-0.05946370214223862,0.2925812602043152,0.7487457990646362,-0.01709449291229248,0.32579436898231506,0.7427971959114075,-0.015276088379323483,0.3455792963504791,0.7451937198638916,-0.02198903262615204,0.35568490624427795,0.7539522647857666,-0.03251398727297783,0.29651886224746704,0.7984731793403625,-0.014741509221494198,0.3232167065143585,0.7889509797096252,-0.014811668545007706,0.34031426906585693,0.786723256111145,-0.01619006134569645,0.34924429655075073,0.7906226515769958,-0.021479638293385506,0.3080926835536957,0.841614305973053,-0.014370056800544262,0.3288393020629883,0.832896888256073,-0.015116006135940552,0.3465765714645386,0.8267853260040283,-0.011214972473680973,0.3562896251678467,0.8289158344268799,-0.009500110521912575,Yes
0.4235040843486786,0.7917488813400269,-1.466311658759878e-07,0.4184885621070862,0.703005850315094,-0.017573127523064613,0.39506080746650696,0.6345475912094116,-0.031042136251926422,0.3670089542865753,0.5831389427185059,-0.041989222168922424,0.35334643721580505,0.531589150428772,-0.05282210558652878,0.29951974749565125,0.6771790981292725,-0.026895368471741676,0.32753899693489075,0.6734871864318848,-0.037429165095090866,0.3528797924518585,0.6817913055419922,-0.050219275057315826,0.36361217498779297,0.694782018661499,-0.06007302924990654,0.2861241102218628,0.7337470650672913,-0.024375243112444878,0.3107490539550781,0.726123571395874,-0.02350977435708046,0.33171290159225464,0.7299560904502869,-0.027343126013875008,0.34424394369125366,0.7408167719841003,-0.03531063348054886,0.2884962558746338,0.7849514484405518,-0.021870730444788933,0.31096670031547546,0.774467945098877,-0.021425552666187286,0.32927554845809937,0.7743249535560608,-0.01981084793806076,0.34192392230033875,0.7807887196540833,-0.02292660064995289,0.29846054315567017,0.8310880661010742,-0.021276386454701424,0.3155134320259094,0.8204866051673889,-0.02086685411632061,0.3341620862483978,0.8153203725814819,-0.015240918844938278,0.34611815214157104,0.8185495138168335,-0.012008716352283955,Yes
0.4232114255428314,0.7877117395401001,-1.0662324001486922e-07,0.41464102268218994,0.694901704788208,-0.01415388286113739,0.3868684470653534,0.6261184215545654,-0.025024686008691788,0.35793638229370117,0.5725424289703369,-0.03415173664689064,0.34685227274894714,0.5210634469985962,-0.04311808571219444,0.28588688373565674,0.6728229522705078,-0.016437986865639687,0.31065505743026733,0.6654630899429321,-0.0228892769664526,0.334969162940979,0.6733281016349792,-0.03452249616384506,0.3478986322879791,0.6863970756530762,-0.04404134675860405,0.2767437696456909,0.7310506701469421,-0.014756458811461926,0.2982063293457031,0.7187185883522034,-0.010549075901508331,0.319633811712265,0.7217126488685608,-0.014848027378320694,0.334395170211792,0.7340492010116577,-0.02330036833882332,0.28263917565345764,0.7830790281295776,-0.013076100498437881,0.30138957500457764,0.766250491142273,-0.010158721357584,0.3195662796497345,0.7655078172683716,-0.009638391435146332,0.33388033509254456,0.774084210395813,-0.013562217354774475,0.29519686102867126,0.8299757242202759,-0.013064798898994923,0.3079565465450287,0.8126540184020996,-0.011117680929601192,0.32575124502182007,0.8068701028823853,-0.005686513148248196,0.33810684084892273,0.8110127449035645,-0.002594578545540571,Yes
0.42331209778785706,0.7877106070518494,-1.2709301699942444e-07,0.4146823585033417,0.6946425437927246,-0.01426241546869278,0.3872998356819153,0.6260141730308533,-0.02576218731701374,0.359096497297287,0.5738112926483154,-0.03581807389855385,0.34774500131607056,0.522739589214325,-0.045796897262334824,0.28730538487434387,0.6734002232551575,-0.017914719879627228,0.3105698823928833,0.665530800819397,-0.026453131809830666,0.33479073643684387,0.6735113263130188,-0.03968942537903786,0.3471899628639221,0.6865088939666748,-0.050166863948106766,0.2780492901802063,0.7309515476226807,-0.016722097992897034,0.2998976707458496,0.7180193662643433,-0.014242762699723244,0.3211219608783722,0.721507728099823,-0.01904970407485962,0.3350558876991272,0.7341182231903076,-0.027677690610289574,0.28372371196746826,0.7823927402496338,-0.015657229349017143,0.3034069538116455,0.7662453055381775,-0.013697407208383083,0.3216549754142761,0.765647828578949,-0.013022094964981079,0.3355613648891449,0.7742064595222473,-0.01674835942685604,0.2961898446083069,0.8286916017532349,-0.01635929010808468,0.3109188675880432,0.8133136034011841,-0.014733829535543919,0.32883983850479126,0.807875394821167,-0.0092748599126935,0.34096595644950867,0.8121278285980225,-0.006158948410302401,Yes
0.42004457116127014,0.783948540687561,-1.2452117914563132e-07,0.41210252046585083,0.6910540461540222,-0.015048475936055183,0.3858932554721832,0.6222679615020752,-0.027178650721907616,0.35797616839408875,0.5676001310348511,-0.03745649755001068,0.346419095993042,0.5152940154075623,-0.047730911523103714,0.2845337986946106,0.669610321521759,-0.021226683631539345,0.3122493624687195,0.6622936129570007,-0.029431071132421494,0.33648812770843506,0.6702163815498352,-0.04165307804942131,0.3481951951980591,0.6839372515678406,-0.05150676146149635,0.27529120445251465,0.7289438843727112,-0.019788241013884544,0.2986418306827545,0.7161047458648682,-0.016976987943053246,0.320026695728302,0.7192363142967224,-0.021098794415593147,0.3343387246131897,0.7317891120910645,-0.029649369418621063,0.28176480531692505,0.7814062833786011,-0.018259696662425995,0.30258995294570923,0.7655173540115356,-0.01634853333234787,0.3204154670238495,0.764456570148468,-0.015827657654881477,0.33423933386802673,0.7728546857833862,-0.0199747197329998,0.29531532526016235,0.8287577033042908,-0.018460070714354515,0.3106487989425659,0.8127204775810242,-0.017278453335165977,0.328413724899292,0.8061748147010803,-0.012215392664074898,0.3405139446258545,0.809805154800415,-0.009574530646204948,Yes
0.4189574718475342,0.7884098291397095,-1.4093484423938207e-07,0.4107862710952759,0.6917246580123901,-0.015098843723535538,0.38400083780288696,0.621914803981781,-0.0265603456646204,0.3555065393447876,0.5683588981628418,-0.03606847673654556,0.3438226580619812,0.515811026096344,-0.0452679768204689,0.28341636061668396,0.6725931763648987,-0.018979033455252647,0.3102512061595917,0.6630514860153198,-0.025722621008753777,0.33617812395095825,0.6721093654632568,-0.03738343343138695,0.3484404385089874,0.6877701282501221,-0.047052592039108276,0.27373072504997253,0.730587899684906,-0.01675255596637726,0.2973337471485138,0.7144278883934021,-0.013040096499025822,0.3189983367919922,0.7183539271354675,-0.017567778006196022,0.3330579698085785,0.7329485416412354,-0.026453200727701187,0.2793501913547516,0.7813144326210022,-0.01439092680811882,0.2987353801727295,0.7616800665855408,-0.011923003941774368,0.3172401785850525,0.7611018419265747,-0.011501745320856571,0.3315563201904297,0.7715239524841309,-0.015644853934645653,0.2918432652950287,0.8268247246742249,-0.01372180599719286,0.3046579957008362,0.8085757493972778,-0.012435930781066418,0.3228286802768707,0.8033609390258789,-0.007250410970300436,0.3357981741428375,0.8089855313301086,-0.004388128407299519,Yes
0.2592294216156006,0.40358489751815796,-2.1261421068174968e-07,0.2496860921382904,0.30904898047447205,-0.005227055866271257,0.222307950258255,0.2407173216342926,-0.011789549142122269,0.19842921197414398,0.16909097135066986,-0.019670382142066956,0.1910160481929779,0.10357159376144409,-0.028574801981449127,0.1044100895524025,0.2873667776584625,0.00241411617025733,0.12772782146930695,0.309672087430954,-0.0024621421471238136,0.15504495799541473,0.32231053709983826,-0.01763969101011753,0.17658624053001404,0.3241754174232483,-0.029384633526206017,0.08859100937843323,0.3556308150291443,0.0009286387357860804,0.11226019263267517,0.3817819356918335,0.008242914453148842,0.1388348639011383,0.38792893290519714,-0.0018754744669422507,0.16190320253372192,0.38383156061172485,-0.014113303273916245,0.09303069114685059,0.4219725430011749,-0.0001425016816938296,0.11357693374156952,0.4419202208518982,0.004106499720364809,0.13641758263111115,0.44346776604652405,-0.0023438245989382267,0.15786589682102203,0.43794065713882446,-0.010485101491212845,0.10543419420719147,0.48004162311553955,-0.0020300759933888912,0.12348099797964096,0.4984675943851471,0.0003143038775306195,0.14688488841056824,0.49628812074661255,0.003303266828879714,0.1665641814470291,0.4894564151763916,0.005679587833583355,Yes
0.2524985074996948,0.39945584535598755,-1.7689345099825005e-07,0.24514824151992798,0.30514368414878845,-0.005240096710622311,0.22443576157093048,0.23938614130020142,-0.012652269564568996,0.2017073631286621,0.1709078699350357,-0.02168293111026287,0.1922750622034073,0.11045192182064056,-0.03189784660935402,0.10240605473518372,0.292515367269516,-0.00043321825796738267,0.1262667179107666,0.30832454562187195,-0.004092824645340443,0.15267828106880188,0.31916511058807373,-0.017131611704826355,0.17249079048633575,0.32209134101867676,-0.027609964832663536,0.08786733448505402,0.36248552799224854,-0.0019491040147840977,0.11311139166355133,0.37961652874946594,0.006201428826898336,0.13889339566230774,0.3830958306789398,-0.0018976350547745824,0.16116049885749817,0.37940868735313416,-0.013440331444144249,0.09476594626903534,0.42861881852149963,-0.0028822326567023993,0.11576130986213684,0.44048935174942017,0.00222180993296206,0.13804854452610016,0.4379444122314453,-0.0028950029518455267,0.1595778465270996,0.4319325387477875,-0.010877530090510845,0.10938584804534912,0.48568129539489746,-0.004625322762876749,0.12891951203346252,0.4966368079185486,-0.0013121579540893435,0.15068022906780243,0.490217924118042,0.0019530521240085363,0.16950541734695435,0.4828653931617737,0.003804826410487294,Yes
0.2732067108154297,0.41526058316230774,-2.599356605514913e-07,0.26773735880851746,0.3222016394138336,-0.00506170280277729,0.24328994750976562,0.2567562758922577,-0.011051069013774395,0.22095271944999695,0.19287484884262085,-0.018011458218097687,0.20962905883789062,0.13596200942993164,-0.025809774175286293,0.11949916183948517,0.3011862635612488,-0.0031615060288459063,0.1490505337715149,0.32211917638778687,-0.007923678494989872,0.17622436583042145,0.3328181505203247,-0.02207387238740921,0.1943407952785492,0.33395713567733765,-0.033523209393024445,0.10269944369792938,0.3697747588157654,-0.0037609515711665154,0.1320020705461502,0.3904741704463959,0.003191976109519601,0.1598568558692932,0.3949035704135895,-0.005940839648246765,0.1817403882741928,0.3923853039741516,-0.01816689223051071,0.10608558356761932,0.43620237708091736,-0.0034860712476074696,0.1302710622549057,0.4514932632446289,0.0009546043584123254,0.15364086627960205,0.44895845651626587,-0.0052520292811095715,0.17428775131702423,0.4439582824707031,-0.014081357978284359,0.11667594313621521,0.49568650126457214,-0.0037622246891260147,0.13889677822589874,0.5076302886009216,-0.0009840911952778697,0.1614943891763687,0.5019621849060059,0.001531186862848699,0.1802453249692917,0.4971294701099396,0.0028968884143978357,Yes
0.2814704179763794,0.41784119606018066,-2.0476754514220374e-07,0.27211806178092957,0.32154417037963867,-0.007694755215197802,0.245436429977417,0.2548425495624542,-0.016539935022592545,0.22049325704574585,0.18765388429164886,-0.026300538331270218,0.20652520656585693,0.13263225555419922,-0.03654702380299568,0.11741672456264496,0.30505695939064026,-0.006345764733850956,0.13697868585586548,0.323000431060791,-0.015360565856099129,0.16427446901798248,0.33428677916526794,-0.031611718237400055,0.18583202362060547,0.33758530020713806,-0.04362814873456955,0.10087786614894867,0.37440887093544006,-0.007532453630119562,0.12389597296714783,0.3943263292312622,-0.0036368495784699917,0.15235662460327148,0.39882761240005493,-0.012618912383913994,0.1764841228723526,0.3950214684009552,-0.02415243536233902,0.10634893923997879,0.4423995018005371,-0.008510220795869827,0.1269073784351349,0.4560719430446625,-0.007002032361924648,0.1509324163198471,0.45440348982810974,-0.011434386484324932,0.1739298552274704,0.44836366176605225,-0.018357744440436363,0.12039933353662491,0.5022047758102417,-0.010466975159943104,0.13902048766613007,0.5144283175468445,-0.009856590069830418,0.16241636872291565,0.5088586807250977,-0.006365017034113407,0.18263885378837585,0.5019014477729797,-0.0036167295183986425,Yes
0.2843254506587982,0.41813766956329346,-1.7282414432884252e-07,0.2733724117279053,0.32277658581733704,-0.006440869532525539,0.25011569261550903,0.25202256441116333,-0.01665341667830944,0.22801947593688965,0.18408048152923584,-0.02812555432319641,0.21473908424377441,0.1285732090473175,-0.04000787436962128,0.12999746203422546,0.3041471838951111,-0.008616083301603794,0.14138054847717285,0.3151389956474304,-0.015398262068629265,0.16843503713607788,0.3256337344646454,-0.02881891466677189,0.18929052352905273,0.3289468586444855,-0.038945604115724564,0.11229163408279419,0.3720799386501312,-0.010618912056088448,0.13048319518566132,0.38591575622558594,-0.004757148213684559,0.15638059377670288,0.38918912410736084,-0.010395343415439129,0.17833057045936584,0.38552170991897583,-0.019735360518097878,0.11577529460191727,0.4378175139427185,-0.01204142440110445,0.13206346333026886,0.44631245732307434,-0.007511138916015625,0.15550555288791656,0.4432685375213623,-0.008666384033858776,0.1778990924358368,0.43669217824935913,-0.013877884484827518,0.12745033204555511,0.49617916345596313,-0.014563878998160362,0.14327938854694366,0.505178689956665,-0.010759955272078514,0.16569849848747253,0.49797385931015015,-0.00480237603187561,0.18549126386642456,0.49083447456359863,-0.0007124769035726786,Yes
0.2813289761543274,0.42021644115448,-1.6270043090571562e-07,0.27322274446487427,0.3248828947544098,-0.00976449903100729,0.2488393485546112,0.25296181440353394,-0.017814960330724716,0.22619123756885529,0.18323290348052979,-0.026092633605003357,0.21355217695236206,0.12651427090168,-0.03483846038579941,0.12389852106571198,0.3138688802719116,-0.002801624359562993,0.15072347223758698,0.32355111837387085,-0.0065344637259840965,0.17979168891906738,0.33250319957733154,-0.020798983052372932,0.19862660765647888,0.33583250641822815,-0.032424747943878174,0.1099168062210083,0.3850192725658417,-0.0023407458793371916,0.13724112510681152,0.394569456577301,0.00595660787075758,0.1649026870727539,0.39733365178108215,-0.0035865886602550745,0.18549925088882446,0.3961409032344818,-0.016622930765151978,0.11744079738855362,0.45115387439727783,-0.0016078951302915812,0.1361786276102066,0.4552997648715973,0.002772025065496564,0.15908728539943695,0.4514029622077942,-0.003109793644398451,0.17885805666446686,0.4470326602458954,-0.01175727229565382,0.13236305117607117,0.5079641342163086,-0.0019214156782254577,0.14704164862632751,0.5116748809814453,0.0009154332801699638,0.1690654307603836,0.5049955248832703,0.004995291121304035,0.18719696998596191,0.5000389218330383,0.007353664375841618,Yes
0.2890056371688843,0.42692235112190247,-1.6394470492286928e-07,0.28459620475769043,0.32744333148002625,-0.005048018880188465,0.2605315148830414,0.2560214400291443,-0.010163972154259682,0.23416152596473694,0.19060443341732025,-0.017112400382757187,0.22057220339775085,0.1320183426141739,-0.02517538331449032,0.136857807636261,0.3108474016189575,0.010993968695402145,0.15967844426631927,0.32975834608078003,0.010080721229314804,0.18668489158153534,0.3408532440662384,-0.003919814247637987,0.20478226244449615,0.3421584665775299,-0.015527787618339062,0.1198066994547844,0.3805799186229706,0.00897762831300497,0.14727889001369476,0.40003982186317444,0.020789630711078644,0.17350368201732635,0.4048251211643219,0.011549605056643486,0.1926756352186203,0.39932844042778015,-0.001167869777418673,0.1253143846988678,0.4461519122123718,0.006929270923137665,0.14677655696868896,0.45859861373901367,0.013519125990569592,0.17089883983135223,0.457635760307312,0.008929356932640076,0.19038894772529602,0.45057278871536255,0.0013251168420538306,0.13828414678573608,0.5045545697212219,0.0037710561882704496,0.15530377626419067,0.5166667103767395,0.007675717119127512,0.17934609949588776,0.5104504227638245,0.012958593666553497,0.19755461812019348,0.5028055906295776,0.01665581576526165,Yes
0.8136975765228271,0.47014319896698,-3.39836219609424e-07,0.7807648777961731,0.37121832370758057,-0.0017232513055205345,0.7388730645179749,0.28914934396743774,-0.01218950655311346,0.6858816742897034,0.23751959204673767,-0.02372943051159382,0.6439760327339172,0.20081447064876556,-0.035454582422971725,0.6160452365875244,0.3184932470321655,-0.011167556047439575,0.563849151134491,0.4059714376926422,-0.019245432689785957,0.5949402451515198,0.4335261583328247,-0.027369234710931778,0.6317523121833801,0.4282759726047516,-0.031926970928907394,0.6034120321273804,0.3813040256500244,-0.01598515547811985,0.5773340463638306,0.4679442048072815,-0.01748337596654892,0.6109037399291992,0.48174330592155457,-0.021848661825060844,0.643769383430481,0.4659748673439026,-0.02740214578807354,0.6066415309906006,0.45361119508743286,-0.019315019249916077,0.591602087020874,0.5208231210708618,-0.018271218985319138,0.6215633153915405,0.5287556648254395,-0.014078974723815918,0.6511868238449097,0.5112862586975098,-0.014737469144165516,0.6163341999053955,0.525409996509552,-0.023321250453591347,0.6082898378372192,0.5768505334854126,-0.025500334799289703,0.6414238810539246,0.5778764486312866,-0.01969314180314541,0.6675328612327576,0.5600181818008423,-0.013404500670731068,Yes
0.8347160816192627,0.4812845289707184,-3.53818393250549e-07,0.8013597130775452,0.3833587169647217,0.0007939602364785969,0.7585341334342957,0.29753410816192627,-0.008474955335259438,0.7058457732200623,0.24312655627727509,-0.018540045246481895,0.6659986972808838,0.20578821003437042,-0.02861797995865345,0.6361376047134399,0.3272631764411926,-0.013890604488551617,0.579189121723175,0.41404157876968384,-0.01881161332130432,0.6106058359146118,0.44111502170562744,-0.022877544164657593,0.6468479633331299,0.43487349152565,-0.02488415315747261,0.6237699389457703,0.38822367787361145,-0.019134623929858208,0.5952684283256531,0.479561984539032,-0.01580469124019146,0.6298335790634155,0.49220243096351624,-0.015375045128166676,0.6603724956512451,0.47296690940856934,-0.018820874392986298,0.6271110773086548,0.4600292444229126,-0.02219291590154171,0.6098155379295349,0.5328777432441711,-0.0160833690315485,0.6395691633224487,0.5396913290023804,-0.008199509233236313,0.6664160490036011,0.5199697017669678,-0.00804117787629366,0.6370193958282471,0.5329854488372803,-0.02579575963318348,0.6270943880081177,0.5863308906555176,-0.023461854085326195,0.6589990258216858,0.586237907409668,-0.014742611907422543,0.6830042600631714,0.5687747001647949,-0.007477469276636839,Yes
0.8400522470474243,0.4884294867515564,-3.5304407219882705e-07,0.8048326373100281,0.38682258129119873,0.004645950626581907,0.762290358543396,0.30073732137680054,-0.003494615200906992,0.7092761993408203,0.24770094454288483,-0.013338267803192139,0.6689487099647522,0.211263969540596,-0.02341460809111595,0.6400173902511597,0.33314085006713867,-0.009655846282839775,0.5798604488372803,0.4157010316848755,-0.011652108281850815,0.6074671149253845,0.4443473517894745,-0.013417256064713001,0.6409844160079956,0.4405600130558014,-0.014440630562603474,0.6281452178955078,0.3930843770503998,-0.01671442948281765,0.5999497175216675,0.48592010140419006,-0.01067318581044674,0.6332226991653442,0.49829649925231934,-0.008829666301608086,0.6626051664352417,0.4787003695964813,-0.012051180005073547,0.6311846375465393,0.46405911445617676,-0.021328290924429893,0.6161043047904968,0.5391532778739929,-0.012810681015253067,0.645429790019989,0.5445172786712646,-0.004616333171725273,0.6717171669006348,0.5237153768539429,-0.00509178452193737,0.6403968930244446,0.5357152223587036,-0.02628331631422043,0.6292868852615356,0.5896124243736267,-0.02223600633442402,0.6622434258460999,0.5893383026123047,-0.012970058247447014,0.6874542832374573,0.5717023611068726,-0.00583183066919446,Yes
0.8426436185836792,0.49395594000816345,-3.456085266861919e-07,0.8091223239898682,0.395173579454422,0.00012098975275876,0.7650457620620728,0.3100261688232422,-0.009551840834319592,0.7124994993209839,0.25506943464279175,-0.020358888432383537,0.6724135279655457,0.21544353663921356,-0.031069647520780563,0.6425873637199402,0.33838269114494324,-0.012109559029340744,0.5844912528991699,0.4225873649120331,-0.01827339082956314,0.6136780977249146,0.4528183937072754,-0.02309260331094265,0.6492447853088379,0.44802364706993103,-0.025611113756895065,0.630342423915863,0.39881715178489685,-0.017723040655255318,0.6017186641693115,0.4924244284629822,-0.016447214409708977,0.6358794569969177,0.505640983581543,-0.016634073108434677,0.6664585471153259,0.4842318594455719,-0.020078426226973534,0.6335143446922302,0.4715275168418884,-0.021641863510012627,0.6150415539741516,0.5457090139389038,-0.01814512349665165,0.6452668309211731,0.5529467463493347,-0.010626905597746372,0.6725646257400513,0.5312401652336121,-0.010040437802672386,0.6428425312042236,0.5452370047569275,-0.026161378249526024,0.6307430267333984,0.5991454124450684,-0.02609437145292759,0.6640521883964539,0.5993701219558716,-0.01782139763236046,0.689877986907959,0.5806509852409363,-0.010318988934159279,Yes
0.8451791405677795,0.49838677048683167,-3.3178341141137935e-07,0.8095687627792358,0.3983081579208374,0.0024453746154904366,0.766166090965271,0.3120800256729126,-0.006857557222247124,0.7134209871292114,0.2555004954338074,-0.017721027135849,0.6727079749107361,0.21582405269145966,-0.028565742075443268,0.6429125070571899,0.340257465839386,-0.008442137390375137,0.5838255286216736,0.4234726130962372,-0.012876961380243301,0.6135822534561157,0.45237451791763306,-0.01757179945707321,0.6485931277275085,0.44702184200286865,-0.020181261003017426,0.6297708749771118,0.40070492029190063,-0.014642707072198391,0.6020105481147766,0.4930153787136078,-0.010498608462512493,0.6360991597175598,0.5060437321662903,-0.010494201444089413,0.6665692925453186,0.4855579137802124,-0.014374432153999805,0.6322568655014038,0.4734492599964142,-0.01897381618618965,0.6156452894210815,0.5459631085395813,-0.012491445057094097,0.645900547504425,0.5531710386276245,-0.005384969525039196,0.6735969185829163,0.5327321887016296,-0.00570634426549077,0.6409180164337158,0.5465667247772217,-0.023775510489940643,0.6297950148582458,0.5986793041229248,-0.020881598815321922,0.6630786657333374,0.5993251204490662,-0.012190476059913635,0.6890436410903931,0.5814370512962341,-0.004837393295019865,Yes
0.8204068541526794,0.5028550028800964,-3.5953942756350443e-07,0.7858405113220215,0.40292954444885254,0.0018784995190799236,0.7410619258880615,0.321222186088562,-0.008146055974066257,0.6857845783233643,0.26707905530929565,-0.019390515983104706,0.6484512686729431,0.21881994605064392,-0.030856451019644737,0.6183218955993652,0.347027987241745,-0.013244140893220901,0.5580462217330933,0.43407222628593445,-0.01725113019347191,0.5865553021430969,0.4660309851169586,-0.01976814493536949,0.619836151599884,0.4607662558555603,-0.02135509066283703,0.6076682806015015,0.41005557775497437,-0.019116388633847237,0.5763445496559143,0.5034663081169128,-0.015602797269821167,0.6092638373374939,0.5198372006416321,-0.013391704298555851,0.6391757130622864,0.49967482686042786,-0.015951983630657196,0.612008273601532,0.4839918315410614,-0.02285708114504814,0.592873752117157,0.5567943453788757,-0.017189644277095795,0.6222584843635559,0.5649375915527344,-0.008850714191794395,0.6502499580383301,0.544146716594696,-0.008488141000270844,0.6224297881126404,0.5571540594100952,-0.026991281658411026,0.6088483333587646,0.6114580035209656,-0.025176310911774635,0.6421855688095093,0.6126708984375,-0.016807354986667633,0.6693227887153625,0.5947537422180176,-0.009825664572417736,Yes
0.8301084637641907,0.5075422525405884,-3.5892068694920454e-07,0.7947210669517517,0.40784573554992676,0.0027823105920106173,0.7496706247329712,0.32509517669677734,-0.006293349899351597,0.6950222849845886,0.272841215133667,-0.016890322789549828,0.6556816101074219,0.22813166677951813,-0.02763441391289234,0.6291797757148743,0.3519682288169861,-0.009093462489545345,0.5700783133506775,0.4339395761489868,-0.013250226154923439,0.5990625023841858,0.4653092622756958,-0.01702064648270607,0.6322633028030396,0.4587993025779724,-0.01918001100420952,0.6183578968048096,0.415462851524353,-0.015242674387991428,0.5882875323295593,0.5043169260025024,-0.011547544039785862,0.6206318736076355,0.5211637616157532,-0.010294906795024872,0.6500355005264282,0.5005868673324585,-0.013119430281221867,0.622218668460846,0.4886302947998047,-0.019491640850901604,0.602401852607727,0.5571783185005188,-0.013632155023515224,0.63180011510849,0.5657952427864075,-0.005682768765836954,0.6600574254989624,0.5439763069152832,-0.005130285397171974,0.631628155708313,0.5599694848060608,-0.024080518633127213,0.6142486333847046,0.6093884706497192,-0.021218562498688698,0.647656261920929,0.6119265556335449,-0.011699439026415348,0.6760352253913879,0.5944533944129944,-0.00362170347943902,Yes
0.836645781993866,0.516633152961731,-4.035701124394109e-07,0.8005132079124451,0.41577595472335815,0.003979181405156851,0.7541677951812744,0.33320897817611694,-0.005297513213008642,0.7013584971427917,0.27955615520477295,-0.016403840854763985,0.6655904054641724,0.23389625549316406,-0.027962887659668922,0.6362346410751343,0.3591095209121704,-0.014017954468727112,0.5729795098304749,0.44885504245758057,-0.020634492859244347,0.5969319343566895,0.4867207705974579,-0.024550972506403923,0.6281063556671143,0.4865356683731079,-0.026847176253795624,0.6256574392318726,0.4200320839881897,-0.02202034369111061,0.5923972725868225,0.5210012793540955,-0.021343396976590157,0.6261935234069824,0.5371066331863403,-0.019018977880477905,0.6558959484100342,0.5148865580558777,-0.021329311653971672,0.629525363445282,0.4924491047859192,-0.027991069480776787,0.6088209748268127,0.5724334716796875,-0.024963218718767166,0.6398696303367615,0.5787456035614014,-0.015241649933159351,0.66689532995224,0.5555152297019958,-0.013685435056686401,0.639617919921875,0.5653628706932068,-0.03427666798233986,0.6230478882789612,0.6215791702270508,-0.03457929939031601,0.6576688289642334,0.6223158240318298,-0.025359444320201874,0.6844114065170288,0.6037025451660156,-0.0176410935819149,Yes
0.8329683542251587,0.5159447193145752,-3.895795259722945e-07,0.7975067496299744,0.4159609079360962,0.0037963478825986385,0.7529805898666382,0.33231139183044434,-0.005055833607912064,0.6997103691101074,0.2766914367675781,-0.01535070687532425,0.6628331542015076,0.230753555893898,-0.026013946160674095,0.6312493085861206,0.3576628565788269,-0.014955226331949234,0.5681200623512268,0.4443427324295044,-0.01772603765130043,0.5939053893089294,0.48252007365226746,-0.018844306468963623,0.6258504390716553,0.4812720715999603,-0.019737593829631805,0.6202446818351746,0.4197688400745392,-0.021996067836880684,0.5840385556221008,0.5133229494094849,-0.017435269430279732,0.6160046458244324,0.5333439707756042,-0.013917732983827591,0.6463360786437988,0.5145251154899597,-0.016073666512966156,0.6237370371818542,0.49294787645339966,-0.026468420401215553,0.6003541350364685,0.5664820671081543,-0.020281901583075523,0.6301126480102539,0.5758782625198364,-0.010956536047160625,0.6589840054512024,0.5554112195968628,-0.01027353759855032,0.633342981338501,0.5663309097290039,-0.031101981177926064,0.6143513321876526,0.6177487969398499,-0.029554473236203194,0.6477872133255005,0.6203387379646301,-0.02027895860373974,0.6764768362045288,0.603981614112854,-0.012776573188602924,Yes
0.8354204297065735,0.5178349614143372,-3.938610007026e-07,0.7989690899848938,0.41662368178367615,0.003785147098824382,0.7531254291534424,0.3327973783016205,-0.004626010078936815,0.6982508301734924,0.2787911891937256,-0.01456442754715681,0.6597074270248413,0.23362378776073456,-0.024565260857343674,0.6309064030647278,0.3592543601989746,-0.01177558396011591,0.5680039525032043,0.4436255991458893,-0.014798586256802082,0.5972020626068115,0.47911784052848816,-0.016746750101447105,0.6311132311820984,0.47509974241256714,-0.017968999221920967,0.6204512119293213,0.42208895087242126,-0.01873667724430561,0.584087073802948,0.5130183696746826,-0.014415588229894638,0.6172354221343994,0.5321833491325378,-0.01166955940425396,0.6480855345726013,0.5122844576835632,-0.013936555944383144,0.6244868636131287,0.4955637753009796,-0.023358054459095,0.5982100367546082,0.5659695863723755,-0.017821017652750015,0.6287495493888855,0.5765231251716614,-0.008533857762813568,0.658493161201477,0.5558374524116516,-0.007261327467858791,0.6347910761833191,0.5690152049064636,-0.028130250051617622,0.6124469637870789,0.6174535751342773,-0.027025604620575905,0.6459206342697144,0.6207569241523743,-0.017394287511706352,0.6755660772323608,0.6041064262390137,-0.00913765374571085,Yes
0.8335022926330566,0.5202120542526245,-3.761850564387714e-07,0.7983723878860474,0.41926997900009155,0.0029049543663859367,0.7545031905174255,0.3352608382701874,-0.006337934639304876,0.6994924545288086,0.28041619062423706,-0.016664206981658936,0.6610053181648254,0.23340964317321777,-0.02738538384437561,0.6317663192749023,0.36089521646499634,-0.01401640847325325,0.571549654006958,0.44461509585380554,-0.01618741825222969,0.5973405241966248,0.4814528226852417,-0.01776222325861454,0.6295909285545349,0.48068946599960327,-0.018867449834942818,0.6193395256996155,0.4241005480289459,-0.019924525171518326,0.5867848992347717,0.513261079788208,-0.014186039566993713,0.6193872094154358,0.5333930850028992,-0.011323855258524418,0.6502556204795837,0.5155544281005859,-0.013804912567138672,0.6227102279663086,0.49825212359428406,-0.02320042997598648,0.6007223725318909,0.5669856667518616,-0.015651313588023186,0.630744457244873,0.5772832632064819,-0.00652441568672657,0.6601718068122864,0.5580257773399353,-0.005958352237939835,0.6326660513877869,0.572292149066925,-0.026675516739487648,0.6147027611732483,0.6206793189048767,-0.023631196469068527,0.6484828591346741,0.6232225298881531,-0.013597454875707626,0.6773573756217957,0.6073453426361084,-0.005460303742438555,Yes
0.841130256652832,0.6248067021369934,-3.082315913616185e-07,0.8074108958244324,0.5167250633239746,-0.007039391901344061,0.7663708329200745,0.42455223202705383,-0.017906635999679565,0.7159385085105896,0.36342853307724,-0.029726555570960045,0.6737890839576721,0.32600462436676025,-0.04211463779211044,0.6383723616600037,0.4681067168712616,-0.009143457747995853,0.5884513854980469,0.5329763293266296,-0.019811812788248062,0.6140937805175781,0.5595669746398926,-0.03334115073084831,0.6490293741226196,0.5609491467475891,-0.04145173355937004,0.6245166063308716,0.5332040190696716,-0.012400957755744457,0.6012513637542725,0.5992847084999084,-0.013645979575812817,0.6339800953865051,0.6128755211830139,-0.02184155210852623,0.6657050848007202,0.6029067635536194,-0.03020498901605606,0.6293177008628845,0.6043641567230225,-0.015120810829102993,0.6172255873680115,0.6537798643112183,-0.01630485989153385,0.646565854549408,0.6601346731185913,-0.01574842445552349,0.6758792996406555,0.6482187509536743,-0.01765744574368,0.6404761672019958,0.6723640561103821,-0.018820490688085556,0.6306993961334229,0.704003095626831,-0.021237071603536606,0.6613817811012268,0.7057923078536987,-0.014966853894293308,0.6869032979011536,0.6947146654129028,-0.007959556765854359,Yes
0.8288270235061646,0.77695631980896,-1.1031858804244621e-07,0.8138759136199951,0.6566061973571777,-0.0033702440559864044,0.7817099094390869,0.5560740232467651,-0.009318714030086994,0.7394777536392212,0.47712284326553345,-0.015025468543171883,0.7086889743804932,0.4272744059562683,-0.020026931539177895,0.6438909769058228,0.5889173746109009,0.0034579834900796413,0.6115272641181946,0.5994469523429871,0.01131085678935051,0.6363627314567566,0.6236758232116699,0.008466578088700771,0.6617351770401001,0.6379557847976685,0.004549756646156311,0.6211962103843689,0.6568222641944885,0.004774191416800022,0.6222831606864929,0.6696910262107849,0.020618755370378494,0.6526320576667786,0.6812434792518616,0.014996828511357307,0.678341269493103,0.6887087225914001,0.005614994093775749,0.6188318133354187,0.7263457179069519,0.008020997978746891,0.6325567960739136,0.7319515347480774,0.02392924763262272,0.6566395163536072,0.7350097298622131,0.021077515557408333,0.6811342239379883,0.7405257821083069,0.013303186744451523,0.6235039830207825,0.7887100577354431,0.010529167018830776,0.6404775381088257,0.783771276473999,0.02236056886613369,0.6656607985496521,0.7854201197624207,0.02712417207658291,0.6863285303115845,0.7890328168869019,0.030419396236538887,Yes
0.8205405473709106,0.7938796281814575,-3.166991291436716e-08,0.8106057047843933,0.6710875034332275,-0.003561117220669985,0.7833917737007141,0.571083128452301,-0.00936638843268156,0.7445987462997437,0.49058836698532104,-0.015103339217603207,0.7139285206794739,0.4381439685821533,-0.019550245255231857,0.6462785601615906,0.6014745235443115,0.009171395562589169,0.6075559854507446,0.6007484793663025,0.020597629249095917,0.6306224465370178,0.6230165362358093,0.020419396460056305,0.6559135317802429,0.6377702355384827,0.018249884247779846,0.6227279901504517,0.6671555042266846,0.011150140315294266,0.6142870783805847,0.6698282957077026,0.030583728104829788,0.6431090235710144,0.6798893809318542,0.026643363758921623,0.6704756021499634,0.6886489987373352,0.018314896151423454,0.6189587116241455,0.7355988621711731,0.01472385786473751,0.6253811717033386,0.7320006489753723,0.03465055301785469,0.6497477889060974,0.7354021668434143,0.03349652141332626,0.6753848195075989,0.7439978122711182,0.02631661854684353,0.6224933862686157,0.7965856194496155,0.017418181523680687,0.6325753927230835,0.7849465012550354,0.03386770188808441,0.6552187204360962,0.7869470715522766,0.040562547743320465,0.6751814484596252,0.7929134964942932,0.04429354891180992,Yes
0.8226752877235413,0.7959444522857666,-9.244845955436176e-08,0.8114464282989502,0.6726217865943909,-0.005446550901979208,0.7832453846931458,0.5745296478271484,-0.013059270568192005,0.7445108294487,0.4967408776283264,-0.02039651945233345,0.714250922203064,0.4466078281402588,-0.026366781443357468,0.6454912424087524,0.6060280203819275,0.0013074595481157303,0.6070554852485657,0.6125115156173706,0.006981566082686186,0.6349510550498962,0.6350582838058472,0.003973746672272682,0.6637376546859741,0.6486387848854065,0.00046400283463299274,0.6228140592575073,0.6719390153884888,0.0030100811272859573,0.6167263984680176,0.6798871755599976,0.01686965674161911,0.6479184627532959,0.6897345185279846,0.01214359886944294,0.6753882169723511,0.6973648071289062,0.0038615975063294172,0.6197699308395386,0.740199625492096,0.006122875493019819,0.6274765729904175,0.7390775084495544,0.02087615616619587,0.6520920991897583,0.74132239818573,0.019439835101366043,0.6774137020111084,0.7483957409858704,0.012936005368828773,0.6243067383766174,0.8010039925575256,0.008280789479613304,0.6365729570388794,0.789906919002533,0.01966402493417263,0.660548210144043,0.7909519672393799,0.02478194795548916,0.6805216073989868,0.7957750558853149,0.028293127194046974,Yes
0.8238577842712402,0.7970079779624939,-8.529720929573159e-08,0.8126418590545654,0.6762502193450928,-0.0072623491287231445,0.7840686440467834,0.5782569050788879,-0.015325862914323807,0.7431226968765259,0.5026367902755737,-0.022624069824814796,0.713164210319519,0.451279878616333,-0.02841956727206707,0.6507201790809631,0.6104539036750793,-0.0019423903431743383,0.6066800951957703,0.6179108619689941,0.0028067005332559347,0.6289745569229126,0.6412883400917053,0.001049733255058527,0.6567888855934143,0.6559354066848755,-0.0010287415934726596,0.62746262550354,0.6757827997207642,0.0008599605062045157,0.6152995228767395,0.6878650188446045,0.013023333624005318,0.6447032690048218,0.6993421316146851,0.009388601407408714,0.6728606224060059,0.7061159014701843,0.002594835590571165,0.6232601404190063,0.7439248561859131,0.0049139768816530704,0.6274034976959229,0.7476972937583923,0.018072370439767838,0.6511161923408508,0.7517449855804443,0.017197731882333755,0.6769891381263733,0.7578846216201782,0.011622129008173943,0.6259823441505432,0.8055402040481567,0.007958515547215939,0.6356110572814941,0.7995742559432983,0.0185403972864151,0.6592043042182922,0.8024564981460571,0.023400481790304184,0.6796663403511047,0.8061285614967346,0.02689046412706375,Yes
0.8280798196792603,0.7995802760124207,-1.2756154887938465e-07,0.8154929876327515,0.6794586181640625,-0.006146307103335857,0.785053014755249,0.5815275311470032,-0.014017908833920956,0.7445974349975586,0.5050821900367737,-0.021065721288323402,0.7149474620819092,0.45539799332618713,-0.026585424318909645,0.6491026282310486,0.6133741736412048,-0.004602937493473291,0.6084150075912476,0.6204414367675781,0.0006838762201368809,0.6352062821388245,0.644189178943634,-0.0004550442972686142,0.6639019846916199,0.6598123908042908,-0.0024306762497872114,0.6268170475959778,0.6795423626899719,-0.0023322291672229767,0.6217907071113586,0.6907445192337036,0.010695931501686573,0.6537827253341675,0.701669454574585,0.007405735086649656,0.6807341575622559,0.7092670202255249,0.0001890952989924699,0.6242949366569519,0.7476890087127686,0.0016387749928981066,0.6332943439483643,0.7507503032684326,0.015494526363909245,0.6582836508750916,0.752902626991272,0.014476398937404156,0.6835313439369202,0.759650468826294,0.008242876268923283,0.6287453770637512,0.8095474243164062,0.004761416930705309,0.6423691511154175,0.8024866580963135,0.015104740858078003,0.6669924259185791,0.803612232208252,0.019654450938105583,0.6871235370635986,0.8078622817993164,0.022845327854156494,Yes
0.8288361430168152,0.8035067915916443,-1.0500151148562509e-07,0.8172101378440857,0.6817724108695984,-0.004876447841525078,0.7877857089042664,0.5826238393783569,-0.01144092995673418,0.7467916011810303,0.5070348978042603,-0.017742399126291275,0.7167549729347229,0.45837125182151794,-0.02270429953932762,0.6551433801651001,0.6148848533630371,0.0004769973165821284,0.6128064393997192,0.6193273067474365,0.005615303758531809,0.6341218948364258,0.6416733860969543,0.0036688323598355055,0.6608412861824036,0.6579716801643372,0.0011219193693250418,0.6313743591308594,0.6802352070808411,0.0017837451305240393,0.6225239038467407,0.691055953502655,0.014551729895174503,0.6515178084373474,0.7029664516448975,0.01077183149755001,0.6785541772842407,0.7114058136940002,0.003471201751381159,0.6274463534355164,0.7482602000236511,0.004454522393643856,0.6334967613220215,0.7507851123809814,0.01782442256808281,0.6563689112663269,0.7547093629837036,0.017284760251641273,0.681111216545105,0.7618390917778015,0.011684293858706951,0.6311162114143372,0.8100422620773315,0.006246309261769056,0.6417155265808105,0.8027772903442383,0.016597243025898933,0.6644181609153748,0.8052669763565063,0.021818459033966064,0.6836022734642029,0.8097898364067078,0.025499744340777397,Yes
0.828953742980957,0.8045258522033691,-1.0292166763292698e-07,0.8182960152626038,0.6810439825057983,-0.006595711223781109,0.7887662649154663,0.5820661187171936,-0.013995232060551643,0.7473753094673157,0.5058411359786987,-0.020869780331850052,0.7159433960914612,0.4563571810722351,-0.026156963780522346,0.6536825895309448,0.6170032620429993,-0.0004679227713495493,0.6106188297271729,0.6206388473510742,0.00493788393214345,0.6369471549987793,0.6426409482955933,0.0027964634355157614,0.6652861833572388,0.6578912138938904,8.08976692496799e-05,0.6306214332580566,0.6831578016281128,0.001806291751563549,0.6227002739906311,0.6881287097930908,0.014780165627598763,0.6528240442276001,0.6983693838119507,0.010537358932197094,0.6794149279594421,0.7072314023971558,0.0028742889408022165,0.6272763609886169,0.7510712742805481,0.005375473294407129,0.633463978767395,0.74576735496521,0.019075313583016396,0.6574491858482361,0.7487470507621765,0.018338104709982872,0.6822656393051147,0.7570857405662537,0.012593400664627552,0.6308503150939941,0.8117345571517944,0.00796559639275074,0.6411099433898926,0.7979378700256348,0.01889699324965477,0.6641837358474731,0.7999257445335388,0.024616071954369545,0.68376225233078,0.805851936340332,0.02864823304116726,Yes
0.8265541195869446,0.8034806847572327,-1.387443404610167e-07,0.8152615427970886,0.6813177466392517,-0.005169205367565155,0.7839524745941162,0.5817279815673828,-0.011429404839873314,0.7408921122550964,0.5065435767173767,-0.017453158274292946,0.7096232771873474,0.4583994746208191,-0.02223474159836769,0.6510194540023804,0.6152890920639038,0.0015665668761357665,0.6038876175880432,0.6324669718742371,0.005062003619968891,0.6303812265396118,0.6572173237800598,0.0014019118389114738,0.662365198135376,0.6698817014694214,-0.0015280203660950065,0.628812313079834,0.6813696622848511,0.003286333056166768,0.6179628968238831,0.7046754360198975,0.015511133708059788,0.6487511992454529,0.7161573767662048,0.011451594531536102,0.6769462823867798,0.719451367855072,0.00425803754478693,0.6259139776229858,0.7503711581230164,0.006105104926973581,0.6284050345420837,0.7600921392440796,0.01893693394958973,0.6527355909347534,0.7640918493270874,0.018745683133602142,0.6786413192749023,0.7675468325614929,0.013783440925180912,0.6301140189170837,0.812567949295044,0.00803555827587843,0.6373017430305481,0.8101387023925781,0.018196821212768555,0.6612905859947205,0.8128662705421448,0.024077357724308968,0.6817060112953186,0.8146616220474243,0.028696918860077858,Yes
0.6163087487220764,0.782497763633728,-1.0254576210400046e-07,0.6099616885185242,0.6636911034584045,-0.005789506249129772,0.5778377056121826,0.5741620063781738,-0.008817201480269432,0.5294047594070435,0.5237753391265869,-0.011259637773036957,0.4942595064640045,0.48967665433883667,-0.012796331197023392,0.44046348333358765,0.6198542714118958,0.00859165657311678,0.451730340719223,0.6064097881317139,0.012242273427546024,0.4835165739059448,0.619955837726593,0.003206225810572505,0.502303957939148,0.6361580491065979,-0.00534438993781805,0.42861706018447876,0.6884341239929199,0.010023774579167366,0.44736945629119873,0.6721514463424683,0.024413863196969032,0.47693273425102234,0.6791149973869324,0.017582323402166367,0.4961090683937073,0.6929908990859985,0.006371087860316038,0.43507707118988037,0.7522799372673035,0.011958803981542587,0.45511293411254883,0.7362933158874512,0.023029591888189316,0.47894811630249023,0.7354726195335388,0.020595012232661247,0.500035285949707,0.7451422810554504,0.01378186047077179,0.44792038202285767,0.8088207244873047,0.012979733757674694,0.4624154567718506,0.7901721596717834,0.022137580439448357,0.48498088121414185,0.7855899930000305,0.02783588133752346,0.5028862357139587,0.7908974289894104,0.03112982027232647,Yes
0.6036535501480103,0.7810602188110352,1.693702600391589e-08,0.5937056541442871,0.6712207198143005,-0.01238422654569149,0.5584167242050171,0.5880037546157837,-0.02333114668726921,0.5134425163269043,0.524842381477356,-0.03352518379688263,0.4862917363643646,0.46595168113708496,-0.043329060077667236,0.42455431818962097,0.6283968091011047,0.006013599690049887,0.4383997321128845,0.6221485733985901,0.007087784353643656,0.47068437933921814,0.6345633864402771,-0.004135267809033394,0.4896166920661926,0.6475978493690491,-0.013957161456346512,0.4110684394836426,0.6932963132858276,0.009601562283933163,0.43304917216300964,0.6885011792182922,0.023764798417687416,0.4615783393383026,0.6927591562271118,0.016648637130856514,0.48068416118621826,0.7016711831092834,0.005365564022213221,0.4170633554458618,0.7574639916419983,0.012742890045046806,0.4366724193096161,0.7485021352767944,0.025812843814492226,0.4607805609703064,0.745661199092865,0.02196093276143074,0.4814114272594452,0.7498415112495422,0.013492311351001263,0.42956215143203735,0.8138917684555054,0.014294258318841457,0.4438416659832001,0.8005321621894836,0.025602728128433228,0.46672213077545166,0.794529139995575,0.030635429546236992,0.48493659496307373,0.7974373698234558,0.033026665449142456,Yes
0.6008282899856567,0.7990314960479736,-7.20567356893298e-08,0.5891251564025879,0.6840029954910278,-0.009543804451823235,0.5515890717506409,0.5950212478637695,-0.01802975870668888,0.5056827068328857,0.5326074957847595,-0.02542276307940483,0.4774908721446991,0.4789493680000305,-0.0325295515358448,0.42171868681907654,0.6419721841812134,0.0004557777428999543,0.4411349594593048,0.6320908069610596,0.0028349256608635187,0.47409486770629883,0.6435084342956543,-0.005652650259435177,0.4917184114456177,0.6580101847648621,-0.01406953390687704,0.40902581810951233,0.7082796096801758,0.002685524756088853,0.43326032161712646,0.6967235207557678,0.016624372452497482,0.46133875846862793,0.7016523480415344,0.011079028248786926,0.47925108671188354,0.7144284844398499,0.0004705640021711588,0.4153203070163727,0.7712243795394897,0.005476760677993298,0.43526244163513184,0.7561377882957458,0.017583031207323074,0.4591425359249115,0.7536993622779846,0.015224581584334373,0.4789349138736725,0.76169753074646,0.007639782968908548,0.42810526490211487,0.8273650407791138,0.007150058168917894,0.4425830543041229,0.8076539635658264,0.016789499670267105,0.46535801887512207,0.8013989925384521,0.022518424317240715,0.4830875098705292,0.8068206310272217,0.02549596317112446,Yes
0.5980555415153503,0.7990866899490356,-3.769095258121524e-08,0.5887293815612793,0.6858543157577515,-0.008073557168245316,0.5556011199951172,0.5973250269889832,-0.015520053915679455,0.5108276605606079,0.5343201756477356,-0.022200293838977814,0.48292115330696106,0.4807933568954468,-0.028557147830724716,0.4220294952392578,0.6451400518417358,0.007409374695271254,0.44129660725593567,0.6332650184631348,0.012531748972833157,0.47593221068382263,0.6458877921104431,0.004425270017236471,0.4942658543586731,0.6609860062599182,-0.0036993843968957663,0.4084959626197815,0.7117114067077637,0.010215581394731998,0.43362435698509216,0.6978498101234436,0.027268143370747566,0.46254560351371765,0.7035937905311584,0.02072238177061081,0.4811699092388153,0.716978907585144,0.009202254936099052,0.41455191373825073,0.7749556303024292,0.013590841554105282,0.4361768364906311,0.7592812776565552,0.02869229018688202,0.46079593896865845,0.7563620805740356,0.02468729391694069,0.48151513934135437,0.7634634971618652,0.015639273449778557,0.4267547130584717,0.830016553401947,0.016029808670282364,0.4428033232688904,0.8108523488044739,0.02913637086749077,0.4656772315502167,0.8054025173187256,0.034886643290519714,0.483957439661026,0.8104612231254578,0.03733726590871811,Yes
0.5890297889709473,0.8004133701324463,-3.316884189530356e-08,0.581765353679657,0.68599534034729,-0.009909362532198429,0.5479105114936829,0.5971432328224182,-0.018293088302016258,0.5045607686042786,0.5328066349029541,-0.02594231441617012,0.4773654639720917,0.4760342240333557,-0.03366754204034805,0.41583967208862305,0.6470950245857239,0.007860141806304455,0.44031956791877747,0.635779082775116,0.012570187449455261,0.4745660126209259,0.6486803293228149,0.0033265668898820877,0.4916885793209076,0.6648441553115845,-0.006115981377661228,0.4031315743923187,0.7142249941825867,0.010322385467588902,0.4319290518760681,0.702826201915741,0.02559511922299862,0.4614291787147522,0.7078768610954285,0.01699150539934635,0.4793485403060913,0.7215906977653503,0.0041050114668905735,0.4098227918148041,0.7777709364891052,0.013072388246655464,0.43330949544906616,0.7636615037918091,0.02557123638689518,0.45830971002578735,0.7596336603164673,0.02011219970881939,0.4775716960430145,0.766986608505249,0.010430905036628246,0.4230807423591614,0.833057701587677,0.014777024276554585,0.4406915605068207,0.8153374791145325,0.024827780202031136,0.46389809250831604,0.8078720569610596,0.029263488948345184,0.48122137784957886,0.8120473623275757,0.031020035967230797,Yes
0.5887723565101624,0.8009446859359741,-7.91606211691942e-08,0.5790727138519287,0.6885459423065186,-0.013092242181301117,0.5451825261116028,0.5987791419029236,-0.024316508322954178,0.502045750617981,0.5368622541427612,-0.034099627286195755,0.47703561186790466,0.47901302576065063,-0.043531693518161774,0.41519492864608765,0.6489713191986084,-0.005058203358203173,0.43527305126190186,0.6371830701828003,-0.006746955681592226,0.4691227376461029,0.64996337890625,-0.01789923757314682,0.4874695837497711,0.6656221747398376,-0.027776194736361504,0.4019671380519867,0.7156574130058289,-0.0025044563226401806,0.42733660340309143,0.7032046914100647,0.007052440661936998,0.45602622628211975,0.7088847160339355,-0.0002570623473729938,0.4740597903728485,0.7224740386009216,-0.011396903544664383,0.407566636800766,0.77805095911026,0.0001634396321605891,0.42967498302459717,0.7632246017456055,0.008145914413034916,0.45415881276130676,0.7616832256317139,0.004814914893358946,0.4728949964046478,0.7694875001907349,-0.0025573475286364555,0.4195709228515625,0.8338521122932434,0.0014692317927256227,0.43556874990463257,0.8158894777297974,0.008182339370250702,0.45843905210494995,0.8102583289146423,0.012908754870295525,0.47471144795417786,0.8148500919342041,0.015570656396448612,Yes
0.5908517837524414,0.8012349009513855,-3.945558546547545e-08,0.5778955817222595,0.6881861686706543,-0.008439873345196247,0.542769193649292,0.5999544858932495,-0.01757088676095009,0.49911946058273315,0.5371667742729187,-0.02621372416615486,0.4750501811504364,0.47718125581741333,-0.03461945056915283,0.4141105115413666,0.6512751579284668,0.006472783628851175,0.4348868131637573,0.6383504867553711,0.01031266525387764,0.46927759051322937,0.6510761976242065,0.0014801707584410906,0.4869450032711029,0.6671794056892395,-0.007395407184958458,0.4003283977508545,0.7181339263916016,0.007956217974424362,0.4264926314353943,0.7053382396697998,0.022686626762151718,0.45588773488998413,0.7102286219596863,0.015406289137899876,0.4742337167263031,0.7236606478691101,0.0038817261811345816,0.40626540780067444,0.7815961837768555,0.009896737523376942,0.4284762442111969,0.7659245729446411,0.022418510168790817,0.45381128787994385,0.7630361318588257,0.018577003851532936,0.4737204909324646,0.770592987537384,0.010219486430287361,0.41937124729156494,0.836699366569519,0.010897800326347351,0.4355105459690094,0.817604660987854,0.021596992388367653,0.45923346281051636,0.8110417127609253,0.027383839711546898,0.4768335223197937,0.8158373832702637,0.030350442975759506,Yes
0.5853625535964966,0.8058542013168335,-9.040210358080003e-08,0.5742775797843933,0.6935173869132996,-0.01629820466041565,0.5403342843055725,0.6054871082305908,-0.029470136389136314,0.4984898269176483,0.5458053946495056,-0.04044428467750549,0.4745054543018341,0.4883084297180176,-0.05091480910778046,0.4108719229698181,0.6564239263534546,-0.011702979914844036,0.4353744685649872,0.6471208930015564,-0.01573359966278076,0.470500648021698,0.6582292318344116,-0.028285011649131775,0.4884585738182068,0.6733101010322571,-0.039101824164390564,0.3976450562477112,0.7251145243644714,-0.008457050658762455,0.42482540011405945,0.7139765620231628,-0.002113869646564126,0.45473650097846985,0.7180982232093811,-0.01043297816067934,0.47387728095054626,0.7318711876869202,-0.021883979439735413,0.40315115451812744,0.7881574630737305,-0.005106791388243437,0.4271503984928131,0.7741104364395142,0.00018114787235390395,0.4526219666004181,0.7712542414665222,-0.003040146781131625,0.47229453921318054,0.7790805101394653,-0.009793882258236408,0.4155391454696655,0.8439392447471619,-0.0033940509893000126,0.43337568640708923,0.8258644342422485,0.0007648292812518775,0.4576987326145172,0.8191116452217102,0.004968536552041769,0.47505369782447815,0.8232543468475342,0.007694772910326719,Yes
0.5813111066818237,0.8079084753990173,-1.2972692786661355e-07,0.5714563727378845,0.6928797960281372,-0.016492560505867004,0.5376915335655212,0.6028258800506592,-0.029819773510098457,0.4962722659111023,0.5435391664505005,-0.04102596268057823,0.4722699820995331,0.48421043157577515,-0.05194002762436867,0.40933409333229065,0.6556094884872437,-0.012837341986596584,0.4380945563316345,0.6424863338470459,-0.017986968159675598,0.47326260805130005,0.6540926694869995,-0.031327396631240845,0.4906266927719116,0.6705389022827148,-0.04269452020525932,0.39614641666412354,0.7247136831283569,-0.009710676036775112,0.42909517884254456,0.7094380259513855,-0.0039011721964925528,0.4590298533439636,0.7142035365104675,-0.012434964999556541,0.47747549414634705,0.7309874296188354,-0.024244429543614388,0.40198808908462524,0.7874866127967834,-0.006512645166367292,0.43050724267959595,0.7707482576370239,-0.0021298767533153296,0.4563317596912384,0.7674479484558105,-0.005822326056659222,0.47509804368019104,0.776976466178894,-0.013005116954445839,0.4145424962043762,0.8436492681503296,-0.004939198959618807,0.4358341097831726,0.8230412006378174,-0.002171805128455162,0.46091601252555847,0.8148466348648071,0.0013660305412486196,0.47799161076545715,0.81966632604599,0.003586378414183855,Yes
0.5761409401893616,0.8117876648902893,-7.46815658203559e-08,0.5676547288894653,0.6975703835487366,-0.015460721217095852,0.5360093116760254,0.6086532473564148,-0.028204742819070816,0.4953140914440155,0.5461759567260742,-0.03906083479523659,0.47070056200027466,0.4870210289955139,-0.04948018863797188,0.407450795173645,0.6611166000366211,-0.009950747713446617,0.430719792842865,0.6482958793640137,-0.012277365662157536,0.46565982699394226,0.6593538522720337,-0.02339278720319271,0.48383480310440063,0.6754196286201477,-0.03339565172791481,0.39420461654663086,0.7300675511360168,-0.006782282143831253,0.4218501150608063,0.7168189883232117,0.0014968715840950608,0.45161962509155273,0.7204332947731018,-0.006156835705041885,0.4704155921936035,0.7338067293167114,-0.017732230946421623,0.3997846245765686,0.7939103841781616,-0.003416754538193345,0.42392396926879883,0.7782707810401917,0.003400034038349986,0.4490857422351837,0.7739816904067993,-0.000199627029360272,0.4684774875640869,0.7810022234916687,-0.007909052073955536,0.411925733089447,0.8496130704879761,-0.0015553650446236134,0.4308757185935974,0.8312604427337646,0.0033434031065553427,0.45511555671691895,0.8235528469085693,0.007176842074841261,0.47266629338264465,0.8269734382629395,0.009158235974609852,Yes
0.5733711123466492,0.8173274993896484,-1.1463869498129498e-07,0.5647131204605103,0.7033083438873291,-0.015412484295666218,0.5346071720123291,0.6124605536460876,-0.027964020147919655,0.4945299029350281,0.5511660575866699,-0.038438715040683746,0.47159111499786377,0.4929007887840271,-0.04842611402273178,0.4074392318725586,0.6616584062576294,-0.010751847177743912,0.43283241987228394,0.6483484506607056,-0.013491434045135975,0.4676491320133209,0.6597781181335449,-0.02494816668331623,0.4853752553462982,0.6762502193450928,-0.03534229099750519,0.39348381757736206,0.730771541595459,-0.007787308655679226,0.42194199562072754,0.7141570448875427,-0.001072112238034606,0.4519316256046295,0.7192440032958984,-0.009499131701886654,0.47010958194732666,0.7360084652900696,-0.02126702480018139,0.3979488015174866,0.7930029034614563,-0.004489748738706112,0.42247623205184937,0.7745489478111267,0.0008579937275499105,0.4480530619621277,0.7715779542922974,-0.002467776881530881,0.4668271243572235,0.7816072106361389,-0.009498330764472485,0.4088108539581299,0.8478498458862305,-0.002655657473951578,0.4264838695526123,0.8257662653923035,0.0010491489665582776,0.4513189494609833,0.8182457685470581,0.005294975824654102,0.4686796963214874,0.8234989047050476,0.007946714758872986,Yes
0.5752943754196167,0.8178472518920898,-1.1944491973281401e-07,0.5653793811798096,0.7014413475990295,-0.010438189841806889,0.5322470664978027,0.6103841066360474,-0.01930379495024681,0.49148690700531006,0.5492458343505859,-0.027092350646853447,0.467867374420166,0.4922616481781006,-0.03460000827908516,0.4052425026893616,0.6621847152709961,-0.0013125811237841845,0.43146058917045593,0.6462186574935913,-0.0010887716198340058,0.46622300148010254,0.6572016477584839,-0.012106315232813358,0.4834787845611572,0.67418372631073,-0.022499985992908478,0.3918054699897766,0.7311083078384399,-3.9253500290215015e-05,0.4215390980243683,0.7131345868110657,0.010375275276601315,0.4507916271686554,0.7171163558959961,0.0019108112901449203,0.4689404368400574,0.7333393692970276,-0.010380462743341923,0.39731210470199585,0.7935699820518494,0.0016854958375915885,0.42359110713005066,0.7747301459312439,0.009722517803311348,0.44879692792892456,0.7704417109489441,0.006011428311467171,0.4675571620464325,0.7799994349479675,-0.0017062484985217452,0.4095200002193451,0.8481847047805786,0.0022651501931250095,0.42839789390563965,0.8262580037117004,0.007955152541399002,0.45262429118156433,0.8182228207588196,0.012600637972354889,0.4697814881801605,0.8231722712516785,0.015206228010356426,Yes
0.5756148099899292,0.8148831129074097,-1.0274764150608462e-07,0.5646673440933228,0.7013325691223145,-0.012208906002342701,0.5327800512313843,0.6126548051834106,-0.02262137457728386,0.49241334199905396,0.5508053302764893,-0.031592365354299545,0.4687139093875885,0.4924492835998535,-0.04000718146562576,0.4053330421447754,0.6629623174667358,-0.003200372913852334,0.4300462007522583,0.648607075214386,-0.003974434919655323,0.46499115228652954,0.6600971817970276,-0.01562931016087532,0.4824989438056946,0.6768063306808472,-0.026103172451257706,0.3909177780151367,0.7305842041969299,-0.0008019928354769945,0.4189121127128601,0.715535581111908,0.008879566565155983,0.4480905830860138,0.7201824188232422,0.000612973584793508,0.4666100740432739,0.7358682155609131,-0.011161502450704575,0.395538866519928,0.7927244901657104,0.0019385397899895906,0.41957277059555054,0.77653568983078,0.010254493914544582,0.4445488154888153,0.7731674909591675,0.007621097844094038,0.46392109990119934,0.7821449041366577,0.0008433961193077266,0.40731823444366455,0.846779465675354,0.003313986584544182,0.42514628171920776,0.8279460668563843,0.01017018686980009,0.4489803910255432,0.8208513855934143,0.01584034413099289,0.4661363661289215,0.825831413269043,0.019297510385513306,Yes
0.575072705745697,0.812515139579773,-8.609055868191717e-08,0.5659688711166382,0.6989858150482178,-0.009807811118662357,0.5338978171348572,0.6124035120010376,-0.018351977691054344,0.49246281385421753,0.5505944490432739,-0.02593863569200039,0.468299001455307,0.4926837682723999,-0.033407580107450485,0.4068969488143921,0.6611995697021484,0.0020881814416497946,0.430027037858963,0.6490828394889832,0.004859221167862415,0.46357327699661255,0.6613960862159729,-0.004372323863208294,0.48105698823928833,0.6778351068496704,-0.01352337934076786,0.3927217721939087,0.729179859161377,0.004288187716156244,0.4193669557571411,0.7158833742141724,0.017296183854341507,0.44813990592956543,0.7208746075630188,0.009772948920726776,0.4667914807796478,0.7353535890579224,-0.0020308317616581917,0.3977440297603607,0.7919268608093262,0.007025935687124729,0.420046329498291,0.7770246267318726,0.01759571023285389,0.4449922442436218,0.7735056281089783,0.014002429321408272,0.4645948112010956,0.7813023328781128,0.006034506484866142,0.40947967767715454,0.8466418981552124,0.008700358681380749,0.4262460172176361,0.8285877108573914,0.01704958640038967,0.4502216875553131,0.8214553594589233,0.02214175835251808,0.46786054968833923,0.8256021738052368,0.024704743176698685,Yes
0.5901403427124023,0.8282499313354492,-9.416893220759448e-08,0.5798107981681824,0.7105196118354797,-0.013074642047286034,0.5447872877120972,0.6144007444381714,-0.022127551957964897,0.49957624077796936,0.5505062341690063,-0.028945786878466606,0.4718160033226013,0.4998544752597809,-0.034714605659246445,0.4112425744533539,0.6708589792251587,-0.007972020655870438,0.42738837003707886,0.6559351086616516,-0.004707032348960638,0.4621295630931854,0.6676943898200989,-0.010698236525058746,0.48106732964515686,0.6841443777084351,-0.01761721260845661,0.39735573530197144,0.7407780289649963,-0.004230943042784929,0.4195025563240051,0.7207033038139343,0.008886773139238358,0.448147714138031,0.7262027859687805,0.0039369952864944935,0.46707528829574585,0.741395890712738,-0.006485417950898409,0.40243977308273315,0.8040461540222168,0.00046884824405424297,0.4206741452217102,0.7826189398765564,0.01166793704032898,0.4450126588344574,0.7801887392997742,0.01026348676532507,0.4655011296272278,0.7896671891212463,0.0031928298994898796,0.41415584087371826,0.8605049848556519,0.003819068195298314,0.42705315351486206,0.8366762399673462,0.012151764705777168,0.4495485723018646,0.8302447199821472,0.017916206270456314,0.4670429229736328,0.8356823921203613,0.02089770697057247,Yes
0.5872023105621338,0.8209006786346436,-9.150597435336749e-08,0.578778088092804,0.7037613391876221,-0.01467718742787838,0.5453823208808899,0.6096363663673401,-0.025241902098059654,0.5016346573829651,0.5462005138397217,-0.033853594213724136,0.4731028974056244,0.4966249167919159,-0.04169176518917084,0.4127318561077118,0.6682298183441162,-0.00900900736451149,0.42986810207366943,0.6557769775390625,-0.009687678888440132,0.4646233320236206,0.6680766344070435,-0.019371045753359795,0.4832882285118103,0.6845899820327759,-0.02848636731505394,0.3992394506931305,0.7377504706382751,-0.005700250156223774,0.4228736460208893,0.7218371033668518,0.004070392344146967,0.4517051875591278,0.7277717590332031,-0.0029600136913359165,0.46999049186706543,0.7417432069778442,-0.014391699805855751,0.4047318398952484,0.8010555505752563,-0.0019428508821874857,0.42473846673965454,0.7824921011924744,0.006157266441732645,0.4492422938346863,0.7807705402374268,0.0038270282093435526,0.4690481126308441,0.7894010543823242,-0.003257197327911854,0.41672277450561523,0.8570002317428589,0.00025458994787186384,0.4319448173046112,0.8357427716255188,0.005898843985050917,0.45531174540519714,0.8293637037277222,0.010777775198221207,0.4728313982486725,0.8337706327438354,0.013619055040180683,Yes
0.6662191152572632,0.5139654874801636,-2.76623069339621e-07,0.6541104316711426,0.4194473326206207,-0.00943676382303238,0.625334620475769,0.34415456652641296,-0.0209401473402977,0.5872140526771545,0.29074424505233765,-0.0334484800696373,0.5626914501190186,0.24123135209083557,-0.04631728306412697,0.5007503628730774,0.3728536069393158,-0.007010540924966335,0.49804747104644775,0.4158332943916321,-0.01897159405052662,0.5235081911087036,0.43962955474853516,-0.035973090678453445,0.5492558479309082,0.44216805696487427,-0.04776560515165329,0.4776478111743927,0.432830810546875,-0.009175784885883331,0.49177461862564087,0.4731844365596771,-0.012020151130855083,0.519546627998352,0.4888648986816406,-0.022488169372081757,0.5452659726142883,0.48553064465522766,-0.032128799706697464,0.47325578331947327,0.49681878089904785,-0.011365117505192757,0.49018728733062744,0.5270668864250183,-0.01546352356672287,0.5154491066932678,0.5360528826713562,-0.01811128482222557,0.5417882204055786,0.5303139686584473,-0.021135825663805008,0.47619712352752686,0.5581585168838501,-0.015049277804791927,0.4886834919452667,0.5854262113571167,-0.02053319849073887,0.5165569186210632,0.5896756052970886,-0.01745286025106907,0.5412290096282959,0.5852697491645813,-0.012053107842803001,Yes
0.6709567904472351,0.5401514768600464,-2.0763194186201872e-07,0.660811185836792,0.4441602826118469,-0.011200199835002422,0.6323097944259644,0.36853405833244324,-0.023728713393211365,0.6094117164611816,0.3005203604698181,-0.03772921860218048,0.6042546629905701,0.2375885546207428,-0.052561283111572266,0.5041265487670898,0.3971383273601532,-0.001839851844124496,0.501353919506073,0.4359006881713867,-0.01638828217983246,0.528009295463562,0.4621797502040863,-0.03829570859670639,0.55556720495224,0.4712642729282379,-0.05321481078863144,0.4821697175502777,0.45836159586906433,-0.0043112002313137054,0.4909575879573822,0.4935358166694641,-0.00878751277923584,0.5198656320571899,0.5080140829086304,-0.022452043369412422,0.5491690039634705,0.5101616978645325,-0.03353118896484375,0.47925305366516113,0.5218340158462524,-0.007663819007575512,0.48528459668159485,0.5463207960128784,-0.012498350813984871,0.5116078853607178,0.5557674169540405,-0.015965042635798454,0.5398403406143188,0.5555806159973145,-0.018420912325382233,0.48595696687698364,0.5811986327171326,-0.012929916381835938,0.4909006357192993,0.6028459072113037,-0.017695041373372078,0.517690122127533,0.6068709492683411,-0.013101402670145035,0.5427744388580322,0.6038135290145874,-0.006319581996649504,Yes
0.680141806602478,0.5418195128440857,-2.2372566377271141e-07,0.6676928997039795,0.44573482871055603,-0.009227846749126911,0.6360664367675781,0.3704548478126526,-0.021420037373900414,0.6086198091506958,0.3024706244468689,-0.035251569002866745,0.5999234318733215,0.2411714494228363,-0.0501389354467392,0.5049654841423035,0.3999229073524475,-0.002557339845225215,0.49402061104774475,0.4418577253818512,-0.016878869384527206,0.5189605951309204,0.4707092344760895,-0.038088150322437286,0.5478559732437134,0.48092710971832275,-0.05231999605894089,0.484218955039978,0.46337154507637024,-0.005730722565203905,0.48953956365585327,0.5007479786872864,-0.009912742301821709,0.5186388492584229,0.5144615173339844,-0.023243095725774765,0.549447774887085,0.514936089515686,-0.03433484584093094,0.4841752350330353,0.528724730014801,-0.00941130705177784,0.4878057539463043,0.5543322563171387,-0.013572334311902523,0.5138348937034607,0.56231689453125,-0.016478203237056732,0.5432884693145752,0.5609755516052246,-0.01903281733393669,0.49390846490859985,0.5899384021759033,-0.014744993299245834,0.49601659178733826,0.611506462097168,-0.01903252676129341,0.5227161049842834,0.6139345169067383,-0.014177982695400715,0.5487796664237976,0.6094148755073547,-0.007426409982144833,Yes
0.6878401041030884,0.5501410365104675,-1.0849243636812389e-07,0.6741259694099426,0.4596448242664337,-0.013346535153687,0.6441861391067505,0.38303500413894653,-0.029224928468465805,0.6275861263275146,0.3118634819984436,-0.04754333198070526,0.6308563947677612,0.24840225279331207,-0.0666302889585495,0.510850727558136,0.4124375581741333,-0.001095575513318181,0.48728883266448975,0.4485446810722351,-0.019769443199038506,0.5033057928085327,0.48269668221473694,-0.04384319484233856,0.5287429094314575,0.49640747904777527,-0.059552356600761414,0.4896671175956726,0.47454777359962463,-0.005183796398341656,0.48750975728034973,0.5172424912452698,-0.013427034951746464,0.5147331953048706,0.53281569480896,-0.02774164080619812,0.5437711477279663,0.5293887853622437,-0.03830008581280708,0.4896077513694763,0.5404964685440063,-0.011076390743255615,0.4901614785194397,0.5742507576942444,-0.018298892304301262,0.5172670483589172,0.5820450782775879,-0.02069363184273243,0.5459132194519043,0.574584424495697,-0.021982379257678986,0.5010443329811096,0.6030234098434448,-0.019519886001944542,0.5086753964424133,0.6350035071372986,-0.02478821575641632,0.5371411442756653,0.636719286441803,-0.019256988540291786,0.5630958080291748,0.6272023320198059,-0.011713395826518536,Yes
0.6976445317268372,0.549853503704071,-2.0395277999796235e-07,0.6760642528533936,0.46125274896621704,-0.00929994136095047,0.6444562077522278,0.3859379291534424,-0.025442836806178093,0.6263683438301086,0.318625271320343,-0.044297147542238235,0.624031126499176,0.2616317570209503,-0.06413087993860245,0.5086262822151184,0.41847479343414307,-0.006691198796033859,0.49657565355300903,0.4738386273384094,-0.026216669008135796,0.5231791734695435,0.5027109384536743,-0.05050192028284073,0.551978349685669,0.5036957859992981,-0.06658667325973511,0.4883006513118744,0.4835428297519684,-0.012943710200488567,0.49426156282424927,0.5354388356208801,-0.020909970626235008,0.5235780477523804,0.5484211444854736,-0.03445180878043175,0.5521449446678162,0.5396237373352051,-0.04536083713173866,0.4887404143810272,0.5513944625854492,-0.019866943359375,0.5024524331092834,0.5926274657249451,-0.024868816137313843,0.5306698083877563,0.5974845290184021,-0.026407213881611824,0.558087170124054,0.5843439102172852,-0.028494874015450478,0.4991314709186554,0.6145726442337036,-0.02919916994869709,0.5149988532066345,0.6504999399185181,-0.033239416778087616,0.5448517799377441,0.6499948501586914,-0.027455607429146767,0.569279134273529,0.6372189521789551,-0.020120983943343163,Yes
0.696910560131073,0.5550240874290466,-2.0799731714760128e-07,0.6804105043411255,0.4659246504306793,-0.00856395810842514,0.6477369070053101,0.3871552348136902,-0.022633595392107964,0.6252414584159851,0.3174208402633667,-0.039609216153621674,0.62189120054245,0.2573263645172119,-0.05779823288321495,0.5128664374351501,0.41680461168289185,-0.0019797959830611944,0.4964959919452667,0.4678451716899872,-0.019883854314684868,0.520845353603363,0.49753373861312866,-0.04297342151403427,0.5503595471382141,0.4999368488788605,-0.058045320212841034,0.4924115538597107,0.48039960861206055,-0.007785062305629253,0.49084559082984924,0.5299715399742126,-0.014232720248401165,0.5188445448875427,0.546033501625061,-0.026954011991620064,0.547594428062439,0.5388255715370178,-0.03694304823875427,0.4933697581291199,0.5465793609619141,-0.014544649980962276,0.4957790672779083,0.586962103843689,-0.019729631021618843,0.5235137939453125,0.5952965021133423,-0.021094290539622307,0.5515367388725281,0.5851194858551025,-0.022451914846897125,0.5053262710571289,0.6092102527618408,-0.023434072732925415,0.5129146575927734,0.6433448195457458,-0.02699740044772625,0.5423404574394226,0.6438234448432922,-0.020714769139885902,0.5681375861167908,0.6327675580978394,-0.013036234304308891,Yes
0.6962721347808838,0.5508496761322021,-2.1213864442870545e-07,0.6781500577926636,0.46083948016166687,-0.013704780489206314,0.6496721506118774,0.3863287568092346,-0.030622191727161407,0.627467691898346,0.3209962844848633,-0.05010576918721199,0.6233559846878052,0.26333826780319214,-0.07057643681764603,0.5124608874320984,0.4202811121940613,-0.0062791346572339535,0.48950690031051636,0.47429990768432617,-0.028058642521500587,0.5122288465499878,0.5062833428382874,-0.054154276847839355,0.543951690196991,0.5133240222930908,-0.0706576481461525,0.4916072487831116,0.4832739233970642,-0.010259480215609074,0.49631044268608093,0.5387503504753113,-0.02127549797296524,0.5274338722229004,0.5507723689079285,-0.03736576437950134,0.5587522387504578,0.5429092645645142,-0.04925265908241272,0.49201804399490356,0.5494365692138672,-0.01580454222857952,0.5029598474502563,0.5926454663276672,-0.025144873186945915,0.5319229364395142,0.5969030857086182,-0.029223818331956863,0.5626952648162842,0.5860205292701721,-0.031712282449007034,0.5023187398910522,0.6130293607711792,-0.02397630177438259,0.5166709423065186,0.6503016352653503,-0.03217804804444313,0.5470564365386963,0.6497586965560913,-0.02916370891034603,0.5743346810340881,0.6380677819252014,-0.02296527847647667,Yes
0.6970829367637634,0.5614080429077148,-1.977539625386271e-07,0.678879976272583,0.46656206250190735,-0.014132248237729073,0.6494688987731934,0.3921802043914795,-0.032409850507974625,0.6278164386749268,0.32473936676979065,-0.05265340954065323,0.6237914562225342,0.2643508315086365,-0.07373195141553879,0.5079324245452881,0.4267151355743408,-0.010350709781050682,0.49802088737487793,0.4804191589355469,-0.031536903232336044,0.5260363817214966,0.5074069499969482,-0.05783047527074814,0.5548046231269836,0.5109459757804871,-0.0752338171005249,0.489173948764801,0.4948781430721283,-0.014786897227168083,0.49827417731285095,0.544297993183136,-0.024116305634379387,0.5295398831367493,0.5546649694442749,-0.03910046070814133,0.5574880838394165,0.5487350821495056,-0.051104482263326645,0.49234747886657715,0.5638970732688904,-0.020323436707258224,0.5070123672485352,0.6032574772834778,-0.027361692860722542,0.5373061299324036,0.6049414277076721,-0.02965620346367359,0.5647879242897034,0.5942739248275757,-0.03196745365858078,0.5056391954421997,0.6275004148483276,-0.028620850294828415,0.5218877792358398,0.660316526889801,-0.03427223116159439,0.553598940372467,0.6568196415901184,-0.02886258251965046,0.5788044929504395,0.6455943584442139,-0.021685512736439705,Yes
